[8],['elu'],00,589,Adam,MaxAbsoluteDeviation,3.0538361072540283,3.101785659790039,1.7871245000278577
[8],['elu'],00,589,Adam,MaxAbsoluteDeviation,2.9574782848358154,3.0121030807495117,1.7833858999656513
[8],['elu'],00,589,Adam,MaxAbsoluteDeviation,2.9777135848999023,3.118474006652832,1.79113749996759
[23],['elu'],f0,589,Adam,MaxAbsoluteDeviation,2.47316312789917,2.4091711044311523,1.7777675000252202
"[8, 17]","['elu', 'sigmoid']",0096,589,Adam,MaxAbsoluteDeviation,0.13892048597335815,0.21198463439941406,1.8970578000880778
"[8, 17]","['elu', 'sigmoid']",0096,589,Adam,MaxAbsoluteDeviation,0.18451908230781555,0.08826732635498047,1.9201375999255106
[8],['elu'],00,589,Adam,MaxAbsoluteDeviation,0.18451908230781555,2.5452136993408203,1.7826062000822276
"[8, 17]","['elu', 'elu']",0090,589,Adam,MaxAbsoluteDeviation,0.3699490427970886,0.5305080413818359,1.8900140000041574
"[8, 23]","['elu', 'elu']",00f0,589,Adam,MaxAbsoluteDeviation,0.1905852109193802,0.5495719909667969,1.9258518000133336
"[8, 23]","['elu', 'tanh']",00f9,589,Adam,MaxAbsoluteDeviation,0.19848376512527466,0.20755863189697266,1.9157988000661135
[8],['elu'],00,589,Adam,MaxAbsoluteDeviation,0.19848376512527466,2.6584625244140625,3.4472476999508217
"[8, 23]","['elu', 'tanh']",00f9,589,Adam,MaxAbsoluteDeviation,0.10569396615028381,0.12809991836547852,1.9595613999990746
"[8, 23]","['elu', 'tanh']",00f9,199,Adam,MaxAbsoluteDeviation,0.10569396615028381,0.4193382263183594,0.8465045000193641
"[8, 23, 10]","['elu', 'tanh', 'tanh']",00f929,589,Adam,MaxAbsoluteDeviation,0.19379280507564545,0.28724241256713867,2.1148371999152005
"[8, 23, 10, 12]","['elu', 'tanh', 'tanh', 'sigmoid']",00f92946,589,Adam,MaxAbsoluteDeviation,0.13313476741313934,0.06572151184082031,2.2669647000730038
"[8, 8, 10, 12]","['elu', 'tanh', 'tanh', 'sigmoid']",00092946,589,Adam,MaxAbsoluteDeviation,0.10375148802995682,0.10985660552978516,2.2530385999707505
"[8, 8, 10, 8]","['elu', 'tanh', 'tanh', 'sigmoid']",00092906,589,Adam,MaxAbsoluteDeviation,0.3657834529876709,0.4390230178833008,2.225828399998136
"[8, 8, 10, 8]","['elu', 'tanh', 'tanh', 'sigmoid']",00092906,359,Adam,MaxAbsoluteDeviation,0.33135566115379333,1.1155586242675781,1.493113899952732
"[8, 8, 10, 8]","['elu', 'tanh', 'tanh', 'sigmoid']",00092906,700,Adam,MaxAbsoluteDeviation,0.34837019443511963,0.1748790740966797,2.571760000078939
"[8, 8, 23, 8]","['elu', 'tanh', 'tanh', 'sigmoid']",0009f906,700,Adam,MaxAbsoluteDeviation,0.18640738725662231,0.13604974746704102,2.5700145000591874
"[8, 8, 23, 8]","['elu', 'tanh', 'tanh', 'sigmoid']",0009f906,343,Adam,MaxAbsoluteDeviation,0.3348808288574219,0.2877180576324463,1.4384563999483362
"[8, 8, 23]","['elu', 'tanh', 'elu']",0009f0,343,Adam,MaxAbsoluteDeviation,0.45679524540901184,0.5948200225830078,1.3386017000302672
"[8, 8, 23, 9]","['elu', 'tanh', 'elu', 'tanh']",0009f019,343,Adam,MaxAbsoluteDeviation,0.5075672268867493,0.41606712341308594,1.426157800015062
"[8, 8, 23, 9]","['elu', 'tanh', 'tanh', 'tanh']",0009f919,343,Adam,MaxAbsoluteDeviation,0.38954848051071167,0.7113380432128906,1.423162700026296
"[8, 8, 23, 9]","['elu', 'tanh', 'tanh', 'tanh']",0009f919,100,Adam,MaxAbsoluteDeviation,0.38954848051071167,5.536150932312012,0.7202895999653265
"[8, 8, 23]","['elu', 'tanh', 'tanh']",0009f9,343,Adam,MaxAbsoluteDeviation,0.3635691702365875,0.8505916595458984,1.3467639998998493
"[8, 8, 23, 9]","['elu', 'tanh', 'tanh', 'elu']",0009f910,343,Adam,MaxAbsoluteDeviation,0.2468300312757492,0.24319839477539062,1.4065007999306545
"[8, 8, 8, 9]","['elu', 'tanh', 'tanh', 'elu']",00090910,343,Adam,MaxAbsoluteDeviation,0.7392153739929199,0.579240620136261,1.4298469999339432
"[8, 8, 8, 9]","['elu', 'tanh', 'tanh', 'elu']",00090910,700,Adam,MaxAbsoluteDeviation,0.24929305911064148,0.09444808959960938,2.4913262999616563
"[8, 8, 8, 9, 17]","['elu', 'tanh', 'tanh', 'elu', 'tanh']",0009091099,700,Adam,MaxAbsoluteDeviation,0.39050397276878357,0.31677722930908203,2.6250195000320673
"[8, 8, 8, 9]","['elu', 'tanh', 'tanh', 'elu']",00090910,700,Adam,MaxAbsoluteDeviation,0.39050397276878357,0.9044876098632812,2.476623499998823
"[8, 8, 8, 9, 17]","['elu', 'tanh', 'tanh', 'elu', 'tanh']",0009091099,700,Adam,MaxAbsoluteDeviation,0.463444322347641,0.9628200531005859,2.6451147999614477
"[8, 8, 8, 23]","['elu', 'tanh', 'tanh', 'elu']",000909f0,700,Adam,MaxAbsoluteDeviation,0.463444322347641,1.0196762084960938,2.4840157000580803
"[8, 8, 8, 9, 17, 22]","['elu', 'tanh', 'tanh', 'elu', 'tanh', 'swish']",0009091099e8,700,Adam,MaxAbsoluteDeviation,0.621056318283081,0.7755222320556641,2.7499567999038845
"[8, 8, 8, 9, 17, 23]","['elu', 'tanh', 'tanh', 'elu', 'tanh', 'swish']",0009091099f8,700,Adam,MaxAbsoluteDeviation,0.3911876678466797,0.19987773895263672,2.7347899999003857
"[8, 8, 23, 9, 17, 23]","['elu', 'tanh', 'tanh', 'elu', 'tanh', 'swish']",0009f91099f8,649,Adam,MaxAbsoluteDeviation,0.4471813142299652,0.43793487548828125,2.578696500044316
"[8, 8, 23, 9, 17, 23, 18]","['elu', 'tanh', 'tanh', 'elu', 'tanh', 'swish', 'swish']",0009f91099f8a8,649,Adam,MaxAbsoluteDeviation,0.5142468214035034,0.9663410186767578,2.6694167000241578
"[8, 8, 23, 9, 17, 23, 18]","['elu', 'tanh', 'tanh', 'elu', 'tanh', 'swish', 'swish']",0009f91099f8a8,700,Adam,MaxAbsoluteDeviation,0.6142114400863647,1.0776996612548828,2.8530240000691265
"[8, 23, 23, 9, 17, 23, 18]","['elu', 'tanh', 'tanh', 'elu', 'tanh', 'swish', 'swish']",00f9f91099f8a8,700,Adam,MaxAbsoluteDeviation,0.26386556029319763,0.38235700130462646,2.871066000079736
"[8, 23, 23, 9, 17, 23, 18]","['elu', 'tanh', 'tanh', 'elu', 'tanh', 'swish', 'swish']",00f9f91099f8a8,207,Adam,MaxAbsoluteDeviation,0.368753045797348,0.26642274856567383,1.2768244999460876
"[23, 23, 23, 9, 17, 23, 18]","['elu', 'tanh', 'tanh', 'elu', 'tanh', 'elu', 'swish']",f0f9f91099f0a8,207,Adam,MaxAbsoluteDeviation,0.9129571318626404,0.7935225963592529,1.2525120999198407
"[23, 23, 23, 9, 23, 23, 18]","['elu', 'tanh', 'tanh', 'elu', 'tanh', 'elu', 'swish']",f0f9f910f9f0a8,207,Adam,MaxAbsoluteDeviation,0.8862645626068115,0.5437053442001343,1.249254300026223
"[23, 23, 23, 9, 23, 23, 18, 21]","['elu', 'tanh', 'tanh', 'elu', 'tanh', 'elu', 'swish', 'swish']",f0f9f910f9f0a8d8,207,Adam,MaxAbsoluteDeviation,0.6363934874534607,0.504857063293457,1.3462477999273688
"[23, 23, 23, 9, 23, 23, 18, 21]","['elu', 'tanh', 'tanh', 'elu', 'tanh', 'elu', 'swish', 'tanh']",f0f9f910f9f0a8d9,207,Adam,MaxAbsoluteDeviation,0.6363934874534607,6.990786552429199,1.3246432000305504
"[23, 23, 23, 9, 23, 23, 18]","['elu', 'tanh', 'tanh', 'elu', 'tanh', 'elu', 'swish']",f0f9f910f9f0a8,207,Adam,MaxAbsoluteDeviation,0.6363934874534607,0.6874923706054688,1.2494215000187978
"[23, 23, 23, 9, 23, 23, 18, 21, 10]","['elu', 'tanh', 'tanh', 'elu', 'tanh', 'elu', 'swish', 'swish', 'elu']",f0f9f910f9f0a8d820,207,Adam,MaxAbsoluteDeviation,0.6721801161766052,1.81146240234375,1.4168690000660717
"[23, 23, 23, 9, 23, 23, 18, 21, 10]","['elu', 'tanh', 'tanh', 'elu', 'tanh', 'elu', 'swish', 'swish', 'elu']",f0f9f910f9f0a8d820,128,Adam,MaxAbsoluteDeviation,0.6721801161766052,2.0483570098876953,1.1736875999486074
"[23, 23, 23, 9, 23, 23, 18, 21, 10]","['elu', 'tanh', 'tanh', 'sigmoid', 'tanh', 'elu', 'swish', 'swish', 'elu']",f0f9f916f9f0a8d820,207,Adam,MaxAbsoluteDeviation,0.6721801161766052,0.5171136856079102,1.4044105999637395
"[23, 23, 8, 9, 23, 23, 18, 21, 10]","['elu', 'swish', 'tanh', 'elu', 'tanh', 'elu', 'swish', 'swish', 'elu']",f0f80910f9f0a8d820,207,Adam,MaxAbsoluteDeviation,1.1048527956008911,1.7885208129882812,1.4339596000500023
"[23, 23, 8, 9, 23, 23, 18, 21, 10, 18]","['elu', 'swish', 'tanh', 'elu', 'tanh', 'elu', 'swish', 'swish', 'elu', 'elu']",f0f80910f9f0a8d820a0,207,Adam,MaxAbsoluteDeviation,2.0509510040283203,0.695950448513031,1.5065085999667645
"[23, 23, 8, 9, 23, 23, 18, 21, 10, 17]","['elu', 'swish', 'tanh', 'elu', 'tanh', 'elu', 'swish', 'swish', 'elu', 'sigmoid']",f0f80910f9f0a8d82096,207,Adam,MaxAbsoluteDeviation,2.0509510040283203,8.668557167053223,1.689897800097242
"[23, 23, 8, 9, 23, 23, 18, 21, 10, 18]","['elu', 'swish', 'tanh', 'elu', 'tanh', 'elu', 'swish', 'swish', 'elu', 'elu']",f0f80910f9f0a8d820a0,100,Adam,MaxAbsoluteDeviation,0.596332848072052,0.7164814472198486,1.2682146000443026
"[23, 23, 8, 9, 23, 23, 18, 21, 10, 18]","['elu', 'swish', 'tanh', 'elu', 'tanh', 'elu', 'swish', 'swish', 'tanh', 'elu']",f0f80910f9f0a8d829a0,100,Adam,MaxAbsoluteDeviation,0.596332848072052,8.657636642456055,1.2804183000698686
"[23, 23, 8, 8, 23, 23, 18, 21, 10, 18]","['elu', 'swish', 'tanh', 'elu', 'tanh', 'elu', 'swish', 'swish', 'elu', 'elu']",f0f80900f9f0a8d820a0,100,Adam,MaxAbsoluteDeviation,1.8972254991531372,0.9725044965744019,1.2648839999455959
"[23, 23, 8, 8, 23, 23, 8, 21, 10, 18]","['elu', 'swish', 'tanh', 'elu', 'tanh', 'elu', 'sigmoid', 'swish', 'elu', 'elu']",f0f80900f9f006d820a0,100,Adam,MaxAbsoluteDeviation,2.1023783683776855,1.1519098281860352,1.2372452000854537
"[23, 23, 8, 8, 23, 23, 8, 21, 10]","['elu', 'swish', 'tanh', 'elu', 'tanh', 'elu', 'sigmoid', 'swish', 'elu']",f0f80900f9f006d820,100,Adam,MaxAbsoluteDeviation,2.1023783683776855,4.062269687652588,1.1700755000347272
"[23, 23, 8, 8, 23, 23, 8, 21, 10, 18]","['elu', 'swish', 'tanh', 'elu', 'tanh', 'elu', 'sigmoid', 'swish', 'elu', 'elu']",f0f80900f9f006d820a0,100,Adam,MaxAbsoluteDeviation,1.559087872505188,1.2456674575805664,1.2538944999687374
"[23, 23, 8, 8, 23, 23, 8, 21, 10, 18]","['elu', 'swish', 'tanh', 'elu', 'tanh', 'elu', 'sigmoid', 'swish', 'elu', 'elu']",f0f80900f9f006d820a0,100,Adam,MaxAbsoluteDeviation,1.3455936908721924,1.6590337753295898,1.2585348000284284
"[23, 23, 8, 8, 23, 23, 23, 21, 10, 18]","['elu', 'swish', 'tanh', 'elu', 'tanh', 'elu', 'sigmoid', 'swish', 'elu', 'elu']",f0f80900f9f0f6d820a0,100,Adam,MaxAbsoluteDeviation,1.3455936908721924,3.295886754989624,1.2563398000784218
"[23, 23, 8, 8, 23, 23, 23, 21, 10, 18]","['elu', 'swish', 'tanh', 'elu', 'tanh', 'elu', 'sigmoid', 'swish', 'elu', 'elu']",f0f80900f9f0f6d820a0,700,Adam,MaxAbsoluteDeviation,0.9506585597991943,1.3572666645050049,3.704666299978271
"[23, 23, 8, 8, 23, 23, 23, 21, 10, 18]","['elu', 'swish', 'tanh', 'elu', 'tanh', 'elu', 'sigmoid', 'swish', 'elu', 'elu']",f0f80900f9f0f6d820a0,700,Adam,MaxAbsoluteDeviation,0.6161888241767883,0.8728485107421875,3.746913900016807
"[23, 23, 8, 8, 23, 23, 23, 21, 10, 18]","['elu', 'swish', 'tanh', 'elu', 'tanh', 'elu', 'sigmoid', 'swish', 'elu', 'elu']",f0f80900f9f0f6d820a0,685,Adam,MaxAbsoluteDeviation,0.4326612949371338,0.4087352752685547,3.6862354999175295
"[23, 23, 8, 8, 23, 23, 23, 21, 10, 18]","['elu', 'swish', 'tanh', 'elu', 'tanh', 'elu', 'sigmoid', 'swish', 'tanh', 'elu']",f0f80900f9f0f6d829a0,685,Adam,MaxAbsoluteDeviation,0.4326612949371338,1.3744316101074219,3.6655995999462903
"[23, 23, 8, 8, 23, 23, 23, 21, 10, 18]","['elu', 'swish', 'tanh', 'elu', 'tanh', 'elu', 'sigmoid', 'swish', 'elu', 'elu']",f0f80900f9f0f6d820a0,700,Adam,MaxAbsoluteDeviation,0.8921664953231812,1.2082462310791016,3.748090200009756
"[23, 23, 8, 8, 23, 23, 23, 21, 10, 18]","['elu', 'swish', 'tanh', 'elu', 'tanh', 'elu', 'sigmoid', 'swish', 'elu', 'elu']",f0f80900f9f0f6d820a0,700,Adam,MaxAbsoluteDeviation,1.09184992313385,0.8455323576927185,3.7546781999990344
"[23, 23, 8, 8, 23, 23, 23, 21, 10, 18, 16]","['elu', 'swish', 'tanh', 'elu', 'tanh', 'elu', 'sigmoid', 'swish', 'elu', 'elu', 'tanh']",f0f80900f9f0f6d820a089,700,Adam,MaxAbsoluteDeviation,1.09184992313385,6.822625160217285,3.9581698999973014
"[23, 23, 8, 8, 23, 8, 23, 21, 10, 18]","['elu', 'swish', 'tanh', 'elu', 'tanh', 'elu', 'sigmoid', 'swish', 'elu', 'elu']",f0f80900f900f6d820a0,700,Adam,MaxAbsoluteDeviation,0.8925408124923706,1.415075421333313,3.728183800005354
"[23, 23, 8, 8, 23, 8, 23, 21, 10, 8]","['elu', 'swish', 'tanh', 'elu', 'tanh', 'elu', 'sigmoid', 'swish', 'elu', 'elu']",f0f80900f900f6d82000,700,Adam,MaxAbsoluteDeviation,1.2293330430984497,0.7847366333007812,3.7391117999795824
"[23, 23, 8, 8, 23, 8, 23, 21, 10, 8, 18]","['elu', 'swish', 'tanh', 'elu', 'tanh', 'elu', 'swish', 'swish', 'elu', 'elu', 'swish']",f0f80900f900f8d82000a8,700,Adam,MaxAbsoluteDeviation,0.580249547958374,0.21515846252441406,3.966046900022775
"[23, 23, 8, 8, 23, 8, 23, 21, 10, 8]","['elu', 'swish', 'tanh', 'elu', 'tanh', 'elu', 'swish', 'swish', 'elu', 'elu']",f0f80900f900f8d82000,700,Adam,MaxAbsoluteDeviation,0.9796331524848938,1.3306139707565308,3.7841141000390053
"[23, 23, 8, 8, 23, 8, 23, 21, 10, 8]","['elu', 'swish', 'tanh', 'elu', 'tanh', 'elu', 'swish', 'swish', 'elu', 'elu']",f0f80900f900f8d82000,700,Adam,MaxAbsoluteDeviation,0.942593514919281,0.7323646545410156,3.7157127000391483
"[23, 23, 8, 8, 23, 8, 23, 21, 10, 23]","['elu', 'swish', 'tanh', 'elu', 'tanh', 'elu', 'swish', 'swish', 'elu', 'elu']",f0f80900f900f8d820f0,700,Adam,MaxAbsoluteDeviation,0.9713751077651978,0.7575178742408752,3.783938300097361
"[23, 23, 8, 8, 23, 8, 23, 21, 10, 23, 17]","['elu', 'swish', 'tanh', 'elu', 'tanh', 'elu', 'swish', 'swish', 'elu', 'elu', 'swish']",f0f80900f900f8d820f098,700,Adam,MaxAbsoluteDeviation,1.0236810445785522,1.1548881530761719,3.939492999925278
"[23, 23, 8, 8, 23, 8, 23, 21, 10, 23, 17]","['elu', 'swish', 'tanh', 'elu', 'tanh', 'elu', 'swish', 'swish', 'elu', 'elu', 'swish']",f0f80900f900f8d820f098,700,Adam,MaxAbsoluteDeviation,1.6672463417053223,1.0587468147277832,4.005629500024952
"[23, 23, 8, 8, 23, 8, 23, 21, 10, 23, 17]","['elu', 'swish', 'tanh', 'elu', 'tanh', 'elu', 'swish', 'swish', 'elu', 'elu', 'swish']",f0f80900f900f8d820f098,700,Adam,MaxAbsoluteDeviation,1.0865627527236938,1.2103443145751953,3.9966720000375062
"[23, 23, 8, 8, 23, 8, 23, 21, 10, 23, 17]","['elu', 'swish', 'tanh', 'elu', 'tanh', 'elu', 'swish', 'swish', 'elu', 'elu', 'swish']",f0f80900f900f8d820f098,700,Adam,MaxAbsoluteDeviation,1.1843669414520264,1.4330625534057617,3.980744899949059
"[23, 23, 8, 8, 23, 8, 23, 21, 10, 23]","['elu', 'swish', 'tanh', 'elu', 'tanh', 'elu', 'swish', 'swish', 'elu', 'elu']",f0f80900f900f8d820f0,700,Adam,MaxAbsoluteDeviation,1.3031554222106934,0.8448228240013123,5.505801700055599
"[23, 23, 8, 8, 23, 8, 23, 21, 10, 23]","['elu', 'swish', 'tanh', 'elu', 'tanh', 'elu', 'swish', 'swish', 'elu', 'elu']",f0f80900f900f8d820f0,530,Adam,MaxAbsoluteDeviation,1.5099000930786133,0.9903354644775391,3.078695600037463
"[23, 23, 8, 8, 23, 8, 23, 21, 10, 23, 16]","['elu', 'swish', 'tanh', 'elu', 'tanh', 'elu', 'swish', 'swish', 'elu', 'elu', 'tanh']",f0f80900f900f8d820f089,530,Adam,MaxAbsoluteDeviation,1.5099000930786133,8.726227760314941,3.2250692999223247
"[23, 23, 8, 8, 23, 8, 23, 21, 10, 23]","['elu', 'swish', 'tanh', 'elu', 'tanh', 'elu', 'swish', 'swish', 'elu', 'elu']",f0f80900f900f8d820f0,308,Adam,MaxAbsoluteDeviation,0.5091741681098938,0.6894369721412659,2.124498200020753
"[23, 23, 8, 8, 23, 8, 23, 21, 8, 23]","['elu', 'swish', 'tanh', 'elu', 'tanh', 'elu', 'swish', 'swish', 'elu', 'elu']",f0f80900f900f8d800f0,308,Adam,MaxAbsoluteDeviation,0.910656750202179,0.9374942779541016,2.1147014999296516
"[23, 23, 8, 8, 23, 8, 23, 21, 8, 23]","['elu', 'elu', 'tanh', 'elu', 'tanh', 'elu', 'swish', 'swish', 'elu', 'elu']",f0f00900f900f8d800f0,308,Adam,MaxAbsoluteDeviation,0.7677740454673767,0.9179314970970154,2.109053199994378
"[23, 23, 8, 8, 23, 8, 23, 21, 8, 23]","['elu', 'elu', 'tanh', 'elu', 'tanh', 'elu', 'swish', 'swish', 'elu', 'elu']",f0f00900f900f8d800f0,308,Adam,MaxAbsoluteDeviation,0.897809624671936,1.030065655708313,2.09959700005129
"[23, 23, 8, 8, 23, 8, 23, 21, 8, 23, 18]","['elu', 'elu', 'tanh', 'elu', 'tanh', 'elu', 'swish', 'swish', 'elu', 'elu', 'sigmoid']",f0f00900f900f8d800f0a6,308,Adam,MaxAbsoluteDeviation,0.897809624671936,8.610974311828613,2.187794500030577
"[23, 8, 8, 8, 23, 8, 23, 21, 8, 8]","['elu', 'elu', 'tanh', 'elu', 'tanh', 'elu', 'swish', 'swish', 'elu', 'elu']",f0000900f900f8d80000,308,Adam,MaxAbsoluteDeviation,0.897809624671936,0.7861862182617188,2.0973022000398487
"[23, 23, 8, 8, 23, 8, 23, 21, 8, 23]","['elu', 'elu', 'tanh', 'elu', 'tanh', 'elu', 'swish', 'swish', 'elu', 'elu']",f0f00900f900f8d800f0,258,Adam,MaxAbsoluteDeviation,1.3916621208190918,2.6163482666015625,1.8960963001009077
"[23, 23, 8, 23, 23, 8, 23, 21, 8, 23]","['elu', 'elu', 'tanh', 'elu', 'tanh', 'elu', 'swish', 'swish', 'elu', 'elu']",f0f009f0f900f8d800f0,258,Adam,MaxAbsoluteDeviation,1.4741036891937256,2.646940231323242,1.885524999932386
"[23, 23, 8, 23, 23, 8, 23, 21, 8, 23, 17]","['elu', 'elu', 'tanh', 'elu', 'tanh', 'elu', 'swish', 'swish', 'elu', 'elu', 'tanh']",f0f009f0f900f8d800f099,156,Adam,MaxAbsoluteDeviation,1.4741036891937256,8.530831336975098,1.5729350000619888
"[23, 23, 8, 23, 23, 8, 23, 21, 8, 23]","['elu', 'elu', 'tanh', 'elu', 'tanh', 'elu', 'swish', 'swish', 'elu', 'elu']",f0f009f0f900f8d800f0,700,Adam,MaxAbsoluteDeviation,1.649316430091858,1.695202350616455,3.735395499970764
"[23, 23, 8, 23, 23, 8, 23, 21, 8, 23]","['elu', 'elu', 'tanh', 'elu', 'tanh', 'elu', 'swish', 'swish', 'elu', 'elu']",f0f009f0f900f8d800f0,536,Adam,MaxAbsoluteDeviation,1.5020573139190674,3.129274368286133,3.0716246000956744
"[23, 23, 8, 23, 23, 8, 23, 21, 8, 23]","['elu', 'elu', 'tanh', 'elu', 'tanh', 'elu', 'swish', 'swish', 'elu', 'elu']",f0f009f0f900f8d800f0,152,Adam,MaxAbsoluteDeviation,1.36979079246521,1.0771522521972656,1.4532644000137225
"[23, 23, 8, 23, 23, 8, 23, 21, 8, 23]","['elu', 'elu', 'tanh', 'elu', 'tanh', 'elu', 'swish', 'swish', 'elu', 'elu']",f0f009f0f900f8d800f0,100,Adam,MaxAbsoluteDeviation,1.36979079246521,2.303243637084961,1.2616988000227138
"[23, 23, 8, 23, 23, 8, 23, 21, 8, 23]","['elu', 'elu', 'tanh', 'elu', 'tanh', 'elu', 'swish', 'swish', 'elu', 'elu']",f0f009f0f900f8d800f0,700,Adam,MaxAbsoluteDeviation,1.36979079246521,2.216668128967285,3.7588028999743983
"[23, 23, 8, 23, 23, 8, 23, 21, 8, 23]","['elu', 'elu', 'tanh', 'elu', 'tanh', 'elu', 'swish', 'swish', 'elu', 'elu']",f0f009f0f900f8d800f0,152,Adam,MaxAbsoluteDeviation,0.9522087574005127,0.6857118010520935,1.4620676999911666
"[23, 23, 23, 23, 23, 8, 23, 21, 8, 23]","['elu', 'elu', 'tanh', 'elu', 'tanh', 'elu', 'swish', 'swish', 'elu', 'elu']",f0f0f9f0f900f8d800f0,152,Adam,MaxAbsoluteDeviation,0.9522087574005127,3.4733290672302246,1.4560605000006035
"[23, 23, 8, 23, 23, 8, 23, 21, 8]","['elu', 'elu', 'tanh', 'elu', 'tanh', 'elu', 'swish', 'swish', 'elu']",f0f009f0f900f8d800,152,Adam,MaxAbsoluteDeviation,1.2051206827163696,1.3974523544311523,1.357165800058283
"[23, 23, 8, 23, 23, 8, 23, 21, 8, 18]","['elu', 'elu', 'tanh', 'elu', 'tanh', 'elu', 'swish', 'swish', 'elu', 'elu']",f0f009f0f900f8d800a0,152,Adam,MaxAbsoluteDeviation,1.2051206827163696,1.7108078002929688,1.4549285999964923
"[23, 23, 8, 23, 23, 8, 23, 21, 8, 14]","['elu', 'elu', 'tanh', 'elu', 'tanh', 'elu', 'swish', 'swish', 'elu', 'swish']",f0f009f0f900f8d80068,113,Adam,MaxAbsoluteDeviation,2.841564893722534,1.7308672666549683,1.324394499999471
"[23, 23, 8, 23, 23, 8, 23, 21, 8, 14]","['elu', 'elu', 'tanh', 'elu', 'tanh', 'elu', 'swish', 'swish', 'elu', 'swish']",f0f009f0f900f8d80068,113,Adam,MaxAbsoluteDeviation,2.638120651245117,4.41485595703125,1.3086057000327855
"[23, 23, 8, 23, 23, 8, 23, 21, 8, 14]","['elu', 'elu', 'tanh', 'elu', 'tanh', 'elu', 'swish', 'swish', 'elu', 'swish']",f0f009f0f900f8d80068,700,Adam,MaxAbsoluteDeviation,0.8219782114028931,0.9894373416900635,3.8278208000119776
"[23, 23, 8, 23, 23, 8, 23, 21, 8, 14]","['elu', 'elu', 'tanh', 'elu', 'tanh', 'elu', 'swish', 'swish', 'elu', 'swish']",f0f009f0f900f8d80068,700,Adam,MaxAbsoluteDeviation,1.0161768198013306,2.596774101257324,3.7935381999704987
"[23, 23, 8, 23, 23, 8, 23, 21, 8, 14]","['elu', 'elu', 'tanh', 'elu', 'tanh', 'elu', 'swish', 'swish', 'elu', 'swish']",f0f009f0f900f8d80068,220,Adam,MaxAbsoluteDeviation,0.6288163661956787,0.7245922088623047,1.7285713000455871
"[23, 23, 8, 23, 23, 8, 23, 21, 8, 14]","['elu', 'elu', 'tanh', 'elu', 'tanh', 'elu', 'swish', 'swish', 'elu', 'swish']",f0f009f0f900f8d80068,113,Adam,MaxAbsoluteDeviation,0.6288163661956787,4.18795108795166,1.2979197999229655
"[23, 23, 8, 23, 23, 8, 23, 21, 8, 14]","['elu', 'elu', 'tanh', 'elu', 'tanh', 'elu', 'swish', 'swish', 'elu', 'swish']",f0f009f0f900f8d80068,100,Adam,MaxAbsoluteDeviation,0.6288163661956787,3.672356605529785,1.2532443000236526
"[23, 23, 8, 23, 23, 8, 23, 21, 8, 14]","['elu', 'elu', 'tanh', 'elu', 'tanh', 'elu', 'swish', 'swish', 'elu', 'swish']",f0f009f0f900f8d80068,220,Adam,MaxAbsoluteDeviation,0.8051047325134277,1.9481611251831055,3.423027899931185
"[23, 23, 8, 23, 23, 8, 23, 21, 8, 14, 14]","['elu', 'elu', 'tanh', 'elu', 'tanh', 'elu', 'swish', 'swish', 'elu', 'swish', 'swish']",f0f009f0f900f8d8006868,700,Adam,MaxAbsoluteDeviation,1.3530936241149902,1.792020320892334,4.015738300047815
"[23, 23, 8, 23, 23, 8, 23, 21, 8, 14, 14]","['elu', 'elu', 'tanh', 'elu', 'tanh', 'elu', 'swish', 'swish', 'tanh', 'swish', 'swish']",f0f009f0f900f8d8096868,700,Adam,MaxAbsoluteDeviation,1.3530936241149902,8.55219841003418,4.078759300056845
"[23, 23, 8, 23, 23, 8, 23, 21, 8, 14, 14]","['elu', 'elu', 'tanh', 'elu', 'tanh', 'elu', 'swish', 'swish', 'elu', 'swish', 'swish']",f0f009f0f900f8d8006868,323,Adam,MaxAbsoluteDeviation,1.7023299932479858,2.6791915893554688,2.341230799909681
"[23, 23, 8, 23, 23, 8, 23, 21, 8, 14, 14]","['elu', 'elu', 'tanh', 'elu', 'tanh', 'elu', 'swish', 'swish', 'elu', 'swish', 'swish']",f0f009f0f900f8d8006868,700,Adam,MaxAbsoluteDeviation,1.7023299932479858,8.815858840942383,4.072576000005938
"[23, 23, 8, 23, 23, 8, 23, 21, 8, 14, 14]","['elu', 'elu', 'tanh', 'elu', 'tanh', 'elu', 'swish', 'swish', 'elu', 'swish', 'swish']",f0f009f0f900f8d8006868,700,Adam,MaxAbsoluteDeviation,1.1425652503967285,1.0019879341125488,4.030005099950358
"[23, 23, 8, 23, 23, 8, 23, 21, 8, 14, 14, 8]","['elu', 'elu', 'tanh', 'elu', 'tanh', 'elu', 'swish', 'swish', 'elu', 'swish', 'swish', 'swish']",f0f009f0f900f8d800686808,700,Adam,MaxAbsoluteDeviation,1.2348527908325195,0.850222647190094,4.212310099974275
"[23, 23, 8, 23, 23, 8, 23, 21, 23, 14, 14]","['elu', 'elu', 'tanh', 'elu', 'tanh', 'elu', 'swish', 'swish', 'elu', 'swish', 'swish']",f0f009f0f900f8d8f06868,700,Adam,MaxAbsoluteDeviation,1.387387752532959,0.7611494660377502,4.011053900001571
"[23, 23, 8, 23, 23, 8, 23, 21, 23, 14, 14, 23]","['elu', 'elu', 'tanh', 'elu', 'tanh', 'elu', 'swish', 'swish', 'elu', 'swish', 'swish', 'sigmoid']",f0f009f0f900f8d8f06868f6,700,Adam,MaxAbsoluteDeviation,1.387387752532959,8.434991836547852,4.176280900021084
"[23, 23, 8, 23, 23, 8, 23, 21, 23, 14, 14]","['elu', 'elu', 'tanh', 'elu', 'tanh', 'sigmoid', 'swish', 'swish', 'elu', 'swish', 'swish']",f0f009f0f906f8d8f06868,700,Adam,MaxAbsoluteDeviation,1.387387752532959,1.7956219911575317,4.070684899925254
"[23, 23, 8, 23, 23, 23, 23, 21, 23, 14, 14, 10]","['elu', 'elu', 'tanh', 'sigmoid', 'tanh', 'elu', 'swish', 'swish', 'elu', 'swish', 'swish', 'swish']",f0f009f6f9f0f8d8f0686828,700,Adam,MaxAbsoluteDeviation,0.7292985320091248,1.0552358627319336,4.220444899983704
"[23, 23, 8, 23, 23, 23, 23, 21, 8, 14, 14, 10]","['elu', 'elu', 'tanh', 'sigmoid', 'tanh', 'elu', 'swish', 'swish', 'elu', 'swish', 'swish', 'swish']",f0f009f6f9f0f8d800686828,700,Adam,MaxAbsoluteDeviation,0.5811367630958557,1.1778888702392578,4.247239199932665
"[23, 23, 8, 23, 23, 23, 23, 21, 8, 14, 14]","['elu', 'elu', 'tanh', 'sigmoid', 'tanh', 'elu', 'swish', 'swish', 'elu', 'swish', 'swish']",f0f009f6f9f0f8d8006868,700,Adam,MaxAbsoluteDeviation,0.5811367630958557,1.180593490600586,4.0638857000740245
"[23, 23, 8, 23, 23, 23, 23, 21, 8, 23, 14, 10]","['elu', 'elu', 'tanh', 'sigmoid', 'tanh', 'elu', 'swish', 'swish', 'elu', 'swish', 'swish', 'swish']",f0f009f6f9f0f8d800f86828,700,Adam,MaxAbsoluteDeviation,0.3945634961128235,1.2468128204345703,4.183844799990766
"[23, 23, 8, 23, 8, 23, 23, 21, 8, 23, 14, 10]","['elu', 'elu', 'tanh', 'sigmoid', 'tanh', 'elu', 'swish', 'swish', 'elu', 'swish', 'swish', 'swish']",f0f009f609f0f8d800f86828,700,Adam,MaxAbsoluteDeviation,0.3945634961128235,1.7568875551223755,4.236662299954332
"[23, 23, 8, 23, 23, 23, 23, 21, 8, 23, 14, 10]","['elu', 'elu', 'tanh', 'sigmoid', 'tanh', 'elu', 'swish', 'swish', 'elu', 'swish', 'swish', 'swish']",f0f009f6f9f0f8d800f86828,106,Adam,MaxAbsoluteDeviation,0.3945634961128235,2.7551565170288086,1.483918200014159
"[23, 23, 8, 23, 23, 23, 23, 21, 8, 23, 14]","['elu', 'elu', 'tanh', 'sigmoid', 'tanh', 'elu', 'swish', 'swish', 'elu', 'swish', 'swish']",f0f009f6f9f0f8d800f868,700,Adam,MaxAbsoluteDeviation,0.9077905416488647,0.9477967619895935,4.014162299921736
"[23, 23, 8, 23, 23, 23, 23, 21, 8, 23, 14]","['elu', 'elu', 'tanh', 'sigmoid', 'tanh', 'elu', 'swish', 'swish', 'elu', 'swish', 'swish']",f0f009f6f9f0f8d800f868,698,Adam,MaxAbsoluteDeviation,0.9077905416488647,2.601409912109375,4.021856399951503
"[23, 23, 8, 23, 23, 23, 23, 21, 8, 23, 14]","['elu', 'elu', 'tanh', 'sigmoid', 'tanh', 'elu', 'swish', 'swish', 'elu', 'swish', 'swish']",f0f009f6f9f0f8d800f868,700,Adam,MaxAbsoluteDeviation,0.9077905416488647,1.2238521575927734,4.000746199977584
"[23, 23, 8, 23, 23, 23, 23, 21, 8, 23, 14]","['elu', 'elu', 'tanh', 'sigmoid', 'tanh', 'elu', 'swish', 'swish', 'elu', 'swish', 'swish']",f0f009f6f9f0f8d800f868,700,Adam,MaxAbsoluteDeviation,0.9114048480987549,0.8029747009277344,3.9782216999446973
"[23, 23, 8, 23, 23, 23, 23, 21, 8, 23, 14]","['elu', 'elu', 'tanh', 'sigmoid', 'tanh', 'elu', 'swish', 'swish', 'elu', 'swish', 'swish']",f0f009f6f9f0f8d800f868,700,Adam,MaxAbsoluteDeviation,0.889387309551239,0.6285765171051025,3.961422499967739
"[23, 23, 8, 23, 23, 23, 23, 21, 8, 23, 14]","['elu', 'elu', 'tanh', 'sigmoid', 'tanh', 'elu', 'swish', 'swish', 'elu', 'swish', 'swish']",f0f009f6f9f0f8d800f868,547,Adam,MaxAbsoluteDeviation,0.889387309551239,1.5658750534057617,3.292446600040421
"[23, 23, 8, 23, 23, 23, 23, 21, 8, 23]","['elu', 'elu', 'tanh', 'sigmoid', 'tanh', 'elu', 'swish', 'swish', 'elu', 'swish']",f0f009f6f9f0f8d800f8,700,Adam,MaxAbsoluteDeviation,0.981763482093811,0.7313175201416016,3.7694667000323534
"[23, 23, 8, 23, 23, 23, 23, 21, 8]","['elu', 'elu', 'tanh', 'sigmoid', 'tanh', 'elu', 'swish', 'swish', 'elu']",f0f009f6f9f0f8d800,700,Adam,MaxAbsoluteDeviation,1.7126086950302124,1.297582745552063,3.554936300031841
"[23, 23, 8, 23, 23, 23, 23, 21]","['elu', 'elu', 'tanh', 'sigmoid', 'tanh', 'elu', 'swish', 'swish']",f0f009f6f9f0f8d8,700,Adam,MaxAbsoluteDeviation,0.6299416422843933,0.6263046264648438,3.3988864000421017
"[23, 23, 8, 23, 23, 23, 23, 21]","['elu', 'elu', 'tanh', 'sigmoid', 'tanh', 'elu', 'swish', 'swish']",f0f009f6f9f0f8d8,700,Adam,MaxAbsoluteDeviation,0.6299416422843933,1.0034065246582031,3.392035400029272
"[23, 23, 8, 23, 23, 23, 23, 21, 18]","['elu', 'elu', 'tanh', 'sigmoid', 'tanh', 'elu', 'swish', 'swish', 'swish']",f0f009f6f9f0f8d8a8,700,Adam,MaxAbsoluteDeviation,0.9973697066307068,2.096163749694824,5.324622999993153
"[23, 23, 8, 23, 23, 23, 23, 21, 18]","['elu', 'elu', 'tanh', 'sigmoid', 'tanh', 'elu', 'sigmoid', 'swish', 'swish']",f0f009f6f9f0f6d8a8,700,Adam,MaxAbsoluteDeviation,0.7748475074768066,1.0971015691757202,3.628355099936016
"[23, 23, 8, 23, 23, 23, 23, 21, 18]","['elu', 'elu', 'tanh', 'sigmoid', 'tanh', 'elu', 'sigmoid', 'swish', 'swish']",f0f009f6f9f0f6d8a8,263,Adam,MaxAbsoluteDeviation,0.7748475074768066,2.491941452026367,1.80504990008194
"[23, 23, 8, 23, 23, 23, 23, 21, 18, 17]","['elu', 'elu', 'tanh', 'sigmoid', 'tanh', 'elu', 'sigmoid', 'swish', 'swish', 'sigmoid']",f0f009f6f9f0f6d8a896,700,Adam,MaxAbsoluteDeviation,0.7748475074768066,6.609577178955078,3.807686400017701
"[23, 23, 8, 23, 23, 23, 23, 21, 18, 10]","['elu', 'elu', 'tanh', 'sigmoid', 'tanh', 'elu', 'sigmoid', 'swish', 'swish', 'tanh']",f0f009f6f9f0f6d8a829,700,Adam,MaxAbsoluteDeviation,0.7748475074768066,8.553995132446289,3.853285299963318
"[23, 23, 8, 23, 23, 23, 8, 21]","['elu', 'elu', 'tanh', 'sigmoid', 'tanh', 'elu', 'sigmoid', 'swish']",f0f009f6f9f006d8,700,Adam,MaxAbsoluteDeviation,0.7748475074768066,7.087528228759766,3.3736596999224275
"[23, 23, 8, 23, 23, 23, 23, 21, 18]","['elu', 'elu', 'tanh', 'sigmoid', 'tanh', 'elu', 'sigmoid', 'swish', 'swish']",f0f009f6f9f0f6d8a8,700,Adam,MaxAbsoluteDeviation,0.6446176767349243,0.9678382873535156,3.6594685999443755
"[8, 23, 8, 23, 23, 23, 23, 21, 18, 10]","['elu', 'elu', 'tanh', 'sigmoid', 'tanh', 'elu', 'tanh', 'swish', 'swish', 'swish']",00f009f6f9f0f9d8a828,700,Adam,MaxAbsoluteDeviation,0.5316656231880188,1.1822669506072998,3.8469030000269413
"[8, 23, 8, 23, 23, 23, 23, 21, 18, 8]","['elu', 'elu', 'tanh', 'sigmoid', 'tanh', 'elu', 'tanh', 'swish', 'swish', 'swish']",00f009f6f9f0f9d8a808,700,Adam,MaxAbsoluteDeviation,0.5316656231880188,1.382715106010437,3.767530299955979
"[8, 23, 8, 23, 23, 23, 23, 21, 18, 10]","['elu', 'elu', 'tanh', 'sigmoid', 'tanh', 'elu', 'tanh', 'swish', 'swish', 'swish']",00f009f6f9f0f9d8a828,253,Adam,MaxAbsoluteDeviation,0.5316656231880188,2.372406005859375,1.8875304000684991
"[8, 23, 8, 23, 23, 23, 23, 21, 18, 10]","['elu', 'elu', 'tanh', 'sigmoid', 'tanh', 'elu', 'tanh', 'swish', 'swish', 'swish']",00f009f6f9f0f9d8a828,700,Adam,MaxAbsoluteDeviation,0.5316656231880188,1.3574334383010864,3.8291920999763533
"[23, 23, 8, 23, 23, 23, 23, 21, 18, 10]","['elu', 'elu', 'tanh', 'sigmoid', 'tanh', 'elu', 'tanh', 'swish', 'swish', 'swish']",f0f009f6f9f0f9d8a828,700,Adam,MaxAbsoluteDeviation,1.3885444402694702,2.172633171081543,3.816275400109589
"[23, 23, 8, 23, 23, 23, 23, 21, 18, 10, 18]","['elu', 'elu', 'tanh', 'sigmoid', 'tanh', 'elu', 'tanh', 'swish', 'swish', 'swish', 'tanh']",f0f009f6f9f0f9d8a828a9,700,Adam,MaxAbsoluteDeviation,1.3885444402694702,8.623628616333008,3.977437900030054
"[23, 23, 8, 8, 23, 23, 23, 21, 18, 10]","['elu', 'elu', 'tanh', 'sigmoid', 'tanh', 'elu', 'tanh', 'swish', 'swish', 'swish']",f0f00906f9f0f9d8a828,700,Adam,MaxAbsoluteDeviation,1.3334317207336426,1.5891685485839844,3.788457499933429
"[23, 23, 8, 8, 23, 23, 23, 21, 18, 10]","['elu', 'elu', 'tanh', 'sigmoid', 'tanh', 'elu', 'tanh', 'swish', 'swish', 'swish']",f0f00906f9f0f9d8a828,700,Adam,MaxAbsoluteDeviation,1.0362051725387573,1.0582008361816406,3.8665508999256417
"[23, 23, 8, 8, 23, 23, 23, 8, 18, 10]","['elu', 'elu', 'tanh', 'sigmoid', 'tanh', 'elu', 'tanh', 'swish', 'swish', 'swish']",f0f00906f9f0f908a828,700,Adam,MaxAbsoluteDeviation,1.5702221393585205,1.4928789138793945,3.8041080000111833
"[23, 23, 8, 8, 23, 23, 23, 8, 18, 10, 23]","['elu', 'elu', 'tanh', 'sigmoid', 'tanh', 'elu', 'tanh', 'swish', 'swish', 'swish', 'sigmoid']",f0f00906f9f0f908a828f6,700,Adam,MaxAbsoluteDeviation,1.5702221393585205,8.509364128112793,3.956065700040199
"[23, 23, 8, 8, 23, 23, 23, 8, 18, 10]","['elu', 'elu', 'tanh', 'sigmoid', 'tanh', 'elu', 'tanh', 'swish', 'swish', 'swish']",f0f00906f9f0f908a828,148,Adam,MaxAbsoluteDeviation,2.119544267654419,2.131723403930664,1.452132200007327
"[23, 23, 8, 8, 23, 23, 23, 8, 18, 23]","['elu', 'elu', 'tanh', 'sigmoid', 'tanh', 'elu', 'tanh', 'swish', 'swish', 'swish']",f0f00906f9f0f908a8f8,700,Adam,MaxAbsoluteDeviation,0.5255395770072937,0.645850658416748,3.830535599961877
"[23, 23, 8, 23, 23, 23, 23, 8, 18, 23]","['elu', 'elu', 'tanh', 'sigmoid', 'tanh', 'elu', 'tanh', 'swish', 'swish', 'swish']",f0f009f6f9f0f908a8f8,700,Adam,MaxAbsoluteDeviation,0.5255395770072937,2.009333610534668,3.772714800084941
"[23, 23, 8, 8, 23, 23, 23, 8, 18, 23]","['elu', 'elu', 'tanh', 'sigmoid', 'elu', 'tanh', 'tanh', 'swish', 'swish', 'swish']",f0f00906f0f9f908a8f8,700,Adam,MaxAbsoluteDeviation,0.8421536087989807,1.1022663116455078,3.8140773000195622
"[23, 23, 8, 8, 23, 23, 8, 8, 18, 23]","['elu', 'elu', 'tanh', 'sigmoid', 'elu', 'tanh', 'tanh', 'swish', 'swish', 'swish']",f0f00906f0f90908a8f8,700,Adam,MaxAbsoluteDeviation,0.7379304766654968,1.0967464447021484,3.817839900031686
"[23, 23, 8, 8, 23, 23, 8, 8, 18, 23, 11]","['elu', 'elu', 'tanh', 'sigmoid', 'elu', 'tanh', 'tanh', 'swish', 'swish', 'swish', 'elu']",f0f00906f0f90908a8f830,254,Adam,MaxAbsoluteDeviation,0.7379304766654968,1.3498053550720215,1.9990431000478566
"[23, 23, 8, 8, 8, 23, 8, 8, 18, 23]","['elu', 'elu', 'tanh', 'sigmoid', 'elu', 'tanh', 'tanh', 'swish', 'swish', 'swish']",f0f0090600f90908a8f8,700,Adam,MaxAbsoluteDeviation,0.6909664869308472,1.2177009582519531,3.763227399904281
"[23, 23, 8, 8, 8, 8, 8, 8, 18, 23]","['elu', 'elu', 'tanh', 'sigmoid', 'elu', 'tanh', 'tanh', 'swish', 'swish', 'swish']",f0f0090600090908a8f8,700,Adam,MaxAbsoluteDeviation,0.7744236588478088,1.237161636352539,3.7997392000397667
"[23, 23, 8, 8, 8, 8, 8, 8, 18, 23]","['elu', 'elu', 'tanh', 'sigmoid', 'elu', 'tanh', 'tanh', 'swish', 'swish', 'swish']",f0f0090600090908a8f8,700,Adam,MaxAbsoluteDeviation,0.6044949293136597,0.642822265625,3.841120700002648
"[23, 23, 8, 8, 8, 8, 8, 8, 8]","['elu', 'elu', 'tanh', 'sigmoid', 'elu', 'tanh', 'tanh', 'swish', 'swish']",f0f009060009090808,700,Adam,MaxAbsoluteDeviation,1.2166476249694824,0.7060326933860779,3.5974372000200674
"[23, 23, 8, 8, 8, 8, 8, 8, 8]","['elu', 'elu', 'tanh', 'sigmoid', 'elu', 'tanh', 'tanh', 'swish', 'swish']",f0f009060009090808,122,Adam,MaxAbsoluteDeviation,1.2166476249694824,3.864013671875,1.2404040000401437
"[23, 23, 8, 8, 8, 8, 8, 8, 8]","['elu', 'elu', 'tanh', 'sigmoid', 'elu', 'tanh', 'tanh', 'swish', 'swish']",f0f009060009090808,700,Adam,MaxAbsoluteDeviation,0.8262273669242859,0.4671173095703125,3.5362213000189513
"[23, 23, 8, 8, 8, 8, 8, 8, 8, 15]","['elu', 'elu', 'tanh', 'sigmoid', 'elu', 'tanh', 'tanh', 'swish', 'swish', 'swish']",f0f00906000909080878,700,Adam,MaxAbsoluteDeviation,0.525067925453186,0.8483676910400391,3.7921395000303164
"[23, 23, 8, 8, 8, 8, 8, 8, 23]","['elu', 'elu', 'tanh', 'sigmoid', 'elu', 'tanh', 'tanh', 'swish', 'swish']",f0f0090600090908f8,700,Adam,MaxAbsoluteDeviation,0.7006454467773438,0.9528694152832031,3.6463853999739513
"[23, 23, 8, 8, 8, 8, 8, 8]","['elu', 'elu', 'tanh', 'sigmoid', 'elu', 'tanh', 'tanh', 'swish']",f0f0090600090908,100,Adam,MaxAbsoluteDeviation,0.7006454467773438,2.058347702026367,1.0775872999802232
"[23, 23, 8, 8, 8, 8, 8, 8, 8]","['elu', 'elu', 'tanh', 'sigmoid', 'elu', 'tanh', 'tanh', 'swish', 'swish']",f0f009060009090808,700,Adam,MaxAbsoluteDeviation,0.6163269281387329,0.6257610321044922,3.659255899954587
"[23, 23, 8, 8, 8, 8, 8, 8, 8]","['elu', 'elu', 'tanh', 'sigmoid', 'elu', 'tanh', 'tanh', 'swish', 'swish']",f0f009060009090808,248,Adam,MaxAbsoluteDeviation,0.6163269281387329,1.3494653701782227,1.7526541999541223
"[23, 23, 8, 8, 8, 8, 8, 8, 8]","['elu', 'elu', 'tanh', 'sigmoid', 'elu', 'tanh', 'tanh', 'swish', 'swish']",f0f009060009090808,700,Adam,MaxAbsoluteDeviation,0.26529204845428467,0.3802063465118408,3.5780222000321373
"[23, 23, 8, 8, 8, 8, 8, 8, 8]","['elu', 'elu', 'tanh', 'sigmoid', 'elu', 'tanh', 'tanh', 'swish', 'swish']",f0f009060009090808,700,Adam,MaxAbsoluteDeviation,1.0799224376678467,0.67620849609375,3.640971799963154
"[23, 23, 8, 8, 8, 8, 8, 8, 8]","['elu', 'elu', 'tanh', 'sigmoid', 'elu', 'tanh', 'tanh', 'swish', 'swish']",f0f009060009090808,700,Adam,MaxAbsoluteDeviation,0.6033056378364563,0.7371673583984375,3.6120931999757886
"[23, 23, 8, 8, 8, 8, 8, 8, 8]","['elu', 'elu', 'tanh', 'sigmoid', 'elu', 'tanh', 'tanh', 'swish', 'swish']",f0f009060009090808,620,Adam,MaxAbsoluteDeviation,1.0876163244247437,1.002995252609253,3.269656699965708
"[23, 23, 8, 8, 8, 8, 8, 8, 8]","['elu', 'elu', 'tanh', 'sigmoid', 'elu', 'tanh', 'tanh', 'swish', 'swish']",f0f009060009090808,606,Adam,MaxAbsoluteDeviation,0.3490179181098938,0.47943115234375,3.201057199970819
"[23, 23, 8, 8, 8, 8, 8, 8, 8]","['elu', 'elu', 'tanh', 'sigmoid', 'elu', 'tanh', 'tanh', 'swish', 'swish']",f0f009060009090808,100,Adam,MaxAbsoluteDeviation,0.3490179181098938,3.5280046463012695,1.1792830000631511
"[23, 23, 8, 8, 8, 8, 8, 8, 23]","['elu', 'swish', 'tanh', 'sigmoid', 'elu', 'tanh', 'tanh', 'swish', 'swish']",f0f8090600090908f8,606,Adam,MaxAbsoluteDeviation,0.7407165765762329,1.290024757385254,3.2293081000680104
"[23, 23, 8, 8, 8, 8, 8, 8, 23]","['elu', 'swish', 'tanh', 'sigmoid', 'elu', 'tanh', 'tanh', 'swish', 'swish']",f0f8090600090908f8,338,Adam,MaxAbsoluteDeviation,0.8518524765968323,0.7899551391601562,2.106422100099735
"[23, 23, 8, 8, 8, 8, 8, 8, 8]","['elu', 'swish', 'tanh', 'sigmoid', 'elu', 'tanh', 'tanh', 'swish', 'swish']",f0f809060009090808,338,Adam,MaxAbsoluteDeviation,1.0902965068817139,0.8778839111328125,2.1050728000700474
"[23, 23, 8, 8, 8, 8, 8, 8, 8]","['elu', 'swish', 'tanh', 'sigmoid', 'elu', 'tanh', 'tanh', 'swish', 'swish']",f0f809060009090808,338,Adam,MaxAbsoluteDeviation,1.0902965068817139,8.526834487915039,2.128661699942313
"[8, 23, 8, 8, 8, 8, 8, 8, 8]","['elu', 'swish', 'tanh', 'sigmoid', 'elu', 'tanh', 'tanh', 'swish', 'swish']",00f809060009090808,338,Adam,MaxAbsoluteDeviation,0.8593301177024841,1.5128954648971558,2.106633499963209
"[8, 23, 8, 8, 8, 8, 8, 8, 8]","['elu', 'swish', 'tanh', 'sigmoid', 'swish', 'tanh', 'tanh', 'swish', 'swish']",00f809060809090808,338,Adam,MaxAbsoluteDeviation,0.6964544057846069,0.6943361759185791,2.1163377000484616
"[8, 23, 8, 8, 8, 8, 8, 8, 8]","['elu', 'swish', 'tanh', 'sigmoid', 'swish', 'tanh', 'tanh', 'swish', 'swish']",00f809060809090808,338,Adam,MaxAbsoluteDeviation,1.2709355354309082,0.37779808044433594,2.1074467999860644
"[8, 23, 8, 8, 8, 8, 8, 8, 8]","['elu', 'swish', 'tanh', 'sigmoid', 'swish', 'tanh', 'tanh', 'swish', 'swish']",00f809060809090808,700,Adam,MaxAbsoluteDeviation,0.39463746547698975,0.3547382354736328,3.5977585000218824
"[8, 23, 8, 8, 8, 8, 8, 8, 8, 22]","['elu', 'swish', 'tanh', 'sigmoid', 'swish', 'tanh', 'tanh', 'swish', 'swish', 'tanh']",00f809060809090808e9,700,Adam,MaxAbsoluteDeviation,0.35180360078811646,1.0465221405029297,3.7839116000104696
"[8, 23, 8, 8, 8, 8, 8, 8, 8, 22]","['elu', 'swish', 'tanh', 'sigmoid', 'swish', 'tanh', 'tanh', 'swish', 'swish', 'tanh']",00f809060809090808e9,700,Adam,MaxAbsoluteDeviation,0.35180360078811646,0.7769317626953125,3.691152699990198
"[8, 23, 8, 8, 8, 8, 8, 8, 8, 22]","['elu', 'swish', 'tanh', 'sigmoid', 'swish', 'tanh', 'tanh', 'swish', 'swish', 'tanh']",00f809060809090808e9,700,Adam,MaxAbsoluteDeviation,0.35180360078811646,1.6288843154907227,3.7819199999794364
"[8, 23, 8, 8, 8, 8, 8, 8, 8, 22, 10]","['elu', 'swish', 'tanh', 'sigmoid', 'swish', 'tanh', 'tanh', 'swish', 'swish', 'tanh', 'sigmoid']",00f809060809090808e926,700,Adam,MaxAbsoluteDeviation,0.35180360078811646,8.547218322753906,3.961067899945192
"[8, 23, 8, 8, 8, 8, 8, 8, 8]","['elu', 'swish', 'tanh', 'sigmoid', 'swish', 'tanh', 'tanh', 'swish', 'swish']",00f809060809090808,700,Adam,MaxAbsoluteDeviation,0.49461081624031067,0.9786357879638672,3.5754441999597475
"[8, 23, 8, 8, 8, 8, 8, 8, 8]","['elu', 'swish', 'tanh', 'sigmoid', 'swish', 'tanh', 'tanh', 'swish', 'swish']",00f809060809090808,700,Adam,MaxAbsoluteDeviation,0.2193320393562317,0.32021287083625793,3.5891936999978498
"[8, 23, 8, 8, 8, 8, 8, 8]","['elu', 'swish', 'tanh', 'sigmoid', 'swish', 'tanh', 'tanh', 'swish']",00f8090608090908,700,Adam,MaxAbsoluteDeviation,0.25996026396751404,0.2003636360168457,3.40798260003794
"[8, 23, 8, 8, 8, 8, 8, 8, 14]","['elu', 'swish', 'tanh', 'sigmoid', 'swish', 'tanh', 'tanh', 'swish', 'sigmoid']",00f809060809090866,700,Adam,MaxAbsoluteDeviation,0.25996026396751404,0.8554306030273438,3.6016149000497535
"[8, 23, 8, 8, 8, 8, 8, 8]","['elu', 'swish', 'tanh', 'sigmoid', 'swish', 'tanh', 'tanh', 'swish']",00f8090608090908,303,Adam,MaxAbsoluteDeviation,0.6541776061058044,0.4655475616455078,1.822991400025785
"[8, 23, 8, 8, 8, 8, 8, 8]","['elu', 'swish', 'tanh', 'sigmoid', 'swish', 'tanh', 'tanh', 'swish']",00f8090608090908,246,Adam,MaxAbsoluteDeviation,0.3631868064403534,0.3653602600097656,1.6129968999885023
"[8, 23, 8, 8, 8, 8, 8, 8]","['elu', 'swish', 'tanh', 'sigmoid', 'swish', 'tanh', 'tanh', 'swish']",00f8090608090908,700,Adam,MaxAbsoluteDeviation,0.2656707465648651,0.6138877868652344,3.4279860000824556
"[8, 23, 8, 8, 8, 8, 8, 8]","['elu', 'swish', 'tanh', 'sigmoid', 'swish', 'tanh', 'tanh', 'swish']",00f8090608090908,541,Adam,MaxAbsoluteDeviation,0.7297646999359131,0.47319602966308594,2.7780343999620527
"[8, 23, 8, 8, 8, 8, 8, 8]","['elu', 'swish', 'tanh', 'sigmoid', 'swish', 'tanh', 'tanh', 'swish']",00f8090608090908,541,Adam,MaxAbsoluteDeviation,0.7297646999359131,0.41410109400749207,4.5878690999234095
"[8, 23, 8, 8, 8, 8, 8, 8]","['elu', 'swish', 'tanh', 'tanh', 'swish', 'tanh', 'tanh', 'swish']",00f8090908090908,700,Adam,MaxAbsoluteDeviation,0.5265293717384338,0.5927371978759766,3.4862510999664664
"[8, 23, 8, 8, 8, 8, 8, 8]","['elu', 'swish', 'tanh', 'tanh', 'swish', 'tanh', 'tanh', 'swish']",00f8090908090908,425,Adam,MaxAbsoluteDeviation,0.5265293717384338,0.7702927589416504,2.365144000039436
"[8, 23, 8, 8, 8, 8, 8, 8]","['tanh', 'swish', 'tanh', 'tanh', 'swish', 'tanh', 'tanh', 'swish']",09f8090908090908,700,Adam,MaxAbsoluteDeviation,0.5400921106338501,0.28180694580078125,3.5011307999957353
"[8, 23, 8, 8, 8, 8, 8, 8]","['tanh', 'swish', 'tanh', 'tanh', 'swish', 'tanh', 'tanh', 'swish']",09f8090908090908,700,Adam,MaxAbsoluteDeviation,0.3075900971889496,0.2639920711517334,3.502167100086808
"[8, 23, 8, 8, 8, 8, 8]","['tanh', 'swish', 'tanh', 'tanh', 'swish', 'tanh', 'tanh']",09f80909080909,700,Adam,MaxAbsoluteDeviation,0.3075900971889496,1.0406039953231812,3.2726519000716507
"[8, 23, 8, 8, 8, 8, 8, 8, 11]","['tanh', 'swish', 'tanh', 'tanh', 'swish', 'tanh', 'tanh', 'sigmoid', 'sigmoid']",09f809090809090636,700,Adam,MaxAbsoluteDeviation,0.7261877655982971,0.8565349578857422,3.6453497000038624
"[8, 23, 8, 8, 8, 8, 8, 8, 11]","['tanh', 'swish', 'tanh', 'tanh', 'swish', 'tanh', 'tanh', 'sigmoid', 'sigmoid']",09f809090809090636,700,Adam,MaxAbsoluteDeviation,0.7261877655982971,8.27651309967041,3.6249621000606567
"[8, 23, 8, 8, 8, 8, 8, 8, 11]","['tanh', 'swish', 'tanh', 'tanh', 'swish', 'tanh', 'tanh', 'sigmoid', 'sigmoid']",09f809090809090636,385,Adam,MaxAbsoluteDeviation,1.6755383014678955,1.47428560256958,2.2972127000102773
"[8, 23, 8, 8, 8, 8, 8, 8, 11]","['tanh', 'swish', 'tanh', 'tanh', 'swish', 'tanh', 'tanh', 'sigmoid', 'sigmoid']",09f809090809090636,274,Adam,MaxAbsoluteDeviation,1.6755383014678955,1.8488197326660156,1.8481396000133827
"[8, 23, 8, 8, 8, 8, 8, 8, 11]","['tanh', 'swish', 'tanh', 'tanh', 'swish', 'tanh', 'tanh', 'sigmoid', 'sigmoid']",09f809090809090636,385,Adam,MaxAbsoluteDeviation,1.0164122581481934,0.6652417182922363,2.2965993999969214
"[8, 23, 8, 8, 8, 8, 8, 8, 11]","['tanh', 'swish', 'tanh', 'tanh', 'swish', 'tanh', 'tanh', 'sigmoid', 'sigmoid']",09f809090809090636,385,Adam,MaxAbsoluteDeviation,1.2319965362548828,1.4891023635864258,2.274201099993661
"[8, 23, 8, 8, 8, 8, 8, 8, 11]","['tanh', 'swish', 'tanh', 'tanh', 'swish', 'tanh', 'tanh', 'sigmoid', 'sigmoid']",09f809090809090636,385,Adam,MaxAbsoluteDeviation,1.2319965362548828,8.582579612731934,2.29478100000415
"[8, 23, 8, 8, 8, 8, 8, 8, 11]","['tanh', 'swish', 'tanh', 'sigmoid', 'swish', 'tanh', 'tanh', 'sigmoid', 'sigmoid']",09f809060809090636,385,Adam,MaxAbsoluteDeviation,1.2319965362548828,8.268808364868164,2.303217399981804
"[8, 23, 8, 8, 8, 8, 8, 8, 11, 14]","['tanh', 'swish', 'tanh', 'tanh', 'swish', 'tanh', 'tanh', 'sigmoid', 'sigmoid', 'sigmoid']",09f80909080909063666,385,Adam,MaxAbsoluteDeviation,1.5929774045944214,2.5543699264526367,2.3998360000550747
"[8, 23, 8, 8, 8, 8, 8, 8, 11, 14, 11, 16, 8]","['tanh', 'swish', 'tanh', 'tanh', 'swish', 'tanh', 'tanh', 'sigmoid', 'sigmoid', 'sigmoid', 'swish', 'tanh', 'swish']",09f80909080909063666388908,153,Adam,MaxAbsoluteDeviation,1.5066195726394653,2.39603328704834,1.7693458999274299
"[8, 23, 8, 8, 8, 8, 8, 8, 11, 14, 11, 16, 8]","['tanh', 'swish', 'tanh', 'tanh', 'swish', 'tanh', 'tanh', 'sigmoid', 'sigmoid', 'sigmoid', 'swish', 'tanh', 'swish']",09f80909080909063666388908,149,Adam,MaxAbsoluteDeviation,1.5066195726394653,8.148364067077637,1.7394936999771744
"[8, 23, 8, 8, 8, 8, 8, 8, 11, 14, 11, 16, 8]","['tanh', 'swish', 'tanh', 'tanh', 'swish', 'tanh', 'tanh', 'sigmoid', 'sigmoid', 'sigmoid', 'swish', 'tanh', 'swish']",09f80909080909063666388908,136,Adam,MaxAbsoluteDeviation,1.5066195726394653,8.606771469116211,1.6710001999745145
"[8, 23, 8, 8, 8, 8, 8, 8, 11, 14, 11, 16]","['tanh', 'swish', 'tanh', 'tanh', 'swish', 'tanh', 'tanh', 'sigmoid', 'sigmoid', 'sigmoid', 'swish', 'tanh']",09f809090809090636663889,153,Adam,MaxAbsoluteDeviation,1.5066195726394653,6.546518325805664,1.655880199978128
"[8, 23, 8, 8, 8, 8, 8, 8, 11, 14, 11, 16]","['tanh', 'swish', 'tanh', 'tanh', 'swish', 'tanh', 'tanh', 'sigmoid', 'sigmoid', 'sigmoid', 'swish', 'tanh']",09f809090809090636663889,153,Adam,MaxAbsoluteDeviation,1.5066195726394653,4.608786582946777,1.6418681000359356
"[8, 23, 8, 8, 8, 8, 8, 8, 11, 14, 11, 16, 8, 10]","['tanh', 'swish', 'tanh', 'tanh', 'swish', 'tanh', 'sigmoid', 'sigmoid', 'sigmoid', 'sigmoid', 'swish', 'tanh', 'swish', 'sigmoid']",09f8090908090606366638890826,153,Adam,MaxAbsoluteDeviation,1.5066195726394653,8.825109481811523,1.8213749999413267
"[8, 23, 8, 8, 8, 8, 8, 8, 11, 14, 11, 16, 8]","['tanh', 'swish', 'tanh', 'tanh', 'swish', 'tanh', 'tanh', 'sigmoid', 'sigmoid', 'sigmoid', 'swish', 'tanh', 'swish']",09f80909080909063666388908,153,Adam,MaxAbsoluteDeviation,1.5066195726394653,4.679459571838379,1.7252082999330014
"[8, 23, 8, 8, 8, 8, 8, 8, 11, 14, 11, 16, 8]","['tanh', 'swish', 'tanh', 'tanh', 'swish', 'tanh', 'tanh', 'sigmoid', 'sigmoid', 'sigmoid', 'swish', 'tanh', 'swish']",09f80909080909063666388908,700,Adam,MaxAbsoluteDeviation,1.5066195726394653,8.185908317565918,4.294618099927902
"[8, 23, 8, 8, 8, 8, 8, 8, 11, 14, 11, 16, 8]","['tanh', 'swish', 'tanh', 'tanh', 'swish', 'tanh', 'tanh', 'sigmoid', 'sigmoid', 'sigmoid', 'swish', 'tanh', 'swish']",09f80909080909063666388908,153,Adam,MaxAbsoluteDeviation,1.5066195726394653,8.16519546508789,1.7340972000965849
"[8, 23, 8, 8, 8, 8, 8, 8, 11, 14, 11]","['tanh', 'swish', 'tanh', 'tanh', 'swish', 'tanh', 'tanh', 'sigmoid', 'sigmoid', 'sigmoid', 'swish']",09f8090908090906366638,153,Adam,MaxAbsoluteDeviation,1.5066195726394653,8.67651081085205,1.5438732000766322
"[8, 23, 8, 8, 8, 8, 8, 8, 11, 14, 11, 16, 8]","['tanh', 'swish', 'tanh', 'tanh', 'swish', 'tanh', 'tanh', 'sigmoid', 'sigmoid', 'sigmoid', 'swish', 'tanh', 'swish']",09f80909080909063666388908,100,Adam,MaxAbsoluteDeviation,1.5066195726394653,8.3602933883667,1.50114979990758
"[8, 23, 8, 8, 8, 8, 8, 8, 11, 14, 11, 16, 8]","['tanh', 'swish', 'tanh', 'tanh', 'swish', 'tanh', 'tanh', 'sigmoid', 'sigmoid', 'sigmoid', 'swish', 'tanh', 'swish']",09f80909080909063666388908,153,Adam,MaxAbsoluteDeviation,1.3385167121887207,1.7381372451782227,1.7271752000087872
"[8, 23, 8, 8, 8, 8, 8, 8, 11, 14, 11, 16, 8]","['tanh', 'swish', 'tanh', 'tanh', 'swish', 'tanh', 'tanh', 'sigmoid', 'sigmoid', 'elu', 'swish', 'tanh', 'swish']",09f80909080909063660388908,153,Adam,MaxAbsoluteDeviation,1.3385167121887207,8.73338508605957,1.7229816999752074
"[8, 23, 8, 8, 8, 8, 8, 8, 11, 14, 11, 16, 8]","['tanh', 'swish', 'tanh', 'tanh', 'swish', 'tanh', 'tanh', 'sigmoid', 'sigmoid', 'sigmoid', 'swish', 'tanh', 'swish']",09f80909080909063666388908,700,Adam,MaxAbsoluteDeviation,1.3385167121887207,3.692420244216919,4.433786000008695
"[8, 23, 8, 23, 8, 8, 8, 8, 11, 14, 11, 16]","['tanh', 'swish', 'tanh', 'tanh', 'swish', 'tanh', 'tanh', 'sigmoid', 'sigmoid', 'sigmoid', 'swish', 'tanh']",09f809f90809090636663889,153,Adam,MaxAbsoluteDeviation,1.3385167121887207,8.840879440307617,1.66968910000287
"[8, 23, 8, 8, 8, 8, 8, 8, 11, 14, 11, 16]","['tanh', 'swish', 'tanh', 'tanh', 'swish', 'tanh', 'tanh', 'sigmoid', 'sigmoid', 'sigmoid', 'swish', 'tanh']",09f809090809090636663889,153,Adam,MaxAbsoluteDeviation,1.3385167121887207,8.214573860168457,1.6735174999339506
"[8, 23, 8, 8, 8, 8, 8, 8, 11, 14, 11, 16]","['tanh', 'swish', 'tanh', 'tanh', 'swish', 'tanh', 'tanh', 'sigmoid', 'sigmoid', 'sigmoid', 'tanh', 'tanh']",09f809090809090636663989,153,Adam,MaxAbsoluteDeviation,1.3385167121887207,8.734579086303711,1.6577912999782711
"[8, 23, 8, 8, 8, 8, 8, 8, 11, 14, 11, 16, 8]","['tanh', 'swish', 'tanh', 'tanh', 'swish', 'tanh', 'tanh', 'sigmoid', 'sigmoid', 'sigmoid', 'swish', 'tanh', 'swish']",09f80909080909063666388908,700,Adam,MaxAbsoluteDeviation,0.798351526260376,0.6297416687011719,4.458342100027949
"[8, 23, 8, 8, 8, 8, 8, 8, 11, 14, 11, 16, 8]","['tanh', 'swish', 'tanh', 'tanh', 'swish', 'tanh', 'tanh', 'sigmoid', 'sigmoid', 'sigmoid', 'swish', 'elu', 'swish']",09f80909080909063666388008,295,Adam,MaxAbsoluteDeviation,0.8238084316253662,0.9221515655517578,2.4557621999410912
"[8, 23, 8, 8, 8, 8, 8, 8, 8, 14, 11, 16, 8]","['tanh', 'swish', 'tanh', 'tanh', 'swish', 'tanh', 'tanh', 'sigmoid', 'sigmoid', 'sigmoid', 'swish', 'elu', 'swish']",09f80909080909060666388008,295,Adam,MaxAbsoluteDeviation,0.8238084316253662,8.77575969696045,2.438242999953218
"[8, 23, 8, 8, 8, 8, 8, 8, 11, 14, 11, 16, 8]","['tanh', 'swish', 'tanh', 'tanh', 'swish', 'tanh', 'tanh', 'sigmoid', 'sigmoid', 'sigmoid', 'swish', 'elu', 'swish']",09f80909080909063666388008,253,Adam,MaxAbsoluteDeviation,1.5323857069015503,1.3356389999389648,2.2604756000218913
"[8, 23, 8, 8, 8, 8, 8, 8, 11, 14, 11, 16, 8, 14]","['tanh', 'swish', 'tanh', 'tanh', 'swish', 'tanh', 'tanh', 'sigmoid', 'sigmoid', 'sigmoid', 'swish', 'elu', 'swish', 'sigmoid']",09f8090908090906366638800866,253,Adam,MaxAbsoluteDeviation,1.5323857069015503,8.233272552490234,2.3448133999481797
"[8, 23, 8, 8, 8, 8, 23, 8, 11, 14, 11, 16]","['tanh', 'swish', 'tanh', 'tanh', 'swish', 'tanh', 'tanh', 'sigmoid', 'sigmoid', 'sigmoid', 'swish', 'elu']",09f809090809f90636663880,700,Adam,MaxAbsoluteDeviation,0.3893158733844757,1.080270767211914,4.229930400033481
"[8, 23, 8, 8, 8, 8, 23, 8, 11, 14, 11, 16]","['tanh', 'swish', 'tanh', 'tanh', 'sigmoid', 'tanh', 'tanh', 'sigmoid', 'sigmoid', 'sigmoid', 'swish', 'elu']",09f809090609f90636663880,700,Adam,MaxAbsoluteDeviation,0.3893158733844757,1.1963520050048828,4.20822989998851
"[8, 23, 8, 8, 8, 8, 23, 8, 11, 14, 11, 16]","['tanh', 'swish', 'tanh', 'tanh', 'swish', 'tanh', 'tanh', 'sigmoid', 'sigmoid', 'sigmoid', 'swish', 'tanh']",09f809090809f90636663889,700,Adam,MaxAbsoluteDeviation,0.3893158733844757,1.2641143798828125,4.200779199949466
"[8, 23, 8, 8, 8, 8, 23, 8, 11, 14, 11, 16, 10]","['tanh', 'swish', 'tanh', 'tanh', 'swish', 'tanh', 'tanh', 'sigmoid', 'sigmoid', 'sigmoid', 'swish', 'elu', 'swish']",09f809090809f9063666388028,700,Adam,MaxAbsoluteDeviation,0.4885980486869812,1.0611915588378906,4.417568800039589
"[8, 23, 8, 8, 8, 8, 23, 8, 11, 14, 11, 16, 10]","['tanh', 'swish', 'tanh', 'tanh', 'swish', 'tanh', 'tanh', 'sigmoid', 'sigmoid', 'sigmoid', 'swish', 'elu', 'swish']",09f809090809f9063666388028,700,Adam,MaxAbsoluteDeviation,1.0531487464904785,1.1835484504699707,4.431693400023505
"[8, 23, 8, 8, 8, 8, 23, 8, 11, 14, 11, 16, 10, 8]","['tanh', 'swish', 'tanh', 'tanh', 'swish', 'tanh', 'tanh', 'sigmoid', 'sigmoid', 'sigmoid', 'swish', 'elu', 'swish', 'sigmoid']",09f809090809f906366638802806,700,Adam,MaxAbsoluteDeviation,1.0531487464904785,8.33578109741211,4.565568699967116
"[8, 23, 8, 8, 8, 8, 23, 8, 11, 14, 11, 16, 10]","['tanh', 'swish', 'tanh', 'tanh', 'swish', 'tanh', 'tanh', 'sigmoid', 'sigmoid', 'sigmoid', 'swish', 'elu', 'swish']",09f809090809f9063666388028,700,Adam,MaxAbsoluteDeviation,0.9136888980865479,0.8780689239501953,4.380312799941748
"[8, 23, 8, 8, 8, 8, 23, 8, 11, 14, 11, 16, 10, 16]","['tanh', 'swish', 'tanh', 'tanh', 'swish', 'tanh', 'tanh', 'sigmoid', 'sigmoid', 'sigmoid', 'swish', 'elu', 'swish', 'elu']",09f809090809f906366638802880,700,Adam,MaxAbsoluteDeviation,0.9136888980865479,1.5454483032226562,4.5740328000392765
"[8, 23, 8, 8, 8, 8, 23, 8, 11, 14, 11, 16, 10]","['tanh', 'swish', 'tanh', 'tanh', 'swish', 'tanh', 'tanh', 'sigmoid', 'sigmoid', 'sigmoid', 'swish', 'elu', 'swish']",09f809090809f9063666388028,203,Adam,MaxAbsoluteDeviation,1.4141125679016113,1.7276629209518433,1.9789699000539258
"[8, 23, 8, 8, 8, 8, 23, 8, 11, 14, 11, 16, 10]","['tanh', 'swish', 'tanh', 'tanh', 'elu', 'tanh', 'tanh', 'sigmoid', 'sigmoid', 'sigmoid', 'swish', 'elu', 'swish']",09f809090009f9063666388028,203,Adam,MaxAbsoluteDeviation,1.500931978225708,1.3491973876953125,1.969377200002782
"[8, 23, 8, 8, 8, 8, 23, 8, 11, 14, 11, 16, 10]","['tanh', 'swish', 'tanh', 'tanh', 'elu', 'tanh', 'tanh', 'sigmoid', 'sigmoid', 'sigmoid', 'swish', 'elu', 'swish']",09f809090009f9063666388028,100,Adam,MaxAbsoluteDeviation,1.500931978225708,4.380972862243652,1.5131087000481784
"[8, 23, 8, 8, 8, 8, 23, 8, 11, 14, 11, 16, 10, 15]","['tanh', 'swish', 'tanh', 'tanh', 'elu', 'tanh', 'tanh', 'sigmoid', 'sigmoid', 'sigmoid', 'swish', 'elu', 'swish', 'elu']",09f809090009f906366638802870,203,Adam,MaxAbsoluteDeviation,1.2490665912628174,1.1431007385253906,2.0445268999319524
"[8, 23, 8, 8, 8, 8, 23, 8, 11, 14, 11, 16, 10]","['tanh', 'swish', 'tanh', 'tanh', 'elu', 'tanh', 'tanh', 'sigmoid', 'sigmoid', 'sigmoid', 'swish', 'elu', 'swish']",09f809090009f9063666388028,203,Adam,MaxAbsoluteDeviation,1.2490665912628174,8.174428939819336,1.9599520999472588
"[8, 23, 8, 8, 8, 8, 23, 8, 11, 14, 11, 8, 10, 15]","['tanh', 'swish', 'tanh', 'tanh', 'elu', 'tanh', 'tanh', 'sigmoid', 'sigmoid', 'sigmoid', 'swish', 'elu', 'swish', 'elu']",09f809090009f906366638002870,203,Adam,MaxAbsoluteDeviation,1.2490665912628174,8.217534065246582,2.03165420005098
"[8, 23, 8, 8, 8, 8, 8, 8, 11, 14, 11, 16, 10, 15]","['tanh', 'swish', 'tanh', 'tanh', 'elu', 'tanh', 'tanh', 'sigmoid', 'sigmoid', 'sigmoid', 'swish', 'elu', 'swish', 'elu']",09f8090900090906366638802870,203,Adam,MaxAbsoluteDeviation,2.7981042861938477,1.304100751876831,2.0756351000163704
"[8, 23, 8, 8, 8, 8, 8, 8, 11, 14, 11, 16, 10, 15]","['tanh', 'swish', 'tanh', 'tanh', 'elu', 'tanh', 'tanh', 'sigmoid', 'sigmoid', 'sigmoid', 'swish', 'elu', 'swish', 'elu']",09f8090900090906366638802870,700,Adam,MaxAbsoluteDeviation,0.828650951385498,1.0689668655395508,4.565357100102119
"[8, 23, 8, 8, 8, 8, 8, 8, 11, 14, 11, 16, 10, 15]","['tanh', 'swish', 'tanh', 'tanh', 'elu', 'tanh', 'tanh', 'sigmoid', 'sigmoid', 'sigmoid', 'swish', 'elu', 'swish', 'elu']",09f8090900090906366638802870,700,Adam,MaxAbsoluteDeviation,0.828650951385498,0.7928447723388672,4.54950069996994
"[8, 23, 8, 8, 8, 8, 8, 8, 8, 14, 11, 16, 10, 15]","['tanh', 'swish', 'tanh', 'tanh', 'elu', 'tanh', 'tanh', 'sigmoid', 'sigmoid', 'sigmoid', 'swish', 'elu', 'swish', 'elu']",09f8090900090906066638802870,700,Adam,MaxAbsoluteDeviation,0.7043440341949463,0.5089263916015625,4.5693086999235675
"[8, 23, 8, 8, 8, 8, 8, 8, 23, 14, 11, 16, 10, 15]","['tanh', 'swish', 'tanh', 'tanh', 'elu', 'tanh', 'tanh', 'sigmoid', 'sigmoid', 'sigmoid', 'swish', 'elu', 'swish', 'elu']",09f8090900090906f66638802870,700,Adam,MaxAbsoluteDeviation,0.6054862141609192,0.8258724212646484,4.585728899925016
"[8, 23, 8, 8, 8, 8, 8, 8, 23, 14, 11, 16, 10, 15]","['tanh', 'swish', 'tanh', 'tanh', 'elu', 'tanh', 'tanh', 'sigmoid', 'sigmoid', 'sigmoid', 'swish', 'elu', 'swish', 'elu']",09f8090900090906f66638802870,435,Adam,MaxAbsoluteDeviation,0.7809196710586548,0.4929065704345703,3.1840363000519574
"[8, 23, 8, 8, 8, 8, 8, 8, 23, 14, 11, 16, 10]","['tanh', 'swish', 'tanh', 'tanh', 'elu', 'tanh', 'tanh', 'sigmoid', 'sigmoid', 'sigmoid', 'swish', 'elu', 'swish']",09f8090900090906f666388028,435,Adam,MaxAbsoluteDeviation,0.5947299003601074,0.8896475434303284,3.090923000010662
"[8, 23, 8, 8, 8, 8, 8, 8, 23, 14, 11, 16, 10, 17]","['tanh', 'swish', 'tanh', 'tanh', 'elu', 'tanh', 'tanh', 'sigmoid', 'sigmoid', 'sigmoid', 'swish', 'elu', 'swish', 'swish']",09f8090900090906f66638802898,435,Adam,MaxAbsoluteDeviation,0.5947299003601074,1.0103092193603516,3.2531572999432683
"[8, 23, 8, 8, 8, 8, 8, 8, 23, 14, 11, 16, 10]","['tanh', 'swish', 'tanh', 'tanh', 'elu', 'tanh', 'tanh', 'sigmoid', 'sigmoid', 'sigmoid', 'swish', 'elu', 'swish']",09f8090900090906f666388028,413,Adam,MaxAbsoluteDeviation,0.8102465867996216,1.151921272277832,2.977898099925369
"[8, 23, 8, 8, 8, 8, 8, 8, 23, 14, 11, 16, 10, 16]","['tanh', 'swish', 'tanh', 'tanh', 'elu', 'tanh', 'tanh', 'sigmoid', 'sigmoid', 'sigmoid', 'swish', 'elu', 'swish', 'swish']",09f8090900090906f66638802888,413,Adam,MaxAbsoluteDeviation,0.8102465867996216,1.5021764039993286,3.1052407999522984
"[19, 23, 8, 8, 8, 8, 8, 23, 23, 14, 11, 16, 10]","['tanh', 'swish', 'tanh', 'tanh', 'elu', 'tanh', 'tanh', 'sigmoid', 'sigmoid', 'sigmoid', 'swish', 'elu', 'swish']",b9f80909000909f6f666388028,413,Adam,MaxAbsoluteDeviation,0.8530137538909912,0.7070274353027344,2.9477668000617996
"[19, 23, 8, 8, 8, 8, 8, 23, 23, 14, 11, 16]","['tanh', 'swish', 'tanh', 'tanh', 'elu', 'tanh', 'tanh', 'sigmoid', 'sigmoid', 'sigmoid', 'swish', 'elu']",b9f80909000909f6f6663880,413,Adam,MaxAbsoluteDeviation,0.8591014742851257,0.7316710948944092,2.8172290000366047
"[19, 23, 8, 8, 8, 8, 8, 23, 23, 14, 11, 16, 22]","['tanh', 'swish', 'tanh', 'tanh', 'elu', 'tanh', 'tanh', 'sigmoid', 'sigmoid', 'sigmoid', 'swish', 'elu', 'elu']",b9f80909000909f6f6663880e0,413,Adam,MaxAbsoluteDeviation,0.5397316813468933,0.6440954804420471,2.9592673999723047
"[19, 23, 8, 8, 8, 8, 8, 23, 23, 14, 11, 16]","['tanh', 'swish', 'tanh', 'tanh', 'elu', 'tanh', 'tanh', 'sigmoid', 'sigmoid', 'sigmoid', 'swish', 'elu']",b9f80909000909f6f6663880,413,Adam,MaxAbsoluteDeviation,0.6198554635047913,0.34381675720214844,2.8155737000051886
"[19, 23, 8, 23, 8, 8, 8, 23, 23, 14, 11, 16]","['tanh', 'swish', 'tanh', 'tanh', 'elu', 'tanh', 'tanh', 'sigmoid', 'sigmoid', 'sigmoid', 'swish', 'elu']",b9f809f9000909f6f6663880,413,Adam,MaxAbsoluteDeviation,0.6198554635047913,1.6568280458450317,2.814841700019315
"[19, 23, 8, 8, 8, 8, 8, 23, 23, 14, 11, 16]","['tanh', 'swish', 'tanh', 'tanh', 'elu', 'tanh', 'tanh', 'sigmoid', 'sigmoid', 'sigmoid', 'swish', 'elu']",b9f80909000909f6f6663880,100,Adam,MaxAbsoluteDeviation,0.6198554635047913,1.1042699813842773,1.4206908999476582
"[19, 23, 8, 8, 8, 8, 8, 23, 23, 14, 11, 16]","['tanh', 'swish', 'tanh', 'tanh', 'elu', 'tanh', 'swish', 'sigmoid', 'sigmoid', 'sigmoid', 'swish', 'elu']",b9f80909000908f6f6663880,413,Adam,MaxAbsoluteDeviation,1.1434433460235596,1.3448197841644287,2.763334200019017
"[19, 23, 8, 8, 8, 8, 8, 23, 23, 14, 11, 16]","['tanh', 'swish', 'tanh', 'tanh', 'elu', 'tanh', 'swish', 'sigmoid', 'sigmoid', 'sigmoid', 'swish', 'elu']",b9f80909000908f6f6663880,279,Adam,MaxAbsoluteDeviation,1.0301860570907593,1.0436840057373047,2.2027367999544367
"[19, 23, 8, 8, 8, 8, 8, 23, 23, 14, 11, 16]","['tanh', 'swish', 'tanh', 'tanh', 'elu', 'tanh', 'swish', 'sigmoid', 'sigmoid', 'sigmoid', 'sigmoid', 'elu']",b9f80909000908f6f6663680,279,Adam,MaxAbsoluteDeviation,1.0301860570907593,8.17603874206543,2.1877867999719456
"[19, 23, 8, 8, 8, 8, 8, 23, 23, 14, 11, 16, 17]","['tanh', 'swish', 'tanh', 'tanh', 'elu', 'tanh', 'swish', 'sigmoid', 'sigmoid', 'sigmoid', 'swish', 'elu', 'tanh']",b9f80909000908f6f666388099,700,Adam,MaxAbsoluteDeviation,1.0301860570907593,8.70332145690918,4.281513300025836
"[19, 23, 8, 8, 8, 8, 8, 23, 23, 14, 11, 16]","['tanh', 'swish', 'tanh', 'tanh', 'elu', 'tanh', 'swish', 'sigmoid', 'sigmoid', 'sigmoid', 'swish', 'elu']",b9f80909000908f6f6663880,279,Adam,MaxAbsoluteDeviation,0.8037722110748291,0.7160797119140625,2.179113500053063
"[19, 23, 8, 8, 8, 8, 8, 23, 23, 14, 11, 16, 10]","['tanh', 'swish', 'tanh', 'tanh', 'elu', 'tanh', 'swish', 'sigmoid', 'sigmoid', 'sigmoid', 'swish', 'elu', 'elu']",b9f80909000908f6f666388020,279,Adam,MaxAbsoluteDeviation,0.8037722110748291,1.3987531661987305,2.260648899944499
"[19, 23, 8, 8, 8, 8, 8, 23, 23, 14, 11, 16, 17]","['tanh', 'swish', 'tanh', 'elu', 'elu', 'tanh', 'swish', 'sigmoid', 'sigmoid', 'sigmoid', 'swish', 'elu', 'sigmoid']",b9f80900000908f6f666388096,279,Adam,MaxAbsoluteDeviation,0.8037722110748291,8.554312705993652,2.2789996000938118
"[19, 23, 8, 8, 8, 8, 8, 23, 23, 23, 11, 16]","['tanh', 'swish', 'tanh', 'tanh', 'elu', 'tanh', 'swish', 'sigmoid', 'sigmoid', 'sigmoid', 'swish', 'elu']",b9f80909000908f6f6f63880,700,Adam,MaxAbsoluteDeviation,0.7953400611877441,0.7971935272216797,4.0372504000552
"[19, 23, 8, 8, 8, 8, 8, 23, 23, 23, 11]","['tanh', 'swish', 'tanh', 'tanh', 'elu', 'tanh', 'swish', 'sigmoid', 'sigmoid', 'sigmoid', 'swish']",b9f80909000908f6f6f638,386,Adam,MaxAbsoluteDeviation,0.7953400611877441,1.0501575469970703,2.510011100093834
"[8, 23, 8, 8, 8, 8, 8, 23, 23, 23, 11, 16]","['tanh', 'swish', 'tanh', 'tanh', 'elu', 'tanh', 'swish', 'sigmoid', 'sigmoid', 'sigmoid', 'swish', 'elu']",09f80909000908f6f6f63880,700,Adam,MaxAbsoluteDeviation,0.6293925046920776,0.5483675003051758,5.987022900022566
"[8, 23, 8, 8, 8, 8, 8, 23, 23, 23, 11, 16]","['tanh', 'swish', 'tanh', 'tanh', 'elu', 'tanh', 'swish', 'sigmoid', 'sigmoid', 'sigmoid', 'swish', 'elu']",09f80909000908f6f6f63880,700,Adam,MaxAbsoluteDeviation,0.55992591381073,0.5410308837890625,4.22482610004954
"[8, 23, 8, 8, 8, 8, 8, 23, 23, 23, 11, 16]","['tanh', 'swish', 'tanh', 'tanh', 'elu', 'tanh', 'swish', 'sigmoid', 'sigmoid', 'sigmoid', 'sigmoid', 'elu']",09f80909000908f6f6f63680,244,Adam,MaxAbsoluteDeviation,0.8542526364326477,0.9853439331054688,2.0546692999778315
"[8, 23, 8, 8, 8, 8, 8, 23, 23, 23, 11, 16]","['tanh', 'swish', 'tanh', 'tanh', 'elu', 'tanh', 'swish', 'sigmoid', 'sigmoid', 'sigmoid', 'sigmoid', 'elu']",09f80909000908f6f6f63680,244,Adam,MaxAbsoluteDeviation,0.7730715870857239,0.7175769805908203,2.058629000093788
"[8, 23, 8, 8, 8, 8, 8, 23, 23, 23, 11, 16, 11]","['tanh', 'swish', 'tanh', 'tanh', 'elu', 'tanh', 'swish', 'sigmoid', 'sigmoid', 'sigmoid', 'sigmoid', 'elu', 'sigmoid']",09f80909000908f6f6f6368036,244,Adam,MaxAbsoluteDeviation,0.7730715870857239,8.190099716186523,2.1548179000383243
"[8, 23, 8, 8, 8, 8, 8, 23, 23, 23, 11, 16]","['tanh', 'swish', 'tanh', 'tanh', 'elu', 'tanh', 'swish', 'sigmoid', 'sigmoid', 'sigmoid', 'sigmoid', 'elu']",09f80909000908f6f6f63680,700,Adam,MaxAbsoluteDeviation,0.5136539936065674,1.3659372329711914,4.201995300012641
"[8, 23, 8, 8, 8, 8, 23, 23, 23, 23, 11, 16]","['tanh', 'swish', 'tanh', 'tanh', 'elu', 'tanh', 'swish', 'sigmoid', 'sigmoid', 'sigmoid', 'sigmoid', 'elu']",09f809090009f8f6f6f63680,700,Adam,MaxAbsoluteDeviation,1.0725311040878296,1.205678939819336,4.205578199937008
"[8, 23, 8, 8, 8, 8, 23, 23, 23, 23, 11, 16]","['tanh', 'swish', 'tanh', 'tanh', 'elu', 'tanh', 'swish', 'sigmoid', 'sigmoid', 'sigmoid', 'sigmoid', 'elu']",09f809090009f8f6f6f63680,700,Adam,MaxAbsoluteDeviation,0.9698666334152222,0.8201141357421875,4.248751199920662
"[8, 23, 8, 8, 8, 8, 23, 23, 23, 23, 11, 16]","['tanh', 'swish', 'tanh', 'tanh', 'elu', 'tanh', 'swish', 'sigmoid', 'sigmoid', 'sigmoid', 'sigmoid', 'elu']",09f809090009f8f6f6f63680,700,Adam,MaxAbsoluteDeviation,0.8612110614776611,1.0591402053833008,4.2441148000070825
"[8, 23, 8, 8, 8, 8, 23, 23, 23, 23, 11]","['tanh', 'swish', 'tanh', 'tanh', 'elu', 'tanh', 'swish', 'sigmoid', 'sigmoid', 'sigmoid', 'sigmoid']",09f809090009f8f6f6f636,700,Adam,MaxAbsoluteDeviation,0.8612110614776611,6.6051740646362305,4.019704299978912
"[8, 23, 8, 8, 8, 8, 23, 23, 23, 23, 11, 16]","['tanh', 'swish', 'tanh', 'tanh', 'elu', 'tanh', 'swish', 'sigmoid', 'sigmoid', 'sigmoid', 'sigmoid', 'elu']",09f809090009f8f6f6f63680,700,Adam,MaxAbsoluteDeviation,0.6007543802261353,1.0858092308044434,4.230842799996026
"[23, 23, 8, 8, 8, 8, 23, 23, 23, 23, 11, 16]","['tanh', 'swish', 'tanh', 'tanh', 'elu', 'tanh', 'swish', 'sigmoid', 'sigmoid', 'sigmoid', 'sigmoid', 'elu']",f9f809090009f8f6f6f63680,700,Adam,MaxAbsoluteDeviation,0.6007543802261353,0.8224697113037109,4.246423699893057
"[8, 23, 8, 8, 8, 8, 23, 23, 23, 23, 11, 16]","['tanh', 'swish', 'tanh', 'tanh', 'elu', 'tanh', 'swish', 'sigmoid', 'sigmoid', 'sigmoid', 'sigmoid', 'elu']",09f809090009f8f6f6f63680,623,Adam,MaxAbsoluteDeviation,0.39576420187950134,0.4884285628795624,3.772711099940352
"[8, 23, 8, 8, 8, 8, 23, 23, 23, 23, 11, 16]","['tanh', 'swish', 'tanh', 'tanh', 'elu', 'tanh', 'swish', 'sigmoid', 'sigmoid', 'sigmoid', 'sigmoid', 'elu']",09f809090009f8f6f6f63680,467,Adam,MaxAbsoluteDeviation,0.39576420187950134,0.4383964538574219,3.1058851999696344
"[8, 23, 8, 8, 8, 8, 23, 23, 23, 23, 11, 16]","['tanh', 'swish', 'tanh', 'tanh', 'elu', 'tanh', 'swish', 'sigmoid', 'sigmoid', 'sigmoid', 'sigmoid', 'elu']",09f809090009f8f6f6f63680,700,Adam,MaxAbsoluteDeviation,0.39576420187950134,0.9081897735595703,4.181921999901533
"[8, 23, 8, 8, 8, 8, 23, 23, 23, 23, 11, 16]","['tanh', 'swish', 'tanh', 'tanh', 'elu', 'tanh', 'swish', 'sigmoid', 'sigmoid', 'sigmoid', 'sigmoid', 'elu']",09f809090009f8f6f6f63680,623,Adam,MaxAbsoluteDeviation,0.8844415545463562,0.9825916290283203,3.7901904999744147
"[8, 23, 8, 8, 8, 8, 23, 23, 23, 23, 11, 16]","['tanh', 'swish', 'tanh', 'tanh', 'elu', 'tanh', 'swish', 'sigmoid', 'sigmoid', 'sigmoid', 'sigmoid', 'elu']",09f809090009f8f6f6f63680,219,Adam,MaxAbsoluteDeviation,0.8844415545463562,8.558745384216309,1.9233575999969617
"[8, 23, 8, 8, 8, 8, 23, 23, 23, 23, 11, 16, 14]","['tanh', 'swish', 'tanh', 'tanh', 'elu', 'tanh', 'swish', 'sigmoid', 'sigmoid', 'sigmoid', 'sigmoid', 'elu', 'elu']",09f809090009f8f6f6f6368060,397,Adam,MaxAbsoluteDeviation,0.8609328269958496,0.9743804931640625,2.8452585000777617
"[8, 23, 8, 8, 8, 8, 23, 23, 23, 23, 11, 16, 14]","['tanh', 'swish', 'tanh', 'tanh', 'elu', 'tanh', 'swish', 'sigmoid', 'sigmoid', 'sigmoid', 'sigmoid', 'elu', 'elu']",09f809090009f8f6f6f6368060,360,Adam,MaxAbsoluteDeviation,1.693405032157898,1.3605904579162598,2.6556131000397727
"[8, 23, 8, 8, 8, 8, 23, 23, 23, 23, 11, 16, 14, 22]","['tanh', 'swish', 'tanh', 'tanh', 'elu', 'tanh', 'swish', 'sigmoid', 'sigmoid', 'sigmoid', 'sigmoid', 'elu', 'elu', 'tanh']",09f809090009f8f6f6f6368060e9,700,Adam,MaxAbsoluteDeviation,1.693405032157898,8.610807418823242,4.513787399977446
"[8, 23, 8, 8, 8, 8, 23, 23, 23, 23, 11, 16, 14]","['tanh', 'swish', 'tanh', 'tanh', 'elu', 'tanh', 'swish', 'sigmoid', 'sigmoid', 'sigmoid', 'sigmoid', 'elu', 'elu']",09f809090009f8f6f6f6368060,700,Adam,MaxAbsoluteDeviation,0.9155480861663818,0.4120810031890869,4.2957890999969095
"[8, 23, 8, 8, 8, 8, 23, 23, 23, 23, 11, 16, 14]","['tanh', 'swish', 'tanh', 'tanh', 'elu', 'tanh', 'swish', 'sigmoid', 'sigmoid', 'sigmoid', 'tanh', 'elu', 'elu']",09f809090009f8f6f6f6398060,436,Adam,MaxAbsoluteDeviation,0.9155480861663818,1.445867657661438,3.013657300034538
"[8, 23, 8, 8, 8, 8, 23, 8, 23, 23, 11, 16, 14, 8]","['tanh', 'swish', 'tanh', 'tanh', 'elu', 'tanh', 'swish', 'sigmoid', 'sigmoid', 'sigmoid', 'sigmoid', 'elu', 'elu', 'elu']",09f809090009f806f6f636806000,700,Adam,MaxAbsoluteDeviation,1.045088529586792,1.532446026802063,4.4653447000309825
"[8, 23, 8, 8, 8, 8, 23, 8, 23, 23, 11, 16, 14, 8, 8]","['tanh', 'swish', 'tanh', 'tanh', 'elu', 'tanh', 'swish', 'sigmoid', 'sigmoid', 'sigmoid', 'sigmoid', 'elu', 'elu', 'elu', 'sigmoid']",09f809090009f806f6f63680600006,700,Adam,MaxAbsoluteDeviation,1.045088529586792,8.207453727722168,4.584762300015427
"[8, 23, 8, 8, 8, 8, 23, 23, 23, 23, 11, 16, 14, 8]","['tanh', 'swish', 'tanh', 'tanh', 'elu', 'tanh', 'swish', 'sigmoid', 'sigmoid', 'sigmoid', 'sigmoid', 'elu', 'elu', 'elu']",09f809090009f8f6f6f636806000,700,Adam,MaxAbsoluteDeviation,0.883673906326294,1.5588254928588867,4.412534700008109
"[8, 23, 8, 8, 8, 8, 23, 23, 23, 23, 11, 16, 14, 8, 23]","['tanh', 'swish', 'tanh', 'tanh', 'elu', 'tanh', 'swish', 'sigmoid', 'sigmoid', 'sigmoid', 'sigmoid', 'elu', 'elu', 'elu', 'elu']",09f809090009f8f6f6f636806000f0,700,Adam,MaxAbsoluteDeviation,1.195096492767334,0.8384494781494141,4.56673049996607
"[8, 23, 8, 8, 8, 8, 23, 23, 23, 23, 11, 16, 14, 8, 23, 16]","['tanh', 'swish', 'tanh', 'tanh', 'elu', 'tanh', 'swish', 'sigmoid', 'sigmoid', 'sigmoid', 'sigmoid', 'elu', 'elu', 'elu', 'elu', 'sigmoid']",09f809090009f8f6f6f636806000f086,700,Adam,MaxAbsoluteDeviation,1.195096492767334,8.303568840026855,6.686070100055076
"[8, 23, 8, 8, 8, 8, 23, 23, 23, 23, 11, 16, 14, 8]","['tanh', 'swish', 'tanh', 'tanh', 'elu', 'tanh', 'swish', 'sigmoid', 'sigmoid', 'sigmoid', 'sigmoid', 'elu', 'elu', 'elu']",09f809090009f8f6f6f636806000,700,Adam,MaxAbsoluteDeviation,0.8246815204620361,1.1211071014404297,4.548582199960947
"[8, 23, 8, 23, 8, 8, 23, 23, 23, 23, 11, 16, 14, 8]","['tanh', 'swish', 'tanh', 'tanh', 'elu', 'tanh', 'swish', 'sigmoid', 'sigmoid', 'sigmoid', 'sigmoid', 'elu', 'elu', 'elu']",09f809f90009f8f6f6f636806000,650,Adam,MaxAbsoluteDeviation,0.548148512840271,0.5171146392822266,4.367076799971983
"[8, 23, 8, 23, 8, 8, 23, 23, 23, 23, 11, 16, 14, 8]","['tanh', 'swish', 'tanh', 'tanh', 'elu', 'tanh', 'swish', 'sigmoid', 'sigmoid', 'sigmoid', 'sigmoid', 'elu', 'elu', 'elu']",09f809f90009f8f6f6f636806000,579,Adam,MaxAbsoluteDeviation,2.1940321922302246,2.7723300457000732,3.9318659000564367
"[8, 23, 8, 23, 8, 8, 23, 23, 23, 23, 11, 16, 14, 8, 13]","['tanh', 'swish', 'tanh', 'tanh', 'elu', 'tanh', 'swish', 'sigmoid', 'sigmoid', 'sigmoid', 'sigmoid', 'elu', 'elu', 'elu', 'sigmoid']",09f809f90009f8f6f6f63680600056,579,Adam,MaxAbsoluteDeviation,2.1940321922302246,8.589903831481934,4.131047199945897
"[8, 23, 8, 23, 8, 8, 23, 23, 23, 23, 11, 16, 14, 8]","['tanh', 'swish', 'tanh', 'tanh', 'elu', 'tanh', 'swish', 'sigmoid', 'sigmoid', 'sigmoid', 'sigmoid', 'elu', 'elu', 'elu']",09f809f90009f8f6f6f636806000,700,Adam,MaxAbsoluteDeviation,1.3290306329727173,1.8155145645141602,4.548070500022732
"[8, 23, 8, 23, 8, 8, 23, 23, 23, 23, 11, 16, 14, 8]","['tanh', 'swish', 'tanh', 'tanh', 'elu', 'tanh', 'swish', 'sigmoid', 'sigmoid', 'sigmoid', 'sigmoid', 'elu', 'elu', 'elu']",09f809f90009f8f6f6f636806000,700,Adam,MaxAbsoluteDeviation,0.7221693396568298,1.0784921646118164,4.587141299969517
"[8, 23, 8, 23, 8, 8, 23, 23, 23, 23, 11, 16, 14, 8]","['tanh', 'swish', 'tanh', 'tanh', 'elu', 'tanh', 'swish', 'sigmoid', 'sigmoid', 'sigmoid', 'sigmoid', 'elu', 'elu', 'elu']",09f809f90009f8f6f6f636806000,700,Adam,MaxAbsoluteDeviation,0.8762626647949219,0.7040581703186035,4.570834000012837
"[8, 23, 8, 23, 8, 8, 23, 23, 23, 23, 11, 16, 14, 8, 23]","['tanh', 'swish', 'tanh', 'tanh', 'elu', 'tanh', 'swish', 'sigmoid', 'sigmoid', 'sigmoid', 'sigmoid', 'elu', 'elu', 'elu', 'swish']",09f809f90009f8f6f6f636806000f8,700,Adam,MaxAbsoluteDeviation,0.8762626647949219,1.4138708114624023,4.738427100004628
"[8, 23, 8, 23, 8, 8, 23, 23, 23, 23, 11, 16, 14, 8, 20]","['tanh', 'swish', 'tanh', 'tanh', 'elu', 'tanh', 'swish', 'sigmoid', 'sigmoid', 'sigmoid', 'sigmoid', 'elu', 'elu', 'elu', 'sigmoid']",09f809f90009f8f6f6f636806000c6,700,Adam,MaxAbsoluteDeviation,0.8762626647949219,8.155257225036621,4.743385500041768
"[8, 23, 8, 23, 8, 8, 23, 23, 23, 23, 11, 16, 14]","['tanh', 'swish', 'tanh', 'tanh', 'elu', 'tanh', 'swish', 'sigmoid', 'sigmoid', 'sigmoid', 'sigmoid', 'elu', 'elu']",09f809f90009f8f6f6f6368060,700,Adam,MaxAbsoluteDeviation,0.8762626647949219,8.147597312927246,4.3436926999129355
"[8, 23, 8, 23, 8, 8, 23, 23, 23, 23, 11, 16, 14, 8]","['tanh', 'swish', 'elu', 'tanh', 'elu', 'tanh', 'swish', 'sigmoid', 'sigmoid', 'sigmoid', 'sigmoid', 'elu', 'elu', 'elu']",09f800f90009f8f6f6f636806000,700,Adam,MaxAbsoluteDeviation,0.5028747320175171,0.9848738312721252,4.537938099936582
"[8, 23, 8, 23, 8, 8, 23, 23, 23, 23, 11, 16, 14]","['tanh', 'swish', 'elu', 'tanh', 'elu', 'tanh', 'swish', 'sigmoid', 'sigmoid', 'sigmoid', 'sigmoid', 'elu', 'elu']",09f800f90009f8f6f6f6368060,700,Adam,MaxAbsoluteDeviation,0.5028747320175171,0.7957279682159424,4.401442800066434
"[8, 23, 8, 23, 8, 8, 23, 23, 23, 23, 11, 16, 14, 8]","['tanh', 'swish', 'elu', 'tanh', 'elu', 'tanh', 'swish', 'swish', 'sigmoid', 'sigmoid', 'sigmoid', 'elu', 'elu', 'elu']",09f800f90009f8f8f6f636806000,399,Adam,MaxAbsoluteDeviation,0.5028747320175171,1.8201303482055664,3.059810800012201
"[8, 8, 8, 23, 8, 8, 23, 23, 23, 23, 11, 16, 14, 8, 12]","['tanh', 'swish', 'elu', 'tanh', 'elu', 'tanh', 'swish', 'sigmoid', 'sigmoid', 'sigmoid', 'sigmoid', 'elu', 'elu', 'elu', 'elu']",090800f90009f8f6f6f63680600040,700,Adam,MaxAbsoluteDeviation,0.5028747320175171,0.49286937713623047,4.648138500051573
"[8, 23, 8, 23, 8, 8, 23, 23, 23, 23, 11, 16, 14, 8]","['tanh', 'swish', 'elu', 'tanh', 'sigmoid', 'tanh', 'swish', 'sigmoid', 'sigmoid', 'sigmoid', 'sigmoid', 'elu', 'elu', 'elu']",09f800f90609f8f6f6f636806000,700,Adam,MaxAbsoluteDeviation,0.6987566947937012,0.9892063140869141,4.454204900073819
"[8, 23, 8, 23, 8, 8, 23, 23, 23, 23, 11, 16, 14]","['tanh', 'swish', 'elu', 'tanh', 'sigmoid', 'tanh', 'swish', 'sigmoid', 'sigmoid', 'sigmoid', 'sigmoid', 'elu', 'elu']",09f800f90609f8f6f6f6368060,700,Adam,MaxAbsoluteDeviation,0.6987566947937012,8.613912582397461,4.3101865000789985
"[8, 23, 8, 23, 8, 8, 23, 23, 23, 23, 11, 16, 14, 13]","['swish', 'swish', 'elu', 'tanh', 'sigmoid', 'tanh', 'swish', 'sigmoid', 'sigmoid', 'sigmoid', 'sigmoid', 'elu', 'elu', 'sigmoid']",08f800f90609f8f6f6f636806056,700,Adam,MaxAbsoluteDeviation,0.6987566947937012,8.631660461425781,4.474153000046499
"[8, 23, 8, 23, 8, 8, 23, 23, 23, 23, 11, 16, 14, 8]","['tanh', 'swish', 'elu', 'tanh', 'sigmoid', 'tanh', 'swish', 'sigmoid', 'sigmoid', 'sigmoid', 'sigmoid', 'elu', 'tanh', 'elu']",09f800f90609f8f6f6f636806900,700,Adam,MaxAbsoluteDeviation,0.6987566947937012,8.953699111938477,4.443658499978483
"[8, 23, 8, 23, 8, 8, 23, 23, 23, 23, 11, 8, 14, 8]","['tanh', 'swish', 'elu', 'tanh', 'sigmoid', 'tanh', 'swish', 'sigmoid', 'sigmoid', 'sigmoid', 'sigmoid', 'elu', 'elu', 'elu']",09f800f90609f8f6f6f636006000,700,Adam,MaxAbsoluteDeviation,0.8392841219902039,0.817477285861969,4.416863100021146
"[8, 23, 8, 23, 8, 8, 23, 23, 23, 23, 11, 8, 14]","['tanh', 'swish', 'elu', 'tanh', 'sigmoid', 'tanh', 'swish', 'sigmoid', 'sigmoid', 'sigmoid', 'sigmoid', 'elu', 'elu']",09f800f90609f8f6f6f6360060,685,Adam,MaxAbsoluteDeviation,0.8392841219902039,2.1254405975341797,4.242104999953881
"[23, 23, 8, 23, 8, 8, 23, 23, 23, 23, 11, 23, 14, 8]","['tanh', 'swish', 'elu', 'tanh', 'sigmoid', 'tanh', 'swish', 'sigmoid', 'sigmoid', 'sigmoid', 'sigmoid', 'elu', 'elu', 'elu']",f9f800f90609f8f6f6f636f06000,700,Adam,MaxAbsoluteDeviation,0.6758069396018982,1.0860347747802734,4.448070400045253
"[23, 23, 8, 23, 8, 8, 23, 23, 23, 23, 11, 23, 14, 8]","['tanh', 'swish', 'elu', 'tanh', 'sigmoid', 'tanh', 'swish', 'sigmoid', 'sigmoid', 'sigmoid', 'sigmoid', 'elu', 'elu', 'elu']",f9f800f90609f8f6f6f636f06000,700,Adam,MaxAbsoluteDeviation,0.6758069396018982,8.45685863494873,4.416704399976879
"[23, 23, 8, 23, 8, 8, 23, 23, 23, 23, 11, 23, 14, 8, 18]","['tanh', 'swish', 'elu', 'tanh', 'sigmoid', 'tanh', 'swish', 'sigmoid', 'sigmoid', 'sigmoid', 'sigmoid', 'elu', 'elu', 'elu', 'sigmoid']",f9f800f90609f8f6f6f636f06000a6,700,Adam,MaxAbsoluteDeviation,0.6758069396018982,8.244159698486328,6.526059200055897
"[23, 23, 8, 23, 23, 8, 23, 23, 23, 23, 11, 23, 14, 8]","['tanh', 'swish', 'elu', 'tanh', 'sigmoid', 'tanh', 'swish', 'sigmoid', 'sigmoid', 'sigmoid', 'sigmoid', 'elu', 'elu', 'elu']",f9f800f9f609f8f6f6f636f06000,700,Adam,MaxAbsoluteDeviation,0.6758069396018982,0.8579729199409485,4.599628200056031
"[23, 23, 8, 23, 8, 8, 23, 23, 23, 23, 11, 23, 14, 8]","['tanh', 'swish', 'elu', 'tanh', 'sigmoid', 'tanh', 'swish', 'sigmoid', 'sigmoid', 'sigmoid', 'sigmoid', 'elu', 'elu', 'elu']",f9f800f90609f8f6f6f636f06000,289,Adam,MaxAbsoluteDeviation,0.6758069396018982,1.1284794807434082,2.4855159000726417
"[23, 23, 8, 23, 8, 8, 23, 23, 23, 23, 11, 23, 14, 8]","['tanh', 'swish', 'elu', 'tanh', 'sigmoid', 'tanh', 'swish', 'sigmoid', 'elu', 'sigmoid', 'sigmoid', 'elu', 'elu', 'elu']",f9f800f90609f8f6f0f636f06000,700,Adam,MaxAbsoluteDeviation,0.926502525806427,0.7588748931884766,4.566948499996215
"[23, 23, 8, 23, 8, 8, 23, 23, 23, 23, 11, 23, 8, 8]","['tanh', 'swish', 'elu', 'tanh', 'sigmoid', 'tanh', 'swish', 'sigmoid', 'elu', 'sigmoid', 'sigmoid', 'elu', 'elu', 'elu']",f9f800f90609f8f6f0f636f00000,700,Adam,MaxAbsoluteDeviation,0.926502525806427,1.5956896543502808,4.553775200038217
"[23, 23, 8, 23, 8, 8, 23, 23, 23, 23, 11, 23, 14]","['tanh', 'swish', 'elu', 'tanh', 'sigmoid', 'tanh', 'swish', 'sigmoid', 'elu', 'sigmoid', 'sigmoid', 'elu', 'elu']",f9f800f90609f8f6f0f636f060,700,Adam,MaxAbsoluteDeviation,0.9184960722923279,1.3560442924499512,4.399517699959688
"[23, 23, 8, 23, 8, 8, 23, 23, 23, 23, 11, 23, 14]","['tanh', 'swish', 'elu', 'tanh', 'sigmoid', 'tanh', 'swish', 'sigmoid', 'elu', 'sigmoid', 'sigmoid', 'elu', 'elu']",f9f800f90609f8f6f0f636f060,700,Adam,MaxAbsoluteDeviation,0.9184960722923279,1.5013427734375,4.361634199973196
"[23, 8, 8, 23, 8, 8, 23, 23, 23, 23, 11]","['tanh', 'swish', 'elu', 'tanh', 'sigmoid', 'tanh', 'swish', 'sigmoid', 'elu', 'sigmoid', 'sigmoid']",f90800f90609f8f6f0f636,700,Adam,MaxAbsoluteDeviation,0.9184960722923279,8.837699890136719,3.9876878999639302
"[23, 23, 8, 23, 8, 8, 23, 23, 23, 23, 11, 23, 14]","['tanh', 'swish', 'elu', 'tanh', 'sigmoid', 'tanh', 'swish', 'sigmoid', 'elu', 'sigmoid', 'sigmoid', 'elu', 'elu']",f9f800f90609f8f6f0f636f060,700,Adam,MaxAbsoluteDeviation,0.9184960722923279,1.5540372133255005,4.359135000035167
"[23, 23, 8, 23, 8, 8, 23, 23, 23, 23, 11, 23, 14]","['tanh', 'swish', 'elu', 'tanh', 'sigmoid', 'tanh', 'swish', 'sigmoid', 'elu', 'sigmoid', 'sigmoid', 'elu', 'elu']",f9f800f90609f8f6f0f636f060,700,Adam,MaxAbsoluteDeviation,1.2267009019851685,1.309381365776062,4.33915880008135
"[23, 23, 8, 23, 8, 8, 23, 23, 23, 23, 11, 23, 14, 10]","['tanh', 'swish', 'elu', 'tanh', 'sigmoid', 'tanh', 'swish', 'sigmoid', 'elu', 'sigmoid', 'sigmoid', 'elu', 'elu', 'elu']",f9f800f90609f8f6f0f636f06020,700,Adam,MaxAbsoluteDeviation,0.8837400078773499,0.9861698150634766,4.5839505000039935
"[23, 23, 8, 23, 8, 8, 23, 23, 23, 23, 11, 23, 14, 10]","['tanh', 'swish', 'elu', 'tanh', 'sigmoid', 'tanh', 'swish', 'sigmoid', 'elu', 'sigmoid', 'sigmoid', 'elu', 'elu', 'elu']",f9f800f90609f8f6f0f636f06020,615,Adam,MaxAbsoluteDeviation,1.0922226905822754,0.9614509344100952,4.102811700082384
"[23, 23, 8, 23, 8, 8, 23, 23, 23, 23, 11, 23, 14, 10, 23]","['tanh', 'swish', 'elu', 'tanh', 'sigmoid', 'tanh', 'swish', 'sigmoid', 'elu', 'sigmoid', 'sigmoid', 'elu', 'elu', 'elu', 'swish']",f9f800f90609f8f6f0f636f06020f8,615,Adam,MaxAbsoluteDeviation,1.0922226905822754,2.803217887878418,4.282241699984297
"[23, 23, 8, 23, 8, 8, 23, 23, 23, 23, 11, 23, 14]","['tanh', 'swish', 'elu', 'tanh', 'sigmoid', 'tanh', 'swish', 'sigmoid', 'elu', 'sigmoid', 'sigmoid', 'elu', 'elu']",f9f800f90609f8f6f0f636f060,615,Adam,MaxAbsoluteDeviation,0.5988614559173584,0.7570610046386719,3.934103599982336
"[23, 23, 8, 23, 8, 8, 23, 23, 23, 23, 11, 23, 14]","['tanh', 'swish', 'elu', 'tanh', 'sigmoid', 'tanh', 'swish', 'sigmoid', 'elu', 'sigmoid', 'sigmoid', 'elu', 'elu']",f9f800f90609f8f6f0f636f060,615,Adam,MaxAbsoluteDeviation,0.5897309184074402,0.5537443161010742,3.908327499986626
"[23, 23, 8, 23, 8, 8, 23, 23, 23, 23, 11, 23, 14, 19]","['tanh', 'swish', 'elu', 'tanh', 'sigmoid', 'tanh', 'swish', 'sigmoid', 'elu', 'sigmoid', 'sigmoid', 'elu', 'elu', 'tanh']",f9f800f90609f8f6f0f636f060b9,700,Adam,MaxAbsoluteDeviation,0.5897309184074402,8.576750755310059,4.527822500094771
"[23, 23, 8, 23, 8, 8, 23, 23, 23, 23, 11, 23, 14, 12]","['tanh', 'swish', 'elu', 'tanh', 'sigmoid', 'tanh', 'swish', 'sigmoid', 'elu', 'sigmoid', 'sigmoid', 'elu', 'elu', 'elu']",f9f800f90609f8f6f0f636f06040,700,Adam,MaxAbsoluteDeviation,0.5897309184074402,2.4714908599853516,4.478116900078021
"[23, 23, 8, 23, 8, 8, 23, 23, 23, 23, 11, 23, 14]","['tanh', 'swish', 'elu', 'tanh', 'sigmoid', 'tanh', 'swish', 'sigmoid', 'elu', 'sigmoid', 'sigmoid', 'elu', 'elu']",f9f800f90609f8f6f0f636f060,307,Adam,MaxAbsoluteDeviation,0.5897309184074402,1.2788829803466797,2.4276291000423953
"[23, 23, 8, 23, 8, 8, 23, 23, 23, 23, 11, 23, 14, 21]","['tanh', 'swish', 'elu', 'tanh', 'sigmoid', 'tanh', 'swish', 'sigmoid', 'elu', 'sigmoid', 'sigmoid', 'tanh', 'elu', 'swish']",f9f800f90609f8f6f0f636f960d8,615,Adam,MaxAbsoluteDeviation,0.5897309184074402,8.182903289794922,4.101283099967986
"[23, 23, 8, 23, 8, 8, 23, 8, 23, 23, 11, 23, 14]","['tanh', 'swish', 'elu', 'tanh', 'sigmoid', 'tanh', 'swish', 'sigmoid', 'elu', 'sigmoid', 'sigmoid', 'elu', 'elu']",f9f800f90609f806f0f636f060,615,Adam,MaxAbsoluteDeviation,0.5897309184074402,8.402576446533203,3.846710499958135
"[23, 23, 8, 23, 8, 8, 23, 23, 23, 23, 11, 23, 14]","['tanh', 'swish', 'elu', 'tanh', 'sigmoid', 'tanh', 'swish', 'sigmoid', 'elu', 'sigmoid', 'sigmoid', 'elu', 'elu']",f9f800f90609f8f6f0f636f060,413,Adam,MaxAbsoluteDeviation,0.5897309184074402,1.8473215103149414,2.906008999911137
"[23, 23, 8, 23, 8, 8, 23, 23, 23, 23, 11, 23, 14]","['tanh', 'swish', 'elu', 'tanh', 'sigmoid', 'tanh', 'swish', 'sigmoid', 'elu', 'sigmoid', 'sigmoid', 'elu', 'elu']",f9f800f90609f8f6f0f636f060,339,Adam,MaxAbsoluteDeviation,0.5897309184074402,1.2405457496643066,2.564166500000283
"[23, 23, 8, 23, 8, 8, 23, 23, 23, 23, 11, 23, 14]","['tanh', 'swish', 'elu', 'tanh', 'sigmoid', 'tanh', 'swish', 'sigmoid', 'elu', 'sigmoid', 'sigmoid', 'elu', 'elu']",f9f800f90609f8f6f0f636f060,433,Adam,MaxAbsoluteDeviation,0.5897309184074402,2.003805160522461,2.989120400045067
"[23, 23, 8, 23, 8, 8, 23, 23, 23, 23, 11, 23, 14]","['tanh', 'swish', 'elu', 'tanh', 'sigmoid', 'tanh', 'swish', 'sigmoid', 'elu', 'sigmoid', 'sigmoid', 'elu', 'elu']",f9f800f90609f8f6f0f636f060,700,Adam,MaxAbsoluteDeviation,0.5161899328231812,1.202286720275879,4.239047499955632
"[23, 23, 8, 23, 8, 8, 23, 23, 23, 23, 11, 23, 14]","['tanh', 'swish', 'elu', 'tanh', 'sigmoid', 'tanh', 'swish', 'sigmoid', 'elu', 'sigmoid', 'sigmoid', 'elu', 'elu']",f9f800f90609f8f6f0f636f060,458,Adam,MaxAbsoluteDeviation,0.5161899328231812,0.8058300018310547,3.077750700060278
"[23, 23, 8, 23, 8, 8, 23, 23, 23, 23, 11, 23, 14]","['tanh', 'swish', 'elu', 'tanh', 'sigmoid', 'tanh', 'swish', 'sigmoid', 'elu', 'sigmoid', 'sigmoid', 'elu', 'elu']",f9f800f90609f8f6f0f636f060,700,Adam,MaxAbsoluteDeviation,0.5161899328231812,1.704339861869812,6.163685500039719
"[23, 23, 8, 23, 8, 8, 23, 23, 23, 23, 11, 23]","['tanh', 'swish', 'elu', 'tanh', 'sigmoid', 'tanh', 'swish', 'sigmoid', 'elu', 'sigmoid', 'sigmoid', 'elu']",f9f800f90609f8f6f0f636f0,700,Adam,MaxAbsoluteDeviation,0.5161899328231812,9.605061531066895,4.257885699975304
"[23, 23, 8, 23, 8, 8, 23, 23, 23, 23, 23, 23, 14]","['tanh', 'swish', 'elu', 'tanh', 'sigmoid', 'tanh', 'swish', 'sigmoid', 'elu', 'sigmoid', 'sigmoid', 'elu', 'elu']",f9f800f90609f8f6f0f6f6f060,700,Adam,MaxAbsoluteDeviation,0.5161899328231812,1.112288475036621,4.474507300066762
"[23, 23, 8, 23, 8, 8, 23, 23, 23, 23, 11, 23]","['tanh', 'swish', 'elu', 'tanh', 'sigmoid', 'tanh', 'swish', 'sigmoid', 'elu', 'sigmoid', 'sigmoid', 'elu']",f9f800f90609f8f6f0f636f0,700,Adam,MaxAbsoluteDeviation,0.6008548736572266,0.5258606672286987,4.302946100011468
"[23, 23, 8, 23, 8, 8, 23, 23, 23, 23, 11]","['tanh', 'swish', 'elu', 'tanh', 'sigmoid', 'tanh', 'swish', 'sigmoid', 'elu', 'sigmoid', 'sigmoid']",f9f800f90609f8f6f0f636,700,Adam,MaxAbsoluteDeviation,0.6008548736572266,8.197697639465332,4.0441505999770015
"[23, 23, 23, 23, 8, 8, 23, 23, 23, 23, 11, 23]","['tanh', 'swish', 'elu', 'tanh', 'sigmoid', 'tanh', 'swish', 'sigmoid', 'elu', 'sigmoid', 'sigmoid', 'elu']",f9f8f0f90609f8f6f0f636f0,700,Adam,MaxAbsoluteDeviation,1.7658501863479614,1.9617986679077148,4.279606099938974
"[23, 23, 23, 23, 8, 8, 23, 23, 23, 23, 11, 23]","['tanh', 'swish', 'elu', 'tanh', 'sigmoid', 'tanh', 'swish', 'sigmoid', 'elu', 'sigmoid', 'sigmoid', 'elu']",f9f8f0f90609f8f6f0f636f0,700,Adam,MaxAbsoluteDeviation,1.5243231058120728,1.3045382499694824,4.253176199970767
"[23, 23, 23, 23, 8, 8, 23, 23, 23, 23, 11]","['tanh', 'swish', 'elu', 'tanh', 'sigmoid', 'tanh', 'swish', 'sigmoid', 'elu', 'sigmoid', 'sigmoid']",f9f8f0f90609f8f6f0f636,700,Adam,MaxAbsoluteDeviation,2.888378620147705,2.8881189823150635,4.056785799912177
"[23, 23, 23, 23, 8, 8, 23, 23, 23, 23]","['tanh', 'swish', 'elu', 'tanh', 'sigmoid', 'tanh', 'swish', 'sigmoid', 'elu', 'sigmoid']",f9f8f0f90609f8f6f0f6,700,Adam,MaxAbsoluteDeviation,2.888378620147705,8.423944473266602,3.899879900040105
"[23, 23, 23, 23, 8, 8, 23, 23, 23, 23]","['tanh', 'swish', 'elu', 'tanh', 'sigmoid', 'tanh', 'swish', 'sigmoid', 'elu', 'sigmoid']",f9f8f0f90609f8f6f0f6,700,Adam,MaxAbsoluteDeviation,2.888378620147705,8.756616592407227,3.87736969999969
"[23, 23, 23, 23, 8, 8, 23, 23, 23, 23, 11]","['tanh', 'swish', 'elu', 'tanh', 'sigmoid', 'tanh', 'swish', 'sigmoid', 'elu', 'sigmoid', 'sigmoid']",f9f8f0f90609f8f6f0f636,700,Adam,MaxAbsoluteDeviation,2.888378620147705,8.582534790039062,4.041434199898504
"[23, 23, 23, 23, 8, 8, 23, 23, 23, 23, 11]","['tanh', 'swish', 'elu', 'tanh', 'sigmoid', 'tanh', 'swish', 'sigmoid', 'elu', 'sigmoid', 'sigmoid']",f9f8f0f90609f8f6f0f636,700,Adam,MaxAbsoluteDeviation,2.888378620147705,8.240896224975586,4.0415384999942034
"[23, 23, 23, 8, 8, 8, 23, 23, 23, 23, 11]","['tanh', 'swish', 'elu', 'tanh', 'sigmoid', 'tanh', 'swish', 'sigmoid', 'elu', 'sigmoid', 'sigmoid']",f9f8f0090609f8f6f0f636,700,Adam,MaxAbsoluteDeviation,2.888378620147705,8.607525825500488,4.037071899976581
"[23, 23, 23, 23, 8, 8, 23, 23, 23, 23, 23]","['tanh', 'swish', 'elu', 'tanh', 'sigmoid', 'tanh', 'swish', 'sigmoid', 'elu', 'sigmoid', 'sigmoid']",f9f8f0f90609f8f6f0f6f6,700,Adam,MaxAbsoluteDeviation,2.888378620147705,8.349151611328125,4.023267299984582
"[23, 23, 23, 23, 8, 8, 23, 23, 23, 23, 11]","['tanh', 'swish', 'elu', 'tanh', 'sigmoid', 'tanh', 'swish', 'sigmoid', 'elu', 'sigmoid', 'sigmoid']",f9f8f0f90609f8f6f0f636,700,Adam,MaxAbsoluteDeviation,2.888378620147705,8.616800308227539,4.026869999943301
"[23, 23, 8, 23, 8, 8, 23, 23, 23, 23, 11, 15]","['tanh', 'swish', 'elu', 'tanh', 'sigmoid', 'tanh', 'swish', 'sigmoid', 'elu', 'sigmoid', 'sigmoid', 'swish']",f9f800f90609f8f6f0f63678,700,Adam,MaxAbsoluteDeviation,3.0264060497283936,3.903864860534668,4.197573299985379
"[23, 23, 8, 23, 8, 8, 23, 23, 23, 23, 11, 15]","['tanh', 'swish', 'elu', 'tanh', 'sigmoid', 'tanh', 'swish', 'sigmoid', 'elu', 'sigmoid', 'sigmoid', 'swish']",f9f800f90609f8f6f0f63678,700,Adam,MaxAbsoluteDeviation,2.141566753387451,1.8566007614135742,4.221269699977711
"[23, 23, 8, 23, 8, 8, 23, 23, 23, 23, 11, 15, 14]","['tanh', 'swish', 'elu', 'tanh', 'sigmoid', 'tanh', 'swish', 'sigmoid', 'elu', 'sigmoid', 'sigmoid', 'swish', 'tanh']",f9f800f90609f8f6f0f6367869,700,Adam,MaxAbsoluteDeviation,2.141566753387451,8.5045747756958,4.367828199989162
"[23, 23, 8, 23, 8, 8, 23, 23, 23, 23, 11, 15, 22, 18]","['tanh', 'swish', 'elu', 'tanh', 'sigmoid', 'tanh', 'swish', 'sigmoid', 'elu', 'sigmoid', 'sigmoid', 'swish', 'tanh', 'swish']",f9f800f90609f8f6f0f63678e9a8,700,Adam,MaxAbsoluteDeviation,1.2584500312805176,2.102219581604004,4.5344824000494555
"[23, 23, 8, 23, 8, 8, 23, 23, 23, 23, 11, 15, 22]","['tanh', 'swish', 'elu', 'tanh', 'sigmoid', 'tanh', 'swish', 'sigmoid', 'elu', 'sigmoid', 'sigmoid', 'swish', 'tanh']",f9f800f90609f8f6f0f63678e9,700,Adam,MaxAbsoluteDeviation,1.2584500312805176,8.191815376281738,4.350087399943732
"[23, 23, 8, 23, 8, 8, 23, 23, 23, 23, 11, 15, 22]","['tanh', 'swish', 'elu', 'tanh', 'sigmoid', 'tanh', 'swish', 'sigmoid', 'elu', 'sigmoid', 'sigmoid', 'swish', 'tanh']",f9f800f90609f8f6f0f63678e9,700,Adam,MaxAbsoluteDeviation,1.2584500312805176,7.236762523651123,4.372960099950433
"[23, 23, 8, 23, 8, 8, 23, 23, 23, 23, 11, 15, 22, 18]","['tanh', 'swish', 'elu', 'tanh', 'sigmoid', 'tanh', 'swish', 'sigmoid', 'elu', 'sigmoid', 'sigmoid', 'swish', 'tanh', 'swish']",f9f800f90609f8f6f0f63678e9a8,700,Adam,MaxAbsoluteDeviation,1.2584500312805176,8.440141677856445,4.568137000082061
"[23, 23, 8, 23, 8, 8, 23, 23, 23, 23, 11, 15, 22, 18, 8]","['tanh', 'swish', 'elu', 'tanh', 'sigmoid', 'tanh', 'swish', 'sigmoid', 'elu', 'sigmoid', 'sigmoid', 'swish', 'tanh', 'swish', 'sigmoid']",f9f800f90609f8f6f0f63678e9a806,700,Adam,MaxAbsoluteDeviation,1.2584500312805176,8.225090980529785,4.676656400086358
"[23, 23, 8, 23, 8, 8, 23, 23, 23, 23, 11, 15, 22, 18, 8]","['tanh', 'swish', 'elu', 'tanh', 'sigmoid', 'tanh', 'swish', 'sigmoid', 'elu', 'sigmoid', 'sigmoid', 'swish', 'tanh', 'swish', 'tanh']",f9f800f90609f8f6f0f63678e9a809,480,Adam,MaxAbsoluteDeviation,1.2584500312805176,8.463032722473145,3.5212752000661567
"[23, 23, 8, 23, 8, 8, 23, 23, 23, 23, 11, 15, 22]","['tanh', 'swish', 'elu', 'tanh', 'sigmoid', 'tanh', 'swish', 'sigmoid', 'elu', 'sigmoid', 'sigmoid', 'swish', 'tanh']",f9f800f90609f8f6f0f63678e9,700,Adam,MaxAbsoluteDeviation,1.2584500312805176,8.786126136779785,4.27861189993564
"[23, 23, 8, 23, 8, 8, 23, 23, 23, 23, 11, 15, 22]","['tanh', 'swish', 'elu', 'tanh', 'sigmoid', 'tanh', 'swish', 'sigmoid', 'elu', 'sigmoid', 'sigmoid', 'swish', 'tanh']",f9f800f90609f8f6f0f63678e9,700,Adam,MaxAbsoluteDeviation,1.2584500312805176,8.520852088928223,4.269231399986893
"[23, 23, 8, 23, 8, 8, 23, 23, 23, 23, 11, 15, 22, 18, 18]","['tanh', 'swish', 'elu', 'tanh', 'sigmoid', 'tanh', 'swish', 'sigmoid', 'elu', 'sigmoid', 'sigmoid', 'swish', 'tanh', 'swish', 'tanh']",f9f800f90609f8f6f0f63678e9a8a9,700,Adam,MaxAbsoluteDeviation,1.2584500312805176,8.755437850952148,6.662320400006138
"[23, 23, 8, 23, 8, 8, 23, 23, 23, 23, 11, 8, 22, 18]","['tanh', 'swish', 'elu', 'tanh', 'sigmoid', 'tanh', 'swish', 'sigmoid', 'elu', 'sigmoid', 'sigmoid', 'swish', 'tanh', 'swish']",f9f800f90609f8f6f0f63608e9a8,700,Adam,MaxAbsoluteDeviation,1.676792025566101,1.6856603622436523,4.6773955000098795
"[23, 23, 8, 23, 8, 8, 23, 23, 23, 23, 11, 8, 22]","['tanh', 'swish', 'elu', 'tanh', 'sigmoid', 'tanh', 'swish', 'sigmoid', 'elu', 'sigmoid', 'sigmoid', 'swish', 'tanh']",f9f800f90609f8f6f0f63608e9,700,Adam,MaxAbsoluteDeviation,1.4040265083312988,1.3216499090194702,4.425398500054143
"[23, 23, 8, 23, 8, 8, 23, 23, 23, 23, 11, 8, 22]","['tanh', 'swish', 'elu', 'tanh', 'sigmoid', 'tanh', 'swish', 'sigmoid', 'elu', 'sigmoid', 'sigmoid', 'swish', 'tanh']",f9f800f90609f8f6f0f63608e9,700,Adam,MaxAbsoluteDeviation,0.7184535264968872,1.1238641738891602,4.450136499945074
"[23, 23, 8, 23, 8, 8, 23, 23, 23, 23, 23, 8, 22]","['tanh', 'swish', 'elu', 'tanh', 'sigmoid', 'tanh', 'swish', 'sigmoid', 'elu', 'sigmoid', 'sigmoid', 'swish', 'tanh']",f9f800f90609f8f6f0f6f608e9,700,Adam,MaxAbsoluteDeviation,0.7184535264968872,8.6529541015625,4.4666388999903575
"[23, 23, 8, 23, 8, 8, 23, 23, 23, 23, 11, 8, 8]","['tanh', 'swish', 'elu', 'tanh', 'sigmoid', 'tanh', 'swish', 'sigmoid', 'elu', 'sigmoid', 'sigmoid', 'swish', 'tanh']",f9f800f90609f8f6f0f6360809,700,Adam,MaxAbsoluteDeviation,0.7184535264968872,8.442465782165527,4.38797370006796
"[23, 23, 8, 23, 8, 8, 23, 23, 23, 23, 11, 8]","['tanh', 'swish', 'elu', 'tanh', 'sigmoid', 'tanh', 'swish', 'sigmoid', 'elu', 'sigmoid', 'sigmoid', 'swish']",f9f800f90609f8f6f0f63608,700,Adam,MaxAbsoluteDeviation,0.7184535264968872,8.236358642578125,4.277765800012276
"[23, 8, 8, 23, 8, 8, 23, 23, 23, 23, 11, 8]","['tanh', 'swish', 'elu', 'tanh', 'sigmoid', 'tanh', 'swish', 'sigmoid', 'elu', 'sigmoid', 'sigmoid', 'swish']",f90800f90609f8f6f0f63608,700,Adam,MaxAbsoluteDeviation,0.7184535264968872,6.54812479019165,4.259966199984774
"[23, 23, 8, 23, 8, 8, 8, 23, 23, 23, 11, 8, 22]","['tanh', 'swish', 'elu', 'tanh', 'sigmoid', 'tanh', 'swish', 'sigmoid', 'elu', 'sigmoid', 'sigmoid', 'swish', 'tanh']",f9f800f9060908f6f0f63608e9,700,Adam,MaxAbsoluteDeviation,0.7184535264968872,8.289597511291504,4.466606500092894
"[23, 23, 8, 23, 8, 8, 23, 23, 23, 23, 11, 8, 22]","['tanh', 'swish', 'elu', 'tanh', 'sigmoid', 'tanh', 'swish', 'sigmoid', 'elu', 'sigmoid', 'sigmoid', 'swish', 'tanh']",f9f800f90609f8f6f0f63608e9,467,Adam,MaxAbsoluteDeviation,0.7184535264968872,1.1636238098144531,3.290961900027469
"[23, 23, 8, 23, 8, 8, 23, 23, 23, 23, 11, 8, 22]","['tanh', 'swish', 'elu', 'tanh', 'sigmoid', 'tanh', 'swish', 'sigmoid', 'elu', 'sigmoid', 'sigmoid', 'swish', 'tanh']",f9f800f90609f8f6f0f63608e9,664,Adam,MaxAbsoluteDeviation,0.7184535264968872,8.350761413574219,4.218358400044963
"[23, 23, 8, 23, 8, 8, 23, 23, 23, 23, 11, 8]","['tanh', 'swish', 'elu', 'tanh', 'sigmoid', 'tanh', 'swish', 'sigmoid', 'swish', 'sigmoid', 'sigmoid', 'swish']",f9f800f90609f8f6f8f63608,700,Adam,MaxAbsoluteDeviation,0.7184535264968872,8.512054443359375,4.27281250001397
"[23, 23, 8, 23, 8, 8, 23, 23, 23, 23, 11, 8, 22, 9]","['tanh', 'swish', 'elu', 'tanh', 'sigmoid', 'tanh', 'swish', 'swish', 'elu', 'sigmoid', 'sigmoid', 'swish', 'tanh', 'tanh']",f9f800f90609f8f8f0f63608e919,608,Adam,MaxAbsoluteDeviation,0.7184535264968872,8.20128345489502,4.143387099960819
"[23, 23, 8, 23, 8, 8, 23, 23, 23, 23, 11, 8, 22]","['tanh', 'swish', 'elu', 'tanh', 'sigmoid', 'tanh', 'swish', 'sigmoid', 'elu', 'sigmoid', 'sigmoid', 'swish', 'tanh']",f9f800f90609f8f6f0f63608e9,183,Adam,MaxAbsoluteDeviation,0.7184535264968872,8.31543254852295,1.9040045000147074
"[23, 23, 8, 8, 8, 8, 23, 23, 23, 23, 11, 8, 22]","['tanh', 'swish', 'elu', 'tanh', 'sigmoid', 'tanh', 'swish', 'sigmoid', 'elu', 'sigmoid', 'sigmoid', 'swish', 'tanh']",f9f800090609f8f6f0f63608e9,700,Adam,MaxAbsoluteDeviation,0.7184535264968872,8.419856071472168,4.390992800006643
"[23, 23, 8, 23, 8, 8, 23, 23, 23, 23, 11, 8, 22]","['tanh', 'swish', 'elu', 'tanh', 'sigmoid', 'tanh', 'swish', 'sigmoid', 'elu', 'sigmoid', 'sigmoid', 'swish', 'tanh']",f9f800f90609f8f6f0f63608e9,700,Adam,MaxAbsoluteDeviation,0.7184535264968872,8.846071243286133,4.39478880004026
"[23, 23, 8, 23, 8, 8, 23, 23, 23, 23, 11, 8, 22]","['tanh', 'swish', 'elu', 'tanh', 'sigmoid', 'tanh', 'swish', 'sigmoid', 'elu', 'sigmoid', 'sigmoid', 'swish', 'tanh']",f9f800f90609f8f6f0f63608e9,700,Adam,MaxAbsoluteDeviation,0.7184535264968872,8.506261825561523,4.376423000008799
"[23, 23, 8, 23, 8, 8, 23, 23, 23, 23, 11, 8]","['tanh', 'swish', 'elu', 'tanh', 'sigmoid', 'tanh', 'swish', 'sigmoid', 'elu', 'sigmoid', 'sigmoid', 'swish']",f9f800f90609f8f6f0f63608,700,Adam,MaxAbsoluteDeviation,0.7184535264968872,6.559347152709961,4.222791800042614
"[23, 23, 8, 23, 8, 8, 8, 23, 23, 23, 11, 8, 22]","['tanh', 'swish', 'elu', 'tanh', 'sigmoid', 'tanh', 'swish', 'sigmoid', 'elu', 'sigmoid', 'sigmoid', 'swish', 'sigmoid']",f9f800f9060908f6f0f63608e6,700,Adam,MaxAbsoluteDeviation,0.6588858962059021,0.9445476531982422,4.353506800020114
"[23, 23, 8, 23, 8, 8, 8, 23, 23, 23, 11, 8, 22, 18]","['tanh', 'swish', 'elu', 'tanh', 'sigmoid', 'tanh', 'swish', 'sigmoid', 'elu', 'sigmoid', 'sigmoid', 'swish', 'sigmoid', 'elu']",f9f800f9060908f6f0f63608e6a0,700,Adam,MaxAbsoluteDeviation,0.6588858962059021,1.1382551193237305,4.590697800042108
"[23, 23, 8, 23, 8, 8, 8, 23, 23, 8, 11, 8, 22]","['tanh', 'swish', 'elu', 'tanh', 'sigmoid', 'tanh', 'swish', 'sigmoid', 'elu', 'sigmoid', 'sigmoid', 'swish', 'sigmoid']",f9f800f9060908f6f0063608e6,138,Adam,MaxAbsoluteDeviation,0.6588858962059021,8.600201606750488,1.6754866000264883
"[23, 23, 8, 23, 8, 8, 8, 23, 23, 23, 8, 8]","['tanh', 'swish', 'elu', 'tanh', 'sigmoid', 'tanh', 'swish', 'sigmoid', 'elu', 'sigmoid', 'sigmoid', 'swish']",f9f800f9060908f6f0f60608,700,Adam,MaxAbsoluteDeviation,0.6588858962059021,8.458398818969727,4.198191999923438
"[23, 23, 8, 23, 8, 8, 8, 23, 8, 23, 11, 8, 22]","['tanh', 'swish', 'elu', 'tanh', 'sigmoid', 'tanh', 'swish', 'sigmoid', 'elu', 'sigmoid', 'sigmoid', 'swish', 'sigmoid']",f9f800f9060908f600f63608e6,700,Adam,MaxAbsoluteDeviation,0.6588858962059021,8.306649208068848,4.348594599985518
"[23, 23, 8, 8, 8, 8, 8, 23, 23, 23, 11, 8, 22]","['tanh', 'swish', 'elu', 'tanh', 'sigmoid', 'tanh', 'swish', 'sigmoid', 'elu', 'sigmoid', 'sigmoid', 'swish', 'sigmoid']",f9f80009060908f6f0f63608e6,700,Adam,MaxAbsoluteDeviation,0.6588858962059021,8.4496431350708,4.297369800042361
"[23, 23, 8, 23, 8, 8, 8, 23, 23, 23, 11, 8, 22]","['tanh', 'swish', 'elu', 'tanh', 'sigmoid', 'tanh', 'swish', 'sigmoid', 'elu', 'sigmoid', 'elu', 'swish', 'sigmoid']",f9f800f9060908f6f0f63008e6,700,Adam,MaxAbsoluteDeviation,0.6588858962059021,8.240972518920898,4.294531399966218
"[23, 23, 8, 23, 8, 8, 8, 23, 23, 23, 11, 8, 22]","['tanh', 'swish', 'elu', 'tanh', 'sigmoid', 'tanh', 'swish', 'sigmoid', 'elu', 'sigmoid', 'sigmoid', 'swish', 'sigmoid']",f9f800f9060908f6f0f63608e6,700,Adam,MaxAbsoluteDeviation,0.6588858962059021,7.249633312225342,4.3325038000475615
"[23, 23, 8, 23, 8, 8, 8, 23, 23, 23, 11, 8]","['tanh', 'swish', 'elu', 'tanh', 'sigmoid', 'tanh', 'swish', 'sigmoid', 'elu', 'sigmoid', 'sigmoid', 'swish']",f9f800f9060908f6f0f63608,700,Adam,MaxAbsoluteDeviation,0.6588858962059021,8.292990684509277,4.191904900013469
"[23, 23, 8, 23, 8, 8, 8, 23, 23, 23, 11, 8, 22]","['tanh', 'swish', 'elu', 'elu', 'sigmoid', 'tanh', 'swish', 'sigmoid', 'elu', 'sigmoid', 'sigmoid', 'swish', 'sigmoid']",f9f800f0060908f6f0f63608e6,700,Adam,MaxAbsoluteDeviation,0.6588858962059021,8.860017776489258,4.436056099948473
"[23, 23, 8, 23, 8, 8, 8, 23, 23, 23, 11, 8, 22]","['tanh', 'swish', 'elu', 'tanh', 'sigmoid', 'tanh', 'swish', 'sigmoid', 'elu', 'sigmoid', 'sigmoid', 'swish', 'sigmoid']",f9f800f9060908f6f0f63608e6,700,Adam,MaxAbsoluteDeviation,0.6588858962059021,8.366393089294434,4.47776550007984
"[23, 23, 8, 23, 8, 8, 8, 23, 23, 23, 11, 8, 22]","['tanh', 'swish', 'elu', 'tanh', 'sigmoid', 'tanh', 'swish', 'sigmoid', 'elu', 'sigmoid', 'sigmoid', 'swish', 'sigmoid']",f9f800f9060908f6f0f63608e6,700,Adam,MaxAbsoluteDeviation,0.6588858962059021,1.6385688781738281,4.398448500083759
"[23, 23, 8, 23, 8, 8, 8, 23, 23, 23, 11, 8, 22]","['tanh', 'swish', 'elu', 'tanh', 'sigmoid', 'elu', 'swish', 'sigmoid', 'elu', 'sigmoid', 'sigmoid', 'swish', 'sigmoid']",f9f800f9060008f6f0f63608e6,700,Adam,MaxAbsoluteDeviation,0.6588858962059021,8.322113037109375,4.490467900061049
"[23, 23, 8, 23, 8, 8, 8, 23, 23, 23, 11, 8, 22]","['tanh', 'swish', 'elu', 'tanh', 'sigmoid', 'tanh', 'swish', 'sigmoid', 'elu', 'sigmoid', 'sigmoid', 'swish', 'sigmoid']",f9f800f9060908f6f0f63608e6,642,Adam,MaxAbsoluteDeviation,0.6588858962059021,1.4057159423828125,4.150117800105363
"[23, 23, 8, 23, 8, 8, 8, 23, 23, 23, 11, 8, 22, 17]","['tanh', 'swish', 'elu', 'tanh', 'sigmoid', 'tanh', 'swish', 'sigmoid', 'elu', 'sigmoid', 'sigmoid', 'swish', 'sigmoid', 'elu']",f9f800f9060908f6f0f63608e690,700,Adam,MaxAbsoluteDeviation,0.6588858962059021,0.7780600190162659,4.604719400056638
"[23, 23, 23, 23, 8, 8, 8, 23, 23, 23, 11, 8, 22]","['tanh', 'swish', 'elu', 'tanh', 'sigmoid', 'tanh', 'swish', 'sigmoid', 'elu', 'sigmoid', 'sigmoid', 'swish', 'sigmoid']",f9f8f0f9060908f6f0f63608e6,700,Adam,MaxAbsoluteDeviation,0.6588858962059021,8.329277038574219,4.507195699959993
"[23, 23, 8, 23, 8, 8, 8, 23, 23, 23, 11, 8, 22, 8]","['tanh', 'swish', 'elu', 'tanh', 'sigmoid', 'tanh', 'swish', 'sigmoid', 'elu', 'sigmoid', 'sigmoid', 'swish', 'sigmoid', 'elu']",f9f800f9060908f6f0f63608e600,700,Adam,MaxAbsoluteDeviation,0.6588858962059021,1.2497477531433105,4.68809389998205
"[23, 23, 8, 23, 8, 8, 8, 23, 23, 23, 11, 8, 22]","['tanh', 'swish', 'elu', 'tanh', 'sigmoid', 'tanh', 'swish', 'sigmoid', 'elu', 'sigmoid', 'sigmoid', 'swish', 'sigmoid']",f9f800f9060908f6f0f63608e6,700,Adam,MaxAbsoluteDeviation,0.6588858962059021,8.768354415893555,4.432877799961716
"[23, 23, 8, 23, 8, 8, 23, 23, 23, 23, 11, 8, 22]","['tanh', 'swish', 'elu', 'tanh', 'sigmoid', 'tanh', 'swish', 'sigmoid', 'elu', 'sigmoid', 'sigmoid', 'swish', 'sigmoid']",f9f800f90609f8f6f0f63608e6,700,Adam,MaxAbsoluteDeviation,0.6588858962059021,8.200369834899902,4.466915299999528
"[23, 23, 8, 23, 8, 8, 8, 23, 23, 23, 11, 8, 22]","['tanh', 'swish', 'elu', 'tanh', 'sigmoid', 'tanh', 'swish', 'sigmoid', 'elu', 'sigmoid', 'sigmoid', 'swish', 'sigmoid']",f9f800f9060908f6f0f63608e6,210,Adam,MaxAbsoluteDeviation,0.6588858962059021,8.695600509643555,2.0484105999348685
"[8, 23, 8, 23, 8, 8, 8, 23, 23, 23, 11, 8, 22]","['tanh', 'swish', 'elu', 'tanh', 'sigmoid', 'tanh', 'swish', 'sigmoid', 'elu', 'sigmoid', 'sigmoid', 'swish', 'sigmoid']",09f800f9060908f6f0f63608e6,700,Adam,MaxAbsoluteDeviation,0.6588858962059021,8.457143783569336,4.406379899941385
"[23, 23, 8, 23, 8, 8, 8, 23, 23, 23, 8, 8, 22, 15]","['tanh', 'swish', 'elu', 'tanh', 'sigmoid', 'tanh', 'swish', 'sigmoid', 'elu', 'sigmoid', 'sigmoid', 'swish', 'sigmoid', 'elu']",f9f800f9060908f6f0f60608e670,700,Adam,MaxAbsoluteDeviation,0.6588858962059021,0.6400566101074219,4.656851000036113
"[23, 23, 8, 23, 8, 8, 8, 23, 23, 23, 11, 8, 22]","['tanh', 'swish', 'elu', 'tanh', 'sigmoid', 'tanh', 'swish', 'sigmoid', 'elu', 'sigmoid', 'sigmoid', 'swish', 'sigmoid']",f9f800f9060908f6f0f63608e6,179,Adam,MaxAbsoluteDeviation,0.6588858962059021,8.571575164794922,1.9021345000946894
"[23, 23, 8, 23, 8, 8, 8, 23, 23, 23, 11, 8, 22, 17]","['tanh', 'swish', 'elu', 'tanh', 'sigmoid', 'tanh', 'swish', 'sigmoid', 'elu', 'sigmoid', 'sigmoid', 'swish', 'sigmoid', 'tanh']",f9f800f9060908f6f0f63608e699,700,Adam,MaxAbsoluteDeviation,0.6588858962059021,8.796229362487793,4.574285199982114
"[23, 23, 8, 23, 8, 8, 8, 23, 23, 23, 11, 8, 22, 19]","['tanh', 'swish', 'elu', 'tanh', 'sigmoid', 'tanh', 'swish', 'sigmoid', 'elu', 'sigmoid', 'sigmoid', 'swish', 'sigmoid', 'swish']",f9f800f9060908f6f0f63608e6b8,700,Adam,MaxAbsoluteDeviation,0.9917111396789551,0.7799066305160522,4.626591800013557
"[23, 23, 8, 23, 8, 8, 8, 8, 23, 23, 11, 8, 22, 19, 11]","['tanh', 'swish', 'elu', 'tanh', 'sigmoid', 'tanh', 'swish', 'sigmoid', 'elu', 'sigmoid', 'sigmoid', 'swish', 'sigmoid', 'swish', 'elu']",f9f800f906090806f0f63608e6b830,100,Adam,MaxAbsoluteDeviation,0.9917111396789551,5.919281005859375,1.6759714999934658
"[23, 23, 8, 23, 8, 8, 8, 23, 23, 23, 11, 8, 22, 19]","['tanh', 'swish', 'elu', 'tanh', 'sigmoid', 'tanh', 'swish', 'sigmoid', 'elu', 'sigmoid', 'sigmoid', 'swish', 'sigmoid', 'swish']",f9f800f9060908f6f0f63608e6b8,700,Adam,MaxAbsoluteDeviation,0.9917111396789551,8.747381210327148,4.575743600027636
"[23, 23, 8, 23, 8, 8, 8, 23, 23, 23, 11, 8, 22]","['tanh', 'swish', 'elu', 'tanh', 'sigmoid', 'tanh', 'swish', 'sigmoid', 'elu', 'sigmoid', 'sigmoid', 'swish', 'sigmoid']",f9f800f9060908f6f0f63608e6,700,Adam,MaxAbsoluteDeviation,0.9917111396789551,8.598700523376465,4.378948400029913
"[23, 23, 8, 23, 8, 8, 23, 23, 23, 23, 11, 8, 22, 19]","['tanh', 'swish', 'elu', 'tanh', 'sigmoid', 'tanh', 'swish', 'sigmoid', 'elu', 'sigmoid', 'sigmoid', 'swish', 'sigmoid', 'swish']",f9f800f90609f8f6f0f63608e6b8,700,Adam,MaxAbsoluteDeviation,0.9917111396789551,0.8549432158470154,4.585001099971123
"[23, 23, 8, 23, 8, 8, 8, 23, 23, 23, 11, 8, 22, 19]","['tanh', 'swish', 'elu', 'tanh', 'sigmoid', 'tanh', 'swish', 'sigmoid', 'elu', 'sigmoid', 'sigmoid', 'swish', 'sigmoid', 'swish']",f9f800f9060908f6f0f63608e6b8,700,Adam,MaxAbsoluteDeviation,0.9917111396789551,8.248778343200684,4.543633599998429
"[23, 23, 8, 23, 8, 8, 8, 23, 23, 23, 11, 8, 22, 14]","['tanh', 'swish', 'elu', 'tanh', 'sigmoid', 'tanh', 'swish', 'sigmoid', 'elu', 'sigmoid', 'sigmoid', 'swish', 'sigmoid', 'elu']",f9f800f9060908f6f0f63608e660,700,Adam,MaxAbsoluteDeviation,0.9917111396789551,8.485992431640625,4.480590699939057
"[23, 23, 8, 23, 8, 8, 23, 8, 23, 23, 11, 8, 22, 19]","['tanh', 'swish', 'elu', 'tanh', 'sigmoid', 'tanh', 'swish', 'sigmoid', 'elu', 'sigmoid', 'sigmoid', 'swish', 'sigmoid', 'swish']",f9f800f90609f806f0f63608e6b8,100,Adam,MaxAbsoluteDeviation,0.9917111396789551,4.721542835235596,1.584713299991563
"[23, 23, 8, 23, 8, 8, 8, 23, 23, 23, 11, 8, 22, 19]","['tanh', 'swish', 'elu', 'tanh', 'sigmoid', 'tanh', 'swish', 'sigmoid', 'elu', 'sigmoid', 'sigmoid', 'swish', 'sigmoid', 'swish']",f9f800f9060908f6f0f63608e6b8,405,Adam,MaxAbsoluteDeviation,0.6220258474349976,0.8568258881568909,4.904765999992378
"[23, 23, 8, 23, 8, 8, 8, 23, 23, 23, 11, 8, 22, 19]","['tanh', 'swish', 'elu', 'tanh', 'sigmoid', 'tanh', 'swish', 'sigmoid', 'elu', 'sigmoid', 'sigmoid', 'swish', 'sigmoid', 'swish']",f9f800f9060908f6f0f63608e6b8,405,Adam,MaxAbsoluteDeviation,0.6220258474349976,2.4209823608398438,3.122326400014572
"[23, 23, 8, 23, 8, 8, 8, 23, 23, 23, 11, 8, 22]","['tanh', 'swish', 'elu', 'tanh', 'sigmoid', 'tanh', 'swish', 'sigmoid', 'elu', 'sigmoid', 'sigmoid', 'swish', 'sigmoid']",f9f800f9060908f6f0f63608e6,405,Adam,MaxAbsoluteDeviation,0.6220258474349976,8.716773986816406,2.9268367999466136
"[23, 23, 8, 23, 8, 8, 8, 23, 23, 23, 11, 8, 22]","['tanh', 'swish', 'elu', 'tanh', 'sigmoid', 'tanh', 'swish', 'sigmoid', 'elu', 'sigmoid', 'sigmoid', 'swish', 'sigmoid']",f9f800f9060908f6f0f63608e6,405,Adam,MaxAbsoluteDeviation,0.6220258474349976,1.216248869895935,2.961587799945846
"[23, 23, 8, 23, 8, 8, 8, 23, 23, 23, 11, 8, 22]","['tanh', 'swish', 'elu', 'tanh', 'sigmoid', 'tanh', 'swish', 'sigmoid', 'elu', 'sigmoid', 'sigmoid', 'swish', 'sigmoid']",f9f800f9060908f6f0f63608e6,405,Adam,MaxAbsoluteDeviation,0.6220258474349976,8.488380432128906,2.94581449998077
"[23, 23, 8, 8, 8, 8, 8, 23, 23, 23, 11, 8, 22, 19]","['tanh', 'swish', 'elu', 'tanh', 'sigmoid', 'tanh', 'swish', 'sigmoid', 'elu', 'sigmoid', 'sigmoid', 'swish', 'sigmoid', 'swish']",f9f80009060908f6f0f63608e6b8,405,Adam,MaxAbsoluteDeviation,0.6220258474349976,8.789366722106934,3.107770500006154
"[23, 23, 8, 23, 8, 8, 8, 23, 23, 23, 11, 8, 22, 19]","['tanh', 'swish', 'elu', 'tanh', 'sigmoid', 'tanh', 'swish', 'sigmoid', 'elu', 'sigmoid', 'sigmoid', 'swish', 'sigmoid', 'swish']",f9f800f9060908f6f0f63608e6b8,700,Adam,MaxAbsoluteDeviation,0.6220258474349976,8.84736442565918,4.627521499991417
"[23, 23, 8, 23, 8, 8, 8, 8, 23, 23, 11, 8, 22, 19]","['tanh', 'swish', 'elu', 'tanh', 'sigmoid', 'tanh', 'swish', 'sigmoid', 'elu', 'sigmoid', 'sigmoid', 'swish', 'sigmoid', 'swish']",f9f800f906090806f0f63608e6b8,405,Adam,MaxAbsoluteDeviation,0.6220258474349976,6.807547569274902,3.123324600048363
"[23, 23, 8, 23, 8, 8, 8, 23, 23, 23, 11, 8, 22, 19]","['tanh', 'swish', 'tanh', 'tanh', 'sigmoid', 'tanh', 'swish', 'sigmoid', 'elu', 'sigmoid', 'sigmoid', 'swish', 'sigmoid', 'swish']",f9f809f9060908f6f0f63608e6b8,700,Adam,MaxAbsoluteDeviation,0.6220258474349976,8.177725791931152,4.585308899986558
"[23, 23, 8, 23, 8, 8, 8, 23, 23, 23, 11, 8, 22, 19]","['tanh', 'swish', 'elu', 'tanh', 'sigmoid', 'tanh', 'swish', 'sigmoid', 'elu', 'sigmoid', 'sigmoid', 'swish', 'sigmoid', 'swish']",f9f800f9060908f6f0f63608e6b8,700,Adam,MaxAbsoluteDeviation,0.6220258474349976,1.4650479555130005,4.599751600064337
"[23, 23, 8, 23, 8, 8, 8, 23, 23, 23, 11, 8, 22]","['tanh', 'swish', 'elu', 'tanh', 'sigmoid', 'tanh', 'swish', 'sigmoid', 'elu', 'sigmoid', 'sigmoid', 'swish', 'sigmoid']",f9f800f9060908f6f0f63608e6,405,Adam,MaxAbsoluteDeviation,0.6220258474349976,3.9128189086914062,2.9323701000539586
"[23, 23, 8, 23, 8, 8, 8, 23, 23, 23, 11, 8, 22, 19]","['tanh', 'swish', 'elu', 'tanh', 'sigmoid', 'tanh', 'swish', 'sigmoid', 'elu', 'sigmoid', 'sigmoid', 'swish', 'sigmoid', 'swish']",f9f800f9060908f6f0f63608e6b8,405,Adam,MaxAbsoluteDeviation,0.6220258474349976,1.9387664794921875,3.0580235000234097
"[23, 23, 8, 23, 8, 8, 8, 23, 23, 23, 11, 8, 22, 19]","['tanh', 'tanh', 'elu', 'tanh', 'sigmoid', 'tanh', 'swish', 'sigmoid', 'elu', 'sigmoid', 'sigmoid', 'swish', 'sigmoid', 'swish']",f9f900f9060908f6f0f63608e6b8,405,Adam,MaxAbsoluteDeviation,0.6220258474349976,1.4060282707214355,3.079076800029725
"[23, 23, 8, 23, 8, 8, 8, 23, 23, 23, 11, 8, 22, 19]","['tanh', 'swish', 'elu', 'tanh', 'sigmoid', 'tanh', 'swish', 'sigmoid', 'elu', 'sigmoid', 'sigmoid', 'swish', 'sigmoid', 'swish']",f9f800f9060908f6f0f63608e6b8,172,Adam,MaxAbsoluteDeviation,0.6220258474349976,7.122454643249512,1.946655899984762
"[23, 23, 8, 23, 8, 8, 8, 23, 23, 23, 11, 8, 22, 19]","['tanh', 'swish', 'elu', 'tanh', 'sigmoid', 'tanh', 'swish', 'sigmoid', 'elu', 'sigmoid', 'sigmoid', 'swish', 'sigmoid', 'swish']",f9f800f9060908f6f0f63608e6b8,362,Adam,MaxAbsoluteDeviation,0.8421260714530945,1.2648725509643555,2.8402656000107527
"[23, 23, 8, 23, 8, 8, 8, 23, 23, 23, 11, 8, 22, 19]","['tanh', 'swish', 'elu', 'tanh', 'sigmoid', 'tanh', 'swish', 'sigmoid', 'elu', 'sigmoid', 'sigmoid', 'swish', 'sigmoid', 'swish']",f9f800f9060908f6f0f63608e6b8,362,Adam,MaxAbsoluteDeviation,0.8421260714530945,1.6190625429153442,2.844033599947579
"[23, 23, 8, 23, 8, 8, 8, 23, 23, 23, 11, 8, 22, 19, 9]","['tanh', 'swish', 'elu', 'tanh', 'sigmoid', 'tanh', 'swish', 'sigmoid', 'elu', 'sigmoid', 'sigmoid', 'swish', 'sigmoid', 'swish', 'swish']",f9f800f9060908f6f0f63608e6b818,362,Adam,MaxAbsoluteDeviation,0.8421260714530945,8.146597862243652,2.982183299958706
"[23, 23, 8, 23, 8, 8, 8, 23, 23, 23, 11, 8, 22, 19, 22]","['tanh', 'swish', 'elu', 'tanh', 'sigmoid', 'tanh', 'swish', 'sigmoid', 'elu', 'sigmoid', 'sigmoid', 'swish', 'sigmoid', 'swish', 'swish']",f9f800f9060908f6f0f63608e6b8e8,362,Adam,MaxAbsoluteDeviation,0.7421430349349976,1.2311973571777344,2.973987599951215
"[23, 23, 8, 23, 8, 8, 8, 8, 23, 23, 11, 8, 22, 19, 22]","['tanh', 'swish', 'elu', 'tanh', 'sigmoid', 'tanh', 'swish', 'sigmoid', 'elu', 'sigmoid', 'sigmoid', 'swish', 'sigmoid', 'swish', 'swish']",f9f800f906090806f0f63608e6b8e8,362,Adam,MaxAbsoluteDeviation,0.7421430349349976,9.044991493225098,2.937111800070852
"[23, 23, 8, 23, 8, 8, 8, 23, 23, 23, 11, 8, 22, 19, 22]","['tanh', 'swish', 'elu', 'tanh', 'sigmoid', 'tanh', 'swish', 'sigmoid', 'elu', 'sigmoid', 'sigmoid', 'swish', 'sigmoid', 'swish', 'swish']",f9f800f9060908f6f0f63608e6b8e8,115,Adam,MaxAbsoluteDeviation,1.6607519388198853,1.603724718093872,1.749958699918352
"[23, 23, 8, 23, 8, 8, 8, 23, 23, 23, 11, 8, 22, 19, 22]","['tanh', 'swish', 'elu', 'tanh', 'sigmoid', 'tanh', 'swish', 'sigmoid', 'elu', 'sigmoid', 'sigmoid', 'swish', 'sigmoid', 'swish', 'swish']",f9f800f9060908f6f0f63608e6b8e8,115,Adam,MaxAbsoluteDeviation,2.443283796310425,1.7023811340332031,1.7475143999326974
"[23, 23, 8, 23, 8, 8, 8, 23, 23, 23, 11, 8, 22, 19, 22]","['tanh', 'swish', 'elu', 'tanh', 'sigmoid', 'tanh', 'swish', 'sigmoid', 'elu', 'sigmoid', 'sigmoid', 'swish', 'sigmoid', 'elu', 'swish']",f9f800f9060908f6f0f63608e6b0e8,115,Adam,MaxAbsoluteDeviation,2.443283796310425,4.542264938354492,1.7231237000087276
"[23, 23, 8, 23, 8, 8, 8, 23, 23, 23, 11, 8, 22, 19, 22]","['tanh', 'swish', 'elu', 'tanh', 'sigmoid', 'tanh', 'swish', 'sigmoid', 'elu', 'sigmoid', 'sigmoid', 'swish', 'sigmoid', 'sigmoid', 'swish']",f9f800f9060908f6f0f63608e6b6e8,100,Adam,MaxAbsoluteDeviation,2.443283796310425,8.54076099395752,1.6327082000207156
"[23, 23, 8, 23, 8, 8, 8, 23, 23, 23, 11, 8, 22, 19]","['tanh', 'swish', 'elu', 'tanh', 'sigmoid', 'tanh', 'swish', 'sigmoid', 'elu', 'sigmoid', 'sigmoid', 'swish', 'sigmoid', 'swish']",f9f800f9060908f6f0f63608e6b8,115,Adam,MaxAbsoluteDeviation,2.443283796310425,8.77294921875,1.639986400026828
"[23, 23, 8, 23, 8, 8, 8, 23, 23, 23, 11, 8, 22, 19, 22]","['tanh', 'swish', 'elu', 'tanh', 'sigmoid', 'tanh', 'swish', 'sigmoid', 'elu', 'sigmoid', 'sigmoid', 'swish', 'sigmoid', 'swish', 'swish']",f9f800f9060908f6f0f63608e6b8e8,100,Adam,MaxAbsoluteDeviation,5.120206832885742,4.722570419311523,3.532376499962993
"[23, 23, 8, 23, 8, 8, 8, 23, 8, 23, 11, 8, 22, 19, 22]","['tanh', 'swish', 'elu', 'tanh', 'sigmoid', 'tanh', 'swish', 'sigmoid', 'elu', 'sigmoid', 'sigmoid', 'swish', 'sigmoid', 'swish', 'swish']",f9f800f9060908f600f63608e6b8e8,100,Adam,MaxAbsoluteDeviation,1.085227131843567,2.194782257080078,1.6971214999211952
"[23, 23, 8, 23, 8, 8, 8, 23, 8, 23, 11, 8, 22, 19, 22]","['tanh', 'swish', 'elu', 'tanh', 'sigmoid', 'tanh', 'swish', 'sigmoid', 'elu', 'sigmoid', 'sigmoid', 'swish', 'sigmoid', 'swish', 'swish']",f9f800f9060908f600f63608e6b8e8,100,Adam,MaxAbsoluteDeviation,1.085227131843567,8.552005767822266,1.725613999995403
"[23, 23, 8, 23, 8, 8, 8, 23, 8, 23, 11, 8, 22, 19, 22]","['tanh', 'swish', 'elu', 'tanh', 'sigmoid', 'tanh', 'swish', 'sigmoid', 'tanh', 'sigmoid', 'sigmoid', 'swish', 'sigmoid', 'swish', 'swish']",f9f800f9060908f609f63608e6b8e8,100,Adam,MaxAbsoluteDeviation,1.085227131843567,8.337302207946777,1.7054520999081433
"[23, 23, 8, 23, 8, 8, 8, 23, 8, 23, 11, 8, 22, 19, 22]","['tanh', 'swish', 'elu', 'tanh', 'sigmoid', 'tanh', 'swish', 'sigmoid', 'elu', 'sigmoid', 'sigmoid', 'swish', 'sigmoid', 'swish', 'swish']",f9f800f9060908f600f63608e6b8e8,700,Adam,MaxAbsoluteDeviation,0.6097415685653687,1.146073341369629,4.848894500057213
"[23, 23, 8, 23, 8, 8, 8, 23, 8, 23, 11, 8, 22, 19, 22]","['tanh', 'swish', 'elu', 'tanh', 'sigmoid', 'tanh', 'swish', 'sigmoid', 'elu', 'sigmoid', 'sigmoid', 'swish', 'sigmoid', 'swish', 'swish']",f9f800f9060908f600f63608e6b8e8,700,Adam,MaxAbsoluteDeviation,0.9560513496398926,0.7061967253684998,4.812306300038472
"[23, 23, 8, 23, 8, 8, 8, 23, 8, 23, 11, 8, 22, 19, 22]","['tanh', 'swish', 'elu', 'tanh', 'sigmoid', 'tanh', 'swish', 'sigmoid', 'elu', 'sigmoid', 'sigmoid', 'swish', 'sigmoid', 'swish', 'swish']",f9f800f9060908f600f63608e6b8e8,700,Adam,MaxAbsoluteDeviation,0.6995622515678406,1.7156049013137817,4.837306799949147
"[23, 23, 8, 23, 8, 8, 8, 23, 8, 23, 11, 8, 22, 19, 22, 16]","['tanh', 'swish', 'elu', 'tanh', 'sigmoid', 'tanh', 'swish', 'sigmoid', 'elu', 'sigmoid', 'sigmoid', 'swish', 'sigmoid', 'swish', 'swish', 'swish']",f9f800f9060908f600f63608e6b8e888,700,Adam,MaxAbsoluteDeviation,0.7314738631248474,1.3251436948776245,5.073419300024398
"[23, 23, 8, 23, 8, 8, 8, 23, 8, 23, 11, 8, 22, 19, 22]","['tanh', 'swish', 'elu', 'tanh', 'sigmoid', 'tanh', 'swish', 'sigmoid', 'elu', 'sigmoid', 'sigmoid', 'swish', 'sigmoid', 'swish', 'swish']",f9f800f9060908f600f63608e6b8e8,304,Adam,MaxAbsoluteDeviation,0.7314738631248474,8.373403549194336,2.7357840000186116
"[23, 23, 23, 23, 8, 8, 8, 23, 8, 23, 11, 8, 22, 19, 22, 16]","['tanh', 'swish', 'elu', 'tanh', 'sigmoid', 'tanh', 'swish', 'sigmoid', 'elu', 'sigmoid', 'sigmoid', 'swish', 'sigmoid', 'swish', 'swish', 'swish']",f9f8f0f9060908f600f63608e6b8e888,700,Adam,MaxAbsoluteDeviation,0.7314738631248474,1.6085309982299805,5.009461900102906
"[23, 23, 8, 23, 8, 8, 8, 23, 8, 23, 11, 8, 22, 19, 22, 16, 23]","['tanh', 'swish', 'elu', 'tanh', 'sigmoid', 'tanh', 'swish', 'sigmoid', 'elu', 'sigmoid', 'sigmoid', 'swish', 'sigmoid', 'swish', 'swish', 'swish', 'elu']",f9f800f9060908f600f63608e6b8e888f0,700,Adam,MaxAbsoluteDeviation,1.3733487129211426,1.4527206420898438,5.16979099996388
"[23, 23, 8, 23, 8, 8, 8, 23, 8, 23, 11, 8, 22, 19, 22, 16, 23, 23]","['tanh', 'swish', 'elu', 'tanh', 'sigmoid', 'tanh', 'swish', 'sigmoid', 'elu', 'sigmoid', 'sigmoid', 'swish', 'sigmoid', 'swish', 'swish', 'swish', 'elu', 'swish']",f9f800f9060908f600f63608e6b8e888f0f8,700,Adam,MaxAbsoluteDeviation,1.3733487129211426,1.3459062576293945,5.415497099980712
"[23, 23, 8, 23, 8, 8, 8, 23, 8, 23, 11, 8, 22, 19, 22, 16, 23]","['tanh', 'swish', 'elu', 'tanh', 'sigmoid', 'tanh', 'swish', 'sigmoid', 'elu', 'sigmoid', 'sigmoid', 'swish', 'sigmoid', 'swish', 'swish', 'swish', 'elu']",f9f800f9060908f600f63608e6b8e888f0,700,Adam,MaxAbsoluteDeviation,1.0976101160049438,1.183736801147461,5.175245000049472
"[23, 23, 8, 23, 8, 8, 8, 23, 8, 23, 11, 8, 22, 19, 22, 16, 23, 14]","['tanh', 'swish', 'elu', 'tanh', 'sigmoid', 'tanh', 'swish', 'sigmoid', 'elu', 'sigmoid', 'sigmoid', 'swish', 'sigmoid', 'swish', 'swish', 'swish', 'elu', 'elu']",f9f800f9060908f600f63608e6b8e888f060,700,Adam,MaxAbsoluteDeviation,1.0599502325057983,0.7905197143554688,5.292477000039071
"[23, 23, 8, 23, 8, 8, 8, 23, 8, 23, 11, 8, 22, 19, 22, 16, 23, 14]","['tanh', 'swish', 'elu', 'tanh', 'sigmoid', 'tanh', 'swish', 'sigmoid', 'elu', 'sigmoid', 'sigmoid', 'swish', 'sigmoid', 'swish', 'swish', 'swish', 'elu', 'elu']",f9f800f9060908f600f63608e6b8e888f060,700,Adam,MaxAbsoluteDeviation,1.0599502325057983,1.2809343338012695,5.332864199997857
"[23, 23, 8, 23, 8, 8, 8, 23, 8, 23, 11, 8, 22, 19, 22, 16, 8, 14]","['tanh', 'swish', 'elu', 'tanh', 'sigmoid', 'tanh', 'swish', 'sigmoid', 'elu', 'sigmoid', 'sigmoid', 'swish', 'sigmoid', 'swish', 'swish', 'swish', 'elu', 'elu']",f9f800f9060908f600f63608e6b8e8880060,700,Adam,MaxAbsoluteDeviation,0.998512864112854,1.1931123733520508,5.320029000053182
"[23, 23, 8, 23, 8, 8, 8, 23, 8, 23, 11, 8, 22, 19, 22, 16, 8, 14, 9]","['tanh', 'swish', 'elu', 'tanh', 'sigmoid', 'tanh', 'swish', 'sigmoid', 'elu', 'sigmoid', 'sigmoid', 'swish', 'sigmoid', 'swish', 'swish', 'swish', 'elu', 'elu', 'tanh']",f9f800f9060908f600f63608e6b8e888006019,700,Adam,MaxAbsoluteDeviation,0.998512864112854,8.652645111083984,5.447974600014277
"[23, 23, 8, 23, 8, 8, 8, 23, 8, 23, 11, 8, 22, 19, 22, 16, 8]","['tanh', 'swish', 'elu', 'tanh', 'sigmoid', 'tanh', 'swish', 'sigmoid', 'elu', 'sigmoid', 'sigmoid', 'swish', 'sigmoid', 'swish', 'swish', 'swish', 'elu']",f9f800f9060908f600f63608e6b8e88800,700,Adam,MaxAbsoluteDeviation,0.998512864112854,0.5571706295013428,5.0623646000167355
"[23, 23, 8, 23, 8, 8, 8, 23, 8, 23, 11, 8, 22, 19, 22, 16, 8, 14]","['tanh', 'swish', 'elu', 'tanh', 'sigmoid', 'tanh', 'swish', 'sigmoid', 'elu', 'sigmoid', 'sigmoid', 'swish', 'sigmoid', 'swish', 'swish', 'swish', 'elu', 'elu']",f9f800f9060908f600f63608e6b8e8880060,220,Adam,MaxAbsoluteDeviation,0.998512864112854,8.618213653564453,2.5706950000021607
"[23, 23, 8, 23, 8, 8, 8, 23, 8, 23, 11, 8, 22, 19, 22, 16, 8, 14]","['tanh', 'swish', 'elu', 'tanh', 'sigmoid', 'tanh', 'swish', 'sigmoid', 'elu', 'sigmoid', 'sigmoid', 'swish', 'sigmoid', 'swish', 'swish', 'swish', 'elu', 'elu']",f9f800f9060908f600f63608e6b8e8880060,187,Adam,MaxAbsoluteDeviation,0.998512864112854,1.832148551940918,2.386586799984798
"[23, 23, 8, 23, 8, 8, 8, 23, 8, 23, 11, 8, 22, 19, 22, 16, 8, 23]","['tanh', 'swish', 'elu', 'tanh', 'sigmoid', 'tanh', 'swish', 'sigmoid', 'elu', 'sigmoid', 'sigmoid', 'swish', 'sigmoid', 'swish', 'swish', 'swish', 'elu', 'elu']",f9f800f9060908f600f63608e6b8e88800f0,700,Adam,MaxAbsoluteDeviation,0.7703238129615784,1.045393466949463,5.175587400095537
"[23, 23, 8, 23, 8, 8, 8, 23, 8, 23, 11, 8, 22, 19, 22, 16, 8, 23]","['tanh', 'swish', 'elu', 'tanh', 'sigmoid', 'tanh', 'swish', 'sigmoid', 'elu', 'sigmoid', 'sigmoid', 'swish', 'sigmoid', 'swish', 'swish', 'swish', 'elu', 'sigmoid']",f9f800f9060908f600f63608e6b8e88800f6,700,Adam,MaxAbsoluteDeviation,0.7703238129615784,8.141803741455078,7.273766900063492
"[23, 23, 8, 23, 8, 8, 8, 23, 8, 23, 11, 8, 22, 19, 22, 16, 8, 23, 18]","['tanh', 'swish', 'elu', 'tanh', 'sigmoid', 'tanh', 'swish', 'sigmoid', 'elu', 'sigmoid', 'sigmoid', 'swish', 'tanh', 'swish', 'swish', 'swish', 'elu', 'tanh', 'tanh']",f9f800f9060908f600f63608e9b8e88800f9a9,700,Adam,MaxAbsoluteDeviation,0.7703238129615784,8.172908782958984,5.5379139999859035
"[23, 23, 8, 23, 8, 8, 8, 23, 8, 23, 11, 8, 22, 19, 22, 16, 8, 23]","['tanh', 'swish', 'elu', 'tanh', 'sigmoid', 'tanh', 'swish', 'sigmoid', 'elu', 'sigmoid', 'sigmoid', 'swish', 'sigmoid', 'swish', 'swish', 'swish', 'elu', 'elu']",f9f800f9060908f600f63608e6b8e88800f0,700,Adam,MaxAbsoluteDeviation,0.8241292834281921,0.7819023132324219,5.3650399999460205
"[23, 23, 8, 23, 8, 8, 8, 23, 8, 23, 11, 8, 22, 19, 22, 16, 8, 23]","['tanh', 'swish', 'elu', 'tanh', 'sigmoid', 'tanh', 'swish', 'sigmoid', 'elu', 'sigmoid', 'sigmoid', 'swish', 'sigmoid', 'swish', 'swish', 'swish', 'elu', 'elu']",f9f800f9060908f600f63608e6b8e88800f0,700,Adam,MaxAbsoluteDeviation,0.8241292834281921,8.154483795166016,5.42968300008215
"[23, 23, 8, 23, 8, 8, 8, 23, 8, 23, 11, 8, 22, 19, 22, 16, 8, 23]","['tanh', 'swish', 'elu', 'tanh', 'sigmoid', 'tanh', 'swish', 'sigmoid', 'elu', 'sigmoid', 'sigmoid', 'swish', 'sigmoid', 'swish', 'swish', 'swish', 'elu', 'elu']",f9f800f9060908f600f63608e6b8e88800f0,100,Adam,MaxAbsoluteDeviation,0.8241292834281921,8.788310050964355,1.9537729999283329
"[23, 23, 8, 23, 8, 8, 8, 23, 8, 23, 11, 8, 22, 19, 22, 16, 8, 23]","['tanh', 'swish', 'elu', 'tanh', 'sigmoid', 'tanh', 'swish', 'sigmoid', 'elu', 'sigmoid', 'sigmoid', 'swish', 'sigmoid', 'swish', 'swish', 'swish', 'elu', 'elu']",f9f800f9060908f600f63608e6b8e88800f0,338,Adam,MaxAbsoluteDeviation,1.1646252870559692,1.2899246215820312,3.2585789000149816
"[23, 23, 8, 23, 8, 8, 8, 23, 8, 23, 11, 8, 22, 19, 22, 16, 8, 23]","['tanh', 'swish', 'elu', 'tanh', 'tanh', 'tanh', 'swish', 'sigmoid', 'elu', 'sigmoid', 'sigmoid', 'swish', 'sigmoid', 'swish', 'swish', 'swish', 'elu', 'elu']",f9f800f9090908f600f63608e6b8e88800f0,101,Adam,MaxAbsoluteDeviation,1.1646252870559692,1.9663968086242676,1.9742799999658018
"[23, 23, 8, 23, 8, 8, 8, 23, 8, 23, 11, 8, 22, 19, 22, 16, 8, 23, 11]","['tanh', 'swish', 'elu', 'tanh', 'sigmoid', 'tanh', 'swish', 'sigmoid', 'elu', 'sigmoid', 'sigmoid', 'swish', 'sigmoid', 'swish', 'swish', 'swish', 'elu', 'elu', 'swish']",f9f800f9060908f600f63608e6b8e88800f038,338,Adam,MaxAbsoluteDeviation,1.1646252870559692,1.175054669380188,3.43165299994871
"[23, 23, 8, 23, 8, 8, 8, 23, 8, 23, 11, 8, 22, 19, 22, 16, 8, 23]","['tanh', 'swish', 'elu', 'tanh', 'sigmoid', 'tanh', 'swish', 'sigmoid', 'elu', 'sigmoid', 'sigmoid', 'swish', 'swish', 'swish', 'swish', 'swish', 'elu', 'elu']",f9f800f9060908f600f63608e8b8e88800f0,700,Adam,MaxAbsoluteDeviation,1.1646252870559692,1.8936643600463867,5.372655299957842
"[23, 23, 8, 23, 8, 8, 8, 23, 8, 23, 11, 8, 22, 19, 22, 16, 8, 23]","['tanh', 'swish', 'elu', 'tanh', 'sigmoid', 'tanh', 'swish', 'sigmoid', 'elu', 'sigmoid', 'sigmoid', 'swish', 'sigmoid', 'swish', 'swish', 'swish', 'elu', 'elu']",f9f800f9060908f600f63608e6b8e88800f0,338,Adam,MaxAbsoluteDeviation,1.658262014389038,1.4656906127929688,3.299271099967882
"[23, 23, 8, 23, 8, 8, 8, 23, 8, 23, 11, 8, 22, 19, 22, 16, 8, 23]","['tanh', 'swish', 'elu', 'tanh', 'sigmoid', 'tanh', 'swish', 'sigmoid', 'elu', 'sigmoid', 'sigmoid', 'swish', 'sigmoid', 'swish', 'swish', 'swish', 'elu', 'elu']",f9f800f9060908f600f63608e6b8e88800f0,700,Adam,MaxAbsoluteDeviation,1.691087007522583,1.1036949157714844,5.350671199965291
"[23, 23, 8, 23, 8, 8, 8, 23, 8, 23, 11, 8, 22, 19, 22, 16, 8, 23, 15]","['tanh', 'swish', 'elu', 'tanh', 'sigmoid', 'tanh', 'swish', 'sigmoid', 'elu', 'sigmoid', 'sigmoid', 'swish', 'sigmoid', 'swish', 'swish', 'swish', 'elu', 'elu', 'elu']",f9f800f9060908f600f63608e6b8e88800f070,700,Adam,MaxAbsoluteDeviation,1.0058715343475342,1.5149136781692505,5.4703613999299705
"[23, 23, 8, 23, 8, 8, 8, 23, 8, 23, 11, 8, 22, 19, 22, 16, 8, 23]","['tanh', 'swish', 'elu', 'tanh', 'sigmoid', 'tanh', 'swish', 'sigmoid', 'elu', 'sigmoid', 'sigmoid', 'swish', 'sigmoid', 'swish', 'swish', 'swish', 'elu', 'elu']",f9f800f9060908f600f63608e6b8e88800f0,700,Adam,MaxAbsoluteDeviation,0.7097506523132324,0.6872730255126953,5.263886300032027
"[23, 23, 8, 23, 8, 8, 8, 23, 8, 23, 11, 8, 22, 19, 22, 16, 8, 23]","['tanh', 'swish', 'elu', 'tanh', 'sigmoid', 'tanh', 'swish', 'sigmoid', 'elu', 'sigmoid', 'sigmoid', 'swish', 'sigmoid', 'swish', 'swish', 'swish', 'elu', 'elu']",f9f800f9060908f600f63608e6b8e88800f0,367,Adam,MaxAbsoluteDeviation,0.7097506523132324,7.063976287841797,3.4022347000427544
"[23, 23, 8, 23, 8, 23, 8, 23, 8, 23, 23, 8, 22, 19, 22, 16, 8, 23]","['tanh', 'swish', 'elu', 'tanh', 'sigmoid', 'tanh', 'swish', 'sigmoid', 'elu', 'sigmoid', 'sigmoid', 'swish', 'sigmoid', 'swish', 'swish', 'swish', 'elu', 'elu']",f9f800f906f908f600f6f608e6b8e88800f0,694,Adam,MaxAbsoluteDeviation,1.1594934463500977,2.3206920623779297,5.253312900080346
"[23, 23, 8, 23, 8, 23, 8, 23, 8, 23, 23, 8, 23, 19, 22, 16, 8, 23]","['tanh', 'swish', 'elu', 'tanh', 'elu', 'tanh', 'swish', 'sigmoid', 'elu', 'sigmoid', 'sigmoid', 'swish', 'sigmoid', 'swish', 'swish', 'swish', 'elu', 'elu']",f9f800f900f908f600f6f608f6b8e88800f0,694,Adam,MaxAbsoluteDeviation,1.484358310699463,1.8113385438919067,5.211566900019534
"[23, 23, 8, 23, 8, 23, 8, 23, 8, 23, 23, 8, 23, 19, 22, 16, 8, 23]","['tanh', 'swish', 'elu', 'tanh', 'elu', 'tanh', 'swish', 'sigmoid', 'elu', 'sigmoid', 'sigmoid', 'swish', 'sigmoid', 'swish', 'swish', 'swish', 'elu', 'elu']",f9f800f900f908f600f6f608f6b8e88800f0,700,Adam,MaxAbsoluteDeviation,1.395554780960083,0.9260626435279846,5.229085800005123
"[23, 23, 8, 23, 8, 23, 8, 23, 8, 23, 23, 8, 23, 19, 22, 16, 8, 23]","['tanh', 'swish', 'elu', 'tanh', 'elu', 'tanh', 'swish', 'sigmoid', 'elu', 'sigmoid', 'sigmoid', 'swish', 'sigmoid', 'swish', 'swish', 'swish', 'elu', 'elu']",f9f800f900f908f600f6f608f6b8e88800f0,100,Adam,MaxAbsoluteDeviation,1.395554780960083,5.902162075042725,1.933185699977912
"[23, 23, 8, 23, 8, 23, 8, 23, 8, 23, 23, 8, 23, 19, 22, 16, 8, 23]","['tanh', 'swish', 'elu', 'tanh', 'elu', 'tanh', 'swish', 'sigmoid', 'elu', 'sigmoid', 'sigmoid', 'swish', 'sigmoid', 'swish', 'swish', 'swish', 'elu', 'elu']",f9f800f900f908f600f6f608f6b8e88800f0,100,Adam,MaxAbsoluteDeviation,1.395554780960083,6.838921070098877,1.921892200014554
"[23, 23, 8, 23, 8, 23, 8, 23, 8, 23, 23, 8, 23, 23, 22, 16, 8, 23]","['tanh', 'swish', 'elu', 'tanh', 'elu', 'tanh', 'swish', 'sigmoid', 'elu', 'sigmoid', 'sigmoid', 'swish', 'sigmoid', 'swish', 'swish', 'swish', 'elu', 'elu']",f9f800f900f908f600f6f608f6f8e88800f0,700,Adam,MaxAbsoluteDeviation,0.5842973589897156,0.678009033203125,7.166583599988371
"[23, 23, 8, 23, 8, 23, 8, 23, 8, 23, 23, 8, 23, 23, 22, 16, 8, 23]","['tanh', 'swish', 'elu', 'tanh', 'elu', 'tanh', 'swish', 'sigmoid', 'elu', 'sigmoid', 'sigmoid', 'swish', 'sigmoid', 'swish', 'sigmoid', 'swish', 'elu', 'elu']",f9f800f900f908f600f6f608f6f8e68800f0,700,Adam,MaxAbsoluteDeviation,0.5842973589897156,0.907585620880127,5.2759660999290645
"[23, 23, 8, 23, 8, 23, 8, 23, 8, 23, 23, 8, 23, 23, 22, 16, 8, 23]","['tanh', 'swish', 'elu', 'sigmoid', 'elu', 'tanh', 'swish', 'sigmoid', 'elu', 'sigmoid', 'sigmoid', 'swish', 'sigmoid', 'sigmoid', 'swish', 'swish', 'elu', 'elu']",f9f800f600f908f600f6f608f6f6e88800f0,700,Adam,MaxAbsoluteDeviation,0.5842973589897156,1.0314627885818481,5.391766699962318
"[23, 23, 8, 23, 8, 23, 8, 23, 8, 23, 23, 8, 23, 23, 22, 16, 8, 23]","['tanh', 'swish', 'elu', 'tanh', 'elu', 'tanh', 'swish', 'sigmoid', 'elu', 'sigmoid', 'sigmoid', 'swish', 'sigmoid', 'swish', 'swish', 'swish', 'elu', 'elu']",f9f800f900f908f600f6f608f6f8e88800f0,695,Adam,MaxAbsoluteDeviation,0.5842973589897156,1.5817694664001465,5.36835590004921
"[23, 23, 8, 23, 8, 23, 8, 23, 8, 23, 23, 8, 23, 23, 22, 16, 8, 23]","['tanh', 'swish', 'elu', 'tanh', 'elu', 'tanh', 'swish', 'swish', 'elu', 'sigmoid', 'sigmoid', 'swish', 'sigmoid', 'swish', 'swish', 'swish', 'elu', 'elu']",f9f800f900f908f800f6f608f6f8e88800f0,700,Adam,MaxAbsoluteDeviation,0.5842973589897156,1.2732055187225342,5.428095000097528
"[23, 23, 8, 23, 8, 23, 8, 23, 8, 23, 23, 8, 23, 23, 22, 16, 8, 23]","['tanh', 'swish', 'elu', 'tanh', 'elu', 'tanh', 'swish', 'sigmoid', 'elu', 'sigmoid', 'sigmoid', 'swish', 'sigmoid', 'swish', 'swish', 'swish', 'elu', 'elu']",f9f800f900f908f600f6f608f6f8e88800f0,700,Adam,MaxAbsoluteDeviation,0.5842973589897156,1.3018364906311035,5.508508499944583
"[8, 23, 8, 23, 8, 23, 8, 23, 8, 23, 23, 8, 23, 23, 22, 16, 8, 23]","['tanh', 'swish', 'elu', 'tanh', 'elu', 'swish', 'swish', 'sigmoid', 'elu', 'sigmoid', 'sigmoid', 'swish', 'sigmoid', 'swish', 'swish', 'swish', 'elu', 'elu']",09f800f900f808f600f6f608f6f8e88800f0,645,Adam,MaxAbsoluteDeviation,0.5842973589897156,8.800549507141113,5.079575299983844
"[23, 23, 8, 23, 8, 23, 8, 23, 8, 23, 23, 8, 23, 23, 22, 16, 8, 23]","['tanh', 'swish', 'elu', 'tanh', 'elu', 'tanh', 'swish', 'sigmoid', 'elu', 'sigmoid', 'sigmoid', 'swish', 'sigmoid', 'swish', 'swish', 'swish', 'elu', 'elu']",f9f800f900f908f600f6f608f6f8e88800f0,626,Adam,MaxAbsoluteDeviation,0.5842973589897156,1.895472526550293,4.936908600036986
"[23, 23, 8, 23, 8, 23, 8, 23, 8, 23, 23, 8, 23, 23, 22, 16, 8, 23, 13]","['tanh', 'swish', 'elu', 'tanh', 'elu', 'tanh', 'swish', 'sigmoid', 'elu', 'sigmoid', 'sigmoid', 'swish', 'sigmoid', 'swish', 'swish', 'swish', 'elu', 'elu', 'elu']",f9f800f900f908f600f6f608f6f8e88800f050,700,Adam,MaxAbsoluteDeviation,0.5842973589897156,2.105675458908081,5.576551100006327
"[23, 23, 8, 23, 8, 23, 8, 23, 8, 23, 23, 8, 23, 23, 22, 16, 8, 23]","['tanh', 'swish', 'elu', 'tanh', 'elu', 'tanh', 'swish', 'sigmoid', 'elu', 'sigmoid', 'sigmoid', 'swish', 'sigmoid', 'swish', 'swish', 'swish', 'elu', 'elu']",f9f800f900f908f600f6f608f6f8e88800f0,100,Adam,MaxAbsoluteDeviation,0.5842973589897156,8.859057426452637,1.9608269999735057
"[23, 23, 8, 23, 8, 23, 8, 12, 8, 23, 23, 8, 23, 23, 22, 16, 8, 23]","['tanh', 'swish', 'elu', 'tanh', 'elu', 'tanh', 'swish', 'sigmoid', 'elu', 'sigmoid', 'sigmoid', 'swish', 'sigmoid', 'swish', 'swish', 'swish', 'elu', 'elu']",f9f800f900f9084600f6f608f6f8e88800f0,700,Adam,MaxAbsoluteDeviation,0.5842973589897156,2.498623847961426,5.297186400042847
"[23, 23, 8, 23, 8, 23, 8, 23, 8, 23, 23, 8, 23, 23, 22, 16, 8, 23, 19]","['tanh', 'swish', 'elu', 'tanh', 'elu', 'tanh', 'swish', 'sigmoid', 'elu', 'sigmoid', 'sigmoid', 'swish', 'sigmoid', 'swish', 'swish', 'swish', 'elu', 'elu', 'tanh']",f9f800f900f908f600f6f608f6f8e88800f0b9,700,Adam,MaxAbsoluteDeviation,0.5842973589897156,8.788192749023438,5.479565199930221
"[23, 23, 8, 23, 8, 23, 8, 23, 8, 23, 23, 8, 23, 23, 22, 16, 8]","['tanh', 'swish', 'elu', 'tanh', 'elu', 'tanh', 'swish', 'sigmoid', 'elu', 'sigmoid', 'sigmoid', 'swish', 'sigmoid', 'swish', 'swish', 'swish', 'elu']",f9f800f900f908f600f6f608f6f8e88800,700,Adam,MaxAbsoluteDeviation,0.7028588652610779,0.5185707807540894,5.045262599946
"[23, 23, 8, 23, 8, 23, 8, 23, 8, 23, 23, 8, 23, 23, 22, 16, 8]","['tanh', 'swish', 'elu', 'tanh', 'elu', 'tanh', 'swish', 'sigmoid', 'elu', 'sigmoid', 'sigmoid', 'swish', 'sigmoid', 'swish', 'swish', 'swish', 'elu']",f9f800f900f908f600f6f608f6f8e88800,700,Adam,MaxAbsoluteDeviation,0.7028588652610779,8.31625747680664,5.138791300007142
"[23, 23, 8, 23, 8, 23, 8, 23, 8, 23, 23, 8, 23, 23, 22, 16, 8]","['tanh', 'swish', 'elu', 'tanh', 'elu', 'tanh', 'swish', 'sigmoid', 'elu', 'sigmoid', 'sigmoid', 'swish', 'sigmoid', 'swish', 'swish', 'swish', 'elu']",f9f800f900f908f600f6f608f6f8e88800,501,Adam,MaxAbsoluteDeviation,0.7028588652610779,8.323210716247559,4.001242900034413
"[23, 23, 8, 23, 8, 23, 8, 23, 8, 23, 23, 8, 23, 23, 22, 16, 8]","['tanh', 'swish', 'elu', 'tanh', 'elu', 'tanh', 'swish', 'sigmoid', 'elu', 'sigmoid', 'sigmoid', 'swish', 'sigmoid', 'swish', 'swish', 'swish', 'elu']",f9f800f900f908f600f6f608f6f8e88800,700,Adam,MaxAbsoluteDeviation,0.7028588652610779,1.7741259336471558,5.092970500001684
"[23, 23, 8, 23, 8, 23, 8, 23, 8, 23, 23, 8, 23, 23, 22, 16, 8]","['tanh', 'swish', 'elu', 'tanh', 'elu', 'tanh', 'swish', 'sigmoid', 'elu', 'sigmoid', 'sigmoid', 'swish', 'sigmoid', 'swish', 'swish', 'swish', 'elu']",f9f800f900f908f600f6f608f6f8e88800,700,Adam,MaxAbsoluteDeviation,0.7028588652610779,1.2112808227539062,5.089467199984938
"[23, 23, 8, 23, 8, 23, 8, 23, 8, 23, 23, 8, 23, 23, 22, 16, 8]","['tanh', 'swish', 'elu', 'tanh', 'elu', 'tanh', 'swish', 'sigmoid', 'elu', 'sigmoid', 'sigmoid', 'swish', 'sigmoid', 'swish', 'swish', 'swish', 'elu']",f9f800f900f908f600f6f608f6f8e88800,700,Adam,MaxAbsoluteDeviation,0.7028588652610779,3.454766273498535,5.045058400020935
"[23, 23, 8, 23, 8, 23, 8, 23, 8, 23, 23, 8, 23, 23, 22, 16, 10]","['tanh', 'swish', 'elu', 'tanh', 'elu', 'tanh', 'swish', 'sigmoid', 'elu', 'sigmoid', 'sigmoid', 'swish', 'sigmoid', 'swish', 'swish', 'swish', 'swish']",f9f800f900f908f600f6f608f6f8e88828,700,Adam,MaxAbsoluteDeviation,0.6609221696853638,1.3391265869140625,4.958381500095129
"[23, 23, 8, 23, 8, 23, 8, 23, 8, 23, 23, 8, 23, 23, 22, 16, 10]","['tanh', 'swish', 'elu', 'tanh', 'elu', 'tanh', 'swish', 'sigmoid', 'elu', 'sigmoid', 'sigmoid', 'swish', 'sigmoid', 'swish', 'swish', 'swish', 'swish']",f9f800f900f908f600f6f608f6f8e88828,700,Adam,MaxAbsoluteDeviation,0.6609221696853638,8.21288013458252,5.071839999989606
"[23, 23, 8, 23, 8, 23, 8, 23, 8, 23, 23, 8, 23, 23, 22, 16, 10]","['tanh', 'swish', 'elu', 'tanh', 'elu', 'tanh', 'swish', 'sigmoid', 'elu', 'sigmoid', 'sigmoid', 'swish', 'sigmoid', 'swish', 'swish', 'swish', 'swish']",f9f800f900f908f600f6f608f6f8e88828,700,Adam,MaxAbsoluteDeviation,0.6609221696853638,2.638110876083374,7.139808899955824
"[23, 23, 8, 23, 8, 23, 8, 23, 8, 23, 23, 8, 23, 23, 22, 8, 10]","['tanh', 'swish', 'elu', 'tanh', 'elu', 'tanh', 'swish', 'sigmoid', 'elu', 'sigmoid', 'sigmoid', 'swish', 'sigmoid', 'swish', 'swish', 'swish', 'swish']",f9f800f900f908f600f6f608f6f8e80828,700,Adam,MaxAbsoluteDeviation,1.1522741317749023,1.6956977844238281,5.2464645999716595
"[23, 23, 8, 23, 8, 23, 8, 23, 8, 23, 23, 8, 23, 23, 22, 8, 10, 14]","['tanh', 'swish', 'elu', 'tanh', 'elu', 'tanh', 'swish', 'sigmoid', 'elu', 'sigmoid', 'sigmoid', 'swish', 'sigmoid', 'swish', 'swish', 'swish', 'elu', 'elu']",f9f800f900f908f600f6f608f6f8e8082060,700,Adam,MaxAbsoluteDeviation,1.1522741317749023,8.749592781066895,5.4108137000584975
"[23, 23, 8, 23, 8, 23, 8, 23, 8, 23, 23, 8, 23, 23, 22, 8, 10]","['tanh', 'swish', 'elu', 'tanh', 'elu', 'tanh', 'swish', 'sigmoid', 'elu', 'sigmoid', 'sigmoid', 'swish', 'sigmoid', 'swish', 'swish', 'swish', 'swish']",f9f800f900f908f600f6f608f6f8e80828,700,Adam,MaxAbsoluteDeviation,0.8338693976402283,0.9130049347877502,5.242075499962084
"[23, 23, 23, 23, 8, 23, 8, 23, 8, 23, 23, 8, 23, 23, 22, 8, 10]","['tanh', 'swish', 'elu', 'tanh', 'elu', 'tanh', 'swish', 'sigmoid', 'elu', 'sigmoid', 'swish', 'swish', 'sigmoid', 'swish', 'elu', 'swish', 'swish']",f9f8f0f900f908f600f6f808f6f8e00828,700,Adam,MaxAbsoluteDeviation,0.8338693976402283,8.658929824829102,5.215128300013021
"[23, 23, 23, 23, 8, 23, 8, 23, 8, 23, 23, 8, 23, 23, 22, 8, 10]","['tanh', 'swish', 'elu', 'tanh', 'elu', 'tanh', 'swish', 'sigmoid', 'elu', 'sigmoid', 'sigmoid', 'swish', 'sigmoid', 'swish', 'swish', 'swish', 'swish']",f9f8f0f900f908f600f6f608f6f8e80828,700,Adam,MaxAbsoluteDeviation,1.5418246984481812,1.039992332458496,5.195312700001523
"[23, 23, 23, 23, 8, 23, 8, 23, 8, 23, 23, 8, 23, 23, 22, 8, 10]","['tanh', 'swish', 'elu', 'tanh', 'elu', 'tanh', 'swish', 'sigmoid', 'elu', 'sigmoid', 'sigmoid', 'swish', 'sigmoid', 'swish', 'swish', 'swish', 'swish']",f9f8f0f900f908f600f6f608f6f8e80828,562,Adam,MaxAbsoluteDeviation,1.233079195022583,0.6375484466552734,4.441651799948886
"[23, 23, 23, 23, 8, 23, 8, 23, 8, 23, 23, 23, 23, 23, 22, 8, 10]","['tanh', 'swish', 'elu', 'tanh', 'elu', 'tanh', 'swish', 'sigmoid', 'elu', 'sigmoid', 'sigmoid', 'swish', 'sigmoid', 'swish', 'swish', 'swish', 'swish']",f9f8f0f900f908f600f6f6f8f6f8e80828,562,Adam,MaxAbsoluteDeviation,1.233079195022583,8.406584739685059,4.4551502000540495
"[23, 23, 23, 23, 8, 23, 8, 23, 8, 23, 23, 8, 23, 23, 22, 8, 10]","['tanh', 'swish', 'elu', 'tanh', 'elu', 'tanh', 'swish', 'sigmoid', 'elu', 'sigmoid', 'sigmoid', 'swish', 'sigmoid', 'swish', 'swish', 'swish', 'swish']",f9f8f0f900f908f600f6f608f6f8e80828,401,Adam,MaxAbsoluteDeviation,1.4054062366485596,1.723974347114563,3.517863900051452
"[23, 23, 23, 23, 8, 23, 8, 23, 8, 23, 23, 23, 23, 23, 22, 8, 10]","['tanh', 'swish', 'elu', 'tanh', 'elu', 'tanh', 'swish', 'sigmoid', 'elu', 'sigmoid', 'sigmoid', 'swish', 'sigmoid', 'swish', 'swish', 'swish', 'swish']",f9f8f0f900f908f600f6f6f8f6f8e80828,401,Adam,MaxAbsoluteDeviation,1.4054062366485596,4.231930732727051,3.5532078999094665
"[23, 23, 23, 23, 8, 23, 8, 23, 8, 23, 23, 8, 23, 23, 22, 8, 10, 22]","['tanh', 'swish', 'elu', 'tanh', 'elu', 'tanh', 'swish', 'sigmoid', 'elu', 'sigmoid', 'sigmoid', 'swish', 'sigmoid', 'swish', 'swish', 'swish', 'swish', 'sigmoid']",f9f8f0f900f908f600f6f608f6f8e80828e6,401,Adam,MaxAbsoluteDeviation,1.4054062366485596,8.793349266052246,3.643789099995047
"[23, 23, 23, 23, 8, 23, 8, 23, 8, 23, 23, 8, 23, 23, 22, 8, 10]","['tanh', 'swish', 'elu', 'tanh', 'elu', 'tanh', 'swish', 'sigmoid', 'elu', 'sigmoid', 'sigmoid', 'swish', 'sigmoid', 'swish', 'swish', 'swish', 'swish']",f9f8f0f900f908f600f6f608f6f8e80828,254,Adam,MaxAbsoluteDeviation,1.4054062366485596,8.336393356323242,2.721582599915564
"[23, 23, 23, 23, 8, 23, 8, 23, 8, 23, 23, 8, 23, 23, 22, 8, 10]","['tanh', 'swish', 'elu', 'tanh', 'elu', 'elu', 'swish', 'sigmoid', 'elu', 'sigmoid', 'sigmoid', 'swish', 'sigmoid', 'swish', 'swish', 'swish', 'swish']",f9f8f0f900f008f600f6f608f6f8e80828,401,Adam,MaxAbsoluteDeviation,1.3737744092941284,2.185441017150879,3.4909725000616163
"[23, 23, 23, 23, 8, 23, 8, 23, 8, 23, 23, 8, 23, 23, 22, 8, 8, 10, 20]","['tanh', 'swish', 'elu', 'tanh', 'elu', 'elu', 'swish', 'sigmoid', 'elu', 'sigmoid', 'sigmoid', 'swish', 'sigmoid', 'swish', 'swish', 'swish', 'swish', 'tanh', 'sigmoid']",f9f8f0f900f008f600f6f608f6f8e8080829c6,401,Adam,MaxAbsoluteDeviation,1.3737744092941284,8.693808555603027,3.6908269999548793
"[23, 23, 23, 23, 8, 23, 8, 23, 8, 23, 23, 8, 23, 23, 22, 8, 10]","['tanh', 'swish', 'elu', 'tanh', 'elu', 'elu', 'swish', 'sigmoid', 'elu', 'sigmoid', 'sigmoid', 'swish', 'sigmoid', 'swish', 'swish', 'swish', 'swish']",f9f8f0f900f008f600f6f608f6f8e80828,700,Adam,MaxAbsoluteDeviation,1.3737744092941284,8.43630313873291,5.084525199956261
"[23, 23, 23, 23, 8, 23, 8, 23, 8, 23, 23, 8, 23, 23, 22, 8, 10]","['tanh', 'swish', 'elu', 'tanh', 'elu', 'elu', 'swish', 'sigmoid', 'elu', 'sigmoid', 'sigmoid', 'swish', 'sigmoid', 'swish', 'swish', 'swish', 'swish']",f9f8f0f900f008f600f6f608f6f8e80828,700,Adam,MaxAbsoluteDeviation,1.7483700513839722,1.2179362773895264,5.107754900003783
"[23, 23, 23, 23, 8, 23, 8, 23, 8, 23, 23, 8, 23, 23, 22, 8, 10]","['tanh', 'swish', 'elu', 'tanh', 'elu', 'elu', 'swish', 'sigmoid', 'elu', 'sigmoid', 'sigmoid', 'swish', 'sigmoid', 'swish', 'swish', 'swish', 'swish']",f9f8f0f900f008f600f6f608f6f8e80828,700,Adam,MaxAbsoluteDeviation,1.7483700513839722,3.392012596130371,5.079209099989384
"[23, 23, 23, 23, 8, 23, 23, 23, 8, 23, 23, 8, 23, 23, 22, 8, 10]","['tanh', 'swish', 'elu', 'tanh', 'elu', 'elu', 'swish', 'sigmoid', 'elu', 'sigmoid', 'sigmoid', 'swish', 'sigmoid', 'swish', 'swish', 'swish', 'swish']",f9f8f0f900f0f8f600f6f608f6f8e80828,700,Adam,MaxAbsoluteDeviation,1.7483700513839722,8.593586921691895,5.116907299961895
"[23, 23, 23, 23, 8, 23, 8, 23, 8, 23, 23, 8, 23, 23, 22, 8, 10]","['tanh', 'swish', 'elu', 'tanh', 'elu', 'elu', 'swish', 'sigmoid', 'elu', 'sigmoid', 'sigmoid', 'sigmoid', 'sigmoid', 'swish', 'swish', 'swish', 'swish']",f9f8f0f900f008f600f6f606f6f8e80828,700,Adam,MaxAbsoluteDeviation,1.7483700513839722,8.533174514770508,5.058548300061375
"[23, 23, 23, 23, 8, 23, 8, 23, 8, 23, 23, 8, 23, 23, 22, 8, 10]","['tanh', 'swish', 'elu', 'tanh', 'elu', 'elu', 'swish', 'sigmoid', 'elu', 'sigmoid', 'sigmoid', 'swish', 'sigmoid', 'swish', 'swish', 'swish', 'swish']",f9f8f0f900f008f600f6f608f6f8e80828,700,Adam,MaxAbsoluteDeviation,2.5478758811950684,2.5707736015319824,4.981698399991728
"[23, 23, 23, 23, 8, 23, 8, 23, 8, 23, 23, 8, 23, 23, 22, 8, 10]","['tanh', 'swish', 'elu', 'tanh', 'elu', 'elu', 'swish', 'sigmoid', 'elu', 'sigmoid', 'sigmoid', 'swish', 'sigmoid', 'swish', 'swish', 'swish', 'swish']",f9f8f0f900f008f600f6f608f6f8e80828,700,Adam,MaxAbsoluteDeviation,2.5478758811950684,8.27690315246582,5.092819000012241
"[23, 23, 23, 23, 8, 23, 8, 23, 8, 23, 23, 8, 23, 23, 22, 8, 10]","['tanh', 'swish', 'elu', 'tanh', 'elu', 'elu', 'swish', 'sigmoid', 'elu', 'sigmoid', 'sigmoid', 'swish', 'sigmoid', 'swish', 'swish', 'swish', 'swish']",f9f8f0f900f008f600f6f608f6f8e80828,529,Adam,MaxAbsoluteDeviation,2.5478758811950684,8.173827171325684,6.134328500018455
"[23, 23, 23, 23, 8, 23, 8, 23, 8, 23, 23, 8, 23, 23, 22, 8, 10]","['tanh', 'swish', 'elu', 'tanh', 'elu', 'elu', 'swish', 'sigmoid', 'elu', 'sigmoid', 'sigmoid', 'swish', 'sigmoid', 'elu', 'swish', 'swish', 'swish']",f9f8f0f900f008f600f6f608f6f0e80828,677,Adam,MaxAbsoluteDeviation,1.6017085313796997,1.701411247253418,5.119208799907938
"[23, 23, 23, 8, 8, 23, 8, 23, 8, 23, 23, 8, 23, 23, 22, 8, 10]","['tanh', 'swish', 'elu', 'tanh', 'elu', 'elu', 'swish', 'sigmoid', 'elu', 'sigmoid', 'sigmoid', 'swish', 'sigmoid', 'elu', 'swish', 'swish', 'swish']",f9f8f00900f008f600f6f608f6f0e80828,677,Adam,MaxAbsoluteDeviation,1.6017085313796997,8.499316215515137,5.096898399991915
"[23, 23, 23, 23, 8, 23, 8, 23, 8, 23, 23, 8, 23, 23, 22, 8, 10]","['tanh', 'swish', 'elu', 'tanh', 'elu', 'elu', 'swish', 'sigmoid', 'elu', 'sigmoid', 'sigmoid', 'swish', 'sigmoid', 'elu', 'swish', 'swish', 'swish']",f9f8f0f900f008f600f6f608f6f0e80828,677,Adam,MaxAbsoluteDeviation,1.6017085313796997,8.420452117919922,5.070135199930519
"[23, 23, 23, 23, 8, 23, 8, 23, 8, 23, 23, 8, 23, 23, 22, 8, 10, 19]","['tanh', 'swish', 'elu', 'tanh', 'elu', 'elu', 'swish', 'sigmoid', 'elu', 'sigmoid', 'sigmoid', 'swish', 'sigmoid', 'elu', 'swish', 'swish', 'swish', 'swish']",f9f8f0f900f008f600f6f608f6f0e80828b8,677,Adam,MaxAbsoluteDeviation,1.6017085313796997,8.705131530761719,5.244413499953225
"[23, 23, 23, 23, 8, 8, 8, 23, 8, 23, 23, 8, 23, 23, 22, 8, 10]","['tanh', 'swish', 'elu', 'tanh', 'elu', 'elu', 'swish', 'sigmoid', 'elu', 'sigmoid', 'sigmoid', 'swish', 'sigmoid', 'elu', 'swish', 'swish', 'swish']",f9f8f0f9000008f600f6f608f6f0e80828,677,Adam,MaxAbsoluteDeviation,1.6017085313796997,5.2400665283203125,5.032264599925838
"[23, 23, 23, 23, 8, 23, 8, 23, 8, 23, 23, 8, 23, 23, 22, 8, 10]","['tanh', 'swish', 'elu', 'tanh', 'elu', 'elu', 'swish', 'sigmoid', 'elu', 'sigmoid', 'sigmoid', 'swish', 'sigmoid', 'elu', 'swish', 'swish', 'swish']",f9f8f0f900f008f600f6f608f6f0e80828,171,Adam,MaxAbsoluteDeviation,3.127542018890381,3.0916385650634766,2.2636617000680417
"[23, 23, 23, 23, 8, 23, 8, 23, 8, 23, 23, 8, 23, 23, 22, 8, 10]","['tanh', 'swish', 'elu', 'tanh', 'elu', 'elu', 'swish', 'sigmoid', 'elu', 'sigmoid', 'sigmoid', 'swish', 'sigmoid', 'elu', 'swish', 'swish', 'swish']",f9f8f0f900f008f600f6f608f6f0e80828,147,Adam,MaxAbsoluteDeviation,1.1710543632507324,0.8195419311523438,2.160371399950236
"[23, 23, 23, 23, 23, 23, 8, 23, 8, 23, 23, 8, 23, 23, 22, 8, 10, 16]","['tanh', 'swish', 'elu', 'tanh', 'elu', 'elu', 'swish', 'sigmoid', 'elu', 'sigmoid', 'sigmoid', 'swish', 'sigmoid', 'elu', 'swish', 'swish', 'swish', 'elu']",f9f8f0f9f0f008f600f6f608f6f0e8082880,147,Adam,MaxAbsoluteDeviation,1.1710543632507324,7.352118492126465,2.2510139999212697
"[23, 23, 23, 23, 8, 23, 8, 23, 8, 23, 23, 8, 23, 23, 22, 8]","['tanh', 'swish', 'elu', 'tanh', 'elu', 'elu', 'swish', 'sigmoid', 'elu', 'sigmoid', 'sigmoid', 'swish', 'sigmoid', 'elu', 'swish', 'swish']",f9f8f0f900f008f600f6f608f6f0e808,147,Adam,MaxAbsoluteDeviation,1.1710543632507324,3.655111312866211,2.049390200059861
"[23, 23, 23, 23, 8, 23, 8, 23, 8, 23, 23, 8, 23, 23, 22, 8, 10, 23]","['tanh', 'swish', 'elu', 'tanh', 'elu', 'elu', 'swish', 'sigmoid', 'elu', 'sigmoid', 'sigmoid', 'swish', 'sigmoid', 'elu', 'swish', 'swish', 'swish', 'sigmoid']",f9f8f0f900f008f600f6f608f6f0e80828f6,147,Adam,MaxAbsoluteDeviation,1.1710543632507324,8.480761528015137,2.227900299942121
"[23, 23, 23, 23, 8, 23, 8, 23, 8, 23, 23, 8, 23, 23, 22, 8]","['tanh', 'swish', 'elu', 'tanh', 'elu', 'elu', 'swish', 'sigmoid', 'elu', 'sigmoid', 'sigmoid', 'swish', 'sigmoid', 'elu', 'swish', 'swish']",f9f8f0f900f008f600f6f608f6f0e808,700,Adam,MaxAbsoluteDeviation,1.1710543632507324,8.243389129638672,5.0244344000238925
"[23, 23, 23, 23, 8, 23, 8, 23, 8, 23, 23, 8, 23, 23, 22, 8]","['tanh', 'swish', 'elu', 'tanh', 'elu', 'elu', 'swish', 'sigmoid', 'elu', 'sigmoid', 'sigmoid', 'swish', 'sigmoid', 'elu', 'swish', 'swish']",f9f8f0f900f008f600f6f608f6f0e808,147,Adam,MaxAbsoluteDeviation,1.1710543632507324,4.503281116485596,2.0343180999625474
"[23, 23, 23, 23, 8, 23, 8, 23, 8, 23, 23, 8, 23, 23, 22, 8, 23]","['tanh', 'swish', 'elu', 'tanh', 'elu', 'elu', 'swish', 'sigmoid', 'elu', 'sigmoid', 'sigmoid', 'swish', 'sigmoid', 'elu', 'swish', 'swish', 'swish']",f9f8f0f900f008f600f6f608f6f0e808f8,147,Adam,MaxAbsoluteDeviation,1.1710543632507324,9.019896507263184,2.1242461999645457
"[23, 23, 23, 23, 8, 23, 8, 23, 8, 23, 23, 8, 23, 23, 22, 8, 10]","['tanh', 'swish', 'elu', 'tanh', 'elu', 'elu', 'swish', 'sigmoid', 'elu', 'sigmoid', 'sigmoid', 'swish', 'sigmoid', 'elu', 'swish', 'swish', 'swish']",f9f8f0f900f008f600f6f608f6f0e80828,700,Adam,MaxAbsoluteDeviation,1.6944444179534912,1.5636587142944336,5.121866300003603
"[23, 23, 23, 23, 8, 23, 8, 23, 8, 23, 23, 8, 23, 23, 22, 8, 10]","['tanh', 'swish', 'elu', 'tanh', 'elu', 'elu', 'swish', 'sigmoid', 'elu', 'sigmoid', 'sigmoid', 'swish', 'sigmoid', 'elu', 'swish', 'swish', 'swish']",f9f8f0f900f008f600f6f608f6f0e80828,534,Adam,MaxAbsoluteDeviation,1.6944444179534912,8.204259872436523,4.207387399976142
"[23, 23, 23, 23, 8, 23, 8, 23, 8, 23, 23, 8, 23, 23, 22, 8, 10]","['tanh', 'swish', 'elu', 'tanh', 'elu', 'elu', 'swish', 'sigmoid', 'elu', 'sigmoid', 'sigmoid', 'swish', 'sigmoid', 'elu', 'swish', 'swish', 'swish']",f9f8f0f900f008f600f6f608f6f0e80828,700,Adam,MaxAbsoluteDeviation,1.6944444179534912,8.589592933654785,5.082594700041227
"[23, 23, 23, 23, 8, 23, 8, 23, 8, 23, 23, 8, 23, 23, 22, 8, 10]","['tanh', 'swish', 'elu', 'tanh', 'elu', 'elu', 'swish', 'sigmoid', 'elu', 'sigmoid', 'sigmoid', 'swish', 'sigmoid', 'elu', 'swish', 'swish', 'swish']",f9f8f0f900f008f600f6f608f6f0e80828,250,Adam,MaxAbsoluteDeviation,1.6944444179534912,8.486255645751953,2.63805940002203
"[23, 23, 23, 23, 8, 23, 8, 23, 8, 23, 23, 8, 23, 23, 22, 8, 10, 11]","['tanh', 'swish', 'elu', 'tanh', 'elu', 'elu', 'swish', 'sigmoid', 'elu', 'sigmoid', 'sigmoid', 'swish', 'sigmoid', 'elu', 'swish', 'swish', 'swish', 'tanh']",f9f8f0f900f008f600f6f608f6f0e8082839,700,Adam,MaxAbsoluteDeviation,1.6944444179534912,8.624947547912598,5.229732100036927
"[23, 23, 23, 23, 8, 23, 8, 23, 8, 23, 23, 8, 23, 23, 22, 8, 10]","['tanh', 'swish', 'elu', 'tanh', 'elu', 'elu', 'swish', 'sigmoid', 'elu', 'sigmoid', 'sigmoid', 'swish', 'sigmoid', 'elu', 'swish', 'tanh', 'swish']",f9f8f0f900f008f600f6f608f6f0e80928,497,Adam,MaxAbsoluteDeviation,1.6944444179534912,8.574923515319824,3.9450983999995515
"[23, 23, 23, 23, 8, 23, 8, 23, 8, 23, 23, 8, 23, 23, 22, 8, 10]","['tanh', 'swish', 'elu', 'swish', 'elu', 'elu', 'swish', 'sigmoid', 'elu', 'sigmoid', 'sigmoid', 'swish', 'sigmoid', 'elu', 'swish', 'swish', 'swish']",f9f8f0f800f008f600f6f608f6f0e80828,700,Adam,MaxAbsoluteDeviation,1.6944444179534912,2.5380916595458984,5.03716509998776
"[23, 23, 23, 23, 23, 23, 8, 23, 8, 23, 23, 8, 23, 23, 22, 8]","['tanh', 'swish', 'elu', 'tanh', 'elu', 'elu', 'swish', 'sigmoid', 'elu', 'sigmoid', 'sigmoid', 'swish', 'sigmoid', 'elu', 'swish', 'swish']",f9f8f0f9f0f008f600f6f608f6f0e808,700,Adam,MaxAbsoluteDeviation,1.6944444179534912,5.762449264526367,7.014948499971069
"[23, 23, 23, 23, 8, 23, 8, 23, 8, 23, 23, 8, 23, 23, 22, 8]","['tanh', 'swish', 'elu', 'tanh', 'elu', 'elu', 'swish', 'sigmoid', 'elu', 'sigmoid', 'sigmoid', 'swish', 'sigmoid', 'elu', 'swish', 'swish']",f9f8f0f900f008f600f6f608f6f0e808,700,Adam,MaxAbsoluteDeviation,1.9078150987625122,2.1700472831726074,5.056113299913704
"[23, 23, 23, 23, 8, 23, 8, 23, 8, 23, 23, 8, 23, 23, 22, 8]","['tanh', 'swish', 'elu', 'tanh', 'elu', 'elu', 'swish', 'sigmoid', 'elu', 'sigmoid', 'sigmoid', 'swish', 'sigmoid', 'elu', 'swish', 'swish']",f9f8f0f900f008f600f6f608f6f0e808,650,Adam,MaxAbsoluteDeviation,1.9078150987625122,8.702180862426758,4.679764000000432
"[23, 23, 23, 23, 8, 23, 8, 23, 8, 23, 23, 8, 23, 23, 22, 8]","['tanh', 'swish', 'elu', 'tanh', 'elu', 'elu', 'swish', 'sigmoid', 'elu', 'sigmoid', 'sigmoid', 'swish', 'sigmoid', 'elu', 'swish', 'swish']",f9f8f0f900f008f600f6f608f6f0e808,700,Adam,MaxAbsoluteDeviation,2.091275215148926,2.442228317260742,5.028719600057229
"[23, 23, 23, 23, 8, 23, 8, 23, 8, 23, 23, 8, 23, 23, 22, 8]","['tanh', 'swish', 'elu', 'tanh', 'elu', 'elu', 'swish', 'sigmoid', 'elu', 'sigmoid', 'sigmoid', 'swish', 'sigmoid', 'elu', 'swish', 'swish']",f9f8f0f900f008f600f6f608f6f0e808,123,Adam,MaxAbsoluteDeviation,2.091275215148926,8.609973907470703,1.8798788000131026
"[23, 23, 23, 23, 8, 23, 8, 23, 8, 23, 23, 8, 23, 23, 22]","['tanh', 'swish', 'elu', 'tanh', 'elu', 'elu', 'swish', 'sigmoid', 'elu', 'sigmoid', 'sigmoid', 'swish', 'sigmoid', 'elu', 'swish']",f9f8f0f900f008f600f6f608f6f0e8,700,Adam,MaxAbsoluteDeviation,2.091275215148926,8.699453353881836,4.798365599941462
"[23, 23, 23, 23, 8, 23, 8, 23, 8, 23, 23, 8, 23, 23, 22, 8]","['tanh', 'swish', 'elu', 'tanh', 'elu', 'elu', 'swish', 'sigmoid', 'elu', 'sigmoid', 'sigmoid', 'swish', 'sigmoid', 'elu', 'swish', 'swish']",f9f8f0f900f008f600f6f608f6f0e808,700,Adam,MaxAbsoluteDeviation,1.344140648841858,1.3936738967895508,4.970354399993084
"[23, 23, 23, 23, 8, 23, 8, 23, 8, 23, 23, 8, 23, 23, 22, 8, 17]","['tanh', 'swish', 'elu', 'tanh', 'elu', 'elu', 'swish', 'sigmoid', 'elu', 'sigmoid', 'sigmoid', 'swish', 'sigmoid', 'elu', 'swish', 'swish', 'tanh']",f9f8f0f900f008f600f6f608f6f0e80899,213,Adam,MaxAbsoluteDeviation,1.344140648841858,8.834919929504395,2.452104300027713
"[23, 23, 23, 23, 8, 23, 8, 23, 8, 23, 23, 8, 23, 23, 22, 8]","['tanh', 'swish', 'elu', 'tanh', 'elu', 'elu', 'swish', 'sigmoid', 'elu', 'sigmoid', 'sigmoid', 'swish', 'sigmoid', 'elu', 'swish', 'swish']",f9f8f0f900f008f600f6f608f6f0e808,700,Adam,MaxAbsoluteDeviation,1.344140648841858,4.044795989990234,4.975768200005405
"[23, 23, 23, 23, 8, 23, 8, 23, 8, 23, 23, 8, 23, 23, 22, 8]","['tanh', 'swish', 'elu', 'tanh', 'elu', 'elu', 'swish', 'sigmoid', 'elu', 'sigmoid', 'sigmoid', 'swish', 'sigmoid', 'elu', 'swish', 'swish']",f9f8f0f900f008f600f6f608f6f0e808,100,Adam,MaxAbsoluteDeviation,1.344140648841858,8.68651008605957,1.809137300006114
"[23, 23, 23, 23, 8, 23, 8, 23, 8, 23, 23, 8, 23, 23, 22, 8]","['tanh', 'swish', 'elu', 'tanh', 'elu', 'elu', 'swish', 'sigmoid', 'elu', 'sigmoid', 'sigmoid', 'swish', 'sigmoid', 'elu', 'swish', 'swish']",f9f8f0f900f008f600f6f608f6f0e808,700,Adam,MaxAbsoluteDeviation,1.344140648841858,1.992419719696045,5.000914499978535
"[23, 23, 23, 23, 8, 23, 8, 13, 8, 23, 23, 8, 23, 23, 22, 8]","['tanh', 'swish', 'elu', 'tanh', 'elu', 'elu', 'swish', 'sigmoid', 'elu', 'sigmoid', 'sigmoid', 'swish', 'sigmoid', 'elu', 'swish', 'swish']",f9f8f0f900f0085600f6f608f6f0e808,700,Adam,MaxAbsoluteDeviation,1.344140648841858,8.742456436157227,4.92544490005821
"[23, 23, 23, 23, 8, 23, 8, 23, 8, 23, 23, 8, 23, 23, 22, 8, 13]","['tanh', 'swish', 'elu', 'tanh', 'elu', 'elu', 'swish', 'sigmoid', 'elu', 'sigmoid', 'sigmoid', 'swish', 'sigmoid', 'elu', 'swish', 'swish', 'elu']",f9f8f0f900f008f600f6f608f6f0e80850,700,Adam,MaxAbsoluteDeviation,1.344140648841858,4.591432571411133,5.1300225999439135
"[23, 23, 23, 23, 8, 23, 8, 23, 8, 23, 23, 8, 23, 23, 22, 8]","['tanh', 'swish', 'elu', 'tanh', 'elu', 'elu', 'swish', 'sigmoid', 'elu', 'sigmoid', 'sigmoid', 'swish', 'sigmoid', 'elu', 'swish', 'sigmoid']",f9f8f0f900f008f600f6f608f6f0e806,361,Adam,MaxAbsoluteDeviation,1.344140648841858,8.235960960388184,3.0831753000384197
"[23, 23, 23, 23, 8, 23, 8, 23, 8, 8, 23, 8, 23, 23, 22, 8]","['tanh', 'swish', 'elu', 'tanh', 'elu', 'elu', 'swish', 'sigmoid', 'elu', 'sigmoid', 'sigmoid', 'swish', 'sigmoid', 'elu', 'swish', 'swish']",f9f8f0f900f008f60006f608f6f0e808,159,Adam,MaxAbsoluteDeviation,1.344140648841858,1.7248411178588867,2.076511900057085
"[23, 23, 23, 23, 8, 23, 8, 23, 8, 23, 23, 8, 23, 23, 22, 8]","['tanh', 'swish', 'elu', 'tanh', 'elu', 'elu', 'swish', 'sigmoid', 'elu', 'sigmoid', 'sigmoid', 'swish', 'sigmoid', 'elu', 'swish', 'swish']",f9f8f0f900f008f600f6f608f6f0e808,700,Adam,MaxAbsoluteDeviation,1.5080702304840088,1.2148609161376953,4.826235100044869
"[23, 23, 23, 23, 8, 23, 8, 23, 8, 23, 23, 8, 23, 23, 22, 8]","['tanh', 'swish', 'elu', 'tanh', 'elu', 'elu', 'swish', 'sigmoid', 'elu', 'sigmoid', 'sigmoid', 'swish', 'sigmoid', 'elu', 'swish', 'swish']",f9f8f0f900f008f600f6f608f6f0e808,174,Adam,MaxAbsoluteDeviation,1.5080702304840088,3.288137435913086,2.1277454999508336
"[23, 23, 23, 23, 8, 23, 8, 23, 8, 23, 23, 8, 23, 23, 22, 8, 11]","['tanh', 'swish', 'elu', 'tanh', 'elu', 'elu', 'swish', 'sigmoid', 'elu', 'sigmoid', 'sigmoid', 'swish', 'sigmoid', 'elu', 'swish', 'swish', 'sigmoid']",f9f8f0f900f008f600f6f608f6f0e80836,700,Adam,MaxAbsoluteDeviation,1.5080702304840088,8.423991203308105,4.986800199956633
"[8, 23, 23, 23, 8, 23, 8, 23, 8, 23, 8, 8, 23, 23, 22]","['tanh', 'swish', 'elu', 'tanh', 'elu', 'elu', 'swish', 'sigmoid', 'elu', 'elu', 'sigmoid', 'swish', 'sigmoid', 'elu', 'swish']",09f8f0f900f008f600f00608f6f0e8,247,Adam,MaxAbsoluteDeviation,1.9034429788589478,0.9934753179550171,2.334663199959323
"[8, 23, 23, 23, 8, 23, 8, 23, 8, 23, 8, 8, 23, 23, 22]","['tanh', 'swish', 'elu', 'tanh', 'elu', 'elu', 'swish', 'sigmoid', 'elu', 'elu', 'sigmoid', 'swish', 'sigmoid', 'elu', 'swish']",09f8f0f900f008f600f00608f6f0e8,172,Adam,MaxAbsoluteDeviation,1.9034429788589478,8.873824119567871,2.00797109992709
"[8, 23, 23, 23, 8, 23, 8, 23, 8, 23, 8, 8, 23, 23, 22]","['tanh', 'swish', 'elu', 'tanh', 'elu', 'elu', 'swish', 'sigmoid', 'elu', 'elu', 'sigmoid', 'swish', 'sigmoid', 'elu', 'swish']",09f8f0f900f008f600f00608f6f0e8,247,Adam,MaxAbsoluteDeviation,1.9034429788589478,8.307683944702148,2.342896700021811
"[8, 23, 23, 23, 8, 23, 8, 23, 8, 23, 8, 8, 23, 23]","['tanh', 'swish', 'elu', 'tanh', 'elu', 'elu', 'swish', 'sigmoid', 'elu', 'elu', 'sigmoid', 'swish', 'sigmoid', 'elu']",09f8f0f900f008f600f00608f6f0,247,Adam,MaxAbsoluteDeviation,1.9034429788589478,8.290931701660156,2.2293842000653967
"[8, 23, 23, 23, 8, 23, 8, 23, 8, 23, 8, 8, 23, 23, 22]","['tanh', 'swish', 'elu', 'tanh', 'elu', 'elu', 'swish', 'sigmoid', 'elu', 'elu', 'sigmoid', 'swish', 'sigmoid', 'elu', 'swish']",09f8f0f900f008f600f00608f6f0e8,100,Adam,MaxAbsoluteDeviation,1.9034429788589478,5.730062484741211,1.6448591999942437
"[8, 23, 23, 23, 8, 23, 8, 23, 8, 23, 8, 8, 23, 23, 22]","['tanh', 'swish', 'elu', 'tanh', 'elu', 'elu', 'swish', 'sigmoid', 'elu', 'elu', 'sigmoid', 'swish', 'sigmoid', 'elu', 'swish']",09f8f0f900f008f600f00608f6f0e8,100,Adam,MaxAbsoluteDeviation,1.9034429788589478,5.692060947418213,3.6091835000552237
"[8, 23, 23, 23, 8, 23, 8, 23, 8, 23, 8, 8, 23, 23, 22]","['tanh', 'swish', 'elu', 'tanh', 'elu', 'elu', 'swish', 'sigmoid', 'elu', 'elu', 'sigmoid', 'swish', 'sigmoid', 'elu', 'swish']",09f8f0f900f008f600f00608f6f0e8,156,Adam,MaxAbsoluteDeviation,1.9034429788589478,9.160370826721191,1.9622129000490531
"[8, 23, 23, 23, 8, 23, 8, 23, 8, 23, 8, 8, 23, 23, 22]","['tanh', 'swish', 'elu', 'tanh', 'elu', 'elu', 'swish', 'sigmoid', 'elu', 'elu', 'sigmoid', 'swish', 'sigmoid', 'elu', 'swish']",09f8f0f900f008f600f00608f6f0e8,700,Adam,MaxAbsoluteDeviation,1.9034429788589478,8.300067901611328,4.792527299956419
"[8, 23, 23, 23, 23, 23, 8, 23, 23, 23, 8, 8, 23, 23, 22]","['tanh', 'swish', 'elu', 'tanh', 'elu', 'elu', 'swish', 'sigmoid', 'elu', 'elu', 'sigmoid', 'swish', 'sigmoid', 'elu', 'swish']",09f8f0f9f0f008f6f0f00608f6f0e8,152,Adam,MaxAbsoluteDeviation,1.9034429788589478,8.436013221740723,1.9486377000575885
"[8, 23, 23, 23, 23, 23, 8, 23, 8, 23, 8, 8, 23, 23, 22]","['tanh', 'swish', 'elu', 'tanh', 'elu', 'elu', 'swish', 'sigmoid', 'elu', 'elu', 'sigmoid', 'swish', 'sigmoid', 'elu', 'swish']",09f8f0f9f0f008f600f00608f6f0e8,247,Adam,MaxAbsoluteDeviation,2.2021138668060303,2.0471692085266113,2.400850999983959
"[8, 23, 23, 23, 23, 23, 8, 23, 8, 23, 8, 8, 23, 23, 22]","['tanh', 'swish', 'elu', 'tanh', 'elu', 'elu', 'swish', 'sigmoid', 'elu', 'elu', 'sigmoid', 'swish', 'sigmoid', 'elu', 'swish']",09f8f0f9f0f008f600f00608f6f0e8,100,Adam,MaxAbsoluteDeviation,2.2021138668060303,7.336926460266113,1.6926021000836045
"[8, 23, 23, 23, 23, 23, 8, 23, 8, 23, 8, 8, 23, 23, 22]","['tanh', 'swish', 'elu', 'tanh', 'elu', 'elu', 'swish', 'sigmoid', 'elu', 'elu', 'sigmoid', 'swish', 'sigmoid', 'elu', 'swish']",09f8f0f9f0f008f600f00608f6f0e8,247,Adam,MaxAbsoluteDeviation,2.2021138668060303,3.9443769454956055,2.430735900066793
"[8, 23, 23, 23, 23, 23, 8, 23, 8, 23, 8, 8, 23, 23, 22]","['tanh', 'swish', 'elu', 'tanh', 'elu', 'elu', 'swish', 'sigmoid', 'elu', 'elu', 'sigmoid', 'swish', 'sigmoid', 'elu', 'swish']",09f8f0f9f0f008f600f00608f6f0e8,700,Adam,MaxAbsoluteDeviation,2.2021138668060303,8.542037010192871,4.771989999921061
"[8, 23, 23, 23, 23, 23, 8, 23, 8, 23, 8, 8, 23, 23, 22, 23, 21]","['tanh', 'swish', 'elu', 'tanh', 'elu', 'elu', 'swish', 'sigmoid', 'elu', 'elu', 'sigmoid', 'swish', 'sigmoid', 'elu', 'swish', 'swish', 'tanh']",09f8f0f9f0f008f600f00608f6f0e8f8d9,105,Adam,MaxAbsoluteDeviation,2.2021138668060303,8.40427303314209,1.8889134000055492
"[8, 23, 23, 23, 23, 23, 8, 8, 8, 23, 8, 8, 23, 23, 22]","['tanh', 'swish', 'elu', 'tanh', 'elu', 'elu', 'swish', 'sigmoid', 'elu', 'elu', 'sigmoid', 'swish', 'sigmoid', 'elu', 'swish']",09f8f0f9f0f0080600f00608f6f0e8,700,Adam,MaxAbsoluteDeviation,2.2021138668060303,8.214736938476562,4.8130202000029385
"[8, 23, 23, 23, 23, 23, 8, 23, 8, 23, 8, 8, 23, 23, 22, 16]","['tanh', 'swish', 'elu', 'tanh', 'elu', 'elu', 'swish', 'sigmoid', 'elu', 'elu', 'sigmoid', 'swish', 'sigmoid', 'elu', 'swish', 'sigmoid']",09f8f0f9f0f008f600f00608f6f0e886,247,Adam,MaxAbsoluteDeviation,2.2021138668060303,8.376492500305176,2.526693799998611
"[8, 23, 23, 23, 23, 23, 8, 23, 8, 23, 8, 8, 23, 23, 22]","['tanh', 'swish', 'elu', 'tanh', 'elu', 'elu', 'swish', 'sigmoid', 'elu', 'elu', 'sigmoid', 'swish', 'sigmoid', 'elu', 'swish']",09f8f0f9f0f008f600f00608f6f0e8,700,Adam,MaxAbsoluteDeviation,2.2021138668060303,8.63562297821045,4.806336899986491
"[8, 23, 23, 23, 23, 23, 8, 23, 8, 23, 8, 8, 23, 23, 22]","['tanh', 'swish', 'tanh', 'tanh', 'elu', 'elu', 'swish', 'sigmoid', 'elu', 'elu', 'sigmoid', 'swish', 'sigmoid', 'elu', 'swish']",09f8f9f9f0f008f600f00608f6f0e8,247,Adam,MaxAbsoluteDeviation,1.6434860229492188,1.5963401794433594,2.4334235000424087
"[8, 23, 23, 23, 23, 23, 8, 23, 8, 23, 8, 8, 23, 23, 22]","['tanh', 'swish', 'tanh', 'tanh', 'elu', 'elu', 'swish', 'sigmoid', 'elu', 'elu', 'sigmoid', 'swish', 'sigmoid', 'elu', 'swish']",09f8f9f9f0f008f600f00608f6f0e8,700,Adam,MaxAbsoluteDeviation,1.6434860229492188,8.538127899169922,4.793538800091483
"[8, 23, 23, 23, 23, 8, 8, 23, 8, 23, 8, 23, 23, 23, 22]","['tanh', 'swish', 'tanh', 'tanh', 'elu', 'elu', 'swish', 'sigmoid', 'elu', 'elu', 'sigmoid', 'swish', 'sigmoid', 'elu', 'swish']",09f8f9f9f00008f600f006f8f6f0e8,247,Adam,MaxAbsoluteDeviation,1.6434860229492188,2.0904436111450195,2.3964395000366494
"[8, 23, 23, 23, 23, 23, 8, 23, 8, 23, 8, 8, 23, 23, 22]","['tanh', 'swish', 'tanh', 'tanh', 'elu', 'elu', 'swish', 'sigmoid', 'elu', 'elu', 'sigmoid', 'swish', 'sigmoid', 'elu', 'swish']",09f8f9f9f0f008f600f00608f6f0e8,700,Adam,MaxAbsoluteDeviation,1.6434860229492188,8.47115707397461,4.737380199949257
"[8, 23, 23, 23, 23, 23, 8, 23, 8, 23, 8, 8, 23, 23, 22]","['tanh', 'swish', 'tanh', 'tanh', 'elu', 'elu', 'swish', 'sigmoid', 'elu', 'elu', 'sigmoid', 'swish', 'sigmoid', 'elu', 'swish']",09f8f9f9f0f008f600f00608f6f0e8,240,Adam,MaxAbsoluteDeviation,1.6434860229492188,4.28709602355957,2.33489240007475
"[8, 23, 23, 23, 23, 23, 8, 23, 8, 23, 8, 8, 23, 23, 22]","['tanh', 'swish', 'tanh', 'tanh', 'elu', 'elu', 'swish', 'sigmoid', 'elu', 'elu', 'sigmoid', 'swish', 'sigmoid', 'elu', 'swish']",09f8f9f9f0f008f600f00608f6f0e8,148,Adam,MaxAbsoluteDeviation,1.6434860229492188,7.675768852233887,1.8950610000174493
"[8, 23, 23, 23, 23, 23, 8, 23, 8, 23, 8, 8, 23, 23, 22]","['tanh', 'swish', 'tanh', 'tanh', 'elu', 'elu', 'swish', 'tanh', 'elu', 'elu', 'sigmoid', 'swish', 'sigmoid', 'elu', 'swish']",09f8f9f9f0f008f900f00608f6f0e8,247,Adam,MaxAbsoluteDeviation,1.6434860229492188,8.821873664855957,2.3669803000520915
"[8, 23, 23, 23, 23, 23, 8, 23, 8, 23, 8, 8, 23, 23, 22]","['tanh', 'swish', 'tanh', 'tanh', 'elu', 'elu', 'swish', 'sigmoid', 'elu', 'elu', 'sigmoid', 'swish', 'sigmoid', 'elu', 'swish']",09f8f9f9f0f008f600f00608f6f0e8,247,Adam,MaxAbsoluteDeviation,1.6434860229492188,1.7476025819778442,2.3528362000361085
"[8, 23, 23, 23, 23, 23, 8, 23, 8, 23, 8, 8, 8, 23, 22]","['tanh', 'swish', 'tanh', 'tanh', 'elu', 'elu', 'swish', 'sigmoid', 'elu', 'elu', 'sigmoid', 'swish', 'sigmoid', 'elu', 'swish']",09f8f9f9f0f008f600f0060806f0e8,247,Adam,MaxAbsoluteDeviation,1.6434860229492188,8.984652519226074,2.349987299996428
"[8, 23, 23, 23, 23, 23, 8, 23, 8, 23, 8, 8, 23, 23, 22, 23]","['tanh', 'swish', 'tanh', 'tanh', 'elu', 'elu', 'swish', 'sigmoid', 'elu', 'elu', 'sigmoid', 'swish', 'sigmoid', 'elu', 'swish', 'elu']",09f8f9f9f0f008f600f00608f6f0e8f0,700,Adam,MaxAbsoluteDeviation,1.6434860229492188,8.142593383789062,4.769827599986456
"[8, 23, 23, 23, 23, 23, 8, 23, 8, 23, 8, 8, 23, 23, 22, 22]","['tanh', 'swish', 'tanh', 'tanh', 'elu', 'elu', 'swish', 'sigmoid', 'elu', 'elu', 'sigmoid', 'swish', 'sigmoid', 'elu', 'swish', 'sigmoid']",09f8f9f9f0f008f600f00608f6f0e8e6,247,Adam,MaxAbsoluteDeviation,1.6434860229492188,8.634116172790527,2.4410490000154823
"[8, 23, 23, 23, 23, 23, 8, 23, 8, 23, 8, 8, 23, 23]","['tanh', 'swish', 'tanh', 'tanh', 'elu', 'elu', 'swish', 'sigmoid', 'elu', 'elu', 'sigmoid', 'swish', 'sigmoid', 'elu']",09f8f9f9f0f008f600f00608f6f0,247,Adam,MaxAbsoluteDeviation,1.7600611448287964,1.9977521896362305,2.217394599923864
"[8, 23, 23, 23, 23, 23, 8, 23, 8, 23, 8, 8, 23, 23, 20]","['tanh', 'swish', 'tanh', 'tanh', 'elu', 'elu', 'swish', 'sigmoid', 'elu', 'elu', 'sigmoid', 'swish', 'sigmoid', 'elu', 'elu']",09f8f9f9f0f008f600f00608f6f0c0,247,Adam,MaxAbsoluteDeviation,1.7600611448287964,5.87065315246582,4.353992799995467
"[8, 23, 23, 23, 23, 23, 8, 23, 8, 23, 8, 8, 23, 23, 16]","['tanh', 'swish', 'tanh', 'tanh', 'elu', 'elu', 'swish', 'sigmoid', 'elu', 'elu', 'sigmoid', 'swish', 'sigmoid', 'elu', 'swish']",09f8f9f9f0f008f600f00608f6f088,247,Adam,MaxAbsoluteDeviation,1.7600611448287964,7.6693596839904785,2.4187760000349954
"[8, 23, 23, 23, 23, 23, 8, 23, 8, 23, 8, 8, 23, 23]","['tanh', 'swish', 'tanh', 'tanh', 'elu', 'elu', 'swish', 'sigmoid', 'elu', 'elu', 'sigmoid', 'swish', 'sigmoid', 'elu']",09f8f9f9f0f008f600f00608f6f0,100,Adam,MaxAbsoluteDeviation,1.7600611448287964,6.260309219360352,1.5808458999963477
"[8, 23, 23, 23, 23, 23, 8, 23, 8, 23, 8, 8, 23, 23]","['tanh', 'swish', 'tanh', 'tanh', 'elu', 'elu', 'swish', 'sigmoid', 'elu', 'elu', 'sigmoid', 'swish', 'sigmoid', 'elu']",09f8f9f9f0f008f600f00608f6f0,700,Adam,MaxAbsoluteDeviation,1.7600611448287964,8.947751998901367,4.5957551000174135
"[8, 23, 23, 23, 23, 23, 8, 23, 8, 23, 8, 23, 23, 23]","['tanh', 'swish', 'tanh', 'tanh', 'elu', 'elu', 'swish', 'sigmoid', 'elu', 'elu', 'sigmoid', 'swish', 'sigmoid', 'elu']",09f8f9f9f0f008f600f006f8f6f0,100,Adam,MaxAbsoluteDeviation,1.7600611448287964,3.3770694732666016,1.5992499999701977
"[8, 23, 23, 23, 23, 23, 8, 23, 8, 23, 8, 8, 23]","['tanh', 'swish', 'tanh', 'tanh', 'elu', 'elu', 'swish', 'sigmoid', 'elu', 'elu', 'sigmoid', 'swish', 'sigmoid']",09f8f9f9f0f008f600f00608f6,247,Adam,MaxAbsoluteDeviation,1.7600611448287964,8.789376258850098,2.1714970000321046
"[8, 23, 23, 23, 23, 23, 8, 23, 8, 23, 8, 8, 23, 23]","['tanh', 'swish', 'tanh', 'tanh', 'elu', 'elu', 'swish', 'sigmoid', 'elu', 'elu', 'sigmoid', 'swish', 'sigmoid', 'elu']",09f8f9f9f0f008f600f00608f6f0,247,Adam,MaxAbsoluteDeviation,1.7600611448287964,3.091825485229492,2.2926964999642223
"[8, 23, 23, 23, 23, 23, 8, 23, 8, 23, 8, 8, 23, 23]","['tanh', 'swish', 'tanh', 'tanh', 'elu', 'elu', 'swish', 'sigmoid', 'elu', 'elu', 'sigmoid', 'swish', 'sigmoid', 'elu']",09f8f9f9f0f008f600f00608f6f0,223,Adam,MaxAbsoluteDeviation,1.7600611448287964,8.215205192565918,2.19368420005776
"[8, 23, 23, 23, 23, 23, 23, 23, 8, 23, 8, 8, 23, 23]","['tanh', 'swish', 'tanh', 'tanh', 'elu', 'elu', 'swish', 'sigmoid', 'elu', 'elu', 'sigmoid', 'swish', 'sigmoid', 'elu']",09f8f9f9f0f0f8f600f00608f6f0,247,Adam,MaxAbsoluteDeviation,1.7600611448287964,8.836328506469727,2.3017362999962643
"[8, 23, 23, 23, 23, 23, 8, 23, 8, 23, 8, 8, 23, 23, 14]","['tanh', 'swish', 'tanh', 'tanh', 'elu', 'elu', 'swish', 'sigmoid', 'elu', 'elu', 'sigmoid', 'swish', 'sigmoid', 'elu', 'tanh']",09f8f9f9f0f008f600f00608f6f069,124,Adam,MaxAbsoluteDeviation,1.7600611448287964,6.458768844604492,1.7958130000624806
"[8, 23, 23, 23, 23, 23, 8, 23, 8, 23, 8, 8, 23, 23]","['tanh', 'swish', 'tanh', 'tanh', 'elu', 'elu', 'swish', 'sigmoid', 'elu', 'elu', 'sigmoid', 'swish', 'sigmoid', 'elu']",09f8f9f9f0f008f600f00608f6f0,700,Adam,MaxAbsoluteDeviation,1.7600611448287964,8.191243171691895,4.604249999974854
"[8, 23, 23, 23, 23, 23, 8, 23, 8, 23, 8, 8, 23, 23]","['tanh', 'swish', 'tanh', 'tanh', 'elu', 'elu', 'swish', 'sigmoid', 'elu', 'elu', 'sigmoid', 'swish', 'sigmoid', 'elu']",09f8f9f9f0f008f600f00608f6f0,247,Adam,MaxAbsoluteDeviation,1.7600611448287964,8.249624252319336,2.3047615999821573
"[8, 23, 23, 23, 23, 23, 8, 23, 8, 23, 8, 8, 23, 23]","['tanh', 'swish', 'tanh', 'tanh', 'elu', 'elu', 'swish', 'sigmoid', 'sigmoid', 'elu', 'sigmoid', 'swish', 'sigmoid', 'elu']",09f8f9f9f0f008f606f00608f6f0,107,Adam,MaxAbsoluteDeviation,1.7600611448287964,5.660363674163818,1.6324564000824466
"[8, 23, 23, 23, 23, 23, 8, 23, 8, 23, 8, 8, 23, 23]","['tanh', 'swish', 'tanh', 'tanh', 'elu', 'elu', 'swish', 'sigmoid', 'elu', 'elu', 'sigmoid', 'swish', 'sigmoid', 'elu']",09f8f9f9f0f008f600f00608f6f0,700,Adam,MaxAbsoluteDeviation,1.7600611448287964,8.80848503112793,4.549442699993961
"[23, 23, 23, 23, 23, 23, 8, 23, 8, 23, 8, 8, 23, 23]","['tanh', 'swish', 'tanh', 'tanh', 'elu', 'elu', 'swish', 'sigmoid', 'elu', 'elu', 'sigmoid', 'swish', 'sigmoid', 'elu']",f9f8f9f9f0f008f600f00608f6f0,247,Adam,MaxAbsoluteDeviation,1.7600611448287964,8.729107856750488,2.3154611999634653
"[8, 23, 23, 23, 23, 23, 8, 23, 8, 23, 8, 8, 23, 23]","['tanh', 'swish', 'tanh', 'tanh', 'elu', 'elu', 'swish', 'sigmoid', 'elu', 'elu', 'sigmoid', 'swish', 'sigmoid', 'elu']",09f8f9f9f0f008f600f00608f6f0,100,Adam,MaxAbsoluteDeviation,2.972280979156494,5.733686923980713,1.5906626000069082
"[8, 23, 23, 23, 23, 23, 8, 23, 8, 23, 8, 8, 23, 23]","['tanh', 'swish', 'tanh', 'swish', 'elu', 'elu', 'swish', 'sigmoid', 'elu', 'elu', 'sigmoid', 'swish', 'sigmoid', 'elu']",09f8f9f8f0f008f600f00608f6f0,100,Adam,MaxAbsoluteDeviation,2.972280979156494,9.1122407913208,1.6171973999589682
"[8, 23, 23, 23, 23, 23, 8, 23, 8, 23, 8, 8, 23]","['tanh', 'swish', 'tanh', 'tanh', 'elu', 'elu', 'swish', 'sigmoid', 'elu', 'elu', 'sigmoid', 'swish', 'sigmoid']",09f8f9f9f0f008f600f00608f6,100,Adam,MaxAbsoluteDeviation,2.972280979156494,8.820549011230469,1.5022937000030652
"[8, 23, 23, 23, 23, 23, 8, 23, 8, 23, 8, 8, 23, 23]","['tanh', 'swish', 'tanh', 'tanh', 'elu', 'elu', 'swish', 'sigmoid', 'elu', 'elu', 'sigmoid', 'swish', 'sigmoid', 'elu']",09f8f9f9f0f008f600f00608f6f0,100,Adam,MaxAbsoluteDeviation,2.972280979156494,8.737248420715332,1.576426799991168
"[8, 23, 23, 23, 23, 23, 8, 23, 8, 23, 8, 8, 23, 23, 13]","['tanh', 'swish', 'tanh', 'tanh', 'elu', 'elu', 'swish', 'sigmoid', 'elu', 'elu', 'sigmoid', 'swish', 'sigmoid', 'elu', 'swish']",09f8f9f9f0f008f600f00608f6f058,100,Adam,MaxAbsoluteDeviation,2.5250229835510254,4.218902111053467,1.6640623999992386
"[8, 23, 23, 23, 23, 23, 8, 23, 8, 23, 8, 8, 23, 23, 13, 17]","['tanh', 'swish', 'tanh', 'tanh', 'elu', 'elu', 'swish', 'sigmoid', 'elu', 'elu', 'sigmoid', 'swish', 'sigmoid', 'elu', 'swish', 'elu']",09f8f9f9f0f008f600f00608f6f05890,100,Adam,MaxAbsoluteDeviation,2.5250229835510254,8.22116756439209,1.7402391000650823
"[8, 23, 23, 23, 23, 23, 8, 23, 8, 23, 8, 8, 23, 23, 13]","['tanh', 'swish', 'tanh', 'tanh', 'elu', 'elu', 'swish', 'sigmoid', 'elu', 'elu', 'sigmoid', 'swish', 'sigmoid', 'elu', 'swish']",09f8f9f9f0f008f600f00608f6f058,100,Adam,MaxAbsoluteDeviation,2.5250229835510254,5.8397440910339355,1.662612000014633
"[8, 23, 23, 23, 23, 23, 8, 23, 8, 23, 8, 8, 23, 23, 13]","['tanh', 'swish', 'tanh', 'tanh', 'elu', 'elu', 'swish', 'sigmoid', 'elu', 'elu', 'sigmoid', 'swish', 'sigmoid', 'elu', 'elu']",09f8f9f9f0f008f600f00608f6f050,100,Adam,MaxAbsoluteDeviation,2.5250229835510254,3.3582820892333984,1.6322301999898627
"[8, 23, 23, 23, 23, 23, 8, 23, 8, 23, 8, 8, 23, 23, 13]","['tanh', 'swish', 'tanh', 'tanh', 'elu', 'elu', 'swish', 'sigmoid', 'elu', 'elu', 'sigmoid', 'swish', 'sigmoid', 'elu', 'swish']",09f8f9f9f0f008f600f00608f6f058,100,Adam,MaxAbsoluteDeviation,2.5250229835510254,6.0283522605896,1.6505230999318883
"[8, 23, 23, 23, 23, 23, 8, 23, 8, 23, 8, 8, 23, 23]","['tanh', 'swish', 'tanh', 'tanh', 'elu', 'elu', 'swish', 'sigmoid', 'elu', 'elu', 'sigmoid', 'swish', 'sigmoid', 'elu']",09f8f9f9f0f008f600f00608f6f0,100,Adam,MaxAbsoluteDeviation,2.5250229835510254,4.54386568069458,1.561731299967505
"[8, 23, 23, 23, 23, 23, 8, 23, 8, 23, 8, 8, 23, 23, 13]","['tanh', 'swish', 'tanh', 'tanh', 'elu', 'elu', 'swish', 'sigmoid', 'elu', 'elu', 'sigmoid', 'swish', 'sigmoid', 'elu', 'swish']",09f8f9f9f0f008f600f00608f6f058,100,Adam,MaxAbsoluteDeviation,2.5250229835510254,8.723616600036621,3.6127442000433803
"[8, 23, 23, 23, 23, 23, 8, 23, 8, 23, 8, 8, 23, 23]","['tanh', 'swish', 'tanh', 'tanh', 'elu', 'elu', 'swish', 'sigmoid', 'elu', 'elu', 'sigmoid', 'swish', 'sigmoid', 'elu']",09f8f9f9f0f008f600f00608f6f0,100,Adam,MaxAbsoluteDeviation,2.5250229835510254,8.275613784790039,1.58596099994611
"[8, 23, 23, 23, 23, 23, 8, 23, 8, 23, 8, 8, 23, 23, 13]","['tanh', 'swish', 'tanh', 'tanh', 'elu', 'elu', 'swish', 'sigmoid', 'elu', 'elu', 'sigmoid', 'swish', 'sigmoid', 'elu', 'swish']",09f8f9f9f0f008f600f00608f6f058,700,Adam,MaxAbsoluteDeviation,2.0787343978881836,1.900282382965088,4.796255599940196
"[8, 23, 23, 23, 23, 23, 8, 23, 8, 23, 8, 8, 23, 23, 13]","['tanh', 'swish', 'tanh', 'tanh', 'elu', 'elu', 'swish', 'sigmoid', 'elu', 'elu', 'sigmoid', 'swish', 'sigmoid', 'elu', 'swish']",09f8f9f9f0f008f600f00608f6f058,700,Adam,MaxAbsoluteDeviation,1.6245089769363403,1.1637334823608398,4.823528900044039
"[8, 23, 23, 23, 23, 23, 8, 23, 8, 23, 8, 8, 23, 23, 13]","['tanh', 'swish', 'tanh', 'tanh', 'elu', 'elu', 'swish', 'sigmoid', 'elu', 'elu', 'sigmoid', 'swish', 'sigmoid', 'elu', 'swish']",09f8f9f9f0f008f600f00608f6f058,700,Adam,MaxAbsoluteDeviation,1.6245089769363403,8.348901748657227,4.766527400002815
"[8, 23, 23, 23, 23, 23, 8, 23, 8, 23, 8, 8, 23, 23, 13]","['tanh', 'swish', 'tanh', 'tanh', 'elu', 'elu', 'swish', 'sigmoid', 'elu', 'elu', 'sigmoid', 'swish', 'sigmoid', 'elu', 'swish']",09f8f9f9f0f008f600f00608f6f058,436,Adam,MaxAbsoluteDeviation,1.9825339317321777,2.2544431686401367,3.419278599903919
"[8, 23, 23, 23, 23, 23, 8, 23, 8, 23, 8, 8, 23, 23, 13]","['tanh', 'swish', 'tanh', 'tanh', 'elu', 'elu', 'swish', 'sigmoid', 'elu', 'elu', 'sigmoid', 'swish', 'sigmoid', 'elu', 'swish']",09f8f9f9f0f008f600f00608f6f058,436,Adam,MaxAbsoluteDeviation,1.9825339317321777,8.585519790649414,3.388209299999289
"[8, 23, 23, 23, 23, 23, 8, 23, 8, 23, 8, 8, 23, 23, 13]","['tanh', 'swish', 'tanh', 'tanh', 'elu', 'elu', 'swish', 'sigmoid', 'elu', 'elu', 'sigmoid', 'swish', 'sigmoid', 'elu', 'swish']",09f8f9f9f0f008f600f00608f6f058,700,Adam,MaxAbsoluteDeviation,1.7307159900665283,1.5836515426635742,4.802430599927902
"[8, 23, 23, 23, 8, 23, 8, 23, 8, 23, 8, 8, 23, 23, 13]","['tanh', 'swish', 'tanh', 'tanh', 'elu', 'elu', 'swish', 'sigmoid', 'elu', 'elu', 'sigmoid', 'swish', 'sigmoid', 'elu', 'swish']",09f8f9f900f008f600f00608f6f058,700,Adam,MaxAbsoluteDeviation,1.1929572820663452,0.8593826293945312,4.739974100026302
"[8, 23, 23, 23, 8, 23, 8, 23, 8, 23, 8, 8, 23, 23, 13]","['tanh', 'swish', 'tanh', 'tanh', 'elu', 'elu', 'swish', 'sigmoid', 'elu', 'elu', 'sigmoid', 'swish', 'sigmoid', 'elu', 'swish']",09f8f9f900f008f600f00608f6f058,105,Adam,MaxAbsoluteDeviation,1.1929572820663452,2.371011734008789,1.7290480999508873
"[8, 23, 23, 23, 8, 23, 8, 23, 8, 23, 8, 8, 23, 23, 13]","['tanh', 'swish', 'tanh', 'tanh', 'elu', 'elu', 'swish', 'sigmoid', 'elu', 'elu', 'sigmoid', 'swish', 'sigmoid', 'elu', 'swish']",09f8f9f900f008f600f00608f6f058,659,Adam,MaxAbsoluteDeviation,1.1929572820663452,5.123050689697266,4.5992774000624195
"[8, 23, 23, 23, 8, 23, 23, 23, 8, 23, 8, 8, 23, 23, 13]","['tanh', 'swish', 'tanh', 'tanh', 'elu', 'elu', 'swish', 'sigmoid', 'elu', 'elu', 'sigmoid', 'swish', 'sigmoid', 'elu', 'swish']",09f8f9f900f0f8f600f00608f6f058,700,Adam,MaxAbsoluteDeviation,1.0894477367401123,0.9019126892089844,4.716194999986328
"[8, 23, 23, 23, 8, 23, 23, 23, 8, 23, 8, 8, 23, 23, 13]","['tanh', 'swish', 'tanh', 'tanh', 'elu', 'elu', 'swish', 'sigmoid', 'elu', 'sigmoid', 'sigmoid', 'swish', 'sigmoid', 'elu', 'swish']",09f8f9f900f0f8f600f60608f6f058,700,Adam,MaxAbsoluteDeviation,1.0894477367401123,1.322777509689331,4.785003299941309
"[8, 23, 23, 23, 8, 23, 23, 23, 8, 23, 8, 8, 23, 23, 13]","['tanh', 'swish', 'tanh', 'tanh', 'elu', 'elu', 'swish', 'sigmoid', 'elu', 'elu', 'sigmoid', 'swish', 'sigmoid', 'elu', 'swish']",09f8f9f900f0f8f600f00608f6f058,700,Adam,MaxAbsoluteDeviation,1.0894477367401123,6.141715049743652,4.711588799953461
"[8, 23, 23, 23, 8, 23, 23, 23, 8, 23, 8, 8]","['tanh', 'swish', 'tanh', 'tanh', 'elu', 'elu', 'swish', 'sigmoid', 'elu', 'elu', 'sigmoid', 'swish']",09f8f9f900f0f8f600f00608,700,Adam,MaxAbsoluteDeviation,1.0894477367401123,8.638321876525879,4.180238800006919
"[8, 23, 23, 23, 8, 23, 23, 23, 8, 23, 8, 8, 23, 23, 13]","['tanh', 'swish', 'tanh', 'tanh', 'elu', 'elu', 'swish', 'sigmoid', 'elu', 'elu', 'sigmoid', 'swish', 'sigmoid', 'elu', 'swish']",09f8f9f900f0f8f600f00608f6f058,503,Adam,MaxAbsoluteDeviation,1.0894477367401123,4.062488079071045,3.650917000020854
"[8, 23, 23, 23, 8, 23, 23, 23, 8, 23, 8, 8, 23, 23, 13, 23]","['tanh', 'swish', 'tanh', 'tanh', 'elu', 'elu', 'swish', 'sigmoid', 'elu', 'elu', 'sigmoid', 'swish', 'sigmoid', 'elu', 'swish', 'sigmoid']",09f8f9f900f0f8f600f00608f6f058f6,700,Adam,MaxAbsoluteDeviation,1.0894477367401123,8.224964141845703,4.85936739994213
"[8, 23, 23, 23, 8, 23, 23, 23, 8, 23, 8, 8, 23, 23, 13]","['tanh', 'swish', 'tanh', 'tanh', 'elu', 'elu', 'swish', 'sigmoid', 'elu', 'elu', 'sigmoid', 'swish', 'sigmoid', 'elu', 'swish']",09f8f9f900f0f8f600f00608f6f058,239,Adam,MaxAbsoluteDeviation,1.0894477367401123,6.99385929107666,2.3275059000588953
"[8, 23, 23, 23, 8, 23, 23, 23, 8, 23, 8, 8, 23, 23, 13]","['tanh', 'swish', 'tanh', 'tanh', 'elu', 'elu', 'swish', 'sigmoid', 'elu', 'elu', 'sigmoid', 'swish', 'sigmoid', 'elu', 'elu']",09f8f9f900f0f8f600f00608f6f050,304,Adam,MaxAbsoluteDeviation,1.0894477367401123,7.058201789855957,2.627717399969697
"[8, 23, 23, 8, 8, 23, 23, 23, 8, 23, 8, 8, 23, 23, 13]","['tanh', 'swish', 'tanh', 'tanh', 'elu', 'elu', 'swish', 'sigmoid', 'elu', 'elu', 'sigmoid', 'swish', 'sigmoid', 'elu', 'swish']",09f8f90900f0f8f600f00608f6f058,700,Adam,MaxAbsoluteDeviation,1.0894477367401123,8.776041984558105,4.630653099971823
"[8, 23, 23, 23, 8, 23, 23, 23, 8, 23, 8, 8, 23, 23, 13]","['tanh', 'swish', 'tanh', 'tanh', 'elu', 'elu', 'swish', 'sigmoid', 'elu', 'elu', 'sigmoid', 'swish', 'sigmoid', 'elu', 'swish']",09f8f9f900f0f8f600f00608f6f058,627,Adam,MaxAbsoluteDeviation,1.0894477367401123,8.627274513244629,4.2714970000088215
"[8, 23, 23, 23, 8, 23, 23, 23, 8, 23, 8, 8, 8, 23, 13]","['tanh', 'swish', 'tanh', 'tanh', 'elu', 'elu', 'swish', 'sigmoid', 'elu', 'elu', 'sigmoid', 'swish', 'sigmoid', 'elu', 'swish']",09f8f9f900f0f8f600f0060806f058,700,Adam,MaxAbsoluteDeviation,1.0894477367401123,8.42384147644043,4.627428299980238
"[8, 23, 23, 23, 8, 23, 23, 23, 8, 23, 8, 8, 23, 23, 13]","['tanh', 'swish', 'tanh', 'tanh', 'elu', 'elu', 'swish', 'sigmoid', 'elu', 'elu', 'sigmoid', 'elu', 'sigmoid', 'elu', 'swish']",09f8f9f900f0f8f600f00600f6f058,700,Adam,MaxAbsoluteDeviation,1.0894477367401123,8.238975524902344,4.543529800022952
"[8, 23, 23, 23, 8, 23, 23, 23, 8, 23, 8, 8, 23, 23]","['tanh', 'swish', 'tanh', 'tanh', 'elu', 'elu', 'swish', 'sigmoid', 'elu', 'elu', 'sigmoid', 'swish', 'sigmoid', 'elu']",09f8f9f900f0f8f600f00608f6f0,700,Adam,MaxAbsoluteDeviation,1.0894477367401123,8.88886547088623,4.451688700006343
"[8, 23, 23, 23, 8, 23, 23, 23, 8, 23, 8, 8, 23, 23]","['tanh', 'swish', 'tanh', 'tanh', 'elu', 'elu', 'swish', 'sigmoid', 'elu', 'elu', 'sigmoid', 'swish', 'sigmoid', 'elu']",09f8f9f900f0f8f600f00608f6f0,700,Adam,MaxAbsoluteDeviation,1.0894477367401123,8.286151885986328,6.592401999980211
"[8, 23, 23, 23, 8, 23, 23, 23, 8, 23, 8, 8, 23, 23]","['tanh', 'swish', 'tanh', 'tanh', 'elu', 'elu', 'swish', 'sigmoid', 'elu', 'elu', 'sigmoid', 'swish', 'sigmoid', 'elu']",09f8f9f900f0f8f600f00608f6f0,700,Adam,MaxAbsoluteDeviation,1.0894477367401123,8.456055641174316,4.62075569992885
"[8, 23, 23, 23, 8, 23, 23, 23, 8, 23, 8, 8, 23, 23, 13]","['tanh', 'swish', 'tanh', 'tanh', 'elu', 'elu', 'swish', 'sigmoid', 'elu', 'elu', 'sigmoid', 'swish', 'sigmoid', 'elu', 'swish']",09f8f9f900f0f8f600f00608f6f058,700,Adam,MaxAbsoluteDeviation,1.0894477367401123,1.6723955869674683,4.780488600023091
"[8, 23, 23, 23, 8, 23, 23, 23, 8, 23, 8, 8, 23, 23, 8]","['tanh', 'swish', 'tanh', 'tanh', 'elu', 'elu', 'swish', 'sigmoid', 'elu', 'elu', 'sigmoid', 'swish', 'sigmoid', 'elu', 'elu']",09f8f9f900f0f8f600f00608f6f000,454,Adam,MaxAbsoluteDeviation,1.0894477367401123,8.371746063232422,3.4767458999995142
"[8, 23, 23, 23, 8, 23, 8, 23, 8, 23, 8, 8, 23, 23, 13]","['tanh', 'swish', 'tanh', 'tanh', 'elu', 'elu', 'swish', 'sigmoid', 'elu', 'elu', 'sigmoid', 'swish', 'sigmoid', 'elu', 'swish']",09f8f9f900f008f600f00608f6f058,700,Adam,MaxAbsoluteDeviation,1.0894477367401123,1.2975481748580933,4.7976923999376595
"[8, 23, 23, 23, 8, 23, 23, 23, 8, 23, 8, 8, 23, 23, 13]","['tanh', 'swish', 'tanh', 'tanh', 'elu', 'elu', 'swish', 'sigmoid', 'elu', 'elu', 'sigmoid', 'swish', 'sigmoid', 'elu', 'swish']",09f8f9f900f0f8f600f00608f6f058,694,Adam,MaxAbsoluteDeviation,1.0894477367401123,8.448586463928223,4.723956299945712
"[8, 23, 23, 23, 8, 23, 23, 23, 8, 23, 8, 8, 23, 23, 23]","['tanh', 'swish', 'tanh', 'tanh', 'elu', 'elu', 'swish', 'sigmoid', 'elu', 'elu', 'sigmoid', 'swish', 'sigmoid', 'elu', 'swish']",09f8f9f900f0f8f600f00608f6f0f8,700,Adam,MaxAbsoluteDeviation,1.0894477367401123,8.324542045593262,4.77736329997424
"[8, 23, 23, 23, 8, 23, 23, 23, 8, 23, 8, 8, 23, 23, 13]","['tanh', 'swish', 'tanh', 'tanh', 'elu', 'elu', 'swish', 'sigmoid', 'elu', 'elu', 'sigmoid', 'swish', 'sigmoid', 'elu', 'swish']",09f8f9f900f0f8f600f00608f6f058,700,Adam,MaxAbsoluteDeviation,1.0894477367401123,4.160923004150391,4.719562400016002
"[8, 23, 23, 23, 8, 23, 23, 23, 8, 23, 8, 8, 23, 23]","['tanh', 'swish', 'tanh', 'tanh', 'elu', 'elu', 'swish', 'sigmoid', 'elu', 'elu', 'sigmoid', 'swish', 'sigmoid', 'elu']",09f8f9f900f0f8f600f00608f6f0,700,Adam,MaxAbsoluteDeviation,1.0894477367401123,7.611642837524414,4.547428100020625
"[8, 23, 23, 23, 8, 23, 23, 23, 8, 23, 8, 8, 23, 23, 13]","['tanh', 'swish', 'tanh', 'tanh', 'elu', 'elu', 'swish', 'sigmoid', 'elu', 'elu', 'sigmoid', 'swish', 'sigmoid', 'elu', 'swish']",09f8f9f900f0f8f600f00608f6f058,700,Adam,MaxAbsoluteDeviation,1.0894477367401123,8.482516288757324,4.757895400049165
"[8, 23, 23, 23, 8, 23, 23, 23, 8, 23, 8, 8, 23, 23, 13]","['tanh', 'swish', 'tanh', 'tanh', 'elu', 'elu', 'swish', 'sigmoid', 'elu', 'elu', 'sigmoid', 'swish', 'sigmoid', 'elu', 'swish']",09f8f9f900f0f8f600f00608f6f058,217,Adam,MaxAbsoluteDeviation,1.0894477367401123,5.465208053588867,2.2776389999780804
"[8, 23, 23, 23, 8, 23, 23, 23, 8, 23, 8, 8, 23, 23]","['tanh', 'swish', 'tanh', 'tanh', 'elu', 'elu', 'swish', 'sigmoid', 'elu', 'elu', 'sigmoid', 'swish', 'sigmoid', 'elu']",09f8f9f900f0f8f600f00608f6f0,700,Adam,MaxAbsoluteDeviation,1.0894477367401123,8.589566230773926,4.5872648999793455
"[8, 23, 23, 23, 8, 23, 23, 23, 8, 23, 8, 8, 23, 8, 13, 17]","['tanh', 'swish', 'tanh', 'tanh', 'elu', 'elu', 'swish', 'sigmoid', 'elu', 'elu', 'sigmoid', 'swish', 'sigmoid', 'elu', 'swish', 'elu']",09f8f9f900f0f8f600f00608f6005890,700,Adam,MaxAbsoluteDeviation,1.0894477367401123,8.576830863952637,4.929022699943744
"[8, 23, 23, 23, 8, 23, 23, 23, 8, 23, 8, 8, 23, 23, 23]","['tanh', 'swish', 'tanh', 'tanh', 'elu', 'elu', 'swish', 'sigmoid', 'elu', 'elu', 'sigmoid', 'swish', 'sigmoid', 'elu', 'swish']",09f8f9f900f0f8f600f00608f6f0f8,700,Adam,MaxAbsoluteDeviation,1.0894477367401123,9.000370979309082,4.659484199946746
"[8, 23, 23, 23, 8, 23, 23, 23, 8, 23, 8, 8, 23, 23, 13, 19]","['tanh', 'swish', 'tanh', 'tanh', 'elu', 'elu', 'swish', 'sigmoid', 'elu', 'elu', 'sigmoid', 'swish', 'sigmoid', 'elu', 'swish', 'elu']",09f8f9f900f0f8f600f00608f6f058b0,700,Adam,MaxAbsoluteDeviation,1.0894477367401123,8.210092544555664,4.880742199951783
"[8, 23, 23, 23, 8, 23, 23, 23, 8, 23, 8, 8, 23, 23]","['tanh', 'swish', 'tanh', 'tanh', 'elu', 'elu', 'swish', 'sigmoid', 'elu', 'elu', 'sigmoid', 'swish', 'sigmoid', 'elu']",09f8f9f900f0f8f600f00608f6f0,700,Adam,MaxAbsoluteDeviation,1.0894477367401123,3.2099599838256836,4.531915000057779
"[8, 23, 23, 23, 8, 23, 23, 23, 8, 23, 8, 8, 23, 23, 13, 20]","['tanh', 'swish', 'tanh', 'tanh', 'elu', 'elu', 'swish', 'sigmoid', 'elu', 'elu', 'sigmoid', 'swish', 'sigmoid', 'elu', 'swish', 'elu']",09f8f9f900f0f8f600f00608f6f058c0,700,Adam,MaxAbsoluteDeviation,1.0894477367401123,8.53046703338623,4.888703299919143
"[8, 23, 23, 23, 8, 23, 23, 23, 8, 23, 23, 8, 23, 23, 13]","['tanh', 'swish', 'tanh', 'tanh', 'elu', 'elu', 'swish', 'sigmoid', 'elu', 'elu', 'sigmoid', 'swish', 'sigmoid', 'elu', 'swish']",09f8f9f900f0f8f600f0f608f6f058,700,Adam,MaxAbsoluteDeviation,1.0894477367401123,8.71756362915039,4.678668900043704
"[8, 23, 23, 23, 8, 23, 23, 23, 8, 23, 8, 8, 23, 23, 8]","['tanh', 'swish', 'tanh', 'tanh', 'elu', 'elu', 'swish', 'sigmoid', 'elu', 'elu', 'sigmoid', 'swish', 'sigmoid', 'elu', 'swish']",09f8f9f900f0f8f600f00608f6f008,700,Adam,MaxAbsoluteDeviation,1.0894477367401123,8.838096618652344,4.665742599987425
"[8, 23, 23, 23, 8, 23, 23, 23, 8, 23, 8, 8, 23, 23]","['tanh', 'swish', 'tanh', 'tanh', 'elu', 'elu', 'swish', 'sigmoid', 'elu', 'elu', 'sigmoid', 'swish', 'sigmoid', 'elu']",09f8f9f900f0f8f600f00608f6f0,700,Adam,MaxAbsoluteDeviation,1.0894477367401123,8.359875679016113,4.42882449994795
"[8, 8, 23, 23, 8, 23, 23, 23, 8, 23, 8, 8, 23, 23, 13]","['tanh', 'swish', 'tanh', 'tanh', 'elu', 'elu', 'swish', 'sigmoid', 'elu', 'elu', 'sigmoid', 'swish', 'sigmoid', 'elu', 'swish']",0908f9f900f0f8f600f00608f6f058,700,Adam,MaxAbsoluteDeviation,1.0894477367401123,8.19367790222168,4.643058800022118
"[8, 23, 23, 23, 8, 23, 23, 23, 8, 23, 8, 8, 23, 8, 13]","['tanh', 'swish', 'tanh', 'tanh', 'elu', 'elu', 'swish', 'sigmoid', 'elu', 'elu', 'sigmoid', 'swish', 'sigmoid', 'elu', 'swish']",09f8f9f900f0f8f600f00608f60058,700,Adam,MaxAbsoluteDeviation,1.0894477367401123,5.558493614196777,4.6062858999939635
"[8, 23, 23, 23, 8, 23, 23, 23, 8, 8, 8, 8, 23, 23, 13]","['tanh', 'swish', 'tanh', 'tanh', 'elu', 'elu', 'swish', 'sigmoid', 'elu', 'elu', 'sigmoid', 'swish', 'sigmoid', 'elu', 'swish']",09f8f9f900f0f8f600000608f6f058,700,Adam,MaxAbsoluteDeviation,1.049320936203003,1.3231600522994995,4.584196800016798
"[8, 23, 23, 23, 8, 23, 23, 23, 8, 8, 8, 8, 23, 23, 13]","['tanh', 'swish', 'tanh', 'tanh', 'elu', 'elu', 'swish', 'sigmoid', 'elu', 'elu', 'sigmoid', 'swish', 'sigmoid', 'elu', 'swish']",09f8f9f900f0f8f600000608f6f058,700,Adam,MaxAbsoluteDeviation,0.8007649779319763,0.8330879211425781,4.569042299990542
"[8, 23, 23, 23, 8, 23, 23, 23, 8, 8, 8, 8, 23, 23, 13, 20]","['tanh', 'swish', 'tanh', 'tanh', 'elu', 'elu', 'swish', 'sigmoid', 'elu', 'elu', 'sigmoid', 'swish', 'sigmoid', 'elu', 'swish', 'elu']",09f8f9f900f0f8f600000608f6f058c0,700,Adam,MaxAbsoluteDeviation,0.8007649779319763,1.6391758918762207,4.683942400035448
"[8, 23, 23, 23, 8, 23, 23, 23, 8, 8, 8, 8, 23, 23]","['tanh', 'swish', 'tanh', 'tanh', 'elu', 'elu', 'swish', 'sigmoid', 'elu', 'elu', 'sigmoid', 'swish', 'sigmoid', 'swish']",09f8f9f900f0f8f600000608f6f8,288,Adam,MaxAbsoluteDeviation,0.8007649779319763,8.604350090026855,4.517745200078934
"[8, 23, 23, 23, 8, 23, 23, 23, 8, 8, 8, 8, 23, 23, 13, 13]","['tanh', 'swish', 'tanh', 'tanh', 'elu', 'elu', 'swish', 'sigmoid', 'elu', 'elu', 'sigmoid', 'swish', 'sigmoid', 'elu', 'swish', 'sigmoid']",09f8f9f900f0f8f600000608f6f05856,700,Adam,MaxAbsoluteDeviation,0.8007649779319763,8.837021827697754,4.985727000050247
"[8, 23, 23, 23, 8, 23, 23, 23, 8, 8, 8, 8, 23, 23, 13, 22]","['tanh', 'swish', 'tanh', 'tanh', 'elu', 'elu', 'swish', 'sigmoid', 'elu', 'elu', 'sigmoid', 'swish', 'sigmoid', 'elu', 'swish', 'elu']",09f8f9f900f0f8f600000608f6f058e0,700,Adam,MaxAbsoluteDeviation,0.8007649779319763,1.9259508848190308,5.025837900000624
"[8, 23, 23, 23, 8, 23, 23, 23, 8, 8, 8, 8, 23, 23, 13]","['tanh', 'swish', 'tanh', 'tanh', 'elu', 'elu', 'swish', 'sigmoid', 'elu', 'elu', 'sigmoid', 'swish', 'sigmoid', 'elu', 'swish']",09f8f9f900f0f8f600000608f6f058,132,Adam,MaxAbsoluteDeviation,0.8007649779319763,9.254907608032227,1.8366604000329971
"[8, 23, 23, 23, 8, 8, 23, 23, 8, 8, 8, 8, 23, 23, 13, 8]","['tanh', 'swish', 'tanh', 'tanh', 'elu', 'elu', 'swish', 'sigmoid', 'elu', 'elu', 'sigmoid', 'swish', 'sigmoid', 'elu', 'swish', 'elu']",09f8f9f90000f8f600000608f6f05800,700,Adam,MaxAbsoluteDeviation,0.8007649779319763,1.4044570922851562,5.025542299961671
"[8, 23, 23, 23, 8, 23, 23, 23, 8, 8, 8, 8, 23, 23, 13]","['tanh', 'swish', 'tanh', 'tanh', 'elu', 'elu', 'swish', 'sigmoid', 'elu', 'elu', 'sigmoid', 'swish', 'sigmoid', 'elu', 'swish']",09f8f9f900f0f8f600000608f6f058,341,Adam,MaxAbsoluteDeviation,0.8007649779319763,6.0710906982421875,2.892666499945335
"[8, 23, 23, 23, 8, 23, 23, 23, 23, 8, 8, 8, 23, 23, 13]","['tanh', 'swish', 'tanh', 'tanh', 'elu', 'elu', 'swish', 'sigmoid', 'elu', 'elu', 'sigmoid', 'swish', 'sigmoid', 'elu', 'swish']",09f8f9f900f0f8f6f0000608f6f058,700,Adam,MaxAbsoluteDeviation,0.8007649779319763,3.1129398345947266,4.8127780999056995
"[8, 23, 23, 23, 8, 23, 23, 23, 8, 8, 8, 8, 23, 23, 13, 19]","['tanh', 'swish', 'tanh', 'tanh', 'elu', 'elu', 'swish', 'sigmoid', 'elu', 'elu', 'sigmoid', 'swish', 'sigmoid', 'elu', 'swish', 'swish']",09f8f9f900f0f8f600000608f6f058b8,700,Adam,MaxAbsoluteDeviation,0.8007649779319763,1.359499216079712,5.014493399998173
"[8, 23, 23, 23, 8, 23, 23, 23, 8, 8, 8, 8, 23, 23, 13]","['tanh', 'swish', 'tanh', 'tanh', 'elu', 'elu', 'swish', 'sigmoid', 'elu', 'elu', 'sigmoid', 'swish', 'sigmoid', 'elu', 'swish']",09f8f9f900f0f8f600000608f6f058,700,Adam,MaxAbsoluteDeviation,0.8007649779319763,8.248368263244629,4.810843699960969
"[8, 23, 23, 23, 8, 23, 23, 23, 8, 8, 8, 8, 23, 23, 13]","['tanh', 'swish', 'tanh', 'tanh', 'sigmoid', 'elu', 'swish', 'sigmoid', 'elu', 'elu', 'sigmoid', 'swish', 'sigmoid', 'elu', 'swish']",09f8f9f906f0f8f600000608f6f058,700,Adam,MaxAbsoluteDeviation,0.8007649779319763,8.430556297302246,4.79072669998277
"[8, 23, 23, 23, 8, 23, 23, 23, 8, 8, 8, 8, 23, 23, 13]","['tanh', 'swish', 'tanh', 'tanh', 'elu', 'elu', 'swish', 'sigmoid', 'elu', 'elu', 'sigmoid', 'swish', 'sigmoid', 'elu', 'swish']",09f8f9f900f0f8f600000608f6f058,100,Adam,MaxAbsoluteDeviation,0.8007649779319763,4.559309959411621,1.7145203000400215
"[8, 23, 23, 23, 8, 23, 23, 23, 8, 8, 8, 8, 23, 23]","['tanh', 'swish', 'tanh', 'tanh', 'elu', 'elu', 'swish', 'sigmoid', 'elu', 'elu', 'sigmoid', 'swish', 'sigmoid', 'elu']",09f8f9f900f0f8f600000608f6f0,700,Adam,MaxAbsoluteDeviation,0.8007649779319763,8.452291488647461,4.564367900020443
"[8, 23, 23, 8, 8, 23, 23, 23, 8, 8, 8, 8, 23, 23, 13, 21]","['tanh', 'swish', 'tanh', 'tanh', 'elu', 'elu', 'swish', 'sigmoid', 'elu', 'sigmoid', 'sigmoid', 'swish', 'sigmoid', 'elu', 'swish', 'sigmoid']",09f8f90900f0f8f600060608f6f058d6,161,Adam,MaxAbsoluteDeviation,0.8007649779319763,8.717018127441406,2.0787790999747813
"[8, 23, 23, 23, 8, 23, 23, 23, 8, 8, 8, 23, 23, 23, 13]","['tanh', 'swish', 'tanh', 'tanh', 'elu', 'elu', 'swish', 'sigmoid', 'elu', 'elu', 'sigmoid', 'swish', 'sigmoid', 'elu', 'swish']",09f8f9f900f0f8f6000006f8f6f058,207,Adam,MaxAbsoluteDeviation,0.8007649779319763,3.822760820388794,2.2193504999158904
"[8, 23, 23, 23, 8, 23, 23, 23, 8, 8, 8, 8, 23, 23, 13, 18]","['tanh', 'swish', 'tanh', 'tanh', 'elu', 'elu', 'swish', 'sigmoid', 'elu', 'elu', 'sigmoid', 'swish', 'sigmoid', 'elu', 'swish', 'sigmoid']",09f8f9f900f0f8f600000608f6f058a6,700,Adam,MaxAbsoluteDeviation,0.8007649779319763,7.185525894165039,4.895376699976623
"[8, 23, 23, 23, 8, 23, 23, 23, 8, 8, 8, 8, 23, 23, 13]","['tanh', 'swish', 'tanh', 'tanh', 'elu', 'elu', 'swish', 'sigmoid', 'elu', 'elu', 'sigmoid', 'swish', 'sigmoid', 'elu', 'swish']",09f8f9f900f0f8f600000608f6f058,700,Adam,MaxAbsoluteDeviation,0.8007649779319763,9.00720500946045,4.711398800020106
"[8, 23, 23, 23, 8, 23, 23, 23, 8, 8, 8, 8, 23, 23, 13]","['tanh', 'swish', 'tanh', 'tanh', 'elu', 'elu', 'swish', 'sigmoid', 'elu', 'elu', 'sigmoid', 'swish', 'sigmoid', 'elu', 'swish']",09f8f9f900f0f8f600000608f6f058,700,Adam,MaxAbsoluteDeviation,0.8007649779319763,8.75377368927002,4.737898800056428
"[8, 8, 23, 23, 8, 23, 23, 23, 8, 8, 8, 8, 23, 23, 13]","['tanh', 'swish', 'tanh', 'tanh', 'elu', 'elu', 'swish', 'sigmoid', 'elu', 'elu', 'sigmoid', 'swish', 'sigmoid', 'elu', 'swish']",0908f9f900f0f8f600000608f6f058,700,Adam,MaxAbsoluteDeviation,0.8007649779319763,3.9774675369262695,4.6435938000213355
"[8, 23, 23, 23, 8, 23, 23, 23, 8, 8, 8, 8, 23, 23, 13]","['tanh', 'swish', 'tanh', 'tanh', 'elu', 'elu', 'swish', 'sigmoid', 'elu', 'elu', 'sigmoid', 'swish', 'sigmoid', 'elu', 'swish']",09f8f9f900f0f8f600000608f6f058,591,Adam,MaxAbsoluteDeviation,0.8007649779319763,8.543803215026855,4.071685599978082
"[8, 23, 23, 23, 8, 23, 23, 23, 8, 8, 8, 8, 23, 23, 13, 8]","['tanh', 'swish', 'tanh', 'tanh', 'elu', 'elu', 'swish', 'sigmoid', 'elu', 'elu', 'sigmoid', 'swish', 'sigmoid', 'elu', 'swish', 'elu']",09f8f9f900f0f8f600000608f6f05800,100,Adam,MaxAbsoluteDeviation,0.8007649779319763,2.6080222129821777,1.7437445000978187
"[8, 23, 23, 23, 8, 8, 23, 23, 8, 8, 8, 8, 23, 23, 13]","['tanh', 'swish', 'tanh', 'tanh', 'elu', 'elu', 'swish', 'sigmoid', 'elu', 'elu', 'sigmoid', 'swish', 'sigmoid', 'elu', 'swish']",09f8f9f90000f8f600000608f6f058,700,Adam,MaxAbsoluteDeviation,0.6429682970046997,1.2167224884033203,4.599605700001121
"[8, 23, 23, 23, 8, 8, 23, 23, 8, 8, 8, 8, 23, 23]","['tanh', 'swish', 'tanh', 'tanh', 'elu', 'elu', 'swish', 'sigmoid', 'elu', 'elu', 'sigmoid', 'swish', 'sigmoid', 'elu']",09f8f9f90000f8f600000608f6f0,700,Adam,MaxAbsoluteDeviation,0.6429682970046997,1.1516671180725098,4.4301703999517485
"[8, 23, 23, 23, 8, 8, 23, 23, 8, 8, 8, 8, 23, 23]","['tanh', 'swish', 'tanh', 'tanh', 'elu', 'elu', 'swish', 'sigmoid', 'elu', 'elu', 'sigmoid', 'swish', 'sigmoid', 'elu']",09f8f9f90000f8f600000608f6f0,700,Adam,MaxAbsoluteDeviation,0.7095990180969238,1.210062026977539,4.420144499978051
"[8, 23, 23, 23, 8, 8, 23, 23, 8, 8, 8, 8, 23]","['tanh', 'swish', 'tanh', 'tanh', 'elu', 'elu', 'swish', 'sigmoid', 'elu', 'elu', 'sigmoid', 'swish', 'sigmoid']",09f8f9f90000f8f600000608f6,700,Adam,MaxAbsoluteDeviation,0.7095990180969238,1.534818172454834,4.285592200001702
"[8, 23, 23, 23, 8, 8, 23, 23, 8, 8, 8, 8, 23]","['tanh', 'swish', 'tanh', 'tanh', 'elu', 'elu', 'swish', 'sigmoid', 'elu', 'elu', 'sigmoid', 'swish', 'sigmoid']",09f8f9f90000f8f600000608f6,700,Adam,MaxAbsoluteDeviation,0.7095990180969238,8.257102012634277,6.429995300015435
"[8, 23, 23, 23, 8, 8, 23, 23, 8, 8, 8, 8, 23, 23, 15]","['tanh', 'swish', 'tanh', 'tanh', 'elu', 'elu', 'swish', 'sigmoid', 'elu', 'elu', 'sigmoid', 'swish', 'sigmoid', 'elu', 'elu']",09f8f9f90000f8f600000608f6f070,700,Adam,MaxAbsoluteDeviation,0.7095990180969238,8.238927841186523,4.848536799894646
"[8, 23, 23, 23, 8, 8, 23, 23, 8, 8, 8, 8, 23, 23]","['tanh', 'swish', 'tanh', 'tanh', 'elu', 'elu', 'swish', 'sigmoid', 'elu', 'elu', 'sigmoid', 'swish', 'sigmoid', 'elu']",09f8f9f90000f8f600000608f6f0,112,Adam,MaxAbsoluteDeviation,0.7095990180969238,8.612968444824219,1.66109269997105
"[8, 23, 23, 23, 8, 8, 23, 23, 8, 8, 8, 8, 8, 23]","['tanh', 'swish', 'tanh', 'tanh', 'elu', 'elu', 'swish', 'sigmoid', 'elu', 'elu', 'sigmoid', 'swish', 'sigmoid', 'elu']",09f8f9f90000f8f60000060806f0,700,Adam,MaxAbsoluteDeviation,0.7095990180969238,8.151602745056152,4.627663699910045
"[8, 23, 23, 23, 8, 8, 23, 23, 8, 8, 8, 8, 23, 23]","['tanh', 'swish', 'tanh', 'tanh', 'elu', 'elu', 'swish', 'sigmoid', 'elu', 'elu', 'sigmoid', 'swish', 'sigmoid', 'elu']",09f8f9f90000f8f600000608f6f0,357,Adam,MaxAbsoluteDeviation,0.7095990180969238,1.538254737854004,2.8435153999598697
"[8, 23, 23, 23, 8, 8, 23, 23, 8, 8, 8, 8, 23, 23]","['tanh', 'swish', 'tanh', 'tanh', 'elu', 'elu', 'swish', 'sigmoid', 'elu', 'elu', 'sigmoid', 'swish', 'sigmoid', 'elu']",09f8f9f90000f8f600000608f6f0,700,Adam,MaxAbsoluteDeviation,1.593869924545288,2.091022491455078,4.5342056000372395
"[8, 23, 23, 23, 8, 8, 23, 23, 8, 8, 8, 8, 23, 23]","['sigmoid', 'swish', 'tanh', 'tanh', 'elu', 'elu', 'swish', 'sigmoid', 'elu', 'elu', 'sigmoid', 'swish', 'sigmoid', 'elu']",06f8f9f90000f8f600000608f6f0,700,Adam,MaxAbsoluteDeviation,1.593869924545288,8.389352798461914,4.563480700016953
"[8, 23, 23, 23, 8, 8, 23, 23, 8, 8, 8, 8, 23, 23]","['tanh', 'swish', 'tanh', 'tanh', 'elu', 'elu', 'swish', 'sigmoid', 'elu', 'elu', 'sigmoid', 'swish', 'sigmoid', 'elu']",09f8f9f90000f8f600000608f6f0,524,Adam,MaxAbsoluteDeviation,1.4347583055496216,1.9348716735839844,3.692480699974112
"[8, 23, 23, 23, 8, 8, 23, 23, 8, 8, 8, 8, 23, 23, 22]","['tanh', 'swish', 'tanh', 'tanh', 'elu', 'elu', 'swish', 'sigmoid', 'elu', 'elu', 'sigmoid', 'swish', 'sigmoid', 'elu', 'sigmoid']",09f8f9f90000f8f600000608f6f0e6,524,Adam,MaxAbsoluteDeviation,1.4347583055496216,8.212902069091797,3.8476120999548584
"[8, 23, 23, 23, 8, 8, 23, 23, 8, 8, 8, 8, 23, 23]","['tanh', 'swish', 'tanh', 'tanh', 'elu', 'elu', 'swish', 'sigmoid', 'elu', 'elu', 'sigmoid', 'swish', 'sigmoid', 'elu']",09f8f9f90000f8f600000608f6f0,256,Adam,MaxAbsoluteDeviation,1.0236451625823975,1.1150383949279785,2.3469584999838844
"[8, 23, 23, 23, 8, 8, 23, 23, 8, 8, 8, 8, 23, 23]","['tanh', 'swish', 'swish', 'tanh', 'elu', 'elu', 'swish', 'sigmoid', 'elu', 'elu', 'sigmoid', 'swish', 'sigmoid', 'elu']",09f8f8f90000f8f600000608f6f0,700,Adam,MaxAbsoluteDeviation,0.8911097645759583,0.6138429641723633,4.586249199928716
"[8, 23, 23, 8, 8, 8, 23, 23, 8, 8, 8, 8, 23, 23]","['tanh', 'swish', 'swish', 'tanh', 'elu', 'elu', 'swish', 'sigmoid', 'elu', 'elu', 'sigmoid', 'swish', 'sigmoid', 'elu']",09f8f8090000f8f600000608f6f0,700,Adam,MaxAbsoluteDeviation,0.6593635678291321,1.0527687072753906,4.581911800079979
"[8, 23, 23, 8, 8, 8, 23, 23, 8, 8, 8, 8, 23, 23]","['tanh', 'swish', 'swish', 'tanh', 'elu', 'elu', 'swish', 'sigmoid', 'elu', 'sigmoid', 'sigmoid', 'swish', 'sigmoid', 'elu']",09f8f8090000f8f600060608f6f0,700,Adam,MaxAbsoluteDeviation,1.0098214149475098,1.422226905822754,4.636854799930006
"[8, 23, 23, 8, 8, 8, 23, 23, 8, 8, 8, 8, 23, 23, 21]","['tanh', 'swish', 'swish', 'tanh', 'elu', 'elu', 'swish', 'sigmoid', 'elu', 'sigmoid', 'sigmoid', 'swish', 'sigmoid', 'swish', 'tanh']",09f8f8090000f8f600060608f6f8d9,700,Adam,MaxAbsoluteDeviation,1.0098214149475098,7.1556077003479,4.811914199963212
"[8, 23, 23, 8, 8, 8, 23, 23, 8, 8, 8, 8, 23, 23, 15]","['tanh', 'swish', 'swish', 'tanh', 'elu', 'elu', 'swish', 'sigmoid', 'elu', 'sigmoid', 'sigmoid', 'swish', 'sigmoid', 'elu', 'elu']",09f8f8090000f8f600060608f6f070,700,Adam,MaxAbsoluteDeviation,1.0098214149475098,2.117100715637207,4.734038700000383
"[8, 23, 23, 8, 8, 8, 23, 23, 8, 8, 8, 8, 23, 23]","['tanh', 'swish', 'swish', 'tanh', 'elu', 'elu', 'swish', 'sigmoid', 'elu', 'sigmoid', 'sigmoid', 'swish', 'sigmoid', 'elu']",09f8f8090000f8f600060608f6f0,559,Adam,MaxAbsoluteDeviation,1.0098214149475098,1.2502247095108032,3.8519930000184104
"[8, 23, 23, 8, 8, 8, 23, 23, 8, 8, 8, 8, 23, 23]","['tanh', 'swish', 'swish', 'tanh', 'elu', 'elu', 'swish', 'sigmoid', 'elu', 'sigmoid', 'sigmoid', 'swish', 'sigmoid', 'elu']",09f8f8090000f8f600060608f6f0,700,Adam,MaxAbsoluteDeviation,1.0098214149475098,8.244029998779297,4.543298200005665
"[8, 23, 23, 8, 8, 8, 23, 23, 8, 8, 8, 8, 23, 23, 18]","['tanh', 'swish', 'swish', 'tanh', 'elu', 'elu', 'swish', 'sigmoid', 'elu', 'sigmoid', 'sigmoid', 'swish', 'sigmoid', 'elu', 'elu']",09f8f8090000f8f600060608f6f0a0,700,Adam,MaxAbsoluteDeviation,1.1686429977416992,1.1731548309326172,4.685974000021815
"[8, 23, 23, 8, 8, 8, 23, 23, 8, 8, 8, 8, 23, 23, 18, 8]","['tanh', 'swish', 'swish', 'tanh', 'elu', 'elu', 'swish', 'sigmoid', 'elu', 'sigmoid', 'sigmoid', 'swish', 'sigmoid', 'elu', 'elu', 'sigmoid']",09f8f8090000f8f600060608f6f0a006,700,Adam,MaxAbsoluteDeviation,1.1686429977416992,8.540915489196777,4.904548199963756
"[8, 23, 23, 8, 8, 8, 23, 23, 8, 8, 8, 8, 8, 23, 18]","['tanh', 'swish', 'swish', 'tanh', 'elu', 'elu', 'swish', 'sigmoid', 'elu', 'sigmoid', 'sigmoid', 'swish', 'sigmoid', 'elu', 'elu']",09f8f8090000f8f60006060806f0a0,700,Adam,MaxAbsoluteDeviation,1.1686429977416992,8.173101425170898,4.660816199961118
"[8, 23, 23, 8, 8, 8, 23, 23, 8, 8, 8, 8, 23, 23, 18]","['tanh', 'swish', 'swish', 'tanh', 'elu', 'elu', 'swish', 'sigmoid', 'elu', 'sigmoid', 'sigmoid', 'swish', 'sigmoid', 'elu', 'elu']",09f8f8090000f8f600060608f6f0a0,671,Adam,MaxAbsoluteDeviation,1.1686429977416992,8.186230659484863,4.476298299967311
"[8, 23, 23, 8, 8, 8, 23, 23, 8, 8, 8, 8, 23, 23, 18]","['tanh', 'swish', 'swish', 'tanh', 'elu', 'elu', 'swish', 'sigmoid', 'elu', 'sigmoid', 'sigmoid', 'swish', 'sigmoid', 'elu', 'elu']",09f8f8090000f8f600060608f6f0a0,700,Adam,MaxAbsoluteDeviation,1.1755967140197754,1.4190988540649414,4.616052000084892
"[8, 23, 23, 23, 8, 8, 23, 23, 8, 8, 8, 8, 23, 23, 18]","['tanh', 'swish', 'swish', 'tanh', 'elu', 'elu', 'swish', 'sigmoid', 'elu', 'sigmoid', 'sigmoid', 'swish', 'sigmoid', 'elu', 'elu']",09f8f8f90000f8f600060608f6f0a0,700,Adam,MaxAbsoluteDeviation,1.1755967140197754,1.89815092086792,4.605392100056633
"[8, 23, 23, 8, 8, 8, 23, 23, 8, 8, 8, 8, 23, 23]","['tanh', 'swish', 'swish', 'tanh', 'elu', 'elu', 'swish', 'sigmoid', 'elu', 'sigmoid', 'sigmoid', 'swish', 'sigmoid', 'elu']",09f8f8090000f8f600060608f6f0,700,Adam,MaxAbsoluteDeviation,0.7216587662696838,0.6958838105201721,4.4398425000254065
"[8, 23, 23, 8, 8, 8, 23, 23, 8, 8, 8, 8, 23, 23]","['tanh', 'swish', 'swish', 'tanh', 'elu', 'elu', 'swish', 'sigmoid', 'elu', 'sigmoid', 'sigmoid', 'swish', 'sigmoid', 'elu']",09f8f8090000f8f600060608f6f0,700,Adam,MaxAbsoluteDeviation,0.7216587662696838,1.530340313911438,4.396265299990773
"[8, 23, 23, 8, 8, 8, 23, 23, 8, 8, 8, 8, 23]","['tanh', 'swish', 'swish', 'tanh', 'elu', 'elu', 'swish', 'sigmoid', 'elu', 'sigmoid', 'sigmoid', 'swish', 'sigmoid']",09f8f8090000f8f600060608f6,390,Adam,MaxAbsoluteDeviation,0.7216587662696838,8.406546592712402,2.7607332000043243
"[8, 23, 23, 8, 8, 8, 23, 23, 8, 8, 8, 8, 23, 23]","['tanh', 'swish', 'tanh', 'tanh', 'elu', 'elu', 'swish', 'sigmoid', 'elu', 'sigmoid', 'sigmoid', 'swish', 'sigmoid', 'elu']",09f8f9090000f8f600060608f6f0,700,Adam,MaxAbsoluteDeviation,0.7216587662696838,8.28416919708252,6.6188209999818355
"[8, 23, 23, 8, 8, 8, 23, 23, 8, 8, 8, 8, 23, 23, 14]","['tanh', 'swish', 'swish', 'tanh', 'elu', 'elu', 'swish', 'sigmoid', 'elu', 'sigmoid', 'sigmoid', 'swish', 'sigmoid', 'elu', 'elu']",09f8f8090000f8f600060608f6f060,700,Adam,MaxAbsoluteDeviation,0.7216587662696838,8.373601913452148,4.844025200000033
"[8, 23, 23, 8, 8, 8, 23, 8, 8, 8, 8, 8, 23, 23]","['tanh', 'swish', 'swish', 'tanh', 'elu', 'elu', 'swish', 'sigmoid', 'elu', 'sigmoid', 'sigmoid', 'swish', 'sigmoid', 'elu']",09f8f8090000f80600060608f6f0,700,Adam,MaxAbsoluteDeviation,0.7216587662696838,0.49065399169921875,4.6513964999467134
"[8, 23, 23, 8, 8, 8, 23, 23, 8, 8, 8, 8, 23, 23]","['tanh', 'swish', 'swish', 'tanh', 'elu', 'elu', 'swish', 'sigmoid', 'elu', 'sigmoid', 'sigmoid', 'swish', 'sigmoid', 'elu']",09f8f8090000f8f600060608f6f0,589,Adam,MaxAbsoluteDeviation,0.7216587662696838,0.7118854522705078,4.059887400013395
"[23, 23, 23, 8, 8, 8, 23, 23, 8, 8, 8, 8, 23, 8]","['tanh', 'swish', 'swish', 'tanh', 'elu', 'elu', 'swish', 'sigmoid', 'elu', 'sigmoid', 'sigmoid', 'swish', 'sigmoid', 'tanh']",f9f8f8090000f8f600060608f609,700,Adam,MaxAbsoluteDeviation,0.7216587662696838,8.816162109375,4.648565600044094
"[8, 23, 23, 8, 8, 8, 23, 23, 8, 8, 8, 8, 23, 23]","['tanh', 'swish', 'swish', 'tanh', 'elu', 'elu', 'swish', 'sigmoid', 'elu', 'sigmoid', 'sigmoid', 'swish', 'sigmoid', 'elu']",09f8f8090000f8f600060608f6f0,700,Adam,MaxAbsoluteDeviation,0.5757771134376526,0.6333198547363281,4.625138500006869
"[8, 23, 23, 8, 8, 8, 23, 23, 8, 8, 8, 8, 23, 23]","['tanh', 'swish', 'swish', 'tanh', 'elu', 'elu', 'swish', 'sigmoid', 'elu', 'sigmoid', 'sigmoid', 'swish', 'sigmoid', 'elu']",09f8f8090000f8f600060608f6f0,700,Adam,MaxAbsoluteDeviation,0.5757771134376526,8.41660213470459,4.605092899990268
"[8, 23, 23, 8, 8, 8, 23, 23, 8, 8, 8, 8, 23, 23]","['tanh', 'swish', 'swish', 'tanh', 'elu', 'swish', 'swish', 'sigmoid', 'elu', 'sigmoid', 'sigmoid', 'swish', 'sigmoid', 'elu']",09f8f8090008f8f600060608f6f0,700,Adam,MaxAbsoluteDeviation,0.5757771134376526,1.4039573669433594,4.660286400001496
"[8, 23, 23, 8, 8, 8, 23, 23, 8, 8, 8, 8, 23, 23]","['tanh', 'swish', 'swish', 'tanh', 'elu', 'elu', 'swish', 'sigmoid', 'elu', 'sigmoid', 'sigmoid', 'swish', 'sigmoid', 'elu']",09f8f8090000f8f600060608f6f0,157,Adam,MaxAbsoluteDeviation,2.4875051975250244,2.8184642791748047,1.8984109000302851
"[8, 23, 23, 8, 23, 8, 23, 23, 8, 8, 8, 8, 23]","['tanh', 'swish', 'swish', 'tanh', 'elu', 'elu', 'swish', 'sigmoid', 'elu', 'sigmoid', 'sigmoid', 'swish', 'sigmoid']",09f8f809f000f8f600060608f6,157,Adam,MaxAbsoluteDeviation,2.4875051975250244,8.267074584960938,1.803349099936895
"[8, 23, 23, 8, 8, 23, 23, 23, 8, 8, 8, 8, 23, 23]","['tanh', 'swish', 'swish', 'tanh', 'elu', 'elu', 'swish', 'sigmoid', 'elu', 'sigmoid', 'sigmoid', 'swish', 'sigmoid', 'elu']",09f8f80900f0f8f600060608f6f0,157,Adam,MaxAbsoluteDeviation,2.4875051975250244,5.043656349182129,1.892488699988462
"[8, 23, 23, 8, 8, 8, 23, 23, 8, 8, 8, 8, 23]","['tanh', 'swish', 'swish', 'tanh', 'elu', 'elu', 'swish', 'sigmoid', 'elu', 'sigmoid', 'sigmoid', 'swish', 'sigmoid']",09f8f8090000f8f600060608f6,157,Adam,MaxAbsoluteDeviation,2.4875051975250244,8.187286376953125,1.8043527998961508
"[8, 23, 23, 8, 8, 8, 23, 23, 8, 8, 8, 8, 23, 23, 9]","['tanh', 'swish', 'swish', 'tanh', 'elu', 'elu', 'swish', 'sigmoid', 'elu', 'sigmoid', 'sigmoid', 'swish', 'sigmoid', 'elu', 'tanh']",09f8f8090000f8f600060608f6f019,157,Adam,MaxAbsoluteDeviation,2.4875051975250244,8.392181396484375,1.9849099999992177
"[8, 23, 23, 8, 8, 8, 23, 23, 8, 8, 8, 8, 23, 23]","['tanh', 'swish', 'swish', 'tanh', 'elu', 'elu', 'swish', 'sigmoid', 'elu', 'sigmoid', 'sigmoid', 'swish', 'sigmoid', 'elu']",09f8f8090000f8f600060608f6f0,100,Adam,MaxAbsoluteDeviation,2.5102148056030273,1.8533148765563965,1.6196589999599382
"[8, 23, 23, 23, 8, 8, 23, 23, 8, 8, 8, 8, 23, 23]","['tanh', 'swish', 'tanh', 'tanh', 'elu', 'elu', 'swish', 'sigmoid', 'elu', 'sigmoid', 'sigmoid', 'swish', 'sigmoid', 'elu']",09f8f9f90000f8f600060608f6f0,100,Adam,MaxAbsoluteDeviation,2.5102148056030273,8.843860626220703,1.586065800045617
"[8, 23, 23, 8, 8, 8, 23, 23, 8, 8, 8, 8, 23, 23]","['tanh', 'swish', 'swish', 'tanh', 'sigmoid', 'elu', 'swish', 'sigmoid', 'elu', 'sigmoid', 'sigmoid', 'swish', 'sigmoid', 'elu']",09f8f8090600f8f600060608f6f0,100,Adam,MaxAbsoluteDeviation,2.5102148056030273,2.3886733055114746,1.6033063000068069
"[8, 23, 23, 8, 8, 8, 23, 23, 8, 8, 8, 8, 23, 23, 16]","['tanh', 'swish', 'swish', 'tanh', 'elu', 'elu', 'swish', 'sigmoid', 'elu', 'sigmoid', 'sigmoid', 'swish', 'sigmoid', 'elu', 'swish']",09f8f8090000f8f600060608f6f088,100,Adam,MaxAbsoluteDeviation,1.6419341564178467,2.0020556449890137,1.6912344000302255
"[8, 23, 23, 8, 8, 8, 23, 23, 8, 23, 8, 8, 23, 23, 16]","['tanh', 'swish', 'swish', 'tanh', 'elu', 'elu', 'swish', 'sigmoid', 'elu', 'sigmoid', 'sigmoid', 'swish', 'sigmoid', 'elu', 'swish']",09f8f8090000f8f600f60608f6f088,100,Adam,MaxAbsoluteDeviation,1.6419341564178467,1.8477745056152344,1.69107509998139
"[8, 23, 23, 8, 8, 8, 23, 23, 8, 8, 8, 8, 23, 23, 16]","['tanh', 'swish', 'swish', 'tanh', 'elu', 'elu', 'swish', 'sigmoid', 'elu', 'sigmoid', 'sigmoid', 'swish', 'sigmoid', 'elu', 'swish']",09f8f8090000f8f600060608f6f088,100,Adam,MaxAbsoluteDeviation,1.6419341564178467,4.722887992858887,1.700181399937719
"[8, 23, 23, 8, 8, 8, 23, 23, 8, 8, 8, 8, 23, 23, 16]","['tanh', 'swish', 'swish', 'tanh', 'elu', 'elu', 'elu', 'sigmoid', 'elu', 'sigmoid', 'sigmoid', 'swish', 'sigmoid', 'elu', 'swish']",09f8f8090000f0f600060608f6f088,100,Adam,MaxAbsoluteDeviation,1.6419341564178467,1.8771165609359741,1.6735361000755802
"[8, 23, 23, 8, 8, 8, 23, 23, 8, 8, 8, 8, 23, 23, 16]","['tanh', 'swish', 'swish', 'tanh', 'elu', 'elu', 'swish', 'sigmoid', 'elu', 'sigmoid', 'sigmoid', 'swish', 'sigmoid', 'elu', 'swish']",09f8f8090000f8f600060608f6f088,100,Adam,MaxAbsoluteDeviation,1.6419341564178467,8.434112548828125,1.6964710999745876
"[8, 23, 23, 8, 8, 8, 23, 23, 8, 8, 8, 8, 23, 23]","['tanh', 'swish', 'swish', 'tanh', 'elu', 'elu', 'swish', 'sigmoid', 'elu', 'sigmoid', 'sigmoid', 'swish', 'sigmoid', 'elu']",09f8f8090000f8f600060608f6f0,100,Adam,MaxAbsoluteDeviation,1.6419341564178467,8.571026802062988,1.5901175000471994
"[8, 23, 23, 8, 8, 8, 23, 23, 8, 8, 8, 8, 23, 23, 16, 17]","['tanh', 'swish', 'swish', 'tanh', 'elu', 'elu', 'swish', 'sigmoid', 'elu', 'sigmoid', 'sigmoid', 'swish', 'sigmoid', 'elu', 'swish', 'elu']",09f8f8090000f8f600060608f6f08890,100,Adam,MaxAbsoluteDeviation,1.6419341564178467,3.7473134994506836,1.767684599966742
"[8, 23, 23, 8, 8, 8, 23, 23, 8, 8, 8, 8, 23, 23, 16]","['tanh', 'swish', 'swish', 'tanh', 'elu', 'elu', 'swish', 'sigmoid', 'elu', 'sigmoid', 'sigmoid', 'swish', 'sigmoid', 'elu', 'swish']",09f8f8090000f8f600060608f6f088,700,Adam,MaxAbsoluteDeviation,0.5364261865615845,0.4645709991455078,4.651697400026023
"[8, 23, 23, 8, 8, 8, 23, 23, 8, 8, 8, 8, 23, 23, 16, 10]","['tanh', 'swish', 'swish', 'tanh', 'elu', 'elu', 'swish', 'sigmoid', 'elu', 'sigmoid', 'sigmoid', 'swish', 'sigmoid', 'elu', 'swish', 'elu']",09f8f8090000f8f600060608f6f08820,700,Adam,MaxAbsoluteDeviation,0.5364261865615845,1.5278511047363281,4.7196176999714226
"[8, 23, 23, 8, 8, 8, 23, 23, 8, 8, 8, 8, 23, 23, 16]","['tanh', 'swish', 'swish', 'tanh', 'elu', 'elu', 'swish', 'sigmoid', 'elu', 'sigmoid', 'sigmoid', 'swish', 'sigmoid', 'elu', 'elu']",09f8f8090000f8f600060608f6f080,700,Adam,MaxAbsoluteDeviation,0.5364261865615845,8.402746200561523,6.828335999976844
"[8, 23, 23, 8, 8, 8, 23, 23, 8, 8, 8, 8, 23, 23, 16]","['tanh', 'swish', 'swish', 'tanh', 'elu', 'elu', 'swish', 'sigmoid', 'elu', 'sigmoid', 'sigmoid', 'swish', 'sigmoid', 'elu', 'swish']",09f8f8090000f8f600060608f6f088,700,Adam,MaxAbsoluteDeviation,0.5364261865615845,8.175406455993652,4.842679599998519
"[8, 23, 23, 8, 8, 8, 23, 23, 8, 8, 8, 8, 23, 23, 16]","['tanh', 'swish', 'swish', 'tanh', 'elu', 'elu', 'swish', 'sigmoid', 'elu', 'sigmoid', 'sigmoid', 'swish', 'sigmoid', 'elu', 'swish']",09f8f8090000f8f600060608f6f088,700,Adam,MaxAbsoluteDeviation,0.5364261865615845,1.0827045440673828,4.8327542000915855
"[8, 23, 8, 8, 8, 8, 23, 23, 8, 8, 8, 8, 23, 23, 16]","['tanh', 'swish', 'swish', 'tanh', 'elu', 'elu', 'swish', 'sigmoid', 'elu', 'sigmoid', 'sigmoid', 'swish', 'sigmoid', 'elu', 'swish']",09f808090000f8f600060608f6f088,700,Adam,MaxAbsoluteDeviation,0.5364261865615845,8.32577896118164,4.800661599962041
"[8, 23, 23, 8, 8, 8, 23, 23, 8, 8, 8, 8, 23, 23, 16]","['tanh', 'swish', 'swish', 'tanh', 'elu', 'elu', 'swish', 'sigmoid', 'elu', 'sigmoid', 'sigmoid', 'swish', 'sigmoid', 'elu', 'swish']",09f8f8090000f8f600060608f6f088,700,Adam,MaxAbsoluteDeviation,0.5364261865615845,1.0346508026123047,4.807181800017133
"[8, 23, 23, 8, 8, 8, 23, 23, 8, 8, 8, 8, 23, 23, 16, 22]","['tanh', 'swish', 'swish', 'tanh', 'elu', 'elu', 'swish', 'sigmoid', 'elu', 'sigmoid', 'sigmoid', 'swish', 'sigmoid', 'elu', 'swish', 'tanh']",09f8f8090000f8f600060608f6f088e9,700,Adam,MaxAbsoluteDeviation,0.5364261865615845,8.400337219238281,4.992579399957322
"[8, 23, 23, 8, 8, 8, 23, 23, 8, 8, 8, 8, 23, 23, 16]","['tanh', 'swish', 'swish', 'tanh', 'elu', 'elu', 'swish', 'sigmoid', 'elu', 'sigmoid', 'sigmoid', 'swish', 'sigmoid', 'elu', 'swish']",09f8f8090000f8f600060608f6f088,687,Adam,MaxAbsoluteDeviation,0.5364261865615845,1.117879867553711,4.754884099937044
"[8, 23, 23, 8, 8, 8, 23, 23, 8, 8, 8, 8, 23, 23, 16]","['tanh', 'swish', 'swish', 'tanh', 'elu', 'elu', 'swish', 'sigmoid', 'tanh', 'sigmoid', 'sigmoid', 'swish', 'sigmoid', 'elu', 'swish']",09f8f8090000f8f609060608f6f088,700,Adam,MaxAbsoluteDeviation,0.5364261865615845,8.425935745239258,4.828753500012681
"[8, 23, 23, 8, 8, 8, 23, 23, 8, 8, 8, 8, 23, 23, 16]","['tanh', 'swish', 'swish', 'tanh', 'elu', 'elu', 'swish', 'sigmoid', 'elu', 'sigmoid', 'sigmoid', 'swish', 'sigmoid', 'elu', 'swish']",09f8f8090000f8f600060608f6f088,700,Adam,MaxAbsoluteDeviation,0.5364261865615845,8.96349048614502,4.812939299969003
"[8, 23, 23, 8, 8, 8, 23, 23, 8, 8, 8, 8, 23, 23, 16]","['tanh', 'swish', 'swish', 'tanh', 'elu', 'elu', 'swish', 'sigmoid', 'elu', 'sigmoid', 'sigmoid', 'swish', 'sigmoid', 'elu', 'swish']",09f8f8090000f8f600060608f6f088,700,Adam,MaxAbsoluteDeviation,0.5364261865615845,1.2221031188964844,4.845128900022246
"[8, 23, 23, 8, 8, 8, 23, 23, 8, 8, 8, 8, 23, 23, 16]","['tanh', 'swish', 'swish', 'tanh', 'elu', 'elu', 'swish', 'sigmoid', 'elu', 'sigmoid', 'sigmoid', 'swish', 'sigmoid', 'elu', 'swish']",09f8f8090000f8f600060608f6f088,620,Adam,MaxAbsoluteDeviation,0.5364261865615845,1.1554417610168457,4.4098773000296205
"[8, 23, 23, 8, 8, 8, 23, 23, 8, 8, 8, 8, 23, 23, 16]","['tanh', 'swish', 'swish', 'tanh', 'elu', 'elu', 'swish', 'sigmoid', 'elu', 'sigmoid', 'sigmoid', 'swish', 'sigmoid', 'elu', 'swish']",09f8f8090000f8f600060608f6f088,700,Adam,MaxAbsoluteDeviation,0.5364261865615845,8.398640632629395,4.78956589999143
"[8, 23, 23, 8, 8, 8, 23, 23, 8, 8, 8, 8, 23, 23]","['tanh', 'swish', 'swish', 'tanh', 'elu', 'elu', 'swish', 'sigmoid', 'elu', 'sigmoid', 'sigmoid', 'swish', 'sigmoid', 'elu']",09f8f8090000f8f600060608f6f0,700,Adam,MaxAbsoluteDeviation,0.5364261865615845,0.5058956146240234,4.577213800046593
"[8, 23, 23, 8, 8, 8, 23, 23, 8, 8, 8, 8, 23, 23, 16]","['tanh', 'swish', 'swish', 'tanh', 'elu', 'elu', 'swish', 'sigmoid', 'elu', 'sigmoid', 'sigmoid', 'elu', 'sigmoid', 'elu', 'swish']",09f8f8090000f8f600060600f6f088,700,Adam,MaxAbsoluteDeviation,0.5364261865615845,1.3279228210449219,4.771284500020556
"[8, 23, 23, 8, 8, 8, 23, 23, 8, 8, 8, 8, 23, 23, 16]","['tanh', 'swish', 'sigmoid', 'tanh', 'elu', 'elu', 'swish', 'sigmoid', 'elu', 'sigmoid', 'sigmoid', 'swish', 'sigmoid', 'elu', 'swish']",09f8f6090000f8f600060608f6f088,275,Adam,MaxAbsoluteDeviation,0.5364261865615845,1.3303022384643555,2.536416199989617
"[8, 23, 23, 8, 8, 8, 23, 23, 8, 8, 8, 8, 23, 23, 16]","['tanh', 'swish', 'swish', 'tanh', 'elu', 'elu', 'swish', 'sigmoid', 'elu', 'sigmoid', 'sigmoid', 'swish', 'sigmoid', 'elu', 'swish']",09f8f8090000f8f600060608f6f088,700,Adam,MaxAbsoluteDeviation,0.5364261865615845,1.4601411819458008,4.8240279000019655
"[8, 23, 23, 8, 8, 8, 23, 23, 8, 8, 8, 8, 23, 23, 16, 15]","['tanh', 'swish', 'swish', 'tanh', 'elu', 'elu', 'swish', 'sigmoid', 'elu', 'sigmoid', 'sigmoid', 'swish', 'sigmoid', 'elu', 'swish', 'swish']",09f8f8090000f8f600060608f6f08878,700,Adam,MaxAbsoluteDeviation,0.5364261865615845,0.9562011957168579,4.964843700057827
"[8, 23, 23, 8, 8, 8, 23, 23, 8, 8, 8, 8, 23, 23, 16, 13]","['tanh', 'swish', 'swish', 'tanh', 'elu', 'elu', 'swish', 'sigmoid', 'elu', 'sigmoid', 'sigmoid', 'swish', 'sigmoid', 'elu', 'swish', 'tanh']",09f8f8090000f8f600060608f6f08859,700,Adam,MaxAbsoluteDeviation,0.5364261865615845,8.708230018615723,4.935147700016387
"[8, 23, 23, 8, 8, 8, 23, 23, 8, 8, 8, 8, 23, 23, 16]","['tanh', 'swish', 'swish', 'tanh', 'elu', 'elu', 'swish', 'sigmoid', 'elu', 'sigmoid', 'tanh', 'swish', 'sigmoid', 'elu', 'swish']",09f8f8090000f8f600060908f6f088,700,Adam,MaxAbsoluteDeviation,0.5364261865615845,1.4670743942260742,4.7119710999540985
"[8, 23, 23, 8, 8, 8, 23, 23, 8, 8, 8, 8, 23, 23, 21]","['tanh', 'swish', 'swish', 'tanh', 'elu', 'elu', 'swish', 'sigmoid', 'elu', 'sigmoid', 'sigmoid', 'swish', 'sigmoid', 'elu', 'sigmoid']",09f8f8090000f8f600060608f6f0d6,700,Adam,MaxAbsoluteDeviation,0.5364261865615845,8.147767066955566,4.65174380003009
"[8, 23, 23, 8, 8, 8, 23, 23, 8, 8, 8, 8, 23, 23]","['tanh', 'swish', 'swish', 'tanh', 'elu', 'elu', 'swish', 'sigmoid', 'elu', 'sigmoid', 'sigmoid', 'swish', 'sigmoid', 'elu']",09f8f8090000f8f600060608f6f0,700,Adam,MaxAbsoluteDeviation,0.5364261865615845,8.356550216674805,4.496731599909253
"[8, 23, 23, 8, 8, 8, 23, 23, 8, 8, 8, 8, 23, 23, 16]","['tanh', 'swish', 'elu', 'tanh', 'elu', 'elu', 'swish', 'sigmoid', 'elu', 'sigmoid', 'sigmoid', 'swish', 'sigmoid', 'elu', 'swish']",09f8f0090000f8f600060608f6f088,700,Adam,MaxAbsoluteDeviation,0.5364261865615845,8.23343563079834,4.653048599953763
"[8, 23, 23, 8, 8, 8, 23, 23, 8, 8, 23, 8, 23, 23, 16]","['tanh', 'swish', 'swish', 'tanh', 'elu', 'elu', 'swish', 'sigmoid', 'elu', 'sigmoid', 'sigmoid', 'swish', 'sigmoid', 'elu', 'swish']",09f8f8090000f8f60006f608f6f088,700,Adam,MaxAbsoluteDeviation,0.5364261865615845,1.3151110410690308,4.608056099968962
"[8, 23, 23, 8, 8, 8, 23, 23, 8, 8, 8, 8, 23, 23, 16, 22]","['tanh', 'swish', 'swish', 'tanh', 'elu', 'elu', 'swish', 'sigmoid', 'elu', 'sigmoid', 'sigmoid', 'swish', 'sigmoid', 'elu', 'swish', 'swish']",09f8f8090000f8f600060608f6f088e8,700,Adam,MaxAbsoluteDeviation,0.5364261865615845,0.9765272736549377,4.839665099978447
"[8, 23, 23, 8, 8, 8, 23, 23, 8, 8, 8, 8, 23, 23, 16]","['tanh', 'swish', 'swish', 'tanh', 'elu', 'elu', 'swish', 'sigmoid', 'elu', 'sigmoid', 'sigmoid', 'swish', 'sigmoid', 'elu', 'swish']",09f8f8090000f8f600060608f6f088,700,Adam,MaxAbsoluteDeviation,0.5364261865615845,1.2400131225585938,4.615285000065342
"[8, 23, 23, 8, 8, 8, 23, 23, 8, 8, 8, 8, 23, 23, 16]","['tanh', 'swish', 'swish', 'tanh', 'elu', 'elu', 'swish', 'sigmoid', 'elu', 'sigmoid', 'sigmoid', 'swish', 'sigmoid', 'elu', 'swish']",09f8f8090000f8f600060608f6f088,700,Adam,MaxAbsoluteDeviation,0.5364261865615845,9.148110389709473,6.91341849998571
"[8, 23, 23, 8, 8, 8, 23, 23, 8, 8, 8, 8, 23, 23, 16]","['tanh', 'swish', 'swish', 'tanh', 'elu', 'elu', 'swish', 'sigmoid', 'elu', 'sigmoid', 'sigmoid', 'swish', 'sigmoid', 'elu', 'swish']",09f8f8090000f8f600060608f6f088,700,Adam,MaxAbsoluteDeviation,0.5364261865615845,0.6021690368652344,4.898150300025009
"[8, 23, 23, 8, 8, 8, 23, 23, 8, 8, 8, 8, 23, 23, 16]","['tanh', 'swish', 'swish', 'tanh', 'elu', 'elu', 'swish', 'sigmoid', 'elu', 'sigmoid', 'sigmoid', 'swish', 'sigmoid', 'elu', 'swish']",09f8f8090000f8f600060608f6f088,100,Adam,MaxAbsoluteDeviation,0.5364261865615845,8.837779998779297,1.6980202000122517
"[8, 23, 8, 8, 8, 8, 23, 23, 8, 8, 8, 8, 23, 23, 16]","['tanh', 'swish', 'swish', 'tanh', 'elu', 'elu', 'swish', 'sigmoid', 'elu', 'sigmoid', 'sigmoid', 'swish', 'sigmoid', 'elu', 'swish']",09f808090000f8f600060608f6f088,700,Adam,MaxAbsoluteDeviation,0.5364261865615845,8.190799713134766,4.853745199972764
"[8, 23, 23, 8, 8, 8, 23, 23, 8, 8, 8, 8, 23, 23, 16]","['tanh', 'swish', 'swish', 'tanh', 'elu', 'elu', 'swish', 'sigmoid', 'elu', 'sigmoid', 'sigmoid', 'swish', 'sigmoid', 'elu', 'swish']",09f8f8090000f8f600060608f6f088,116,Adam,MaxAbsoluteDeviation,0.5364261865615845,1.9570465087890625,1.7812874000519514
"[8, 23, 23, 8, 8, 8, 23, 23, 8, 8, 8, 8, 23, 23, 16, 9]","['tanh', 'swish', 'swish', 'tanh', 'elu', 'elu', 'swish', 'sigmoid', 'elu', 'sigmoid', 'sigmoid', 'swish', 'sigmoid', 'elu', 'swish', 'sigmoid']",09f8f8090000f8f600060608f6f08816,700,Adam,MaxAbsoluteDeviation,0.5364261865615845,8.167889595031738,4.977309900103137
"[8, 23, 23, 8, 8, 8, 23, 23, 8, 8, 8, 8, 23, 23, 16]","['tanh', 'swish', 'swish', 'tanh', 'elu', 'elu', 'swish', 'sigmoid', 'elu', 'sigmoid', 'sigmoid', 'swish', 'sigmoid', 'elu', 'swish']",09f8f8090000f8f600060608f6f088,700,Adam,MaxAbsoluteDeviation,0.5364261865615845,8.537174224853516,4.814897899981588
"[8, 23, 23, 8, 8, 8, 23, 23, 8, 8, 8, 23, 23, 23, 16]","['tanh', 'swish', 'swish', 'tanh', 'elu', 'elu', 'swish', 'sigmoid', 'elu', 'sigmoid', 'sigmoid', 'swish', 'sigmoid', 'elu', 'swish']",09f8f8090000f8f6000606f8f6f088,700,Adam,MaxAbsoluteDeviation,0.627784788608551,2.536092758178711,4.771942500025034
"[8, 23, 23, 8, 8, 8, 23, 23, 8, 8, 8, 23, 23, 23]","['tanh', 'swish', 'swish', 'tanh', 'elu', 'elu', 'swish', 'sigmoid', 'elu', 'sigmoid', 'sigmoid', 'swish', 'sigmoid', 'elu']",09f8f8090000f8f6000606f8f6f0,700,Adam,MaxAbsoluteDeviation,0.627784788608551,0.6803779602050781,4.577012199908495
"[8, 23, 23, 8, 8, 8, 23, 23, 8, 8, 8, 23, 23, 23, 16]","['tanh', 'swish', 'swish', 'tanh', 'elu', 'elu', 'sigmoid', 'sigmoid', 'elu', 'sigmoid', 'sigmoid', 'swish', 'sigmoid', 'elu', 'swish']",09f8f8090000f6f6000606f8f6f088,700,Adam,MaxAbsoluteDeviation,0.627784788608551,8.251591682434082,4.814695400069468
"[8, 23, 23, 8, 8, 8, 23, 23, 8, 8, 8, 23, 23, 23, 16]","['tanh', 'swish', 'swish', 'tanh', 'elu', 'elu', 'swish', 'sigmoid', 'elu', 'sigmoid', 'sigmoid', 'sigmoid', 'sigmoid', 'elu', 'swish']",09f8f8090000f8f6000606f6f6f088,700,Adam,MaxAbsoluteDeviation,0.627784788608551,2.115128517150879,4.779081500018947
"[8, 23, 23, 8, 8, 8, 23, 8, 8, 8, 8, 23, 23, 23, 16]","['tanh', 'swish', 'swish', 'tanh', 'elu', 'elu', 'swish', 'sigmoid', 'elu', 'sigmoid', 'sigmoid', 'swish', 'sigmoid', 'elu', 'swish']",09f8f8090000f806000606f8f6f088,700,Adam,MaxAbsoluteDeviation,0.7011522054672241,1.489091396331787,4.819673000019975
"[8, 23, 23, 8, 8, 8, 23, 8, 8, 8, 8, 23, 23, 23, 16, 15]","['tanh', 'swish', 'swish', 'tanh', 'elu', 'elu', 'swish', 'sigmoid', 'elu', 'sigmoid', 'sigmoid', 'swish', 'sigmoid', 'elu', 'swish', 'tanh']",09f8f8090000f806000606f8f6f08879,700,Adam,MaxAbsoluteDeviation,0.7011522054672241,8.768023490905762,4.928403800004162
"[8, 23, 23, 8, 8, 8, 23, 8, 8, 8, 8, 23, 23, 23, 16]","['tanh', 'swish', 'swish', 'tanh', 'elu', 'elu', 'swish', 'sigmoid', 'elu', 'sigmoid', 'sigmoid', 'swish', 'sigmoid', 'elu', 'swish']",09f8f8090000f806000606f8f6f088,700,Adam,MaxAbsoluteDeviation,0.7011522054672241,8.15003776550293,4.793180700042285
"[8, 23, 23, 8, 8, 8, 23, 8, 8, 23, 8, 23, 23, 23]","['tanh', 'swish', 'swish', 'tanh', 'elu', 'elu', 'swish', 'sigmoid', 'elu', 'sigmoid', 'sigmoid', 'swish', 'sigmoid', 'elu']",09f8f8090000f80600f606f8f6f0,700,Adam,MaxAbsoluteDeviation,0.7011522054672241,1.3474006652832031,4.578764299978502
"[23, 23, 23, 8, 8, 8, 23, 8, 8, 8, 8, 23, 23, 23, 16]","['tanh', 'swish', 'swish', 'tanh', 'elu', 'elu', 'swish', 'sigmoid', 'elu', 'sigmoid', 'sigmoid', 'swish', 'sigmoid', 'elu', 'swish']",f9f8f8090000f806000606f8f6f088,700,Adam,MaxAbsoluteDeviation,0.7011522054672241,5.842283725738525,4.723619500058703
"[8, 23, 23, 8, 8, 8, 23, 8, 8, 8, 8, 23, 23, 23, 16]","['tanh', 'swish', 'swish', 'tanh', 'elu', 'elu', 'swish', 'sigmoid', 'elu', 'sigmoid', 'sigmoid', 'swish', 'sigmoid', 'elu', 'swish']",09f8f8090000f806000606f8f6f088,636,Adam,MaxAbsoluteDeviation,0.47924232482910156,0.6815280914306641,4.402665999950841
"[8, 23, 23, 8, 8, 8, 23, 8, 8, 8, 8, 23, 23, 23, 16]","['tanh', 'swish', 'swish', 'tanh', 'elu', 'elu', 'swish', 'sigmoid', 'elu', 'sigmoid', 'sigmoid', 'swish', 'sigmoid', 'elu', 'swish']",09f8f8090000f806000606f8f6f088,100,Adam,MaxAbsoluteDeviation,0.47924232482910156,3.0920944213867188,1.6835690999869257
"[8, 23, 23, 8, 8, 8, 23, 8, 8, 8, 8, 23, 23, 23, 16]","['tanh', 'swish', 'swish', 'tanh', 'elu', 'elu', 'swish', 'sigmoid', 'elu', 'sigmoid', 'sigmoid', 'swish', 'sigmoid', 'elu', 'swish']",09f8f8090000f806000606f8f6f088,636,Adam,MaxAbsoluteDeviation,0.47924232482910156,0.7713031768798828,4.394857099978253
"[8, 23, 23, 8, 8, 8, 23, 8, 8, 8, 8, 23, 23, 23, 16]","['tanh', 'swish', 'swish', 'tanh', 'elu', 'elu', 'swish', 'sigmoid', 'elu', 'sigmoid', 'sigmoid', 'swish', 'sigmoid', 'elu', 'swish']",09f8f8090000f806000606f8f6f088,144,Adam,MaxAbsoluteDeviation,0.47924232482910156,1.0435848236083984,1.892930900095962
"[8, 23, 23, 8, 8, 8, 23, 8, 8, 8, 8, 23, 23, 23, 16]","['tanh', 'swish', 'swish', 'tanh', 'elu', 'elu', 'swish', 'sigmoid', 'elu', 'sigmoid', 'sigmoid', 'sigmoid', 'sigmoid', 'elu', 'swish']",09f8f8090000f806000606f6f6f088,636,Adam,MaxAbsoluteDeviation,0.47924232482910156,8.534729957580566,4.347155899973586
"[8, 23, 23, 8, 8, 8, 23, 8, 8, 8, 8, 23, 23, 23]","['tanh', 'swish', 'swish', 'tanh', 'elu', 'elu', 'swish', 'sigmoid', 'elu', 'sigmoid', 'sigmoid', 'swish', 'sigmoid', 'elu']",09f8f8090000f806000606f8f6f0,636,Adam,MaxAbsoluteDeviation,0.47924232482910156,5.6456708908081055,4.072110200067982
"[8, 23, 23, 8, 8, 8, 23, 8, 8, 8, 8, 23, 23, 23, 16]","['tanh', 'swish', 'swish', 'tanh', 'elu', 'elu', 'swish', 'sigmoid', 'elu', 'sigmoid', 'sigmoid', 'swish', 'sigmoid', 'elu', 'swish']",09f8f8090000f806000606f8f6f088,636,Adam,MaxAbsoluteDeviation,0.47924232482910156,0.7067775726318359,4.283455200027674
"[8, 23, 23, 8, 8, 8, 23, 8, 8, 8, 8, 23, 23, 23, 16]","['tanh', 'swish', 'swish', 'tanh', 'elu', 'elu', 'elu', 'sigmoid', 'elu', 'sigmoid', 'sigmoid', 'swish', 'sigmoid', 'elu', 'swish']",09f8f8090000f006000606f8f6f088,636,Adam,MaxAbsoluteDeviation,0.47924232482910156,1.4711591005325317,4.261164400028065
"[8, 23, 23, 8, 8, 8, 23, 8, 8, 8, 8, 23, 23, 23, 8]","['tanh', 'swish', 'swish', 'tanh', 'elu', 'elu', 'swish', 'sigmoid', 'elu', 'sigmoid', 'sigmoid', 'swish', 'sigmoid', 'elu', 'swish']",09f8f8090000f806000606f8f6f008,636,Adam,MaxAbsoluteDeviation,0.47924232482910156,8.553577423095703,4.208885799976997
"[8, 23, 23, 8, 8, 8, 23, 8, 8, 8, 8, 23, 23, 23]","['tanh', 'swish', 'swish', 'tanh', 'elu', 'elu', 'swish', 'sigmoid', 'elu', 'sigmoid', 'sigmoid', 'swish', 'sigmoid', 'elu']",09f8f8090000f806000606f8f6f0,636,Adam,MaxAbsoluteDeviation,0.47924232482910156,0.9641323089599609,4.359000200056471
"[8, 23, 23, 8, 8, 8, 23, 8, 8, 8, 8, 23, 23, 23]","['tanh', 'swish', 'swish', 'tanh', 'elu', 'elu', 'swish', 'sigmoid', 'elu', 'sigmoid', 'sigmoid', 'swish', 'sigmoid', 'elu']",09f8f8090000f806000606f8f6f0,636,Adam,MaxAbsoluteDeviation,0.7891693711280823,0.5376005172729492,4.312071299995296
"[8, 23, 23, 8, 8, 8, 23, 8, 8, 8, 8, 23, 23, 23]","['tanh', 'swish', 'swish', 'tanh', 'elu', 'elu', 'swish', 'sigmoid', 'elu', 'sigmoid', 'sigmoid', 'swish', 'sigmoid', 'elu']",09f8f8090000f806000606f8f6f0,700,Adam,MaxAbsoluteDeviation,0.8146751523017883,0.990234375,4.669191499939188
"[8, 23, 23, 8, 8, 8, 23, 8, 8, 8, 8, 23, 23, 23, 22]","['tanh', 'swish', 'swish', 'swish', 'elu', 'elu', 'swish', 'sigmoid', 'elu', 'sigmoid', 'sigmoid', 'swish', 'sigmoid', 'elu', 'sigmoid']",09f8f8080000f806000606f8f6f0e6,700,Adam,MaxAbsoluteDeviation,0.8146751523017883,8.781885147094727,4.869507699972019
"[8, 8, 23, 8, 8, 8, 23, 8, 8, 8, 23, 23, 23, 23]","['tanh', 'swish', 'swish', 'tanh', 'elu', 'elu', 'swish', 'sigmoid', 'elu', 'sigmoid', 'sigmoid', 'swish', 'sigmoid', 'elu']",0908f8090000f8060006f6f8f6f0,700,Adam,MaxAbsoluteDeviation,0.6432110667228699,1.0924005508422852,4.647546900087036
"[8, 8, 23, 8, 8, 8, 23, 8, 8, 8, 23, 23, 23, 23, 14]","['tanh', 'swish', 'swish', 'tanh', 'elu', 'elu', 'swish', 'sigmoid', 'elu', 'sigmoid', 'sigmoid', 'swish', 'sigmoid', 'elu', 'swish']",0908f8090000f8060006f6f8f6f068,700,Adam,MaxAbsoluteDeviation,0.6432110667228699,7.510437488555908,4.825341499992646
"[8, 8, 23, 8, 8, 8, 23, 8, 8, 8, 8, 23, 23, 23]","['tanh', 'swish', 'swish', 'tanh', 'elu', 'elu', 'swish', 'sigmoid', 'elu', 'sigmoid', 'sigmoid', 'swish', 'sigmoid', 'elu']",0908f8090000f806000606f8f6f0,700,Adam,MaxAbsoluteDeviation,0.6432110667228699,1.2197084426879883,4.5890641999430954
"[8, 8, 23, 8, 8, 8, 23, 8, 8, 8, 23, 23, 23, 23, 22]","['tanh', 'swish', 'swish', 'tanh', 'elu', 'elu', 'swish', 'sigmoid', 'elu', 'sigmoid', 'sigmoid', 'swish', 'sigmoid', 'elu', 'swish']",0908f8090000f8060006f6f8f6f0e8,700,Adam,MaxAbsoluteDeviation,0.6432110667228699,1.2982999086380005,4.77965939999558
"[8, 8, 23, 8, 8, 8, 23, 8, 8, 8, 23, 23, 23, 23]","['tanh', 'swish', 'swish', 'tanh', 'elu', 'elu', 'swish', 'sigmoid', 'elu', 'sigmoid', 'sigmoid', 'swish', 'sigmoid', 'elu']",0908f8090000f8060006f6f8f6f0,621,Adam,MaxAbsoluteDeviation,0.6432110667228699,8.192153930664062,4.187382400035858
"[8, 8, 23, 8, 8, 8, 23, 8, 8, 8, 23, 23, 23, 23]","['tanh', 'swish', 'swish', 'tanh', 'swish', 'elu', 'swish', 'sigmoid', 'elu', 'sigmoid', 'sigmoid', 'swish', 'sigmoid', 'elu']",0908f8090800f8060006f6f8f6f0,700,Adam,MaxAbsoluteDeviation,0.6145235896110535,0.6898899078369141,4.640692200046033
"[8, 8, 23, 8, 8, 8, 23, 8, 8, 8, 23, 23, 23, 23]","['tanh', 'swish', 'swish', 'tanh', 'swish', 'elu', 'swish', 'sigmoid', 'elu', 'sigmoid', 'sigmoid', 'swish', 'sigmoid', 'elu']",0908f8090800f8060006f6f8f6f0,375,Adam,MaxAbsoluteDeviation,0.6145235896110535,8.485673904418945,2.9972297999775037
"[8, 8, 23, 8, 8, 8, 23, 8, 8, 8, 23, 23, 23, 23]","['tanh', 'swish', 'swish', 'tanh', 'swish', 'elu', 'swish', 'sigmoid', 'elu', 'sigmoid', 'sigmoid', 'swish', 'sigmoid', 'elu']",0908f8090800f8060006f6f8f6f0,700,Adam,MaxAbsoluteDeviation,0.6145235896110535,8.447487831115723,4.634729400044307
"[8, 8, 23, 8, 8, 8, 23, 8, 8, 8, 23, 23, 23, 23]","['tanh', 'swish', 'swish', 'tanh', 'swish', 'elu', 'swish', 'sigmoid', 'elu', 'sigmoid', 'sigmoid', 'swish', 'sigmoid', 'elu']",0908f8090800f8060006f6f8f6f0,700,Adam,MaxAbsoluteDeviation,0.6145235896110535,8.65271282196045,4.6109881000593305
"[8, 8, 23, 8, 8, 8, 23, 8, 8, 8, 23, 23, 23, 23, 10]","['tanh', 'swish', 'swish', 'tanh', 'swish', 'elu', 'swish', 'sigmoid', 'elu', 'sigmoid', 'sigmoid', 'swish', 'sigmoid', 'elu', 'swish']",0908f8090800f8060006f6f8f6f028,700,Adam,MaxAbsoluteDeviation,0.7053372263908386,0.9177365303039551,4.811925899935886
"[8, 23, 23, 8, 8, 8, 23, 8, 8, 8, 23, 23, 23, 23, 10]","['tanh', 'swish', 'swish', 'tanh', 'swish', 'elu', 'swish', 'sigmoid', 'elu', 'sigmoid', 'sigmoid', 'swish', 'sigmoid', 'elu', 'swish']",09f8f8090800f8060006f6f8f6f028,700,Adam,MaxAbsoluteDeviation,0.589602530002594,0.7520999908447266,4.798536999966018
"[8, 23, 23, 8, 8, 8, 23, 8, 8, 8, 23, 23, 23, 23, 10]","['tanh', 'swish', 'swish', 'tanh', 'swish', 'elu', 'swish', 'sigmoid', 'elu', 'sigmoid', 'sigmoid', 'swish', 'sigmoid', 'elu', 'swish']",09f8f8090800f8060006f6f8f6f028,700,Adam,MaxAbsoluteDeviation,0.589602530002594,0.6779556274414062,4.7337081000441685
"[8, 23, 23, 8, 8, 8, 23, 8, 8, 8, 23, 23, 23, 23, 10]","['tanh', 'swish', 'swish', 'tanh', 'swish', 'elu', 'swish', 'sigmoid', 'elu', 'sigmoid', 'sigmoid', 'swish', 'sigmoid', 'elu', 'swish']",09f8f8090800f8060006f6f8f6f028,700,Adam,MaxAbsoluteDeviation,0.589602530002594,1.4257383346557617,4.78335059992969
"[8, 23, 23, 8, 8, 8, 23, 8, 8, 8, 23, 23, 23, 23]","['tanh', 'swish', 'swish', 'tanh', 'swish', 'elu', 'swish', 'sigmoid', 'elu', 'sigmoid', 'sigmoid', 'swish', 'sigmoid', 'elu']",09f8f8090800f8060006f6f8f6f0,700,Adam,MaxAbsoluteDeviation,0.589602530002594,8.667224884033203,4.527195999980904
"[8, 23, 23, 8, 8, 8, 23, 8, 8, 8, 23, 23, 23, 23, 10, 22]","['tanh', 'swish', 'swish', 'tanh', 'swish', 'elu', 'swish', 'sigmoid', 'elu', 'sigmoid', 'sigmoid', 'swish', 'sigmoid', 'elu', 'swish', 'tanh']",09f8f8090800f8060006f6f8f6f028e9,700,Adam,MaxAbsoluteDeviation,0.589602530002594,8.750750541687012,4.877468800055794
"[8, 23, 23, 8, 8, 8, 23, 8, 8, 8, 23, 23, 23, 23, 10]","['tanh', 'swish', 'swish', 'tanh', 'swish', 'elu', 'swish', 'sigmoid', 'elu', 'sigmoid', 'sigmoid', 'swish', 'sigmoid', 'elu', 'swish']",09f8f8090800f8060006f6f8f6f028,700,Adam,MaxAbsoluteDeviation,0.589602530002594,1.2072391510009766,4.655616200063378
"[8, 23, 23, 8, 8, 8, 23, 8, 8, 8, 23, 23, 23, 23, 10]","['tanh', 'swish', 'swish', 'tanh', 'swish', 'elu', 'swish', 'sigmoid', 'elu', 'sigmoid', 'sigmoid', 'swish', 'sigmoid', 'elu', 'swish']",09f8f8090800f8060006f6f8f6f028,700,Adam,MaxAbsoluteDeviation,0.589602530002594,8.476930618286133,4.672224199981429
"[8, 23, 23, 8, 8, 8, 23, 8, 8, 8, 23, 8, 23, 23, 10]","['tanh', 'swish', 'swish', 'tanh', 'swish', 'elu', 'swish', 'sigmoid', 'elu', 'sigmoid', 'sigmoid', 'swish', 'sigmoid', 'elu', 'swish']",09f8f8090800f8060006f608f6f028,700,Adam,MaxAbsoluteDeviation,0.7080835103988647,0.7222905158996582,4.680542699992657
"[8, 23, 23, 8, 8, 8, 23, 8, 8, 8, 23, 8, 23, 23, 10]","['tanh', 'swish', 'swish', 'tanh', 'swish', 'elu', 'swish', 'sigmoid', 'elu', 'sigmoid', 'sigmoid', 'swish', 'sigmoid', 'elu', 'swish']",09f8f8090800f8060006f608f6f028,700,Adam,MaxAbsoluteDeviation,0.7080835103988647,1.3858600854873657,4.64855530008208
"[8, 23, 23, 8, 8, 8, 23, 8, 8, 8, 23, 8, 23, 23, 10]","['tanh', 'swish', 'swish', 'tanh', 'swish', 'elu', 'swish', 'sigmoid', 'elu', 'sigmoid', 'sigmoid', 'swish', 'sigmoid', 'elu', 'swish']",09f8f8090800f8060006f608f6f028,700,Adam,MaxAbsoluteDeviation,0.7080835103988647,0.846869707107544,4.623752099927515
"[8, 23, 23, 8, 8, 8, 23, 8, 8, 8, 23, 8, 23, 8]","['tanh', 'swish', 'swish', 'tanh', 'swish', 'elu', 'swish', 'sigmoid', 'elu', 'sigmoid', 'sigmoid', 'swish', 'sigmoid', 'elu']",09f8f8090800f8060006f608f600,472,Adam,MaxAbsoluteDeviation,0.7080835103988647,1.0649399757385254,3.2672452999977395
"[8, 23, 23, 8, 8, 8, 23, 8, 8, 8, 23, 8, 23, 23, 10]","['tanh', 'swish', 'swish', 'tanh', 'swish', 'elu', 'swish', 'sigmoid', 'elu', 'sigmoid', 'sigmoid', 'swish', 'sigmoid', 'elu', 'swish']",09f8f8090800f8060006f608f6f028,700,Adam,MaxAbsoluteDeviation,0.7080835103988647,8.619532585144043,6.882215299992822
"[8, 23, 23, 8, 8, 8, 23, 8, 8, 23, 8, 8, 23, 23, 10]","['tanh', 'swish', 'swish', 'tanh', 'swish', 'elu', 'swish', 'sigmoid', 'elu', 'sigmoid', 'sigmoid', 'swish', 'sigmoid', 'elu', 'swish']",09f8f8090800f80600f60608f6f028,700,Adam,MaxAbsoluteDeviation,0.7080835103988647,8.438591003417969,4.900031000026502
"[8, 23, 23, 8, 8, 8, 21, 8, 8, 8, 23, 8, 23, 23, 10]","['tanh', 'swish', 'swish', 'tanh', 'swish', 'elu', 'swish', 'sigmoid', 'elu', 'sigmoid', 'sigmoid', 'swish', 'sigmoid', 'elu', 'swish']",09f8f8090800d8060006f608f6f028,700,Adam,MaxAbsoluteDeviation,0.7080835103988647,1.841071605682373,4.876510500092991
"[8, 23, 23, 8, 8, 8, 23, 8, 8, 8, 23, 8, 23, 23, 10]","['tanh', 'swish', 'swish', 'tanh', 'swish', 'elu', 'swish', 'sigmoid', 'elu', 'sigmoid', 'sigmoid', 'swish', 'sigmoid', 'elu', 'swish']",09f8f8090800f8060006f608f6f028,700,Adam,MaxAbsoluteDeviation,0.7080835103988647,0.5395479202270508,4.8890138999558985
"[8, 23, 23, 8, 8, 8, 23, 8, 8, 8, 23, 8, 23, 23, 10]","['tanh', 'swish', 'tanh', 'tanh', 'swish', 'elu', 'swish', 'sigmoid', 'elu', 'sigmoid', 'sigmoid', 'swish', 'sigmoid', 'elu', 'swish']",09f8f9090800f8060006f608f6f028,356,Adam,MaxAbsoluteDeviation,0.7080835103988647,2.0014748573303223,2.9840287000406533
"[8, 23, 23, 8, 8, 8, 23, 8, 8, 8, 23, 8, 23, 23, 10]","['tanh', 'swish', 'swish', 'tanh', 'swish', 'elu', 'swish', 'sigmoid', 'elu', 'sigmoid', 'sigmoid', 'swish', 'sigmoid', 'elu', 'swish']",09f8f8090800f8060006f608f6f028,489,Adam,MaxAbsoluteDeviation,0.7080835103988647,8.889328956604004,3.727572500007227
"[8, 23, 23, 8, 8, 8, 23, 8, 8, 8, 23, 8, 23, 23, 10]","['tanh', 'swish', 'swish', 'tanh', 'swish', 'elu', 'swish', 'sigmoid', 'elu', 'sigmoid', 'sigmoid', 'swish', 'sigmoid', 'elu', 'swish']",09f8f8090800f8060006f608f6f028,700,Adam,MaxAbsoluteDeviation,0.7080835103988647,1.2300682067871094,4.859499100013636
"[8, 23, 23, 8, 8, 8, 23, 8, 8, 8, 23, 8, 23, 23, 10]","['tanh', 'swish', 'swish', 'tanh', 'swish', 'elu', 'swish', 'sigmoid', 'elu', 'sigmoid', 'sigmoid', 'swish', 'sigmoid', 'elu', 'swish']",09f8f8090800f8060006f608f6f028,519,Adam,MaxAbsoluteDeviation,0.7080835103988647,1.2490582466125488,3.885645799920894
"[8, 8, 23, 8, 8, 8, 23, 8, 8, 8, 23, 8, 23, 23, 10]","['tanh', 'swish', 'swish', 'tanh', 'swish', 'elu', 'swish', 'sigmoid', 'elu', 'sigmoid', 'sigmoid', 'swish', 'sigmoid', 'elu', 'swish']",0908f8090800f8060006f608f6f028,700,Adam,MaxAbsoluteDeviation,0.6103294491767883,1.6025886535644531,4.747959699947387
"[8, 8, 23, 8, 8, 8, 23, 8, 8, 8, 23, 8, 23, 23]","['tanh', 'swish', 'swish', 'tanh', 'swish', 'elu', 'swish', 'sigmoid', 'elu', 'sigmoid', 'sigmoid', 'swish', 'sigmoid', 'elu']",0908f8090800f8060006f608f6f0,700,Adam,MaxAbsoluteDeviation,0.6103294491767883,8.155535697937012,4.611025599995628
"[8, 8, 23, 8, 8, 8, 23, 8, 8, 8, 23, 8, 23, 23, 10]","['tanh', 'swish', 'swish', 'tanh', 'swish', 'elu', 'swish', 'sigmoid', 'elu', 'sigmoid', 'sigmoid', 'swish', 'sigmoid', 'elu', 'swish']",0908f8090800f8060006f608f6f028,700,Adam,MaxAbsoluteDeviation,0.6103294491767883,8.608418464660645,4.782269799965434
"[8, 8, 23, 8, 8, 8, 23, 8, 8, 8, 23, 8, 23, 23, 10]","['tanh', 'swish', 'swish', 'tanh', 'swish', 'elu', 'swish', 'sigmoid', 'elu', 'sigmoid', 'sigmoid', 'swish', 'sigmoid', 'elu', 'swish']",0908f8090800f8060006f608f6f028,700,Adam,MaxAbsoluteDeviation,0.7170466780662537,0.4584989547729492,4.801113799912855
"[8, 8, 23, 8, 8, 8, 23, 8, 8, 8, 23, 8, 23, 23]","['tanh', 'swish', 'swish', 'tanh', 'swish', 'elu', 'swish', 'sigmoid', 'elu', 'sigmoid', 'sigmoid', 'swish', 'sigmoid', 'elu']",0908f8090800f8060006f608f6f0,700,Adam,MaxAbsoluteDeviation,0.6223593950271606,0.354217529296875,4.61968090001028
"[8, 8, 23, 8, 8, 8, 23, 8, 8, 8, 23, 23, 23, 23]","['tanh', 'swish', 'swish', 'tanh', 'swish', 'elu', 'swish', 'sigmoid', 'elu', 'sigmoid', 'sigmoid', 'swish', 'sigmoid', 'elu']",0908f8090800f8060006f6f8f6f0,700,Adam,MaxAbsoluteDeviation,0.6223593950271606,8.515464782714844,4.600064199999906
"[8, 8, 23, 8, 8, 8, 23, 8, 8, 8, 23, 8, 23]","['tanh', 'swish', 'swish', 'tanh', 'swish', 'elu', 'swish', 'sigmoid', 'elu', 'sigmoid', 'sigmoid', 'swish', 'sigmoid']",0908f8090800f8060006f608f6,700,Adam,MaxAbsoluteDeviation,0.6223593950271606,8.374134063720703,4.397268699947745
"[8, 8, 23, 8, 8, 8, 23, 8, 8, 8, 23, 8, 23]","['tanh', 'swish', 'swish', 'tanh', 'swish', 'elu', 'swish', 'sigmoid', 'elu', 'sigmoid', 'sigmoid', 'swish', 'sigmoid']",0908f8090800f8060006f608f6,700,Adam,MaxAbsoluteDeviation,0.6223593950271606,8.18351936340332,4.351854700013064
"[23, 8, 23, 8, 8, 8, 23, 8, 8, 8, 23, 8, 23, 23]","['tanh', 'swish', 'swish', 'tanh', 'swish', 'elu', 'swish', 'sigmoid', 'elu', 'sigmoid', 'sigmoid', 'swish', 'sigmoid', 'elu']",f908f8090800f8060006f608f6f0,700,Adam,MaxAbsoluteDeviation,0.6223593950271606,0.8357183933258057,4.533793899929151
"[8, 8, 23, 8, 8, 8, 23, 8, 8, 8, 23, 8, 8, 23]","['tanh', 'swish', 'swish', 'tanh', 'swish', 'elu', 'swish', 'sigmoid', 'elu', 'sigmoid', 'sigmoid', 'swish', 'sigmoid', 'elu']",0908f8090800f8060006f60806f0,700,Adam,MaxAbsoluteDeviation,0.7983635067939758,0.6368846893310547,4.506346100009978
"[8, 8, 23, 8, 8, 8, 23, 8, 8, 8, 23, 8, 8, 23]","['tanh', 'swish', 'swish', 'tanh', 'swish', 'elu', 'swish', 'sigmoid', 'elu', 'sigmoid', 'sigmoid', 'swish', 'sigmoid', 'elu']",0908f8090800f8060006f60806f0,700,Adam,MaxAbsoluteDeviation,0.7983635067939758,1.242727279663086,4.526217799982987
"[8, 8, 23, 8, 8, 8, 23, 8, 8, 8, 23, 8, 8, 23]","['tanh', 'swish', 'swish', 'tanh', 'swish', 'elu', 'swish', 'sigmoid', 'elu', 'sigmoid', 'sigmoid', 'swish', 'sigmoid', 'elu']",0908f8090800f8060006f60806f0,700,Adam,MaxAbsoluteDeviation,0.7983635067939758,8.252026557922363,4.517624299973249
"[8, 8, 23, 8, 8, 8, 23, 8, 8, 8, 23, 8, 8]","['tanh', 'swish', 'swish', 'tanh', 'swish', 'elu', 'swish', 'sigmoid', 'elu', 'sigmoid', 'sigmoid', 'swish', 'sigmoid']",0908f8090800f8060006f60806,700,Adam,MaxAbsoluteDeviation,0.7983635067939758,8.640885353088379,4.379603100009263
"[8, 19, 23, 8, 8, 8, 23, 8, 8, 8, 23, 8, 8, 23]","['tanh', 'swish', 'swish', 'tanh', 'swish', 'elu', 'swish', 'sigmoid', 'elu', 'sigmoid', 'sigmoid', 'swish', 'sigmoid', 'elu']",09b8f8090800f8060006f60806f0,700,Adam,MaxAbsoluteDeviation,0.7983635067939758,8.251429557800293,4.440862499992363
"[8, 8, 23, 8, 8, 8, 23, 8, 8, 8, 23, 8, 8, 23]","['tanh', 'swish', 'swish', 'tanh', 'swish', 'elu', 'swish', 'sigmoid', 'elu', 'sigmoid', 'sigmoid', 'swish', 'sigmoid', 'elu']",0908f8090800f8060006f60806f0,410,Adam,MaxAbsoluteDeviation,0.7983635067939758,8.694273948669434,3.0515259000239894
"[8, 8, 23, 8, 8, 8, 23, 8, 8, 8, 23, 8, 8, 23]","['tanh', 'swish', 'swish', 'tanh', 'swish', 'elu', 'swish', 'sigmoid', 'elu', 'sigmoid', 'sigmoid', 'swish', 'sigmoid', 'elu']",0908f8090800f8060006f60806f0,700,Adam,MaxAbsoluteDeviation,0.7983635067939758,8.57240104675293,4.47463950002566
"[8, 8, 23, 8, 8, 8, 23, 8, 8, 8, 23, 8, 8, 23]","['tanh', 'swish', 'elu', 'tanh', 'swish', 'elu', 'swish', 'sigmoid', 'elu', 'sigmoid', 'sigmoid', 'swish', 'sigmoid', 'elu']",0908f0090800f8060006f60806f0,700,Adam,MaxAbsoluteDeviation,0.7983635067939758,6.602819442749023,4.421881700051017
"[8, 8, 23, 8, 8, 8, 23, 8, 8, 8, 23, 8, 8, 23]","['tanh', 'swish', 'swish', 'tanh', 'swish', 'elu', 'swish', 'sigmoid', 'elu', 'sigmoid', 'sigmoid', 'swish', 'sigmoid', 'elu']",0908f8090800f8060006f60806f0,700,Adam,MaxAbsoluteDeviation,0.501305878162384,0.3510408401489258,6.659695700043812
"[8, 8, 23, 8, 8, 8, 23, 8, 8, 8, 23, 8, 8, 23]","['tanh', 'swish', 'swish', 'tanh', 'swish', 'elu', 'swish', 'sigmoid', 'elu', 'sigmoid', 'sigmoid', 'swish', 'sigmoid', 'elu']",0908f8090800f8060006f60806f0,700,Adam,MaxAbsoluteDeviation,0.501305878162384,8.428333282470703,4.657896499964409
"[8, 8, 23, 8, 8, 8, 23, 8, 8, 8, 23, 8, 8]","['tanh', 'swish', 'swish', 'elu', 'swish', 'elu', 'swish', 'sigmoid', 'elu', 'sigmoid', 'sigmoid', 'swish', 'sigmoid']",0908f8000800f8060006f60806,700,Adam,MaxAbsoluteDeviation,0.501305878162384,8.767729759216309,4.469254700001329
"[8, 8, 23, 8, 8, 8, 23, 8, 8, 8, 23, 8, 8, 23, 15]","['tanh', 'swish', 'swish', 'tanh', 'swish', 'elu', 'swish', 'sigmoid', 'elu', 'sigmoid', 'sigmoid', 'swish', 'sigmoid', 'elu', 'tanh']",0908f8090800f8060006f60806f079,700,Adam,MaxAbsoluteDeviation,0.501305878162384,8.45150375366211,4.819093399913982
"[8, 8, 23, 8, 23, 8, 23, 8, 8, 13, 23, 8, 8, 23]","['tanh', 'swish', 'swish', 'tanh', 'swish', 'elu', 'swish', 'sigmoid', 'elu', 'sigmoid', 'sigmoid', 'swish', 'sigmoid', 'elu']",0908f809f800f8060056f60806f0,314,Adam,MaxAbsoluteDeviation,0.501305878162384,3.921431541442871,2.67265890003182
"[8, 8, 23, 8, 8, 8, 23, 8, 8, 8, 23, 8, 8, 23, 21]","['tanh', 'swish', 'swish', 'tanh', 'swish', 'elu', 'swish', 'sigmoid', 'elu', 'sigmoid', 'sigmoid', 'swish', 'sigmoid', 'elu', 'swish']",0908f8090800f8060006f60806f0d8,700,Adam,MaxAbsoluteDeviation,0.501305878162384,1.1113438606262207,4.864546400029212
"[8, 8, 23, 8, 8, 8, 23, 8, 8, 8, 23, 8, 8, 23]","['tanh', 'swish', 'swish', 'tanh', 'swish', 'elu', 'swish', 'sigmoid', 'elu', 'sigmoid', 'sigmoid', 'swish', 'sigmoid', 'elu']",0908f8090800f8060006f60806f0,700,Adam,MaxAbsoluteDeviation,0.501305878162384,8.21193790435791,4.6243921999121085
"[8, 8, 23, 8, 8, 8, 23, 8, 8, 8, 23, 8, 8, 23]","['tanh', 'swish', 'swish', 'tanh', 'swish', 'elu', 'swish', 'sigmoid', 'elu', 'sigmoid', 'sigmoid', 'swish', 'sigmoid', 'elu']",0908f8090800f8060006f60806f0,700,Adam,MaxAbsoluteDeviation,0.40619155764579773,0.6260223388671875,4.660227700020187
"[8, 8, 23, 8, 8, 8, 23, 8, 23, 8, 23, 8, 8, 23]","['tanh', 'swish', 'swish', 'tanh', 'swish', 'elu', 'swish', 'sigmoid', 'elu', 'sigmoid', 'sigmoid', 'swish', 'sigmoid', 'elu']",0908f8090800f806f006f60806f0,700,Adam,MaxAbsoluteDeviation,0.40619155764579773,1.5312957763671875,4.572811399935745
"[8, 8, 23, 8, 8, 8, 23, 8, 8, 8, 23, 8, 8, 23]","['tanh', 'swish', 'swish', 'tanh', 'swish', 'elu', 'swish', 'sigmoid', 'elu', 'sigmoid', 'sigmoid', 'swish', 'sigmoid', 'elu']",0908f8090800f8060006f60806f0,167,Adam,MaxAbsoluteDeviation,0.40619155764579773,0.9432525634765625,1.9605950999539346
"[8, 8, 23, 8, 8, 8, 23, 8, 8, 8, 23, 23, 8, 23]","['tanh', 'swish', 'swish', 'tanh', 'swish', 'elu', 'swish', 'sigmoid', 'elu', 'sigmoid', 'sigmoid', 'swish', 'sigmoid', 'elu']",0908f8090800f8060006f6f806f0,700,Adam,MaxAbsoluteDeviation,0.40619155764579773,8.476034164428711,4.658856299938634
"[8, 8, 23, 8, 8, 8, 23, 8, 8, 8, 23, 8, 8, 23]","['tanh', 'swish', 'swish', 'tanh', 'swish', 'elu', 'swish', 'sigmoid', 'elu', 'sigmoid', 'sigmoid', 'swish', 'sigmoid', 'elu']",0908f8090800f8060006f60806f0,700,Adam,MaxAbsoluteDeviation,0.5022300481796265,0.36246636509895325,4.604854600038379
"[8, 8, 23, 8, 8, 8, 23, 8, 8, 8, 23, 8, 8, 23]","['tanh', 'swish', 'swish', 'tanh', 'swish', 'elu', 'swish', 'sigmoid', 'elu', 'sigmoid', 'sigmoid', 'swish', 'sigmoid', 'elu']",0908f8090800f8060006f60806f0,700,Adam,MaxAbsoluteDeviation,0.5022300481796265,8.815773010253906,4.553896600031294
"[8, 8, 23, 8, 8, 8, 23, 8, 8, 8, 23, 8, 8, 23]","['tanh', 'swish', 'swish', 'tanh', 'swish', 'elu', 'swish', 'sigmoid', 'elu', 'sigmoid', 'sigmoid', 'swish', 'sigmoid', 'elu']",0908f8090800f8060006f60806f0,700,Adam,MaxAbsoluteDeviation,0.5022300481796265,0.8474273681640625,4.553852700046264
"[8, 8, 23, 8, 8, 8, 23, 8, 8, 8, 23, 8, 8, 23]","['tanh', 'swish', 'swish', 'tanh', 'swish', 'elu', 'swish', 'sigmoid', 'elu', 'sigmoid', 'sigmoid', 'swish', 'sigmoid', 'elu']",0908f8090800f8060006f60806f0,700,Adam,MaxAbsoluteDeviation,0.5022300481796265,8.261037826538086,4.5880881999619305
"[8, 8, 23, 8, 8, 8, 23, 8, 8, 8, 23, 8, 8, 23]","['tanh', 'swish', 'swish', 'tanh', 'swish', 'elu', 'swish', 'sigmoid', 'elu', 'sigmoid', 'sigmoid', 'swish', 'swish', 'elu']",0908f8090800f8060006f60808f0,700,Adam,MaxAbsoluteDeviation,0.5022300481796265,0.4932151138782501,4.582783100078814
"[8, 8, 23, 8, 8, 8, 23, 8, 8, 8, 23, 8, 8, 23, 12]","['tanh', 'swish', 'swish', 'tanh', 'swish', 'elu', 'swish', 'sigmoid', 'elu', 'sigmoid', 'sigmoid', 'swish', 'sigmoid', 'elu', 'elu']",0908f8090800f8060006f60806f040,700,Adam,MaxAbsoluteDeviation,0.3427121043205261,0.6663532257080078,4.678935099975206
"[8, 8, 23, 8, 8, 8, 23, 8, 8, 8, 23, 8, 8, 23, 12, 13]","['tanh', 'swish', 'swish', 'tanh', 'swish', 'elu', 'swish', 'sigmoid', 'elu', 'sigmoid', 'sigmoid', 'swish', 'sigmoid', 'elu', 'elu', 'tanh']",0908f8090800f8060006f60806f04059,700,Adam,MaxAbsoluteDeviation,0.3427121043205261,8.748030662536621,4.857803900027648
"[8, 8, 23, 8, 8, 8, 23, 8, 8, 8, 23, 8, 8, 23, 12]","['tanh', 'swish', 'swish', 'tanh', 'swish', 'elu', 'swish', 'sigmoid', 'elu', 'sigmoid', 'sigmoid', 'swish', 'sigmoid', 'elu', 'elu']",0908f8090800f8060006f60806f040,700,Adam,MaxAbsoluteDeviation,0.3427121043205261,8.347624778747559,4.73817499994766
"[8, 8, 23, 8, 8, 8, 23, 8, 8, 8, 23, 8, 8, 23, 12, 10]","['tanh', 'swish', 'swish', 'tanh', 'swish', 'elu', 'swish', 'sigmoid', 'elu', 'sigmoid', 'sigmoid', 'swish', 'sigmoid', 'elu', 'elu', 'tanh']",0908f8090800f8060006f60806f04029,700,Adam,MaxAbsoluteDeviation,0.3427121043205261,8.59460735321045,4.802616699947976
"[8, 8, 23, 8, 8, 8, 23, 8, 8, 8, 23, 8, 8, 23]","['tanh', 'swish', 'swish', 'tanh', 'swish', 'elu', 'swish', 'sigmoid', 'elu', 'sigmoid', 'sigmoid', 'swish', 'sigmoid', 'swish']",0908f8090800f8060006f60806f8,286,Adam,MaxAbsoluteDeviation,0.3427121043205261,8.386846542358398,2.469492799951695
"[8, 8, 23, 8, 8, 8, 23, 8, 8, 8, 23, 8, 8, 23, 12, 22]","['tanh', 'swish', 'swish', 'tanh', 'swish', 'elu', 'swish', 'sigmoid', 'elu', 'sigmoid', 'sigmoid', 'swish', 'sigmoid', 'elu', 'elu', 'swish']",0908f8090800f8060006f60806f040e8,700,Adam,MaxAbsoluteDeviation,0.3427121043205261,0.7719035148620605,4.823756800033152
"[8, 8, 23, 8, 8, 8, 23, 8, 8, 8, 23, 8, 8, 23, 12]","['tanh', 'swish', 'swish', 'tanh', 'swish', 'elu', 'swish', 'sigmoid', 'elu', 'sigmoid', 'sigmoid', 'swish', 'sigmoid', 'elu', 'elu']",0908f8090800f8060006f60806f040,475,Adam,MaxAbsoluteDeviation,0.3427121043205261,1.5644607543945312,3.4973755999235436
"[8, 8, 23, 8, 8, 8, 23, 8, 8, 8, 23, 8, 8, 23, 12, 15]","['tanh', 'swish', 'swish', 'tanh', 'swish', 'elu', 'swish', 'sigmoid', 'elu', 'sigmoid', 'sigmoid', 'swish', 'sigmoid', 'elu', 'elu', 'sigmoid']",0908f8090800f8060006f60806f04076,700,Adam,MaxAbsoluteDeviation,0.3427121043205261,8.523131370544434,4.734019799972884
"[8, 8, 23, 8, 8, 8, 23, 8, 8, 8, 23, 8, 8, 23, 12]","['tanh', 'swish', 'swish', 'tanh', 'swish', 'elu', 'swish', 'sigmoid', 'elu', 'sigmoid', 'sigmoid', 'swish', 'sigmoid', 'elu', 'elu']",0908f8090800f8060006f60806f040,700,Adam,MaxAbsoluteDeviation,0.3427121043205261,8.517860412597656,4.604082699981518
"[8, 8, 23, 8, 8, 8, 23, 8, 8, 8, 23, 8, 8, 23, 8]","['tanh', 'swish', 'swish', 'tanh', 'swish', 'elu', 'swish', 'sigmoid', 'elu', 'sigmoid', 'sigmoid', 'swish', 'sigmoid', 'elu', 'elu']",0908f8090800f8060006f60806f000,700,Adam,MaxAbsoluteDeviation,0.3427121043205261,8.751489639282227,4.6114798000780866
"[8, 8, 23, 8, 8, 8, 23, 8, 8, 8, 23, 8, 8, 23, 12]","['tanh', 'swish', 'swish', 'tanh', 'swish', 'elu', 'swish', 'sigmoid', 'elu', 'sigmoid', 'sigmoid', 'swish', 'sigmoid', 'elu', 'elu']",0908f8090800f8060006f60806f040,263,Adam,MaxAbsoluteDeviation,0.3427121043205261,0.3721323013305664,4.616504100034945
"[8, 8, 23, 8, 8, 8, 23, 8, 23, 8, 23, 8, 8, 23, 12]","['tanh', 'swish', 'swish', 'tanh', 'swish', 'elu', 'swish', 'sigmoid', 'swish', 'sigmoid', 'sigmoid', 'swish', 'sigmoid', 'elu', 'elu']",0908f8090800f806f806f60806f040,700,Adam,MaxAbsoluteDeviation,0.3427121043205261,0.9917464256286621,4.905874500051141
"[8, 8, 23, 8, 8, 8, 23, 8, 8, 8, 23, 8, 8, 23, 12]","['tanh', 'swish', 'swish', 'tanh', 'swish', 'elu', 'swish', 'sigmoid', 'elu', 'sigmoid', 'sigmoid', 'swish', 'sigmoid', 'elu', 'elu']",0908f8090800f8060006f60806f040,700,Adam,MaxAbsoluteDeviation,0.3427121043205261,8.149688720703125,4.8133066999726
"[8, 8, 23, 8, 8, 8, 23, 8, 23, 8, 23, 8, 8, 23, 12]","['tanh', 'swish', 'swish', 'tanh', 'swish', 'elu', 'swish', 'sigmoid', 'elu', 'sigmoid', 'sigmoid', 'swish', 'sigmoid', 'elu', 'elu']",0908f8090800f806f006f60806f040,700,Adam,MaxAbsoluteDeviation,0.3427121043205261,8.51737117767334,4.876221199985594
"[8, 8, 23, 8, 8, 8, 23, 8, 8, 8, 23, 8, 8, 23]","['tanh', 'swish', 'swish', 'tanh', 'swish', 'elu', 'swish', 'sigmoid', 'elu', 'sigmoid', 'sigmoid', 'swish', 'sigmoid', 'elu']",0908f8090800f8060006f60806f0,700,Adam,MaxAbsoluteDeviation,0.3427121043205261,8.17292308807373,4.700281900004484
"[8, 8, 23, 8, 8, 8, 23, 8, 8, 8, 23, 8, 23, 23, 12]","['tanh', 'swish', 'swish', 'tanh', 'swish', 'elu', 'swish', 'sigmoid', 'elu', 'sigmoid', 'sigmoid', 'swish', 'sigmoid', 'elu', 'elu']",0908f8090800f8060006f608f6f040,700,Adam,MaxAbsoluteDeviation,0.3427121043205261,1.1579434871673584,4.832689100061543
"[8, 8, 23, 23, 8, 8, 23, 8, 8, 8, 23, 8, 8, 23, 12]","['tanh', 'swish', 'swish', 'tanh', 'swish', 'elu', 'swish', 'sigmoid', 'elu', 'sigmoid', 'sigmoid', 'swish', 'sigmoid', 'elu', 'elu']",0908f8f90800f8060006f60806f040,700,Adam,MaxAbsoluteDeviation,0.3427121043205261,8.724891662597656,4.833690500003286
"[8, 8, 23, 8, 8, 8, 23, 8, 8, 8, 23, 8, 8, 23, 12]","['tanh', 'swish', 'swish', 'tanh', 'swish', 'elu', 'swish', 'sigmoid', 'elu', 'sigmoid', 'sigmoid', 'swish', 'sigmoid', 'elu', 'elu']",0908f8090800f8060006f60806f040,700,Adam,MaxAbsoluteDeviation,0.3427121043205261,0.6807197332382202,4.769991499953903
"[8, 8, 23, 8, 8, 8, 23, 8, 8, 8, 23, 8, 8, 23, 12]","['tanh', 'swish', 'swish', 'tanh', 'swish', 'elu', 'swish', 'sigmoid', 'elu', 'sigmoid', 'sigmoid', 'swish', 'sigmoid', 'elu', 'elu']",0908f8090800f8060006f60806f040,154,Adam,MaxAbsoluteDeviation,0.3427121043205261,3.2169580459594727,1.9957893000682816
"[8, 8, 23, 8, 8, 8, 23, 8, 8, 8, 23, 8, 8, 23, 12]","['tanh', 'swish', 'swish', 'tanh', 'swish', 'elu', 'swish', 'sigmoid', 'elu', 'sigmoid', 'sigmoid', 'swish', 'sigmoid', 'elu', 'elu']",0908f8090800f8060006f60806f040,700,Adam,MaxAbsoluteDeviation,0.3427121043205261,1.7458229064941406,4.801312800031155
"[8, 8, 23, 8, 8, 8, 23, 8, 8, 8, 23, 8, 8, 23, 12, 20]","['tanh', 'swish', 'swish', 'tanh', 'swish', 'elu', 'swish', 'sigmoid', 'elu', 'sigmoid', 'sigmoid', 'swish', 'sigmoid', 'elu', 'elu', 'elu']",0908f8090800f8060006f60806f040c0,700,Adam,MaxAbsoluteDeviation,0.3427121043205261,1.481536865234375,5.046823600074276
"[8, 8, 23, 8, 8, 8, 23, 8, 8, 8, 23, 8, 8, 23, 12]","['tanh', 'swish', 'swish', 'tanh', 'swish', 'elu', 'swish', 'sigmoid', 'elu', 'sigmoid', 'sigmoid', 'swish', 'sigmoid', 'elu', 'elu']",0908f8090800f8060006f60806f040,700,Adam,MaxAbsoluteDeviation,0.3427121043205261,3.133268356323242,4.84049380000215
"[8, 8, 23, 8, 8, 8, 23, 8, 8, 8, 23, 8, 8, 23, 8]","['tanh', 'swish', 'swish', 'tanh', 'swish', 'elu', 'swish', 'sigmoid', 'elu', 'sigmoid', 'sigmoid', 'swish', 'sigmoid', 'elu', 'elu']",0908f8090800f8060006f60806f000,700,Adam,MaxAbsoluteDeviation,0.3427121043205261,8.420124053955078,4.806046499987133
"[8, 8, 23, 8, 8, 8, 23, 8, 8, 8, 23, 8, 8, 23, 12]","['tanh', 'swish', 'swish', 'tanh', 'swish', 'elu', 'swish', 'sigmoid', 'elu', 'sigmoid', 'sigmoid', 'swish', 'sigmoid', 'elu', 'elu']",0908f8090800f8060006f60806f040,700,Adam,MaxAbsoluteDeviation,0.3427121043205261,0.6157228946685791,4.810027400031686
"[8, 8, 23, 8, 8, 8, 23, 8, 8, 8, 23, 8, 8, 23, 12]","['tanh', 'swish', 'swish', 'tanh', 'swish', 'elu', 'swish', 'sigmoid', 'elu', 'sigmoid', 'sigmoid', 'swish', 'sigmoid', 'elu', 'elu']",0908f8090800f8060006f60806f040,700,Adam,MaxAbsoluteDeviation,0.3427121043205261,9.010571479797363,4.809050699928775
"[8, 8, 23, 8, 8, 8, 23, 8, 8, 8, 23, 8, 8, 23, 12, 20]","['tanh', 'swish', 'swish', 'tanh', 'swish', 'elu', 'swish', 'sigmoid', 'elu', 'sigmoid', 'sigmoid', 'swish', 'sigmoid', 'elu', 'elu', 'tanh']",0908f8090800f8060006f60806f040c9,700,Adam,MaxAbsoluteDeviation,0.3427121043205261,8.244251251220703,4.958409500075504
"[8, 8, 23, 8, 8, 8, 23, 8, 8, 8, 23, 8, 8, 23, 12]","['tanh', 'swish', 'swish', 'tanh', 'swish', 'elu', 'swish', 'sigmoid', 'elu', 'sigmoid', 'sigmoid', 'swish', 'sigmoid', 'elu', 'elu']",0908f8090800f8060006f60806f040,700,Adam,MaxAbsoluteDeviation,0.3427121043205261,8.580984115600586,4.773466800106689
"[8, 8, 23, 8, 8, 8, 23, 8, 8, 8, 23, 8, 8, 23]","['tanh', 'swish', 'swish', 'tanh', 'swish', 'elu', 'swish', 'sigmoid', 'elu', 'sigmoid', 'sigmoid', 'swish', 'sigmoid', 'elu']",0908f8090800f8060006f60806f0,700,Adam,MaxAbsoluteDeviation,0.3427121043205261,8.797670364379883,4.5813451000722125
"[8, 23, 23, 8, 8, 8, 23, 8, 8, 8, 23, 8, 8, 23, 12]","['tanh', 'swish', 'swish', 'tanh', 'swish', 'elu', 'swish', 'sigmoid', 'elu', 'sigmoid', 'sigmoid', 'swish', 'sigmoid', 'elu', 'elu']",09f8f8090800f8060006f60806f040,700,Adam,MaxAbsoluteDeviation,0.3427121043205261,8.224000930786133,4.772423199960031
"[8, 8, 23, 8, 8, 8, 23, 8, 8, 8, 23, 8, 8, 23, 12]","['tanh', 'swish', 'swish', 'tanh', 'swish', 'elu', 'swish', 'sigmoid', 'elu', 'sigmoid', 'sigmoid', 'swish', 'sigmoid', 'elu', 'elu']",0908f8090800f8060006f60806f040,124,Adam,MaxAbsoluteDeviation,0.3427121043205261,8.067901611328125,1.7924012000439689
"[8, 8, 23, 8, 8, 8, 23, 8, 8, 8, 23, 8, 8]","['tanh', 'swish', 'swish', 'tanh', 'swish', 'elu', 'swish', 'sigmoid', 'elu', 'sigmoid', 'sigmoid', 'swish', 'sigmoid']",0908f8090800f8060006f60806,700,Adam,MaxAbsoluteDeviation,0.3427121043205261,8.260537147521973,4.273697299999185
"[8, 8, 23, 8, 8, 8, 23, 8, 8, 8, 23, 8, 8, 23, 8]","['tanh', 'swish', 'swish', 'tanh', 'swish', 'elu', 'swish', 'sigmoid', 'elu', 'sigmoid', 'sigmoid', 'swish', 'sigmoid', 'elu', 'tanh']",0908f8090800f8060006f60806f009,700,Adam,MaxAbsoluteDeviation,0.3427121043205261,8.250205993652344,4.697696500108577
"[8, 8, 23, 8, 8, 8, 23, 23, 8, 8, 23, 8, 8, 23, 12]","['tanh', 'swish', 'swish', 'tanh', 'swish', 'elu', 'swish', 'sigmoid', 'elu', 'sigmoid', 'sigmoid', 'swish', 'sigmoid', 'elu', 'elu']",0908f8090800f8f60006f60806f040,700,Adam,MaxAbsoluteDeviation,0.3427121043205261,1.4575365781784058,4.686882199952379
"[8, 8, 23, 8, 8, 8, 23, 8, 8, 8, 23, 8, 8, 23, 12]","['tanh', 'swish', 'swish', 'tanh', 'swish', 'elu', 'swish', 'sigmoid', 'elu', 'sigmoid', 'sigmoid', 'swish', 'sigmoid', 'elu', 'elu']",0908f8090800f8060006f60806f040,388,Adam,MaxAbsoluteDeviation,0.3427121043205261,0.9540328979492188,3.029457100084983
"[8, 8, 23, 8, 8, 8, 23, 8, 8, 8, 23, 8, 8, 23, 12]","['tanh', 'swish', 'swish', 'tanh', 'swish', 'elu', 'swish', 'sigmoid', 'elu', 'sigmoid', 'sigmoid', 'swish', 'sigmoid', 'elu', 'elu']",0908f8090800f8060006f60806f040,290,Adam,MaxAbsoluteDeviation,0.3427121043205261,4.423076629638672,2.547307600034401
"[8, 8, 23, 8, 8, 8, 23, 8, 8, 8, 23, 8, 8, 23]","['tanh', 'swish', 'swish', 'tanh', 'swish', 'elu', 'swish', 'sigmoid', 'elu', 'sigmoid', 'sigmoid', 'swish', 'sigmoid', 'elu']",0908f8090800f8060006f60806f0,700,Adam,MaxAbsoluteDeviation,0.3427121043205261,8.85292911529541,6.814915099996142
"[8, 8, 23, 8, 8, 8, 23, 8, 8, 8, 23, 8, 8, 23, 8]","['tanh', 'swish', 'swish', 'tanh', 'swish', 'elu', 'swish', 'sigmoid', 'elu', 'sigmoid', 'sigmoid', 'swish', 'sigmoid', 'elu', 'elu']",0908f8090800f8060006f60806f000,700,Adam,MaxAbsoluteDeviation,0.3427121043205261,8.175742149353027,4.888647599960677
"[8, 8, 23, 8, 8, 8, 23, 8, 8, 8, 23, 8, 8, 23, 12]","['tanh', 'swish', 'swish', 'tanh', 'swish', 'elu', 'swish', 'sigmoid', 'elu', 'sigmoid', 'sigmoid', 'swish', 'sigmoid', 'elu', 'elu']",0908f8090800f8060006f60806f040,563,Adam,MaxAbsoluteDeviation,0.3427121043205261,1.5919113159179688,4.12311189994216
"[8, 8, 23, 8, 8, 8, 23, 8, 8, 8, 23, 8, 8, 23, 12]","['tanh', 'swish', 'swish', 'tanh', 'swish', 'elu', 'swish', 'sigmoid', 'elu', 'sigmoid', 'sigmoid', 'swish', 'sigmoid', 'elu', 'elu']",0908f8090800f8060006f60806f040,700,Adam,MaxAbsoluteDeviation,0.3427121043205261,1.7616629600524902,4.863951500039548
"[8, 8, 23, 8, 8, 8, 23, 8, 8, 8, 23, 8, 8, 23]","['tanh', 'swish', 'swish', 'tanh', 'swish', 'elu', 'swish', 'sigmoid', 'elu', 'sigmoid', 'sigmoid', 'swish', 'sigmoid', 'elu']",0908f8090800f8060006f60806f0,700,Adam,MaxAbsoluteDeviation,0.3427121043205261,0.9986095428466797,4.656139499973506
"[8, 8, 23, 8, 8, 8, 23, 8, 8, 8, 23, 8, 8, 23]","['tanh', 'swish', 'swish', 'tanh', 'swish', 'elu', 'swish', 'sigmoid', 'elu', 'sigmoid', 'sigmoid', 'swish', 'sigmoid', 'elu']",0908f8090800f8060006f60806f0,700,Adam,MaxAbsoluteDeviation,0.3427121043205261,8.297133445739746,4.654017099994235
"[8, 8, 23, 8, 8, 8, 23, 8, 8, 8, 23, 8, 8, 23, 12]","['tanh', 'swish', 'swish', 'tanh', 'swish', 'elu', 'swish', 'sigmoid', 'elu', 'sigmoid', 'sigmoid', 'swish', 'sigmoid', 'elu', 'elu']",0908f8090800f8060006f60806f040,100,Adam,MaxAbsoluteDeviation,0.3427121043205261,8.64900016784668,1.7138018999248743
"[8, 8, 23, 8, 8, 8, 23, 8, 8, 8, 23, 8, 8, 23, 12]","['tanh', 'swish', 'swish', 'tanh', 'swish', 'elu', 'swish', 'sigmoid', 'elu', 'sigmoid', 'sigmoid', 'swish', 'sigmoid', 'elu', 'elu']",0908f8090800f8060006f60806f040,700,Adam,MaxAbsoluteDeviation,0.3427121043205261,1.1578001976013184,4.8490147000411525
"[8, 8, 23, 8, 8, 8, 23, 8, 8, 8, 23, 8, 8, 23, 12]","['tanh', 'swish', 'swish', 'tanh', 'swish', 'elu', 'swish', 'sigmoid', 'elu', 'sigmoid', 'sigmoid', 'swish', 'sigmoid', 'elu', 'elu']",0908f8090800f8060006f60806f040,700,Adam,MaxAbsoluteDeviation,0.3427121043205261,0.5064144134521484,4.79896759998519
"[8, 8, 23, 8, 8, 8, 23, 23, 8, 8, 23, 8, 8, 23, 12]","['tanh', 'swish', 'swish', 'tanh', 'swish', 'elu', 'swish', 'sigmoid', 'elu', 'sigmoid', 'sigmoid', 'swish', 'sigmoid', 'elu', 'elu']",0908f8090800f8f60006f60806f040,700,Adam,MaxAbsoluteDeviation,0.3427121043205261,0.8827857971191406,4.827488199924119
"[8, 8, 23, 8, 8, 8, 23, 8, 8, 8, 23, 8, 8, 23, 12, 17]","['tanh', 'swish', 'swish', 'tanh', 'swish', 'elu', 'swish', 'sigmoid', 'elu', 'sigmoid', 'sigmoid', 'swish', 'sigmoid', 'elu', 'elu', 'sigmoid']",0908f8090800f8060006f60806f04096,700,Adam,MaxAbsoluteDeviation,0.3427121043205261,8.28498649597168,4.97224080003798
"[8, 8, 23, 8, 8, 8, 23, 8, 8, 8, 23, 8, 8, 23, 12]","['tanh', 'swish', 'swish', 'tanh', 'swish', 'elu', 'swish', 'sigmoid', 'elu', 'sigmoid', 'sigmoid', 'swish', 'sigmoid', 'elu', 'elu']",0908f8090800f8060006f60806f040,700,Adam,MaxAbsoluteDeviation,0.3427121043205261,8.635860443115234,4.8229765999130905
"[8, 8, 23, 8, 8, 8, 23, 8, 8, 8, 23, 23, 8, 23, 12]","['tanh', 'swish', 'swish', 'tanh', 'swish', 'elu', 'swish', 'sigmoid', 'elu', 'sigmoid', 'sigmoid', 'swish', 'sigmoid', 'elu', 'elu']",0908f8090800f8060006f6f806f040,700,Adam,MaxAbsoluteDeviation,0.3427121043205261,1.3556327819824219,4.776576999924146
"[8, 8, 23, 8, 8, 8, 23, 8, 8, 8, 23, 8, 8, 23]","['tanh', 'swish', 'swish', 'tanh', 'swish', 'elu', 'swish', 'sigmoid', 'elu', 'sigmoid', 'sigmoid', 'swish', 'sigmoid', 'elu']",0908f8090800f8060006f60806f0,700,Adam,MaxAbsoluteDeviation,0.3427121043205261,8.280889511108398,4.628194899996743
"[8, 8, 23, 8, 8, 8, 23, 8, 8, 8, 23, 8, 8, 23]","['tanh', 'swish', 'swish', 'tanh', 'swish', 'elu', 'swish', 'sigmoid', 'elu', 'sigmoid', 'sigmoid', 'swish', 'sigmoid', 'elu']",0908f8090800f8060006f60806f0,700,Adam,MaxAbsoluteDeviation,0.3427121043205261,8.189690589904785,4.60320250003133
"[8, 8, 23, 8, 8, 8, 23, 8, 8, 8, 23, 8, 8, 23]","['tanh', 'swish', 'swish', 'tanh', 'swish', 'elu', 'swish', 'sigmoid', 'elu', 'sigmoid', 'sigmoid', 'swish', 'sigmoid', 'elu']",0908f8090800f8060006f60806f0,700,Adam,MaxAbsoluteDeviation,0.3427121043205261,8.66890811920166,4.589426600025035
"[8, 8, 23, 8, 8, 8, 23, 8, 8, 8, 23, 8, 8, 23]","['tanh', 'swish', 'swish', 'tanh', 'swish', 'elu', 'swish', 'sigmoid', 'elu', 'sigmoid', 'sigmoid', 'swish', 'sigmoid', 'elu']",0908f8090800f8060006f60806f0,700,Adam,MaxAbsoluteDeviation,0.3427121043205261,8.343218803405762,4.5979379999917
"[8, 8, 23, 8, 8, 8, 23, 8, 8, 8, 23, 8, 8, 23, 12]","['tanh', 'swish', 'swish', 'tanh', 'swish', 'elu', 'swish', 'sigmoid', 'elu', 'sigmoid', 'sigmoid', 'swish', 'sigmoid', 'elu', 'elu']",0908f8090800f8060006f60806f040,700,Adam,MaxAbsoluteDeviation,0.3427121043205261,0.972622811794281,4.721422499977052
"[8, 8, 23, 8, 8, 8, 23, 8, 8, 8, 23, 8, 8, 23]","['tanh', 'swish', 'swish', 'tanh', 'swish', 'elu', 'swish', 'sigmoid', 'elu', 'sigmoid', 'sigmoid', 'swish', 'sigmoid', 'elu']",0908f8090800f8060006f60806f0,700,Adam,MaxAbsoluteDeviation,0.3427121043205261,8.320269584655762,4.572300600004382
"[8, 8, 23, 8, 8, 8, 23, 8, 8, 8, 23, 8, 8, 23, 12, 20]","['tanh', 'swish', 'swish', 'tanh', 'swish', 'elu', 'swish', 'sigmoid', 'elu', 'sigmoid', 'sigmoid', 'swish', 'sigmoid', 'elu', 'elu', 'sigmoid']",0908f8090800f8060006f60806f040c6,700,Adam,MaxAbsoluteDeviation,0.3427121043205261,8.158624649047852,4.897634199936874
"[8, 8, 23, 8, 8, 8, 23, 8, 8, 8, 23, 8, 8, 23, 12]","['tanh', 'swish', 'swish', 'tanh', 'swish', 'elu', 'swish', 'sigmoid', 'elu', 'sigmoid', 'sigmoid', 'swish', 'sigmoid', 'elu', 'elu']",0908f8090800f8060006f60806f040,700,Adam,MaxAbsoluteDeviation,0.3427121043205261,8.82630729675293,4.708002300001681
"[8, 8, 23, 8, 8, 8, 23, 8, 8, 8, 23, 8, 8, 23]","['tanh', 'swish', 'swish', 'tanh', 'swish', 'elu', 'swish', 'sigmoid', 'elu', 'sigmoid', 'sigmoid', 'swish', 'sigmoid', 'tanh']",0908f8090800f8060006f60806f9,700,Adam,MaxAbsoluteDeviation,0.3427121043205261,8.868677139282227,4.511975400033407
"[8, 8, 23, 8, 8, 8, 23, 8, 8, 8, 23, 8, 8, 23, 12]","['tanh', 'swish', 'swish', 'tanh', 'swish', 'elu', 'swish', 'sigmoid', 'elu', 'sigmoid', 'sigmoid', 'swish', 'sigmoid', 'tanh', 'elu']",0908f8090800f8060006f60806f940,700,Adam,MaxAbsoluteDeviation,0.3427121043205261,5.287578582763672,4.662843400030397
"[8, 8, 23, 8, 8, 8, 23, 8, 8, 8, 23, 8, 8, 23, 12, 11]","['tanh', 'swish', 'swish', 'tanh', 'swish', 'elu', 'swish', 'sigmoid', 'elu', 'sigmoid', 'sigmoid', 'swish', 'sigmoid', 'elu', 'elu', 'elu']",0908f8090800f8060006f60806f04030,700,Adam,MaxAbsoluteDeviation,0.3427121043205261,1.0955133438110352,4.865389900049195
"[8, 8, 23, 8, 8, 8, 23, 8, 8, 8, 23, 8, 8, 23, 12]","['tanh', 'swish', 'swish', 'tanh', 'swish', 'elu', 'swish', 'sigmoid', 'elu', 'sigmoid', 'sigmoid', 'swish', 'sigmoid', 'elu', 'elu']",0908f8090800f8060006f60806f040,700,Adam,MaxAbsoluteDeviation,0.3427121043205261,0.6684539318084717,4.604308799956925
"[8, 8, 23, 8, 8, 8, 23, 8, 8, 8, 23, 8, 8, 23, 12]","['tanh', 'swish', 'swish', 'tanh', 'swish', 'elu', 'swish', 'sigmoid', 'elu', 'sigmoid', 'sigmoid', 'swish', 'sigmoid', 'elu', 'elu']",0908f8090800f8060006f60806f040,700,Adam,MaxAbsoluteDeviation,0.3427121043205261,0.856353759765625,4.620376400067471
"[8, 8, 23, 8, 8, 8, 23, 8, 8, 8, 23, 8, 8, 23]","['tanh', 'swish', 'swish', 'tanh', 'swish', 'elu', 'swish', 'sigmoid', 'elu', 'sigmoid', 'sigmoid', 'swish', 'sigmoid', 'elu']",0908f8090800f8060006f60806f0,700,Adam,MaxAbsoluteDeviation,0.3427121043205261,0.8417949676513672,6.790542699978687
"[8, 8, 23, 8, 8, 8, 23, 8, 8, 8, 23, 8, 8, 23]","['tanh', 'swish', 'swish', 'tanh', 'swish', 'elu', 'swish', 'sigmoid', 'elu', 'sigmoid', 'sigmoid', 'swish', 'sigmoid', 'elu']",0908f8090800f8060006f60806f0,700,Adam,MaxAbsoluteDeviation,0.3427121043205261,8.536507606506348,4.719156899955124
"[8, 8, 23, 8, 8, 8, 8, 8, 8, 8, 23, 8, 8, 23, 12]","['tanh', 'swish', 'swish', 'tanh', 'swish', 'elu', 'swish', 'sigmoid', 'elu', 'sigmoid', 'sigmoid', 'swish', 'sigmoid', 'elu', 'elu']",0908f809080008060006f60806f040,700,Adam,MaxAbsoluteDeviation,0.3427121043205261,1.31126070022583,4.83976340002846
"[8, 8, 23, 8, 8, 8, 23, 8, 8, 8, 23, 8, 8, 23, 12]","['tanh', 'swish', 'swish', 'tanh', 'swish', 'elu', 'swish', 'sigmoid', 'elu', 'sigmoid', 'sigmoid', 'swish', 'sigmoid', 'elu', 'elu']",0908f8090800f8060006f60806f040,117,Adam,MaxAbsoluteDeviation,0.3427121043205261,3.3668766021728516,1.7930985999992117
"[8, 8, 23, 8, 8, 8, 23, 8, 8, 8, 23, 8, 8, 23, 12]","['tanh', 'swish', 'swish', 'tanh', 'swish', 'elu', 'swish', 'sigmoid', 'elu', 'sigmoid', 'sigmoid', 'swish', 'sigmoid', 'elu', 'elu']",0908f8090800f8060006f60806f040,372,Adam,MaxAbsoluteDeviation,0.3427121043205261,8.219949722290039,3.058504700078629
"[8, 8, 23, 8, 8, 8, 23, 8, 8, 8, 23, 8, 8, 23, 12]","['tanh', 'swish', 'swish', 'tanh', 'swish', 'elu', 'swish', 'sigmoid', 'elu', 'sigmoid', 'sigmoid', 'swish', 'sigmoid', 'elu', 'elu']",0908f8090800f8060006f60806f040,700,Adam,MaxAbsoluteDeviation,0.3427121043205261,1.0304431915283203,4.857282700017095
"[8, 8, 23, 8, 8, 8, 23, 8, 8, 8, 23, 8, 8, 23, 12]","['tanh', 'swish', 'swish', 'tanh', 'swish', 'elu', 'swish', 'sigmoid', 'elu', 'sigmoid', 'sigmoid', 'swish', 'sigmoid', 'elu', 'elu']",0908f8090800f8060006f60806f040,186,Adam,MaxAbsoluteDeviation,0.3427121043205261,4.272586822509766,2.1381537000415847
"[8, 8, 23, 8, 8, 8, 23, 8, 8, 8, 23, 8, 8, 23, 12]","['tanh', 'swish', 'swish', 'tanh', 'swish', 'elu', 'swish', 'sigmoid', 'elu', 'sigmoid', 'sigmoid', 'swish', 'sigmoid', 'elu', 'elu']",0908f8090800f8060006f60806f040,297,Adam,MaxAbsoluteDeviation,0.3427121043205261,3.464198112487793,2.6994498000713065
"[8, 8, 23, 8, 23, 8, 23, 8, 8, 8, 23, 8, 8, 23, 12]","['tanh', 'swish', 'swish', 'tanh', 'swish', 'elu', 'swish', 'sigmoid', 'elu', 'sigmoid', 'sigmoid', 'swish', 'sigmoid', 'elu', 'elu']",0908f809f800f8060006f60806f040,293,Adam,MaxAbsoluteDeviation,0.3427121043205261,0.5787944793701172,2.6869921000907198
"[8, 8, 23, 8, 8, 8, 23, 8, 8, 8, 23, 8, 8, 23, 12]","['tanh', 'swish', 'swish', 'tanh', 'swish', 'elu', 'swish', 'sigmoid', 'elu', 'sigmoid', 'swish', 'swish', 'sigmoid', 'elu', 'elu']",0908f8090800f8060006f80806f040,700,Adam,MaxAbsoluteDeviation,0.3427121043205261,0.35612261295318604,4.830283299903385
"[8, 8, 23, 8, 8, 8, 23, 8, 8, 8, 23, 8, 8, 23, 12]","['tanh', 'swish', 'swish', 'tanh', 'swish', 'elu', 'swish', 'sigmoid', 'elu', 'sigmoid', 'sigmoid', 'swish', 'sigmoid', 'elu', 'elu']",0908f8090800f8060006f60806f040,619,Adam,MaxAbsoluteDeviation,0.3427121043205261,1.0872364044189453,4.414085799944587
"[8, 8, 23, 8, 8, 8, 23, 8, 8, 8, 23, 8, 8, 23, 12]","['tanh', 'swish', 'swish', 'tanh', 'tanh', 'elu', 'swish', 'sigmoid', 'elu', 'sigmoid', 'sigmoid', 'swish', 'sigmoid', 'elu', 'elu']",0908f8090900f8060006f60806f040,700,Adam,MaxAbsoluteDeviation,0.3427121043205261,0.9228229522705078,4.838950700010173
"[8, 8, 23, 8, 8, 8, 23, 8, 8, 8, 23, 8, 8, 23, 12]","['tanh', 'swish', 'swish', 'tanh', 'swish', 'elu', 'swish', 'sigmoid', 'elu', 'sigmoid', 'sigmoid', 'swish', 'sigmoid', 'elu', 'elu']",0908f8090800f8060006f60806f040,100,Adam,MaxAbsoluteDeviation,0.3427121043205261,7.052709579467773,1.7262513000750914
"[8, 8, 23, 8, 8, 8, 23, 8, 8, 8, 23, 8, 8, 23, 12]","['tanh', 'swish', 'swish', 'tanh', 'swish', 'elu', 'swish', 'sigmoid', 'elu', 'sigmoid', 'sigmoid', 'swish', 'sigmoid', 'elu', 'elu']",0908f8090800f8060006f60806f040,700,Adam,MaxAbsoluteDeviation,0.3427121043205261,0.8705368041992188,4.855232400004752
"[8, 8, 23, 8, 8, 8, 23, 8, 8, 8, 23, 8, 8, 23]","['tanh', 'swish', 'swish', 'tanh', 'swish', 'elu', 'swish', 'sigmoid', 'elu', 'sigmoid', 'sigmoid', 'swish', 'sigmoid', 'elu']",0908f8090800f8060006f60806f0,700,Adam,MaxAbsoluteDeviation,0.3427121043205261,0.6484231352806091,4.615444700000808
"[8, 8, 23, 8, 8, 8, 23, 8, 8, 8, 23, 8, 8, 23, 12]","['tanh', 'swish', 'swish', 'tanh', 'swish', 'elu', 'swish', 'sigmoid', 'elu', 'sigmoid', 'sigmoid', 'swish', 'sigmoid', 'elu', 'elu']",0908f8090800f8060006f60806f040,700,Adam,MaxAbsoluteDeviation,0.3427121043205261,1.4533348083496094,4.771755099995062
"[8, 8, 23, 8, 8, 8, 23, 8, 8, 8, 23, 8, 8, 23, 12]","['tanh', 'swish', 'swish', 'tanh', 'swish', 'elu', 'swish', 'sigmoid', 'elu', 'sigmoid', 'sigmoid', 'swish', 'sigmoid', 'tanh', 'elu']",0908f8090800f8060006f60806f940,700,Adam,MaxAbsoluteDeviation,0.3427121043205261,0.7716683745384216,4.812129900092259
"[8, 8, 23, 8, 8, 8, 23, 8, 8, 8, 23, 8, 8, 23]","['tanh', 'swish', 'swish', 'tanh', 'swish', 'elu', 'swish', 'sigmoid', 'elu', 'sigmoid', 'sigmoid', 'swish', 'sigmoid', 'elu']",0908f8090800f8060006f60806f0,700,Adam,MaxAbsoluteDeviation,0.3427121043205261,8.633451461791992,4.60809049999807
"[8, 8, 23, 8, 8, 8, 23, 8, 8, 8, 23, 8, 8, 23, 12, 20]","['tanh', 'swish', 'swish', 'tanh', 'swish', 'elu', 'swish', 'sigmoid', 'elu', 'sigmoid', 'sigmoid', 'swish', 'sigmoid', 'elu', 'elu', 'tanh']",0908f8090800f8060006f60806f040c9,700,Adam,MaxAbsoluteDeviation,0.3427121043205261,8.880561828613281,4.9505096999928355
"[8, 8, 23, 8, 8, 8, 23, 8, 8, 8, 23, 8, 8, 23, 12]","['tanh', 'swish', 'swish', 'tanh', 'swish', 'elu', 'swish', 'sigmoid', 'elu', 'sigmoid', 'sigmoid', 'swish', 'sigmoid', 'elu', 'elu']",0908f8090800f8060006f60806f040,700,Adam,MaxAbsoluteDeviation,0.3427121043205261,8.492788314819336,4.746350900037214
"[8, 8, 23, 8, 8, 8, 23, 8, 23, 8, 23, 8, 8, 23, 12]","['tanh', 'swish', 'swish', 'tanh', 'swish', 'elu', 'swish', 'sigmoid', 'elu', 'sigmoid', 'sigmoid', 'swish', 'sigmoid', 'elu', 'elu']",0908f8090800f806f006f60806f040,700,Adam,MaxAbsoluteDeviation,0.3427121043205261,8.327000617980957,4.715796799981035
"[8, 8, 23, 8, 8, 8, 23, 8, 23, 8, 23, 8, 8, 23, 12]","['tanh', 'swish', 'swish', 'tanh', 'swish', 'elu', 'swish', 'sigmoid', 'elu', 'sigmoid', 'sigmoid', 'swish', 'sigmoid', 'elu', 'elu']",0908f8090800f806f006f60806f040,700,Adam,MaxAbsoluteDeviation,0.3427121043205261,1.2288990020751953,4.681911900057457
"[8, 8, 23, 8, 8, 8, 23, 8, 8, 8, 8, 8, 8, 23]","['tanh', 'swish', 'swish', 'tanh', 'swish', 'elu', 'swish', 'sigmoid', 'elu', 'sigmoid', 'sigmoid', 'swish', 'sigmoid', 'elu']",0908f8090800f8060006060806f0,700,Adam,MaxAbsoluteDeviation,0.3427121043205261,6.706849575042725,4.5175140999490395
"[8, 8, 23, 8, 8, 8, 23, 8, 8, 8, 23, 8, 8, 23, 12]","['tanh', 'swish', 'swish', 'tanh', 'swish', 'elu', 'swish', 'sigmoid', 'elu', 'sigmoid', 'sigmoid', 'swish', 'sigmoid', 'elu', 'elu']",0908f8090800f8060006f60806f040,112,Adam,MaxAbsoluteDeviation,0.3427121043205261,8.304722785949707,1.7209152999566868
"[8, 8, 23, 8, 8, 8, 23, 8, 8, 8, 23, 8, 8, 23, 12]","['tanh', 'swish', 'swish', 'tanh', 'swish', 'elu', 'swish', 'sigmoid', 'elu', 'sigmoid', 'sigmoid', 'swish', 'sigmoid', 'elu', 'elu']",0908f8090800f8060006f60806f040,583,Adam,MaxAbsoluteDeviation,0.3427121043205261,8.427263259887695,4.047058600001037
"[8, 8, 23, 8, 8, 8, 8, 8, 8, 8, 23, 8, 8, 23, 12]","['tanh', 'swish', 'swish', 'tanh', 'swish', 'elu', 'swish', 'sigmoid', 'elu', 'sigmoid', 'sigmoid', 'swish', 'sigmoid', 'elu', 'elu']",0908f809080008060006f60806f040,413,Adam,MaxAbsoluteDeviation,0.3427121043205261,1.570033073425293,3.1779712999705225
"[8, 8, 23, 8, 8, 8, 23, 8, 8, 8, 23, 8, 8, 23, 12, 22]","['tanh', 'swish', 'swish', 'tanh', 'swish', 'elu', 'swish', 'sigmoid', 'elu', 'sigmoid', 'sigmoid', 'swish', 'sigmoid', 'elu', 'elu', 'swish']",0908f8090800f8060006f60806f040e8,700,Adam,MaxAbsoluteDeviation,0.3427121043205261,0.6301136016845703,7.290615599951707
"[8, 8, 23, 8, 8, 8, 23, 8, 8, 8, 23, 8, 8, 23, 12]","['tanh', 'swish', 'swish', 'tanh', 'swish', 'elu', 'swish', 'sigmoid', 'elu', 'sigmoid', 'sigmoid', 'swish', 'sigmoid', 'elu', 'elu']",0908f8090800f8060006f60806f040,700,Adam,MaxAbsoluteDeviation,0.3427121043205261,8.256803512573242,4.904805999947712
"[8, 8, 23, 8, 8, 8, 23, 8, 8, 8, 23, 8, 23, 23]","['tanh', 'swish', 'swish', 'tanh', 'swish', 'elu', 'swish', 'sigmoid', 'elu', 'sigmoid', 'sigmoid', 'swish', 'sigmoid', 'elu']",0908f8090800f8060006f608f6f0,700,Adam,MaxAbsoluteDeviation,0.3427121043205261,1.0101966857910156,4.7116283000214025
"[8, 8, 23, 8, 8, 8, 23, 8, 8, 8, 23, 8, 8, 23, 12]","['tanh', 'swish', 'swish', 'tanh', 'swish', 'elu', 'swish', 'sigmoid', 'elu', 'sigmoid', 'sigmoid', 'swish', 'sigmoid', 'elu', 'elu']",0908f8090800f8060006f60806f040,700,Adam,MaxAbsoluteDeviation,0.3427121043205261,0.8258824348449707,4.882219700026326
"[8, 8, 8, 8, 8, 8, 23, 8, 8, 8, 23, 8, 8, 23, 12]","['tanh', 'swish', 'swish', 'tanh', 'swish', 'elu', 'swish', 'sigmoid', 'elu', 'sigmoid', 'sigmoid', 'swish', 'sigmoid', 'elu', 'elu']",090808090800f8060006f60806f040,700,Adam,MaxAbsoluteDeviation,0.3427121043205261,8.264837265014648,4.830981499981135
"[8, 8, 23, 8, 8, 8, 23, 8, 8, 8, 23, 8, 8, 23, 12, 8]","['tanh', 'swish', 'swish', 'tanh', 'swish', 'elu', 'swish', 'sigmoid', 'elu', 'sigmoid', 'sigmoid', 'swish', 'sigmoid', 'elu', 'elu', 'elu']",0908f8090800f8060006f60806f04000,700,Adam,MaxAbsoluteDeviation,0.3427121043205261,9.003578186035156,5.034764799987897
"[8, 8, 23, 8, 8, 8, 23, 8, 8, 8, 23, 8, 8, 23, 12, 21, 9]","['tanh', 'swish', 'swish', 'tanh', 'swish', 'elu', 'swish', 'sigmoid', 'elu', 'sigmoid', 'sigmoid', 'swish', 'sigmoid', 'elu', 'elu', 'swish', 'elu']",0908f8090800f8060006f60806f040d810,700,Adam,MaxAbsoluteDeviation,0.3427121043205261,1.307703971862793,5.259969600010663
"[8, 8, 23, 8, 8, 8, 23, 8, 8, 8, 23, 8, 8, 23, 12]","['tanh', 'swish', 'swish', 'tanh', 'swish', 'tanh', 'swish', 'sigmoid', 'elu', 'sigmoid', 'sigmoid', 'swish', 'sigmoid', 'elu', 'elu']",0908f8090809f8060006f60806f040,700,Adam,MaxAbsoluteDeviation,0.3427121043205261,0.8237380981445312,4.804582700016908
"[8, 8, 23, 8, 8, 8, 23, 8, 8, 8, 23, 8, 8, 14, 12]","['tanh', 'swish', 'swish', 'tanh', 'swish', 'elu', 'swish', 'sigmoid', 'elu', 'sigmoid', 'sigmoid', 'swish', 'sigmoid', 'elu', 'elu']",0908f8090800f8060006f608066040,700,Adam,MaxAbsoluteDeviation,0.3427121043205261,0.7505713105201721,4.83768150000833
"[8, 8, 23, 8, 8, 8, 23, 8, 8, 23, 23, 8, 8, 23, 12]","['tanh', 'swish', 'swish', 'tanh', 'swish', 'elu', 'swish', 'sigmoid', 'elu', 'sigmoid', 'sigmoid', 'swish', 'sigmoid', 'elu', 'elu']",0908f8090800f80600f6f60806f040,700,Adam,MaxAbsoluteDeviation,0.3427121043205261,8.850336074829102,4.83501400006935
"[8, 8, 23, 8, 8, 8, 23, 8, 8, 8, 23, 8, 8, 23, 12]","['tanh', 'swish', 'swish', 'tanh', 'swish', 'elu', 'swish', 'sigmoid', 'elu', 'sigmoid', 'sigmoid', 'swish', 'sigmoid', 'elu', 'elu']",0908f8090800f8060006f60806f040,551,Adam,MaxAbsoluteDeviation,0.3427121043205261,8.31240463256836,4.065601099980995
"[8, 8, 23, 8, 8, 8, 23, 8, 8, 8, 23, 8, 8, 23, 12]","['sigmoid', 'swish', 'swish', 'tanh', 'swish', 'elu', 'swish', 'sigmoid', 'elu', 'sigmoid', 'sigmoid', 'swish', 'sigmoid', 'elu', 'elu']",0608f8090800f8060006f60806f040,700,Adam,MaxAbsoluteDeviation,0.3427121043205261,8.301955223083496,4.870988499955274
"[8, 8, 23, 8, 8, 8, 23, 8, 8, 8, 23, 8, 8, 23, 12]","['tanh', 'swish', 'swish', 'tanh', 'swish', 'elu', 'swish', 'sigmoid', 'elu', 'sigmoid', 'sigmoid', 'swish', 'sigmoid', 'elu', 'elu']",0908f8090800f8060006f60806f040,700,Adam,MaxAbsoluteDeviation,0.3427121043205261,0.6392321586608887,4.8204478999832645
"[8, 8, 23, 8, 8, 8, 23, 8, 8, 8, 23, 8, 8, 23, 12]","['tanh', 'swish', 'swish', 'tanh', 'swish', 'elu', 'swish', 'sigmoid', 'elu', 'sigmoid', 'sigmoid', 'swish', 'sigmoid', 'elu', 'elu']",0908f8090800f8060006f60806f040,443,Adam,MaxAbsoluteDeviation,0.3427121043205261,8.599218368530273,3.4617403000593185
"[8, 8, 23, 8, 8, 8, 23, 8, 8, 8, 23, 8, 8, 23]","['tanh', 'swish', 'swish', 'tanh', 'swish', 'elu', 'swish', 'sigmoid', 'elu', 'sigmoid', 'sigmoid', 'swish', 'sigmoid', 'elu']",0908f8090800f8060006f60806f0,700,Adam,MaxAbsoluteDeviation,0.3427121043205261,8.145139694213867,4.654037900036201
"[8, 8, 23, 8, 8, 8, 23, 8, 8, 8, 23, 8, 8, 23, 12]","['tanh', 'swish', 'swish', 'tanh', 'swish', 'elu', 'swish', 'sigmoid', 'elu', 'sigmoid', 'sigmoid', 'swish', 'sigmoid', 'elu', 'elu']",0908f8090800f8060006f60806f040,700,Adam,MaxAbsoluteDeviation,0.3427121043205261,8.311897277832031,4.7721266999142244
"[8, 8, 23, 8, 8, 8, 23, 8, 8, 8, 23, 8, 8, 23, 12]","['tanh', 'swish', 'swish', 'tanh', 'swish', 'elu', 'swish', 'sigmoid', 'elu', 'sigmoid', 'sigmoid', 'swish', 'sigmoid', 'elu', 'elu']",0908f8090800f8060006f60806f040,275,Adam,MaxAbsoluteDeviation,0.3427121043205261,9.47551155090332,2.552095500053838
"[8, 8, 23, 8, 8, 8, 23, 8, 8, 8, 23, 8, 8, 23, 12, 11]","['tanh', 'swish', 'swish', 'tanh', 'swish', 'elu', 'swish', 'sigmoid', 'elu', 'sigmoid', 'sigmoid', 'swish', 'sigmoid', 'elu', 'elu', 'tanh']",0908f8090800f8060006f60806f04039,700,Adam,MaxAbsoluteDeviation,0.3427121043205261,8.606206893920898,4.9880765998968855
"[8, 8, 23, 8, 8, 8, 23, 8, 8, 8, 23, 8, 8, 23]","['tanh', 'swish', 'swish', 'tanh', 'swish', 'elu', 'swish', 'sigmoid', 'elu', 'sigmoid', 'sigmoid', 'swish', 'sigmoid', 'elu']",0908f8090800f8060006f60806f0,700,Adam,MaxAbsoluteDeviation,0.3427121043205261,8.59438705444336,4.60112200002186
"[8, 8, 23, 8, 8, 8, 23, 8, 8, 8, 23, 8, 8, 23, 12, 22]","['tanh', 'swish', 'swish', 'tanh', 'swish', 'elu', 'swish', 'sigmoid', 'elu', 'sigmoid', 'sigmoid', 'swish', 'sigmoid', 'elu', 'elu', 'swish']",0908f8090800f8060006f60806f040e8,700,Adam,MaxAbsoluteDeviation,0.3427121043205261,8.205106735229492,4.987271100049838
"[8, 8, 23, 8, 8, 8, 23, 8, 8, 8, 23, 8, 8, 23]","['tanh', 'swish', 'swish', 'tanh', 'swish', 'elu', 'swish', 'sigmoid', 'elu', 'sigmoid', 'sigmoid', 'swish', 'sigmoid', 'elu']",0908f8090800f8060006f60806f0,700,Adam,MaxAbsoluteDeviation,0.3427121043205261,9.177929878234863,4.530701300012879
"[8, 8, 23, 8, 8, 8, 23, 8, 8, 8, 23, 8, 8, 23, 12, 20]","['tanh', 'swish', 'swish', 'tanh', 'swish', 'elu', 'swish', 'sigmoid', 'elu', 'sigmoid', 'sigmoid', 'swish', 'sigmoid', 'elu', 'elu', 'swish']",0908f8090800f8060006f60806f040c8,700,Adam,MaxAbsoluteDeviation,0.3427121043205261,0.5686473846435547,4.992071500048041
"[8, 8, 23, 8, 8, 8, 23, 8, 8, 8, 23, 8, 8, 23]","['tanh', 'swish', 'swish', 'tanh', 'swish', 'elu', 'swish', 'sigmoid', 'elu', 'sigmoid', 'sigmoid', 'swish', 'sigmoid', 'elu']",0908f8090800f8060006f60806f0,700,Adam,MaxAbsoluteDeviation,0.3427121043205261,8.416305541992188,4.540075699915178
"[8, 8, 23, 8, 8, 8, 23, 8, 8, 8, 23, 8, 8, 23, 12]","['tanh', 'swish', 'swish', 'tanh', 'swish', 'elu', 'swish', 'sigmoid', 'elu', 'sigmoid', 'sigmoid', 'swish', 'sigmoid', 'elu', 'elu']",0908f8090800f8060006f60806f040,700,Adam,MaxAbsoluteDeviation,0.3427121043205261,8.652215003967285,4.610330700059421
"[8, 8, 23, 8, 8, 8, 23, 8, 8, 8, 23, 8, 8, 23]","['tanh', 'swish', 'swish', 'tanh', 'swish', 'elu', 'swish', 'sigmoid', 'elu', 'sigmoid', 'sigmoid', 'swish', 'sigmoid', 'elu']",0908f8090800f8060006f60806f0,700,Adam,MaxAbsoluteDeviation,0.3427121043205261,0.7626838684082031,4.479121999931522
"[8, 8, 23, 8, 8, 8, 23, 8, 8, 8, 23, 8, 8, 8, 12]","['tanh', 'swish', 'swish', 'tanh', 'swish', 'elu', 'swish', 'sigmoid', 'elu', 'sigmoid', 'sigmoid', 'swish', 'sigmoid', 'elu', 'elu']",0908f8090800f8060006f608060040,700,Adam,MaxAbsoluteDeviation,0.3427121043205261,8.725630760192871,4.66489959997125
"[8, 8, 23, 8, 8, 8, 23, 8, 8, 8, 23, 8, 8, 23, 12]","['tanh', 'swish', 'swish', 'tanh', 'swish', 'elu', 'swish', 'sigmoid', 'elu', 'sigmoid', 'sigmoid', 'swish', 'sigmoid', 'elu', 'elu']",0908f8090800f8060006f60806f040,700,Adam,MaxAbsoluteDeviation,0.3427121043205261,8.724369049072266,7.003535999916494
"[8, 8, 23, 8, 8, 8, 23, 8, 23, 8, 23, 8, 8, 23, 12]","['tanh', 'swish', 'swish', 'tanh', 'swish', 'elu', 'swish', 'sigmoid', 'elu', 'sigmoid', 'sigmoid', 'swish', 'sigmoid', 'elu', 'elu']",0908f8090800f806f006f60806f040,700,Adam,MaxAbsoluteDeviation,0.3427121043205261,8.616990089416504,4.914855699986219
"[8, 8, 23, 8, 8, 8, 23, 8, 23, 8, 23, 8, 8, 23, 12]","['tanh', 'elu', 'swish', 'tanh', 'swish', 'elu', 'swish', 'sigmoid', 'elu', 'sigmoid', 'sigmoid', 'swish', 'sigmoid', 'elu', 'elu']",0900f8090800f806f006f60806f040,700,Adam,MaxAbsoluteDeviation,0.3427121043205261,8.157171249389648,4.863415900035761
"[8, 8, 23, 8, 8, 8, 23, 8, 8, 8, 23, 8, 8, 23, 12]","['tanh', 'swish', 'swish', 'tanh', 'swish', 'elu', 'swish', 'sigmoid', 'elu', 'sigmoid', 'sigmoid', 'swish', 'sigmoid', 'elu', 'elu']",0908f8090800f8060006f60806f040,242,Adam,MaxAbsoluteDeviation,0.3427121043205261,1.0769309997558594,2.4222786999307573
"[8, 8, 23, 8, 23, 8, 23, 8, 8, 8, 23, 8, 8, 23, 12]","['tanh', 'swish', 'swish', 'tanh', 'swish', 'elu', 'swish', 'sigmoid', 'elu', 'sigmoid', 'sigmoid', 'swish', 'sigmoid', 'elu', 'elu']",0908f809f800f8060006f60806f040,700,Adam,MaxAbsoluteDeviation,0.3427121043205261,0.5109014511108398,4.812349700019695
"[8, 8, 23, 8, 8, 8, 23, 8, 8, 8, 23, 8, 8, 23, 12]","['tanh', 'swish', 'swish', 'tanh', 'swish', 'elu', 'swish', 'sigmoid', 'elu', 'sigmoid', 'swish', 'swish', 'sigmoid', 'elu', 'elu']",0908f8090800f8060006f80806f040,700,Adam,MaxAbsoluteDeviation,0.3427121043205261,2.116377830505371,4.862319799955003
"[8, 8, 23, 8, 8, 8, 23, 8, 8, 8, 23, 8, 8, 23, 12]","['tanh', 'swish', 'swish', 'tanh', 'swish', 'elu', 'swish', 'sigmoid', 'elu', 'sigmoid', 'sigmoid', 'swish', 'sigmoid', 'elu', 'elu']",0908f8090800f8060006f60806f040,700,Adam,MaxAbsoluteDeviation,0.3427121043205261,8.675193786621094,4.841779300011694
"[8, 8, 23, 8, 8, 23, 23, 8, 8, 8, 23, 8, 8, 23, 12]","['tanh', 'swish', 'swish', 'tanh', 'swish', 'elu', 'swish', 'sigmoid', 'elu', 'sigmoid', 'sigmoid', 'swish', 'sigmoid', 'elu', 'elu']",0908f80908f0f8060006f60806f040,700,Adam,MaxAbsoluteDeviation,0.3427121043205261,8.274731636047363,4.840947300079279
"[8, 8, 23, 8, 8, 8, 23, 8, 8, 8, 23, 8, 8, 23, 12]","['tanh', 'swish', 'swish', 'tanh', 'swish', 'elu', 'swish', 'sigmoid', 'elu', 'sigmoid', 'sigmoid', 'swish', 'sigmoid', 'elu', 'elu']",0908f8090800f8060006f60806f040,700,Adam,MaxAbsoluteDeviation,0.3427121043205261,8.191940307617188,4.823539600009099
"[8, 8, 23, 8, 8, 8, 23, 8, 8, 8, 23, 8, 8, 23, 12, 12]","['tanh', 'swish', 'swish', 'tanh', 'swish', 'elu', 'swish', 'sigmoid', 'elu', 'sigmoid', 'sigmoid', 'swish', 'sigmoid', 'elu', 'elu', 'sigmoid']",0908f8090800f8060006f60806f04046,700,Adam,MaxAbsoluteDeviation,0.3427121043205261,8.527496337890625,5.015066899941303
"[8, 8, 23, 8, 8, 8, 23, 8, 23, 8, 23, 8, 8, 23, 12]","['tanh', 'swish', 'swish', 'tanh', 'swish', 'elu', 'swish', 'sigmoid', 'elu', 'sigmoid', 'sigmoid', 'swish', 'sigmoid', 'elu', 'elu']",0908f8090800f806f006f60806f040,700,Adam,MaxAbsoluteDeviation,0.3427121043205261,8.241032600402832,4.83323719992768
"[8, 8, 23, 8, 8, 8, 23, 8, 8, 8, 23, 8, 8, 23, 12]","['tanh', 'swish', 'swish', 'tanh', 'swish', 'elu', 'swish', 'sigmoid', 'elu', 'sigmoid', 'sigmoid', 'swish', 'sigmoid', 'elu', 'elu']",0908f8090800f8060006f60806f040,700,Adam,MaxAbsoluteDeviation,0.3427121043205261,1.4468584060668945,4.81165249994956
"[8, 8, 23, 8, 8, 8, 23, 8, 8, 8, 23, 8, 8, 23, 12, 18]","['tanh', 'swish', 'swish', 'tanh', 'swish', 'elu', 'swish', 'sigmoid', 'elu', 'sigmoid', 'sigmoid', 'swish', 'sigmoid', 'elu', 'elu', 'elu']",0908f8090800f8060006f60806f040a0,700,Adam,MaxAbsoluteDeviation,0.3427121043205261,8.561178207397461,5.008296600077301
"[8, 8, 23, 8, 8, 8, 23, 8, 8, 8, 23, 8, 8, 23, 12]","['elu', 'swish', 'swish', 'tanh', 'swish', 'elu', 'swish', 'sigmoid', 'elu', 'sigmoid', 'sigmoid', 'swish', 'sigmoid', 'elu', 'tanh']",0008f8090800f8060006f60806f049,700,Adam,MaxAbsoluteDeviation,0.3427121043205261,8.739832878112793,4.779628699994646
"[8, 8, 23, 8, 8, 8, 8, 8, 8, 8, 23, 8, 8, 23, 12]","['tanh', 'swish', 'swish', 'tanh', 'swish', 'elu', 'swish', 'sigmoid', 'elu', 'sigmoid', 'sigmoid', 'swish', 'sigmoid', 'elu', 'elu']",0908f809080008060006f60806f040,700,Adam,MaxAbsoluteDeviation,0.3427121043205261,0.48629283905029297,4.782720500021242
"[8, 8, 23, 8, 8, 8, 23, 8, 8, 8, 23, 8, 8, 23, 12]","['tanh', 'swish', 'swish', 'tanh', 'swish', 'elu', 'swish', 'sigmoid', 'elu', 'sigmoid', 'sigmoid', 'swish', 'sigmoid', 'elu', 'elu']",0908f8090800f8060006f60806f040,379,Adam,MaxAbsoluteDeviation,0.3427121043205261,1.6074004173278809,3.0988832000875846
"[8, 8, 23, 8, 8, 8, 23, 8, 8, 8, 23, 8, 8, 23, 12]","['tanh', 'swish', 'swish', 'tanh', 'swish', 'elu', 'swish', 'sigmoid', 'elu', 'sigmoid', 'sigmoid', 'swish', 'sigmoid', 'elu', 'elu']",0908f8090800f8060006f60806f040,334,Adam,MaxAbsoluteDeviation,0.3427121043205261,8.459661483764648,2.8673443000297993
"[8, 8, 23, 8, 8, 8, 23, 8, 8, 8, 23, 8, 8, 23, 12]","['tanh', 'swish', 'swish', 'tanh', 'swish', 'elu', 'swish', 'sigmoid', 'elu', 'sigmoid', 'sigmoid', 'swish', 'sigmoid', 'elu', 'elu']",0908f8090800f8060006f60806f040,700,Adam,MaxAbsoluteDeviation,0.3427121043205261,0.8280544281005859,4.727427999954671
"[8, 8, 23, 8, 8, 8, 23, 8, 8, 8, 23, 8, 8, 23, 12]","['tanh', 'swish', 'swish', 'tanh', 'swish', 'elu', 'swish', 'sigmoid', 'elu', 'sigmoid', 'sigmoid', 'swish', 'sigmoid', 'elu', 'elu']",0908f8090800f8060006f60806f040,700,Adam,MaxAbsoluteDeviation,0.3427121043205261,1.041513442993164,4.727627499960363
"[8, 8, 23, 8, 8, 8, 23, 8, 8, 8, 23, 8, 8, 23, 12]","['tanh', 'swish', 'swish', 'tanh', 'swish', 'elu', 'swish', 'sigmoid', 'elu', 'sigmoid', 'sigmoid', 'swish', 'sigmoid', 'elu', 'elu']",0908f8090800f8060006f60806f040,700,Adam,MaxAbsoluteDeviation,0.3427121043205261,1.011199951171875,4.735415300005116
"[8, 8, 23, 8, 8, 8, 23, 8, 8, 8, 23, 8, 8, 23, 12]","['tanh', 'swish', 'swish', 'tanh', 'swish', 'elu', 'swish', 'swish', 'elu', 'sigmoid', 'sigmoid', 'swish', 'sigmoid', 'elu', 'elu']",0908f8090800f8080006f60806f040,700,Adam,MaxAbsoluteDeviation,0.3427121043205261,1.1990556716918945,4.746170800062828
"[8, 8, 23, 8, 8, 8, 23, 8, 8, 8, 23, 8, 8, 23, 12]","['tanh', 'swish', 'swish', 'tanh', 'swish', 'elu', 'swish', 'sigmoid', 'elu', 'sigmoid', 'sigmoid', 'swish', 'sigmoid', 'elu', 'elu']",0908f8090800f8060006f60806f040,700,Adam,MaxAbsoluteDeviation,0.3427121043205261,8.599790573120117,4.769657800090499
"[8, 8, 23, 8, 8, 8, 23, 8, 8, 8, 23, 8, 23, 23, 12]","['tanh', 'swish', 'swish', 'tanh', 'swish', 'elu', 'swish', 'sigmoid', 'elu', 'sigmoid', 'sigmoid', 'swish', 'sigmoid', 'elu', 'elu']",0908f8090800f8060006f608f6f040,700,Adam,MaxAbsoluteDeviation,0.3427121043205261,0.800567626953125,4.689550200011581
"[8, 8, 8, 8, 8, 8, 23, 8, 8, 8, 23, 8, 8, 23, 12]","['tanh', 'swish', 'swish', 'tanh', 'swish', 'elu', 'swish', 'sigmoid', 'elu', 'sigmoid', 'sigmoid', 'swish', 'sigmoid', 'elu', 'elu']",090808090800f8060006f60806f040,700,Adam,MaxAbsoluteDeviation,0.3427121043205261,0.7639141082763672,4.66209700005129
"[8, 8, 23, 8, 8, 8, 23, 8, 8, 8, 23, 8, 8, 23]","['tanh', 'swish', 'swish', 'tanh', 'swish', 'elu', 'swish', 'sigmoid', 'elu', 'sigmoid', 'sigmoid', 'swish', 'sigmoid', 'elu']",0908f8090800f8060006f60806f0,700,Adam,MaxAbsoluteDeviation,0.3427121043205261,8.507708549499512,4.52242000005208
"[8, 8, 23, 8, 8, 8, 23, 8, 8, 8, 23, 8, 8, 23]","['tanh', 'swish', 'swish', 'tanh', 'swish', 'elu', 'swish', 'sigmoid', 'elu', 'sigmoid', 'sigmoid', 'swish', 'sigmoid', 'elu']",0908f8090800f8060006f60806f0,700,Adam,MaxAbsoluteDeviation,0.3427121043205261,8.496031761169434,4.483331199968234
"[8, 8, 23, 8, 8, 8, 23, 8, 8, 8, 23, 8, 8, 23, 12]","['tanh', 'swish', 'swish', 'tanh', 'swish', 'elu', 'swish', 'sigmoid', 'elu', 'sigmoid', 'sigmoid', 'swish', 'sigmoid', 'sigmoid', 'elu']",0908f8090800f8060006f60806f640,700,Adam,MaxAbsoluteDeviation,0.3427121043205261,8.480588912963867,4.900865799980238
"[8, 8, 23, 8, 8, 8, 23, 8, 8, 23, 23, 8, 8, 23, 20]","['tanh', 'swish', 'swish', 'tanh', 'swish', 'elu', 'swish', 'sigmoid', 'elu', 'sigmoid', 'sigmoid', 'swish', 'sigmoid', 'elu', 'sigmoid']",0908f8090800f80600f6f60806f0c6,700,Adam,MaxAbsoluteDeviation,0.3427121043205261,8.498260498046875,4.860654799966142
"[8, 8, 23, 8, 8, 8, 23, 8, 8, 8, 23, 8, 8, 23]","['tanh', 'swish', 'swish', 'tanh', 'swish', 'elu', 'swish', 'sigmoid', 'elu', 'sigmoid', 'sigmoid', 'swish', 'sigmoid', 'elu']",0908f8090800f8060006f60806f0,700,Adam,MaxAbsoluteDeviation,0.3427121043205261,1.0543365478515625,4.67160000000149
"[8, 8, 23, 8, 8, 8, 23, 8, 8, 8, 23, 8, 8, 23, 12]","['tanh', 'swish', 'swish', 'tanh', 'swish', 'elu', 'swish', 'sigmoid', 'elu', 'sigmoid', 'sigmoid', 'swish', 'sigmoid', 'elu', 'elu']",0908f8090800f8060006f60806f040,700,Adam,MaxAbsoluteDeviation,0.3427121043205261,8.870640754699707,4.8495593999978155
"[8, 8, 23, 8, 8, 8, 23, 8, 8, 8, 23, 8, 8, 23, 12]","['tanh', 'swish', 'swish', 'tanh', 'swish', 'elu', 'swish', 'sigmoid', 'elu', 'sigmoid', 'sigmoid', 'swish', 'sigmoid', 'elu', 'elu']",0908f8090800f8060006f60806f040,700,Adam,MaxAbsoluteDeviation,0.3427121043205261,1.4004325866699219,4.879270500037819
"[8, 8, 23, 8, 8, 8, 23, 8, 8, 8, 23, 8, 8, 23, 12]","['tanh', 'swish', 'swish', 'tanh', 'swish', 'elu', 'swish', 'sigmoid', 'elu', 'sigmoid', 'sigmoid', 'swish', 'sigmoid', 'elu', 'elu']",0908f8090800f8060006f60806f040,700,Adam,MaxAbsoluteDeviation,0.3427121043205261,8.565311431884766,4.82545680005569
"[8, 8, 23, 8, 8, 8, 23, 8, 8, 8, 23, 8, 8, 23, 12]","['tanh', 'swish', 'swish', 'tanh', 'swish', 'elu', 'swish', 'sigmoid', 'elu', 'sigmoid', 'sigmoid', 'swish', 'sigmoid', 'elu', 'elu']",0908f8090800f8060006f60806f040,700,Adam,MaxAbsoluteDeviation,0.3427121043205261,1.2864913940429688,4.886689099948853
