"[19, 12]","['sigmoid', 'elu']",b640,515,Adam,MaxAbsoluteDeviation,3.1565704345703125,2.7330150604248047,1.665465799975209
"[19, 12, 13]","['sigmoid', 'elu', 'swish']",b64058,515,Adam,MaxAbsoluteDeviation,0.18164050579071045,0.2212991714477539,1.8144214999629185
"[19, 12, 13]","['sigmoid', 'elu', 'swish']",b64058,479,Adam,MaxAbsoluteDeviation,0.4286963641643524,0.9653053283691406,1.708182999980636
"[19, 8, 13]","['sigmoid', 'elu', 'swish']",b60058,479,Adam,MaxAbsoluteDeviation,0.2799517512321472,0.1647186279296875,1.681254800001625
"[19, 8, 13]","['sigmoid', 'elu', 'swish']",b60058,100,Adam,MaxAbsoluteDeviation,0.2799517512321472,1.592048168182373,0.6608020000276156
"[19, 8, 13, 9]","['sigmoid', 'elu', 'swish', 'swish']",b6005818,479,Adam,MaxAbsoluteDeviation,0.2799517512321472,0.30541229248046875,1.8140622000209987
"[19, 8, 13]","['sigmoid', 'sigmoid', 'swish']",b60658,479,Adam,MaxAbsoluteDeviation,0.6073485016822815,0.2111644744873047,1.6960950000211596
"[19, 23, 13]","['sigmoid', 'sigmoid', 'swish']",b6f658,479,Adam,MaxAbsoluteDeviation,0.2518611252307892,0.2447681427001953,1.6915875999839045
[19],['sigmoid'],b6,151,Adam,MaxAbsoluteDeviation,0.2518611252307892,6.382676601409912,0.6227466000127606
"[19, 23, 13]","['sigmoid', 'sigmoid', 'sigmoid']",b6f656,479,Adam,MaxAbsoluteDeviation,0.2518611252307892,0.2575507164001465,1.6535987999523059
"[19, 23, 13]","['sigmoid', 'sigmoid', 'swish']",b6f658,700,Adam,MaxAbsoluteDeviation,0.3504773676395416,0.26761800050735474,2.320395299990196
"[19, 23, 13]","['sigmoid', 'sigmoid', 'swish']",b6f658,700,Adam,MaxAbsoluteDeviation,0.6472198367118835,0.21474552154541016,2.3129936999757774
"[19, 23, 13]","['sigmoid', 'sigmoid', 'swish']",b6f658,700,Adam,MaxAbsoluteDeviation,0.23511184751987457,0.6454143524169922,2.285355100000743
"[19, 13, 13]","['sigmoid', 'sigmoid', 'swish']",b65658,700,Adam,MaxAbsoluteDeviation,0.33200958371162415,0.3113594055175781,2.3321739999810234
"[19, 13, 13]","['sigmoid', 'sigmoid', 'swish']",b65658,100,Adam,MaxAbsoluteDeviation,0.33200958371162415,3.0924293994903564,0.6508528999984264
"[19, 13, 13, 20]","['sigmoid', 'sigmoid', 'swish', 'sigmoid']",b65658c6,700,Adam,MaxAbsoluteDeviation,0.17391307651996613,0.24158954620361328,2.399084100034088
"[19, 13, 13, 20]","['sigmoid', 'sigmoid', 'swish', 'sigmoid']",b65658c6,700,Adam,MaxAbsoluteDeviation,0.7235425710678101,0.18121337890625,2.4219754000077955
"[19, 13, 23, 20]","['sigmoid', 'sigmoid', 'sigmoid', 'sigmoid']",b656f6c6,700,Adam,MaxAbsoluteDeviation,0.20708110928535461,0.19102799892425537,2.3678408000268973
"[19, 13, 23, 23]","['sigmoid', 'sigmoid', 'sigmoid', 'sigmoid']",b656f6f6,700,Adam,MaxAbsoluteDeviation,0.23695476353168488,0.321502685546875,2.372879099973943
"[23, 13, 23, 23]","['sigmoid', 'sigmoid', 'sigmoid', 'sigmoid']",f656f6f6,560,Adam,MaxAbsoluteDeviation,0.5633717179298401,0.2280721664428711,1.9932361000101082
"[23, 13, 23, 23]","['sigmoid', 'sigmoid', 'sigmoid', 'sigmoid']",f656f6f6,396,Adam,MaxAbsoluteDeviation,0.48141151666641235,0.8845901489257812,1.4985939000034705
"[23, 13, 23, 23, 13]","['sigmoid', 'sigmoid', 'sigmoid', 'sigmoid', 'swish']",f656f6f658,700,Adam,MaxAbsoluteDeviation,0.2722616493701935,0.6458663940429688,3.395282900019083
"[23, 13, 23, 23, 13, 9]","['sigmoid', 'sigmoid', 'sigmoid', 'sigmoid', 'swish', 'tanh']",f656f6f65819,700,Adam,MaxAbsoluteDeviation,0.5438060164451599,0.1503915786743164,2.737075500015635
"[23, 13, 23, 23, 8, 9]","['sigmoid', 'sigmoid', 'sigmoid', 'sigmoid', 'swish', 'tanh']",f656f6f60819,700,Adam,MaxAbsoluteDeviation,0.294216513633728,0.2645397186279297,2.7269111999776214
"[23, 23, 23, 23, 8, 9]","['sigmoid', 'sigmoid', 'sigmoid', 'sigmoid', 'swish', 'tanh']",f6f6f6f60819,700,Adam,MaxAbsoluteDeviation,0.1663275957107544,0.5025691986083984,2.6952960999915376
"[23, 8, 23, 23, 8, 8]","['sigmoid', 'sigmoid', 'sigmoid', 'sigmoid', 'swish', 'tanh']",f606f6f60809,700,Adam,MaxAbsoluteDeviation,0.1663275957107544,5.827863693237305,2.75089740002295
"[23, 23, 23, 9, 8, 9, 18]","['sigmoid', 'sigmoid', 'sigmoid', 'sigmoid', 'swish', 'tanh', 'tanh']",f6f6f6160819a9,700,Adam,MaxAbsoluteDeviation,0.4294324517250061,0.3537750244140625,2.860811599995941
"[23, 23, 23, 9, 8, 9, 18]","['sigmoid', 'sigmoid', 'sigmoid', 'sigmoid', 'swish', 'tanh', 'tanh']",f6f6f6160819a9,200,Adam,MaxAbsoluteDeviation,0.4294324517250061,2.1026763916015625,1.2450021000113338
"[23, 23, 23, 9, 8, 9, 18]","['sigmoid', 'sigmoid', 'sigmoid', 'sigmoid', 'swish', 'tanh', 'tanh']",f6f6f6160819a9,434,Adam,MaxAbsoluteDeviation,0.4289418160915375,0.8080844879150391,1.9522083000047132
"[23, 23, 23, 9, 8, 9]","['sigmoid', 'sigmoid', 'sigmoid', 'sigmoid', 'swish', 'tanh']",f6f6f6160819,433,Adam,MaxAbsoluteDeviation,0.4289418160915375,8.302458763122559,1.8750606999965385
"[23, 23, 23, 9, 8, 9, 18]","['sigmoid', 'elu', 'sigmoid', 'sigmoid', 'swish', 'tanh', 'tanh']",f6f0f6160819a9,700,Adam,MaxAbsoluteDeviation,0.3833097219467163,0.5125560760498047,2.8432528999983333
"[23, 23, 23, 9, 8, 9, 18, 9]","['sigmoid', 'elu', 'sigmoid', 'sigmoid', 'swish', 'tanh', 'tanh', 'swish']",f6f0f6160819a918,700,Adam,MaxAbsoluteDeviation,0.33061301708221436,0.7339363098144531,2.9939013000112027
"[23, 23, 23, 9, 8, 9, 18, 9]","['sigmoid', 'elu', 'sigmoid', 'sigmoid', 'swish', 'tanh', 'tanh', 'swish']",f6f0f6160819a918,591,Adam,MaxAbsoluteDeviation,0.33061301708221436,0.4244271516799927,2.6170795999933034
"[23, 23, 23, 8, 8, 9, 18, 9]","['sigmoid', 'elu', 'sigmoid', 'sigmoid', 'swish', 'tanh', 'tanh', 'swish']",f6f0f6060819a918,700,Adam,MaxAbsoluteDeviation,0.33061301708221436,0.5351352691650391,2.9802577999653295
"[23, 23, 23, 9, 8, 9, 18, 9]","['sigmoid', 'elu', 'sigmoid', 'sigmoid', 'elu', 'tanh', 'tanh', 'swish']",f6f0f6160019a918,700,Adam,MaxAbsoluteDeviation,0.5604912042617798,0.721214771270752,2.9635670999996364
"[23, 23, 23, 9, 8, 9, 18, 9, 16]","['sigmoid', 'elu', 'sigmoid', 'sigmoid', 'elu', 'tanh', 'tanh', 'swish', 'sigmoid']",f6f0f6160019a91886,700,Adam,MaxAbsoluteDeviation,0.5604912042617798,8.179699897766113,3.0308720999746583
"[8, 23, 23, 9, 8, 9, 18, 9]","['sigmoid', 'elu', 'tanh', 'sigmoid', 'elu', 'tanh', 'tanh', 'swish']",06f0f9160019a918,700,Adam,MaxAbsoluteDeviation,0.5697447061538696,0.5052261352539062,2.957842600008007
"[8, 8, 23, 9, 8, 9, 18, 9]","['sigmoid', 'elu', 'tanh', 'sigmoid', 'elu', 'tanh', 'tanh', 'swish']",0600f9160019a918,700,Adam,MaxAbsoluteDeviation,1.267805814743042,0.7661128044128418,2.951451599947177
"[8, 8, 23, 9, 8, 9, 18, 9]","['sigmoid', 'elu', 'tanh', 'sigmoid', 'elu', 'tanh', 'tanh', 'swish']",0600f9160019a918,700,Adam,MaxAbsoluteDeviation,0.41228562593460083,0.34342503547668457,2.950992900005076
"[8, 8, 23, 9, 8, 9, 18, 9]","['sigmoid', 'elu', 'tanh', 'sigmoid', 'elu', 'tanh', 'tanh', 'swish']",0600f9160019a918,700,Adam,MaxAbsoluteDeviation,0.41228562593460083,0.36099016666412354,3.7820656999829225
"[8, 8, 23, 9, 8, 9, 18, 9]","['sigmoid', 'elu', 'tanh', 'sigmoid', 'elu', 'tanh', 'tanh', 'swish']",0600f9160019a918,590,Adam,MaxAbsoluteDeviation,0.4149097502231598,0.6621742248535156,2.662965700030327
"[8, 8, 23, 9, 8, 9, 18, 9]","['sigmoid', 'elu', 'tanh', 'sigmoid', 'elu', 'tanh', 'tanh', 'swish']",0600f9160019a918,516,Adam,MaxAbsoluteDeviation,0.416401743888855,0.3773794174194336,2.4035534000140615
"[8, 8, 23, 9, 8, 9, 18, 9]","['sigmoid', 'elu', 'tanh', 'sigmoid', 'elu', 'tanh', 'tanh', 'swish']",0600f9160019a918,700,Adam,MaxAbsoluteDeviation,0.416401743888855,8.769172668457031,3.0182473000022583
"[8, 8, 23, 9, 8, 9, 18, 9]","['sigmoid', 'elu', 'tanh', 'sigmoid', 'elu', 'tanh', 'tanh', 'swish']",0600f9160019a918,700,Adam,MaxAbsoluteDeviation,0.6569158434867859,0.3400369882583618,3.0313418000005186
"[8, 8, 23, 8, 8, 9, 18, 9]","['sigmoid', 'elu', 'tanh', 'sigmoid', 'elu', 'tanh', 'tanh', 'swish']",0600f9060019a918,700,Adam,MaxAbsoluteDeviation,1.0154948234558105,0.6697807312011719,3.076322100008838
"[8, 8, 23, 8, 8, 9, 18]","['sigmoid', 'elu', 'tanh', 'sigmoid', 'elu', 'tanh', 'tanh']",0600f9060019a9,700,Adam,MaxAbsoluteDeviation,0.5097414255142212,0.8907246589660645,2.836967600043863
"[8, 8, 23, 8, 8]","['sigmoid', 'elu', 'tanh', 'sigmoid', 'elu']",0600f90600,700,Adam,MaxAbsoluteDeviation,0.5759080648422241,1.1052608489990234,2.6189042999758385
"[8, 8, 23, 8, 8]","['sigmoid', 'elu', 'tanh', 'sigmoid', 'elu']",0600f90600,700,Adam,MaxAbsoluteDeviation,0.3295678198337555,0.38289451599121094,2.6111464999848977
"[8, 8, 23, 8, 8, 13]","['tanh', 'elu', 'tanh', 'sigmoid', 'elu', 'elu']",0900f9060050,379,Adam,MaxAbsoluteDeviation,0.3295678198337555,0.6942367553710938,1.69679170002928
"[8, 8, 23, 8, 8, 20]","['sigmoid', 'elu', 'tanh', 'sigmoid', 'elu', 'sigmoid']",0600f90600c6,700,Adam,MaxAbsoluteDeviation,0.2905302345752716,0.2647247314453125,2.729310999973677
"[8, 8, 23, 8, 8, 20]","['sigmoid', 'tanh', 'tanh', 'sigmoid', 'elu', 'sigmoid']",0609f90600c6,303,Adam,MaxAbsoluteDeviation,0.2905302345752716,0.6884379386901855,1.4396144999773242
"[8, 8, 23, 23, 8, 20]","['sigmoid', 'elu', 'tanh', 'sigmoid', 'elu', 'sigmoid']",0600f9f600c6,700,Adam,MaxAbsoluteDeviation,0.366359144449234,0.19512271881103516,2.685815300035756
"[8, 8, 23, 23, 8, 20]","['sigmoid', 'elu', 'tanh', 'sigmoid', 'elu', 'sigmoid']",0600f9f600c6,545,Adam,MaxAbsoluteDeviation,0.19092780351638794,0.13633906841278076,2.222564499999862
"[8, 8, 23, 23, 8, 20]","['sigmoid', 'elu', 'tanh', 'sigmoid', 'elu', 'sigmoid']",0600f9f600c6,700,Adam,MaxAbsoluteDeviation,0.19092780351638794,0.7195072174072266,2.71026379999239
"[8, 8, 23, 23, 8, 20]","['sigmoid', 'elu', 'tanh', 'sigmoid', 'elu', 'sigmoid']",0600f9f600c6,545,Adam,MaxAbsoluteDeviation,0.19092780351638794,0.30724239349365234,2.1910250000073574
"[8, 8, 23, 23, 8, 20]","['sigmoid', 'tanh', 'tanh', 'sigmoid', 'elu', 'sigmoid']",0609f9f600c6,545,Adam,MaxAbsoluteDeviation,0.19092780351638794,0.8769302368164062,2.1780996000161394
"[8, 8, 23, 23, 8, 20, 15, 15]","['sigmoid', 'elu', 'tanh', 'sigmoid', 'elu', 'sigmoid', 'tanh', 'sigmoid']",0600f9f600c67976,545,Adam,MaxAbsoluteDeviation,0.6400260925292969,1.5500317811965942,2.33858840004541
"[8, 23, 23, 23, 8, 20, 8, 15]","['sigmoid', 'elu', 'tanh', 'sigmoid', 'elu', 'sigmoid', 'tanh', 'sigmoid']",06f0f9f600c60976,545,Adam,MaxAbsoluteDeviation,1.3389458656311035,1.5144152641296387,2.3794478999916464
"[8, 8, 23, 23, 8, 20, 8, 15]","['sigmoid', 'elu', 'tanh', 'sigmoid', 'elu', 'sigmoid', 'tanh', 'sigmoid']",0600f9f600c60976,545,Adam,MaxAbsoluteDeviation,0.6070477962493896,0.6031532287597656,3.268352999992203
"[8, 8, 23, 23, 8, 20, 8, 15]","['sigmoid', 'elu', 'tanh', 'sigmoid', 'elu', 'sigmoid', 'tanh', 'sigmoid']",0600f9f600c60976,545,Adam,MaxAbsoluteDeviation,0.6070477962493896,7.38243293762207,2.434801499999594
"[8, 8, 23, 23, 8, 20, 8, 15, 21]","['sigmoid', 'elu', 'tanh', 'sigmoid', 'elu', 'sigmoid', 'tanh', 'sigmoid', 'elu']",0600f9f600c60976d0,545,Adam,MaxAbsoluteDeviation,0.5007854104042053,0.6244626045227051,2.5930378999910317
"[8, 23, 23, 23, 8, 20, 8, 15, 21]","['sigmoid', 'elu', 'tanh', 'sigmoid', 'elu', 'sigmoid', 'tanh', 'sigmoid', 'elu']",06f0f9f600c60976d0,545,Adam,MaxAbsoluteDeviation,0.9516315460205078,0.556431770324707,2.5753088000346906
"[8, 23, 23, 23, 8, 20, 8, 15]","['sigmoid', 'elu', 'tanh', 'sigmoid', 'elu', 'sigmoid', 'tanh', 'sigmoid']",06f0f9f600c60976,545,Adam,MaxAbsoluteDeviation,0.9516315460205078,8.783380508422852,2.439342600002419
"[8, 23, 8, 23, 8, 20, 8, 15, 21, 17]","['sigmoid', 'elu', 'tanh', 'sigmoid', 'elu', 'sigmoid', 'tanh', 'sigmoid', 'elu', 'elu']",06f009f600c60976d090,545,Adam,MaxAbsoluteDeviation,1.1156593561172485,1.2663986682891846,2.6912925000069663
"[8, 23, 8, 23, 8, 20, 8, 15, 21, 17]","['sigmoid', 'elu', 'tanh', 'sigmoid', 'elu', 'elu', 'tanh', 'sigmoid', 'elu', 'elu']",06f009f600c00976d090,545,Adam,MaxAbsoluteDeviation,1.1156593561172485,8.331646919250488,2.708978600043338
"[8, 23, 8, 23, 8, 20, 8, 15, 21, 17, 17]","['sigmoid', 'elu', 'tanh', 'sigmoid', 'elu', 'sigmoid', 'tanh', 'sigmoid', 'elu', 'elu', 'sigmoid']",06f009f600c60976d09096,545,Adam,MaxAbsoluteDeviation,1.1156593561172485,8.252700805664062,2.8081519000115804
"[23, 23, 8, 23, 8, 20, 8, 15, 21, 17]","['sigmoid', 'elu', 'tanh', 'sigmoid', 'elu', 'sigmoid', 'tanh', 'sigmoid', 'elu', 'elu']",f6f009f600c60976d090,545,Adam,MaxAbsoluteDeviation,0.9508631229400635,0.9056878089904785,2.67950369999744
"[23, 23, 8, 23, 8, 20, 8, 15, 21, 17]","['sigmoid', 'elu', 'tanh', 'sigmoid', 'elu', 'sigmoid', 'tanh', 'sigmoid', 'elu', 'elu']",f6f009f600c60976d090,700,Adam,MaxAbsoluteDeviation,0.9508631229400635,5.3717360496521,3.2386350000160746
"[23, 23, 8, 23, 8, 20, 8, 15, 21, 17]","['sigmoid', 'elu', 'tanh', 'sigmoid', 'elu', 'sigmoid', 'tanh', 'sigmoid', 'elu', 'elu']",f6f009f600c60976d090,305,Adam,MaxAbsoluteDeviation,0.9878578186035156,2.0491714477539062,1.8279447999666445
"[23, 23, 8, 23, 8, 20, 8, 15, 21, 17, 12]","['sigmoid', 'elu', 'tanh', 'sigmoid', 'elu', 'sigmoid', 'tanh', 'sigmoid', 'elu', 'elu', 'sigmoid']",f6f009f600c60976d09046,305,Adam,MaxAbsoluteDeviation,0.9878578186035156,8.45265007019043,1.906820299976971
"[23, 23, 8, 23, 8, 20, 8, 15, 21, 17]","['sigmoid', 'elu', 'tanh', 'sigmoid', 'elu', 'sigmoid', 'tanh', 'sigmoid', 'elu', 'elu']",f6f009f600c60976d090,161,Adam,MaxAbsoluteDeviation,1.327250361442566,2.369384765625,1.3403815999627113
"[23, 23, 8, 23, 8, 20, 8, 15, 21]","['sigmoid', 'elu', 'tanh', 'sigmoid', 'elu', 'sigmoid', 'tanh', 'sigmoid', 'elu']",f6f009f600c60976d0,161,Adam,MaxAbsoluteDeviation,1.327250361442566,8.378926277160645,1.2535552000044845
"[23, 23, 8, 23, 8, 20, 8, 15, 21, 17]","['sigmoid', 'elu', 'tanh', 'sigmoid', 'elu', 'sigmoid', 'tanh', 'sigmoid', 'elu', 'elu']",f6f009f600c60976d090,700,Adam,MaxAbsoluteDeviation,0.9309853315353394,0.7666540741920471,3.2508522999705747
"[23, 23, 8, 23, 8, 20, 8, 15, 21, 17, 8]","['sigmoid', 'elu', 'tanh', 'sigmoid', 'elu', 'sigmoid', 'tanh', 'sigmoid', 'elu', 'elu', 'tanh']",f6f009f600c60976d09009,700,Adam,MaxAbsoluteDeviation,0.9309853315353394,8.352657318115234,3.3400301999645308
"[23, 23, 8, 23, 8, 20, 8, 15, 21, 17]","['sigmoid', 'elu', 'tanh', 'sigmoid', 'elu', 'sigmoid', 'tanh', 'sigmoid', 'elu', 'elu']",f6f009f600c60976d090,700,Adam,MaxAbsoluteDeviation,0.9309853315353394,1.814550518989563,4.0486659000162035
"[23, 23, 8, 23, 23, 20, 8, 15, 21, 17]","['sigmoid', 'elu', 'tanh', 'sigmoid', 'elu', 'sigmoid', 'tanh', 'sigmoid', 'elu', 'elu']",f6f009f6f0c60976d090,700,Adam,MaxAbsoluteDeviation,1.636915683746338,1.4088630676269531,3.318721599993296
"[23, 23, 8, 23, 23, 20, 8, 15, 21]","['sigmoid', 'elu', 'tanh', 'sigmoid', 'elu', 'sigmoid', 'tanh', 'sigmoid', 'elu']",f6f009f6f0c60976d0,700,Adam,MaxAbsoluteDeviation,1.6509718894958496,1.062309980392456,3.103341400041245
"[23, 23, 8, 23, 23, 20, 8, 15]","['sigmoid', 'elu', 'tanh', 'sigmoid', 'elu', 'sigmoid', 'tanh', 'sigmoid']",f6f009f6f0c60976,700,Adam,MaxAbsoluteDeviation,1.6509718894958496,8.397815704345703,2.997946100018453
"[23, 23, 8, 23, 23, 20, 8, 15, 21]","['sigmoid', 'elu', 'tanh', 'sigmoid', 'elu', 'sigmoid', 'tanh', 'sigmoid', 'elu']",f6f009f6f0c60976d0,615,Adam,MaxAbsoluteDeviation,1.2473129034042358,1.9521074295043945,2.8297180000226945
"[23, 23, 23, 23, 23, 20, 8, 15]","['sigmoid', 'elu', 'tanh', 'sigmoid', 'elu', 'sigmoid', 'tanh', 'sigmoid']",f6f0f9f6f0c60976,615,Adam,MaxAbsoluteDeviation,1.2473129034042358,8.93952751159668,2.7105808000196703
"[23, 23, 8, 23, 23, 20, 23, 15, 21]","['sigmoid', 'elu', 'tanh', 'sigmoid', 'sigmoid', 'sigmoid', 'tanh', 'sigmoid', 'elu']",f6f009f6f6c6f976d0,615,Adam,MaxAbsoluteDeviation,1.6444919109344482,1.8378572463989258,2.819660900044255
"[23, 23, 8, 23, 23, 20, 23, 15, 21, 8]","['sigmoid', 'elu', 'tanh', 'sigmoid', 'sigmoid', 'sigmoid', 'tanh', 'sigmoid', 'elu', 'tanh']",f6f009f6f6c6f976d009,615,Adam,MaxAbsoluteDeviation,1.6444919109344482,8.351350784301758,2.9766635000123642
"[23, 23, 8, 23, 23, 20, 23, 15, 21]","['sigmoid', 'elu', 'tanh', 'sigmoid', 'sigmoid', 'sigmoid', 'tanh', 'sigmoid', 'elu']",f6f009f6f6c6f976d0,558,Adam,MaxAbsoluteDeviation,1.041685938835144,0.742225170135498,2.5822239000117406
"[23, 23, 8, 23, 23, 20, 23, 15, 21]","['sigmoid', 'elu', 'tanh', 'sigmoid', 'sigmoid', 'sigmoid', 'tanh', 'sigmoid', 'elu']",f6f009f6f6c6f976d0,473,Adam,MaxAbsoluteDeviation,1.041685938835144,1.3836021423339844,2.311373199976515
"[23, 23, 8, 23, 23, 20, 23, 15, 21, 13]","['sigmoid', 'elu', 'tanh', 'sigmoid', 'sigmoid', 'sigmoid', 'tanh', 'sigmoid', 'elu', 'elu']",f6f009f6f6c6f976d050,558,Adam,MaxAbsoluteDeviation,1.171738862991333,0.5361156463623047,2.743565500015393
"[23, 23, 8, 23, 23, 20, 23, 15, 21, 13]","['sigmoid', 'elu', 'tanh', 'sigmoid', 'sigmoid', 'sigmoid', 'tanh', 'sigmoid', 'elu', 'elu']",f6f009f6f6c6f976d050,558,Adam,MaxAbsoluteDeviation,1.5608704090118408,0.9806556701660156,2.713395400031004
"[23, 23, 8, 23, 23, 20, 23, 15, 21, 13]","['sigmoid', 'elu', 'tanh', 'sigmoid', 'sigmoid', 'sigmoid', 'tanh', 'sigmoid', 'elu', 'elu']",f6f009f6f6c6f976d050,700,Adam,MaxAbsoluteDeviation,0.9664570689201355,0.6857471466064453,3.2280829999945126
"[23, 23, 8, 23, 23, 20, 23, 15, 21, 13]","['sigmoid', 'elu', 'tanh', 'sigmoid', 'sigmoid', 'sigmoid', 'tanh', 'sigmoid', 'elu', 'elu']",f6f009f6f6c6f976d050,700,Adam,MaxAbsoluteDeviation,0.4944160580635071,0.6178970336914062,3.203388400026597
"[23, 23, 8, 23, 23, 20, 23, 15, 21, 13]","['sigmoid', 'elu', 'tanh', 'sigmoid', 'tanh', 'sigmoid', 'tanh', 'sigmoid', 'elu', 'elu']",f6f009f6f9c6f976d050,700,Adam,MaxAbsoluteDeviation,0.4944160580635071,8.345141410827637,3.2036172000225633
"[23, 23, 8, 23, 23, 20, 8, 15, 21]","['sigmoid', 'elu', 'tanh', 'sigmoid', 'sigmoid', 'sigmoid', 'tanh', 'sigmoid', 'elu']",f6f009f6f6c60976d0,700,Adam,MaxAbsoluteDeviation,0.4944160580635071,8.695514678955078,3.086935200029984
"[23, 23, 8, 23, 23, 20, 23, 15, 21, 13]","['sigmoid', 'elu', 'tanh', 'sigmoid', 'sigmoid', 'sigmoid', 'tanh', 'sigmoid', 'elu', 'elu']",f6f009f6f6c6f976d050,700,Adam,MaxAbsoluteDeviation,1.582039475440979,1.416102409362793,3.1622184999869205
"[23, 23, 8, 23, 23, 20, 23, 15, 21, 13]","['sigmoid', 'elu', 'tanh', 'sigmoid', 'sigmoid', 'sigmoid', 'tanh', 'sigmoid', 'elu', 'elu']",f6f009f6f6c6f976d050,700,Adam,MaxAbsoluteDeviation,1.3415517807006836,1.3951635360717773,3.2976663000299595
"[23, 23, 8, 23, 23, 20, 23, 15, 21, 13, 12, 9]","['sigmoid', 'elu', 'tanh', 'sigmoid', 'sigmoid', 'sigmoid', 'tanh', 'sigmoid', 'elu', 'elu', 'tanh', 'sigmoid']",f6f009f6f6c6f976d0504916,700,Adam,MaxAbsoluteDeviation,1.3415517807006836,8.459772109985352,3.5231555000063963
"[23, 23, 8, 23, 23, 20, 23, 15, 21, 13]","['sigmoid', 'elu', 'tanh', 'sigmoid', 'sigmoid', 'sigmoid', 'tanh', 'sigmoid', 'elu', 'elu']",f6f009f6f6c6f976d050,257,Adam,MaxAbsoluteDeviation,1.3415517807006836,1.6818580627441406,1.6673438000143506
"[23, 23, 8, 23, 23, 20, 23, 15, 21, 13, 11]","['sigmoid', 'elu', 'tanh', 'sigmoid', 'sigmoid', 'sigmoid', 'tanh', 'sigmoid', 'elu', 'elu', 'tanh']",f6f009f6f6c6f976d05039,700,Adam,MaxAbsoluteDeviation,1.3415517807006836,8.713343620300293,3.379386600048747
"[23, 23, 8, 23, 23, 20, 23, 15, 21, 13]","['sigmoid', 'elu', 'tanh', 'sigmoid', 'sigmoid', 'sigmoid', 'tanh', 'sigmoid', 'elu', 'elu']",f6f009f6f6c6f976d050,100,Adam,MaxAbsoluteDeviation,1.3415517807006836,4.715703010559082,1.1498703000252135
"[23, 23, 8, 23, 23, 20, 23, 15, 21, 13]","['sigmoid', 'elu', 'tanh', 'sigmoid', 'sigmoid', 'sigmoid', 'tanh', 'sigmoid', 'elu', 'elu']",f6f009f6f6c6f976d050,700,Adam,MaxAbsoluteDeviation,0.4846155643463135,1.2461323738098145,3.2082921000546776
"[23, 23, 8, 23, 23, 20, 23, 15, 21, 13]","['sigmoid', 'elu', 'tanh', 'sigmoid', 'sigmoid', 'sigmoid', 'tanh', 'sigmoid', 'elu', 'elu']",f6f009f6f6c6f976d050,700,Adam,MaxAbsoluteDeviation,0.7308467030525208,1.6683540344238281,3.191364199970849
"[23, 23, 8, 23, 23, 20, 23, 15, 21, 13]","['sigmoid', 'elu', 'tanh', 'sigmoid', 'sigmoid', 'sigmoid', 'tanh', 'sigmoid', 'elu', 'elu']",f6f009f6f6c6f976d050,700,Adam,MaxAbsoluteDeviation,0.7308467030525208,1.5079278945922852,3.2532051000162028
"[23, 23, 8, 23, 23, 8, 23, 15, 21, 13]","['sigmoid', 'elu', 'tanh', 'sigmoid', 'sigmoid', 'sigmoid', 'tanh', 'sigmoid', 'elu', 'elu']",f6f009f6f606f976d050,700,Adam,MaxAbsoluteDeviation,0.7308467030525208,8.435646057128906,3.2599205000442453
"[23, 23, 8, 23, 23, 20, 23, 15, 21]","['sigmoid', 'elu', 'tanh', 'sigmoid', 'sigmoid', 'sigmoid', 'tanh', 'sigmoid', 'elu']",f6f009f6f6c6f976d0,700,Adam,MaxAbsoluteDeviation,0.6979474425315857,1.3613061904907227,3.130446600029245
"[23, 23, 8, 23, 23, 20, 23, 15]","['sigmoid', 'elu', 'tanh', 'sigmoid', 'sigmoid', 'sigmoid', 'tanh', 'sigmoid']",f6f009f6f6c6f976,383,Adam,MaxAbsoluteDeviation,0.6979474425315857,8.868575096130371,1.9132878999807872
"[23, 23, 8, 23, 23, 20, 23, 15, 21, 12]","['sigmoid', 'elu', 'tanh', 'sigmoid', 'sigmoid', 'sigmoid', 'tanh', 'sigmoid', 'elu', 'tanh']",f6f009f6f6c6f976d049,700,Adam,MaxAbsoluteDeviation,0.6979474425315857,8.47297191619873,3.159273100027349
"[23, 23, 8, 23, 23, 20, 23, 15, 21]","['sigmoid', 'elu', 'tanh', 'sigmoid', 'sigmoid', 'sigmoid', 'tanh', 'sigmoid', 'elu']",f6f009f6f6c6f976d0,700,Adam,MaxAbsoluteDeviation,1.870756983757019,0.9116783142089844,3.1204810999915935
"[23, 23, 8, 23, 23, 20, 23, 8, 21]","['sigmoid', 'elu', 'tanh', 'sigmoid', 'sigmoid', 'sigmoid', 'tanh', 'sigmoid', 'elu']",f6f009f6f6c6f906d0,700,Adam,MaxAbsoluteDeviation,1.870756983757019,8.229436874389648,3.0539210999850184
"[23, 23, 8, 23, 23, 8, 23, 15, 21, 23]","['sigmoid', 'elu', 'tanh', 'sigmoid', 'sigmoid', 'sigmoid', 'tanh', 'sigmoid', 'elu', 'swish']",f6f009f6f606f976d0f8,254,Adam,MaxAbsoluteDeviation,1.870756983757019,8.641151428222656,1.659227899974212
"[23, 23, 8, 23, 23, 20, 23, 15, 21]","['sigmoid', 'elu', 'tanh', 'swish', 'sigmoid', 'sigmoid', 'tanh', 'sigmoid', 'elu']",f6f009f8f6c6f976d0,700,Adam,MaxAbsoluteDeviation,1.870756983757019,8.727804183959961,3.1712764999829233
"[23, 23, 8, 23, 23, 20, 23, 15, 21]","['sigmoid', 'elu', 'tanh', 'sigmoid', 'sigmoid', 'sigmoid', 'tanh', 'sigmoid', 'elu']",f6f009f6f6c6f976d0,483,Adam,MaxAbsoluteDeviation,1.870756983757019,8.285086631774902,3.17007759999251
"[23, 23, 23, 23, 23, 20, 23, 15, 21]","['sigmoid', 'elu', 'tanh', 'sigmoid', 'sigmoid', 'sigmoid', 'tanh', 'sigmoid', 'elu']",f6f0f9f6f6c6f976d0,700,Adam,MaxAbsoluteDeviation,0.6496516466140747,1.0998802185058594,3.147893500048667
"[23, 23, 23, 23, 23, 20, 23, 15, 21, 17]","['sigmoid', 'elu', 'tanh', 'sigmoid', 'sigmoid', 'sigmoid', 'tanh', 'sigmoid', 'elu', 'elu']",f6f0f9f6f6c6f976d090,700,Adam,MaxAbsoluteDeviation,0.6496516466140747,0.8074567914009094,3.2950320999952964
"[23, 23, 23, 23, 23, 20, 23, 15, 21, 16]","['sigmoid', 'elu', 'tanh', 'sigmoid', 'sigmoid', 'sigmoid', 'tanh', 'sigmoid', 'elu', 'swish']",f6f0f9f6f6c6f976d088,660,Adam,MaxAbsoluteDeviation,0.9679164886474609,0.9972019195556641,3.1803499000379816
"[23, 23, 23, 23, 23, 20, 23, 15, 21, 16]","['sigmoid', 'elu', 'tanh', 'sigmoid', 'sigmoid', 'sigmoid', 'elu', 'sigmoid', 'elu', 'swish']",f6f0f9f6f6c6f076d088,660,Adam,MaxAbsoluteDeviation,0.9679164886474609,1.6185712814331055,3.1733471999759786
"[23, 23, 23, 23, 23, 20, 23, 15, 21, 16]","['sigmoid', 'elu', 'tanh', 'sigmoid', 'sigmoid', 'sigmoid', 'tanh', 'sigmoid', 'elu', 'swish']",f6f0f9f6f6c6f976d088,660,Adam,MaxAbsoluteDeviation,0.5685070157051086,0.4001140594482422,3.1004164000041783
"[23, 23, 23, 23, 23, 20, 23, 15, 21, 16, 17]","['sigmoid', 'elu', 'tanh', 'sigmoid', 'sigmoid', 'sigmoid', 'tanh', 'sigmoid', 'elu', 'swish', 'elu']",f6f0f9f6f6c6f976d08890,660,Adam,MaxAbsoluteDeviation,1.104079246520996,1.2199201583862305,3.2165160999866202
"[23, 23, 23, 23, 23, 20, 23, 15, 21, 16, 17]","['sigmoid', 'elu', 'tanh', 'sigmoid', 'sigmoid', 'sigmoid', 'tanh', 'sigmoid', 'elu', 'swish', 'elu']",f6f0f9f6f6c6f976d08890,700,Adam,MaxAbsoluteDeviation,1.104079246520996,0.7742247581481934,3.3738190999720246
"[23, 23, 23, 23, 23, 20, 23, 15, 21, 16, 17]","['sigmoid', 'elu', 'tanh', 'sigmoid', 'sigmoid', 'sigmoid', 'tanh', 'sigmoid', 'elu', 'swish', 'elu']",f6f0f9f6f6c6f976d08890,293,Adam,MaxAbsoluteDeviation,1.104079246520996,1.9693756103515625,1.9114988999790512
"[23, 23, 23, 23, 23, 20, 23, 15, 21, 16, 17]","['sigmoid', 'elu', 'tanh', 'sigmoid', 'sigmoid', 'swish', 'tanh', 'sigmoid', 'elu', 'swish', 'elu']",f6f0f9f6f6c8f976d08890,660,Adam,MaxAbsoluteDeviation,1.1487005949020386,2.025667190551758,3.2792814999702387
"[23, 23, 23, 23, 23, 20, 23, 15, 21, 16, 17]","['sigmoid', 'elu', 'tanh', 'sigmoid', 'sigmoid', 'swish', 'tanh', 'sigmoid', 'elu', 'swish', 'elu']",f6f0f9f6f6c8f976d08890,660,Adam,MaxAbsoluteDeviation,1.3641021251678467,1.0183219909667969,3.26642429997446
"[23, 23, 23, 23, 23, 20, 23, 15, 21, 16, 17]","['sigmoid', 'elu', 'tanh', 'sigmoid', 'sigmoid', 'swish', 'tanh', 'sigmoid', 'elu', 'swish', 'elu']",f6f0f9f6f6c8f976d08890,660,Adam,MaxAbsoluteDeviation,0.8044337630271912,0.8941001892089844,3.2561195000307634
"[23, 23, 23, 23, 23, 20, 23, 15, 21, 16, 17]","['sigmoid', 'elu', 'tanh', 'sigmoid', 'sigmoid', 'swish', 'tanh', 'sigmoid', 'elu', 'swish', 'elu']",f6f0f9f6f6c8f976d08890,315,Adam,MaxAbsoluteDeviation,0.8645080327987671,1.0655078887939453,1.9705996999982744
"[23, 23, 23, 23, 23, 20, 23, 15, 21, 16, 17]","['sigmoid', 'elu', 'tanh', 'sigmoid', 'sigmoid', 'swish', 'tanh', 'sigmoid', 'elu', 'swish', 'elu']",f6f0f9f6f6c8f976d08890,243,Adam,MaxAbsoluteDeviation,0.8645080327987671,2.3265342712402344,1.720626300026197
"[23, 23, 23, 23, 23, 20, 23, 15, 21, 16, 17, 23]","['sigmoid', 'elu', 'tanh', 'sigmoid', 'sigmoid', 'swish', 'tanh', 'sigmoid', 'elu', 'swish', 'elu', 'tanh']",f6f0f9f6f6c8f976d08890f9,315,Adam,MaxAbsoluteDeviation,0.8645080327987671,8.758489608764648,2.0430220999987796
"[23, 23, 23, 23, 23, 20, 23, 15, 21, 16]","['sigmoid', 'elu', 'tanh', 'sigmoid', 'sigmoid', 'swish', 'tanh', 'sigmoid', 'elu', 'swish']",f6f0f9f6f6c8f976d088,700,Adam,MaxAbsoluteDeviation,0.8645080327987671,1.2427167892456055,4.100289799971506
"[23, 23, 23, 23, 23, 20, 23, 15, 23, 16, 17]","['sigmoid', 'elu', 'tanh', 'sigmoid', 'sigmoid', 'swish', 'tanh', 'sigmoid', 'elu', 'swish', 'elu']",f6f0f9f6f6c8f976f08890,315,Adam,MaxAbsoluteDeviation,0.8645080327987671,1.7521252632141113,2.006408100016415
"[23, 23, 23, 23, 23, 20, 23, 8, 21, 16, 17]","['sigmoid', 'elu', 'tanh', 'sigmoid', 'sigmoid', 'swish', 'tanh', 'sigmoid', 'elu', 'swish', 'elu']",f6f0f9f6f6c8f906d08890,100,Adam,MaxAbsoluteDeviation,0.8645080327987671,8.552637100219727,1.2635388000053354
"[23, 23, 23, 23, 23, 20, 23, 15, 21, 16, 17]","['sigmoid', 'elu', 'tanh', 'sigmoid', 'sigmoid', 'swish', 'tanh', 'sigmoid', 'elu', 'swish', 'elu']",f6f0f9f6f6c8f976d08890,700,Adam,MaxAbsoluteDeviation,0.9715326428413391,1.2337160110473633,3.3770340000046417
"[23, 23, 23, 23, 23, 20, 23, 15, 21, 16]","['sigmoid', 'elu', 'tanh', 'sigmoid', 'sigmoid', 'swish', 'tanh', 'sigmoid', 'elu', 'swish']",f6f0f9f6f6c8f976d088,700,Adam,MaxAbsoluteDeviation,1.329982042312622,1.7775744199752808,3.3339534999686293
"[23, 23, 23, 23, 23, 20, 23, 15, 21, 16]","['sigmoid', 'elu', 'tanh', 'sigmoid', 'sigmoid', 'swish', 'tanh', 'sigmoid', 'elu', 'swish']",f6f0f9f6f6c8f976d088,700,Adam,MaxAbsoluteDeviation,1.0097944736480713,1.6588869094848633,3.248329299967736
"[23, 23, 23, 23, 23, 20, 23, 15, 21, 16]","['sigmoid', 'elu', 'tanh', 'sigmoid', 'elu', 'swish', 'tanh', 'sigmoid', 'swish', 'swish']",f6f0f9f6f0c8f976d888,700,Adam,MaxAbsoluteDeviation,1.0097944736480713,8.460482597351074,3.3577217999845743
"[23, 23, 23, 23, 23, 20, 23, 15, 21, 16, 21]","['sigmoid', 'elu', 'tanh', 'sigmoid', 'sigmoid', 'swish', 'tanh', 'sigmoid', 'elu', 'swish', 'sigmoid']",f6f0f9f6f6c8f976d088d6,700,Adam,MaxAbsoluteDeviation,1.0097944736480713,8.246756553649902,3.3725196000305004
"[23, 23, 23, 23, 23, 20, 23, 15, 21, 16, 17]","['sigmoid', 'elu', 'tanh', 'sigmoid', 'sigmoid', 'swish', 'tanh', 'sigmoid', 'elu', 'swish', 'tanh']",f6f0f9f6f6c8f976d08899,700,Adam,MaxAbsoluteDeviation,1.0097944736480713,8.820174217224121,3.3906609999830835
"[23, 23, 23, 23, 23, 20, 23, 15, 21, 16]","['sigmoid', 'elu', 'tanh', 'sigmoid', 'sigmoid', 'swish', 'tanh', 'sigmoid', 'elu', 'swish']",f6f0f9f6f6c8f976d088,700,Adam,MaxAbsoluteDeviation,1.6744885444641113,1.083065152168274,3.330959399987478
"[23, 23, 23, 23, 23, 20, 23, 15, 21, 16]","['sigmoid', 'elu', 'tanh', 'sigmoid', 'sigmoid', 'swish', 'tanh', 'sigmoid', 'elu', 'swish']",f6f0f9f6f6c8f976d088,100,Adam,MaxAbsoluteDeviation,1.6744885444641113,8.481256484985352,1.1695948999840766
"[23, 23, 23, 23, 23, 20, 23, 15, 21]","['sigmoid', 'elu', 'tanh', 'sigmoid', 'sigmoid', 'swish', 'tanh', 'sigmoid', 'elu']",f6f0f9f6f6c8f976d0,700,Adam,MaxAbsoluteDeviation,1.3156875371932983,1.850630760192871,3.1520585999824107
"[23, 23, 23, 23, 23, 20, 23, 15, 21]","['sigmoid', 'elu', 'tanh', 'sigmoid', 'sigmoid', 'swish', 'tanh', 'sigmoid', 'tanh']",f6f0f9f6f6c8f976d9,700,Adam,MaxAbsoluteDeviation,1.3156875371932983,8.608331680297852,3.1406177999451756
"[23, 23, 23, 23, 23, 20, 23, 15, 21]","['sigmoid', 'elu', 'tanh', 'sigmoid', 'sigmoid', 'swish', 'tanh', 'sigmoid', 'elu']",f6f0f9f6f6c8f976d0,700,Adam,MaxAbsoluteDeviation,1.1824567317962646,0.8866195678710938,3.0954910999862477
"[23, 23, 23, 23, 23, 20, 23, 15, 21]","['sigmoid', 'elu', 'tanh', 'sigmoid', 'sigmoid', 'swish', 'tanh', 'sigmoid', 'elu']",f6f0f9f6f6c8f976d0,700,Adam,MaxAbsoluteDeviation,1.0105818510055542,0.8001303672790527,3.155174800020177
"[23, 23, 23, 23, 23, 20, 23, 15, 21, 12]","['sigmoid', 'elu', 'tanh', 'sigmoid', 'sigmoid', 'sigmoid', 'tanh', 'sigmoid', 'elu', 'sigmoid']",f6f0f9f6f6c6f976d046,700,Adam,MaxAbsoluteDeviation,1.0105818510055542,8.167798042297363,3.2083935999544337
"[23, 23, 23, 23, 23, 20, 23, 15, 21]","['sigmoid', 'elu', 'tanh', 'sigmoid', 'sigmoid', 'swish', 'tanh', 'sigmoid', 'elu']",f6f0f9f6f6c8f976d0,161,Adam,MaxAbsoluteDeviation,1.5977606773376465,0.5929899215698242,1.2832205999875441
"[23, 23, 23, 23, 23, 20, 23, 15, 21, 14]","['sigmoid', 'elu', 'tanh', 'sigmoid', 'sigmoid', 'swish', 'tanh', 'sigmoid', 'elu', 'tanh']",f6f0f9f6f6c8f976d069,161,Adam,MaxAbsoluteDeviation,1.5977606773376465,8.141254425048828,1.3615465000038967
"[23, 23, 23, 23, 23, 20, 23, 15, 10]","['sigmoid', 'elu', 'tanh', 'sigmoid', 'sigmoid', 'swish', 'tanh', 'sigmoid', 'tanh']",f6f0f9f6f6c8f97629,161,Adam,MaxAbsoluteDeviation,1.5977606773376465,8.620509147644043,1.293191900011152
"[23, 23, 23, 23, 23, 20, 23, 15, 21]","['sigmoid', 'elu', 'tanh', 'sigmoid', 'elu', 'swish', 'tanh', 'sigmoid', 'elu']",f6f0f9f6f0c8f976d0,161,Adam,MaxAbsoluteDeviation,1.5977606773376465,8.555625915527344,1.2956547000212595
"[23, 23, 23, 23, 23, 20, 23, 23, 21]","['sigmoid', 'elu', 'tanh', 'sigmoid', 'sigmoid', 'swish', 'tanh', 'sigmoid', 'elu']",f6f0f9f6f6c8f9f6d0,100,Adam,MaxAbsoluteDeviation,1.8290343284606934,4.897796630859375,1.0921344999806024
"[23, 23, 23, 23, 23, 20, 23, 23, 21, 16]","['sigmoid', 'elu', 'tanh', 'sigmoid', 'sigmoid', 'swish', 'tanh', 'sigmoid', 'elu', 'swish']",f6f0f9f6f6c8f9f6d088,100,Adam,MaxAbsoluteDeviation,1.8290343284606934,2.681380271911621,1.1838792000198737
"[23, 23, 8, 23, 23, 20, 23, 23, 21]","['sigmoid', 'elu', 'tanh', 'sigmoid', 'sigmoid', 'swish', 'tanh', 'sigmoid', 'elu']",f6f009f6f6c8f9f6d0,100,Adam,MaxAbsoluteDeviation,1.8290343284606934,2.2677314281463623,1.0974404000444338
"[23, 23, 23, 23, 23, 20, 23, 23]","['sigmoid', 'elu', 'tanh', 'sigmoid', 'sigmoid', 'swish', 'tanh', 'sigmoid']",f6f0f9f6f6c8f9f6,100,Adam,MaxAbsoluteDeviation,1.8290343284606934,8.277012825012207,1.032491600024514
"[23, 23, 23, 23, 23, 20, 23, 23]","['sigmoid', 'elu', 'tanh', 'sigmoid', 'sigmoid', 'swish', 'tanh', 'sigmoid']",f6f0f9f6f6c8f9f6,100,Adam,MaxAbsoluteDeviation,1.8290343284606934,8.801899909973145,1.027696700009983
"[23, 23, 23, 23, 23, 20, 23, 23, 21, 8]","['sigmoid', 'elu', 'tanh', 'sigmoid', 'sigmoid', 'swish', 'tanh', 'sigmoid', 'elu', 'elu']",f6f0f9f6f6c8f9f6d000,100,Adam,MaxAbsoluteDeviation,1.8290343284606934,8.232669830322266,1.1653781000059098
"[23, 23, 23, 23, 23, 20, 23, 23, 21]","['sigmoid', 'elu', 'tanh', 'sigmoid', 'sigmoid', 'swish', 'tanh', 'sigmoid', 'elu']",f6f0f9f6f6c8f9f6d0,100,Adam,MaxAbsoluteDeviation,1.8290343284606934,2.3561935424804688,1.100251899973955
"[23, 23, 23, 23, 23, 20, 23, 23, 21]","['sigmoid', 'elu', 'swish', 'sigmoid', 'sigmoid', 'swish', 'tanh', 'sigmoid', 'elu']",f6f0f8f6f6c8f9f6d0,100,Adam,MaxAbsoluteDeviation,1.489912986755371,1.0539112091064453,1.1188331000157632
"[23, 23, 23, 23, 23, 20, 23, 23, 21]","['sigmoid', 'elu', 'swish', 'sigmoid', 'sigmoid', 'swish', 'tanh', 'sigmoid', 'elu']",f6f0f8f6f6c8f9f6d0,100,Adam,MaxAbsoluteDeviation,1.489912986755371,2.8318843841552734,1.1064880000194535
"[23, 23, 23, 23, 8, 20, 23, 23, 21]","['sigmoid', 'elu', 'swish', 'sigmoid', 'sigmoid', 'swish', 'tanh', 'sigmoid', 'elu']",f6f0f8f606c8f9f6d0,100,Adam,MaxAbsoluteDeviation,1.536594271659851,2.102281093597412,1.0967012000037357
"[23, 23, 23, 23, 8, 20, 23, 23, 21]","['sigmoid', 'elu', 'swish', 'sigmoid', 'sigmoid', 'swish', 'tanh', 'sigmoid', 'elu']",f6f0f8f606c8f9f6d0,100,Adam,MaxAbsoluteDeviation,1.3563727140426636,3.977808952331543,1.0954966000281274
"[23, 23, 23, 23, 8, 20, 23, 23, 21]","['sigmoid', 'elu', 'swish', 'sigmoid', 'sigmoid', 'swish', 'tanh', 'sigmoid', 'elu']",f6f0f8f606c8f9f6d0,700,Adam,MaxAbsoluteDeviation,0.5532594919204712,0.6214679479598999,3.159860999963712
"[23, 23, 23, 23, 8, 20, 23, 23, 21]","['sigmoid', 'elu', 'swish', 'sigmoid', 'sigmoid', 'swish', 'tanh', 'sigmoid', 'elu']",f6f0f8f606c8f9f6d0,700,Adam,MaxAbsoluteDeviation,0.5532594919204712,1.0122432708740234,3.1305738000082783
"[23, 23, 23, 23, 8, 20, 23, 23]","['sigmoid', 'elu', 'swish', 'sigmoid', 'sigmoid', 'swish', 'tanh', 'sigmoid']",f6f0f8f606c8f9f6,700,Adam,MaxAbsoluteDeviation,0.47227707505226135,0.5214934349060059,3.8918275000178255
"[23, 23, 23, 23, 8, 20, 23, 23]","['sigmoid', 'elu', 'swish', 'sigmoid', 'sigmoid', 'swish', 'tanh', 'sigmoid']",f6f0f8f606c8f9f6,700,Adam,MaxAbsoluteDeviation,0.6219170093536377,0.3166264295578003,3.0665719999815337
"[23, 23, 23, 23, 23, 20, 23, 23, 11]","['sigmoid', 'elu', 'swish', 'sigmoid', 'sigmoid', 'swish', 'tanh', 'sigmoid', 'sigmoid']",f6f0f8f6f6c8f9f636,700,Adam,MaxAbsoluteDeviation,0.6219170093536377,8.60467529296875,3.151445999974385
"[23, 23, 23, 23, 8, 23, 23, 23]","['sigmoid', 'elu', 'swish', 'sigmoid', 'sigmoid', 'swish', 'tanh', 'sigmoid']",f6f0f8f606f8f9f6,700,Adam,MaxAbsoluteDeviation,0.8336460590362549,0.5740156173706055,3.0807001999928616
"[23, 23, 23, 23, 8, 23, 23, 23]","['sigmoid', 'elu', 'swish', 'sigmoid', 'sigmoid', 'swish', 'tanh', 'sigmoid']",f6f0f8f606f8f9f6,413,Adam,MaxAbsoluteDeviation,0.8336460590362549,8.711874008178711,2.053461299976334
"[23, 23, 23, 23, 8, 23, 23, 23]","['sigmoid', 'elu', 'sigmoid', 'sigmoid', 'sigmoid', 'swish', 'tanh', 'sigmoid']",f6f0f6f606f8f9f6,700,Adam,MaxAbsoluteDeviation,0.5414761900901794,0.37415504455566406,3.019216899992898
"[23, 23, 23, 23, 8, 23, 23, 23]","['sigmoid', 'elu', 'sigmoid', 'sigmoid', 'sigmoid', 'tanh', 'tanh', 'sigmoid']",f6f0f6f606f9f9f6,700,Adam,MaxAbsoluteDeviation,0.5414761900901794,7.554914951324463,2.9395475999917835
"[23, 23, 23, 23, 8, 23, 23, 23]","['sigmoid', 'elu', 'sigmoid', 'sigmoid', 'sigmoid', 'swish', 'tanh', 'sigmoid']",f6f0f6f606f8f9f6,700,Adam,MaxAbsoluteDeviation,0.7995825409889221,1.3282861709594727,3.028897300013341
"[23, 23, 23, 8, 8, 23, 23, 23]","['sigmoid', 'elu', 'sigmoid', 'sigmoid', 'sigmoid', 'swish', 'tanh', 'sigmoid']",f6f0f60606f8f9f6,700,Adam,MaxAbsoluteDeviation,0.9078935384750366,0.5032668113708496,2.9924261000123806
"[23, 23, 23, 8, 8, 23, 23, 23]","['sigmoid', 'elu', 'swish', 'sigmoid', 'sigmoid', 'swish', 'tanh', 'sigmoid']",f6f0f80606f8f9f6,700,Adam,MaxAbsoluteDeviation,1.030758023262024,0.5184626579284668,3.0619653000030667
"[23, 23, 23, 8, 8, 23, 23, 23]","['sigmoid', 'elu', 'swish', 'sigmoid', 'sigmoid', 'swish', 'tanh', 'sigmoid']",f6f0f80606f8f9f6,700,Adam,MaxAbsoluteDeviation,1.030758023262024,8.796265602111816,2.970028000010643
"[23, 23, 23, 8, 8, 23, 23, 23]","['sigmoid', 'elu', 'swish', 'sigmoid', 'sigmoid', 'swish', 'tanh', 'sigmoid']",f6f0f80606f8f9f6,700,Adam,MaxAbsoluteDeviation,0.49480560421943665,0.38239383697509766,3.010826100013219
"[23, 23, 23, 8, 8, 23, 23, 23]","['sigmoid', 'elu', 'swish', 'sigmoid', 'swish', 'swish', 'tanh', 'sigmoid']",f6f0f80608f8f9f6,700,Adam,MaxAbsoluteDeviation,0.49480560421943665,8.763253211975098,3.0736434000427835
"[23, 23, 23, 8, 8, 23, 23, 23, 20]","['sigmoid', 'elu', 'swish', 'sigmoid', 'sigmoid', 'swish', 'tanh', 'sigmoid', 'elu']",f6f0f80606f8f9f6c0,700,Adam,MaxAbsoluteDeviation,0.9851167798042297,1.610509991645813,3.114751199958846
"[23, 23, 23, 8, 8, 23, 23, 23, 20]","['sigmoid', 'elu', 'swish', 'sigmoid', 'sigmoid', 'swish', 'tanh', 'sigmoid', 'elu']",f6f0f80606f8f9f6c0,402,Adam,MaxAbsoluteDeviation,2.1050586700439453,1.4563812017440796,2.0680640999926254
"[23, 23, 23, 8, 8, 23, 23, 8, 20]","['sigmoid', 'elu', 'swish', 'sigmoid', 'sigmoid', 'swish', 'tanh', 'sigmoid', 'elu']",f6f0f80606f8f906c0,402,Adam,MaxAbsoluteDeviation,2.1050586700439453,8.32174301147461,2.1153157000080682
"[23, 23, 8, 8, 8, 23, 23, 23, 20]","['sigmoid', 'elu', 'swish', 'sigmoid', 'sigmoid', 'swish', 'tanh', 'sigmoid', 'elu']",f6f0080606f8f9f6c0,402,Adam,MaxAbsoluteDeviation,2.1050586700439453,8.32571792602539,2.097532100044191
"[23, 23, 23, 8, 8, 23, 23, 23, 20]","['sigmoid', 'elu', 'swish', 'sigmoid', 'sigmoid', 'swish', 'tanh', 'sigmoid', 'elu']",f6f0f80606f8f9f6c0,402,Adam,MaxAbsoluteDeviation,2.1050586700439453,8.457232475280762,2.9697478000307456
"[23, 23, 23, 8, 8, 23, 23, 23, 20]","['sigmoid', 'elu', 'swish', 'sigmoid', 'sigmoid', 'swish', 'tanh', 'sigmoid', 'elu']",f6f0f80606f8f9f6c0,395,Adam,MaxAbsoluteDeviation,0.6699556112289429,1.410262107849121,2.0899175999802537
"[23, 23, 23, 8, 8, 23, 23, 23, 20]","['sigmoid', 'elu', 'swish', 'sigmoid', 'sigmoid', 'swish', 'tanh', 'sigmoid', 'elu']",f6f0f80606f8f9f6c0,200,Adam,MaxAbsoluteDeviation,0.6699556112289429,0.92812180519104,1.417190500011202
"[23, 23, 23, 23, 8, 23, 23, 23, 20]","['sigmoid', 'elu', 'swish', 'sigmoid', 'sigmoid', 'swish', 'tanh', 'sigmoid', 'elu']",f6f0f8f606f8f9f6c0,395,Adam,MaxAbsoluteDeviation,0.7659575939178467,1.2965140342712402,2.0665017999708652
"[23, 23, 23, 23, 8, 23, 23, 23, 20, 23]","['sigmoid', 'elu', 'swish', 'sigmoid', 'sigmoid', 'sigmoid', 'tanh', 'sigmoid', 'elu', 'swish']",f6f0f8f606f6f9f6c0f8,395,Adam,MaxAbsoluteDeviation,0.5098225474357605,0.4282257556915283,2.209320400026627
"[23, 23, 23, 23, 8, 23, 23, 23, 20, 23]","['sigmoid', 'sigmoid', 'swish', 'sigmoid', 'sigmoid', 'sigmoid', 'tanh', 'sigmoid', 'elu', 'swish']",f6f6f8f606f6f9f6c0f8,395,Adam,MaxAbsoluteDeviation,0.5098225474357605,1.409205675125122,2.202282299986109
"[23, 23, 23, 23, 8, 23, 23, 23, 20, 23, 8, 17]","['sigmoid', 'elu', 'swish', 'sigmoid', 'sigmoid', 'sigmoid', 'tanh', 'sigmoid', 'elu', 'swish', 'swish', 'swish']",f6f0f8f606f6f9f6c0f80898,395,Adam,MaxAbsoluteDeviation,0.5098225474357605,1.8846417665481567,2.437444699986372
"[23, 23, 23, 23, 8, 23, 23, 23, 20, 23]","['sigmoid', 'elu', 'swish', 'sigmoid', 'sigmoid', 'sigmoid', 'tanh', 'sigmoid', 'elu', 'swish']",f6f0f8f606f6f9f6c0f8,395,Adam,MaxAbsoluteDeviation,0.5098225474357605,1.163757085800171,2.2260886000003666
"[23, 23, 23, 23, 8, 23, 23, 23, 20, 23]","['sigmoid', 'elu', 'swish', 'sigmoid', 'sigmoid', 'sigmoid', 'tanh', 'sigmoid', 'elu', 'swish']",f6f0f8f606f6f9f6c0f8,100,Adam,MaxAbsoluteDeviation,0.7560853362083435,1.6210556030273438,1.1810062999720685
"[23, 23, 23, 23, 8, 23, 23, 23, 20, 23]","['sigmoid', 'elu', 'swish', 'sigmoid', 'sigmoid', 'sigmoid', 'tanh', 'sigmoid', 'elu', 'swish']",f6f0f8f606f6f9f6c0f8,100,Adam,MaxAbsoluteDeviation,0.7560853362083435,0.8103365898132324,1.1738079999922775
"[23, 23, 23, 23, 8, 23, 23, 23, 20, 23]","['sigmoid', 'elu', 'swish', 'sigmoid', 'sigmoid', 'sigmoid', 'tanh', 'sigmoid', 'elu', 'tanh']",f6f0f8f606f6f9f6c0f9,100,Adam,MaxAbsoluteDeviation,0.7560853362083435,7.5752716064453125,1.1698942999937572
"[23, 23, 23, 23, 8, 23, 23, 23, 20, 23]","['sigmoid', 'elu', 'swish', 'sigmoid', 'sigmoid', 'sigmoid', 'tanh', 'sigmoid', 'elu', 'swish']",f6f0f8f606f6f9f6c0f8,100,Adam,MaxAbsoluteDeviation,0.7560853362083435,4.768013000488281,1.1721176999853924
"[23, 23, 23, 23, 8, 23, 23, 23, 20, 23]","['sigmoid', 'elu', 'swish', 'sigmoid', 'sigmoid', 'sigmoid', 'tanh', 'sigmoid', 'sigmoid', 'swish']",f6f0f8f606f6f9f6c6f8,100,Adam,MaxAbsoluteDeviation,0.7560853362083435,2.940725326538086,1.1688396999961697
"[23, 23, 23, 23, 8, 23, 23, 23, 8, 23]","['sigmoid', 'elu', 'swish', 'sigmoid', 'sigmoid', 'sigmoid', 'tanh', 'sigmoid', 'elu', 'swish']",f6f0f8f606f6f9f600f8,100,Adam,MaxAbsoluteDeviation,0.7560853362083435,3.901914596557617,1.1750035000150092
"[23, 23, 23, 23, 8, 23, 23, 23, 20, 23]","['sigmoid', 'elu', 'swish', 'sigmoid', 'sigmoid', 'sigmoid', 'tanh', 'sigmoid', 'elu', 'swish']",f6f0f8f606f6f9f6c0f8,700,Adam,MaxAbsoluteDeviation,1.1289756298065186,0.5759716033935547,3.2691929999855347
"[23, 23, 23, 23, 8, 23, 23, 8, 20, 23]","['sigmoid', 'elu', 'swish', 'sigmoid', 'sigmoid', 'sigmoid', 'tanh', 'sigmoid', 'elu', 'swish']",f6f0f8f606f6f906c0f8,700,Adam,MaxAbsoluteDeviation,0.4731249213218689,0.552208423614502,3.285709500021767
"[23, 23, 23, 23, 8, 23, 23, 23, 20, 23]","['sigmoid', 'elu', 'swish', 'sigmoid', 'sigmoid', 'sigmoid', 'tanh', 'sigmoid', 'elu', 'swish']",f6f0f8f606f6f9f6c0f8,646,Adam,MaxAbsoluteDeviation,0.43038085103034973,0.20091819763183594,3.9565148999681696
"[23, 23, 23, 23, 8, 23, 23, 23, 20, 23, 15]","['sigmoid', 'elu', 'swish', 'sigmoid', 'sigmoid', 'sigmoid', 'tanh', 'sigmoid', 'elu', 'swish', 'elu']",f6f0f8f606f6f9f6c0f870,356,Adam,MaxAbsoluteDeviation,1.0185130834579468,1.042205810546875,2.159168399986811
"[23, 23, 23, 23, 8, 23, 23, 23, 20, 23, 15]","['sigmoid', 'elu', 'swish', 'sigmoid', 'sigmoid', 'sigmoid', 'tanh', 'sigmoid', 'elu', 'swish', 'elu']",f6f0f8f606f6f9f6c0f870,100,Adam,MaxAbsoluteDeviation,2.779327392578125,4.0996599197387695,1.247729900002014
"[23, 23, 23, 23, 8, 23, 23, 23, 20, 23, 15]","['sigmoid', 'elu', 'swish', 'sigmoid', 'sigmoid', 'sigmoid', 'tanh', 'sigmoid', 'elu', 'swish', 'elu']",f6f0f8f606f6f9f6c0f870,100,Adam,MaxAbsoluteDeviation,2.779327392578125,4.221325874328613,1.2653095999849029
"[23, 23, 23, 23, 8, 23, 23, 23, 20, 23, 15, 10]","['sigmoid', 'elu', 'swish', 'sigmoid', 'sigmoid', 'sigmoid', 'tanh', 'sigmoid', 'elu', 'swish', 'elu', 'elu']",f6f0f8f606f6f9f6c0f87020,100,Adam,MaxAbsoluteDeviation,2.116616725921631,3.2260637283325195,1.3292056000209413
"[23, 8, 23, 23, 8, 23, 23, 23, 20, 23, 15]","['sigmoid', 'elu', 'swish', 'sigmoid', 'sigmoid', 'sigmoid', 'tanh', 'sigmoid', 'elu', 'swish', 'elu']",f600f8f606f6f9f6c0f870,100,Adam,MaxAbsoluteDeviation,2.116616725921631,8.49570083618164,1.2511714000138454
"[23, 23, 23, 23, 8, 23, 23, 23, 20, 23, 15, 10, 23]","['sigmoid', 'elu', 'swish', 'sigmoid', 'sigmoid', 'sigmoid', 'tanh', 'sigmoid', 'elu', 'swish', 'elu', 'elu', 'swish']",f6f0f8f606f6f9f6c0f87020f8,100,Adam,MaxAbsoluteDeviation,1.902498483657837,2.6874923706054688,1.4193100999691524
"[23, 23, 23, 23, 8, 23, 23, 23, 20, 23, 15, 10]","['sigmoid', 'elu', 'swish', 'sigmoid', 'sigmoid', 'sigmoid', 'tanh', 'sigmoid', 'elu', 'swish', 'elu', 'elu']",f6f0f8f606f6f9f6c0f87020,700,Adam,MaxAbsoluteDeviation,0.5101603865623474,0.37755680084228516,3.564077000017278
"[23, 23, 23, 23, 8, 23, 23, 23, 20, 23, 15]","['sigmoid', 'elu', 'swish', 'sigmoid', 'sigmoid', 'sigmoid', 'tanh', 'sigmoid', 'elu', 'swish', 'elu']",f6f0f8f606f6f9f6c0f870,700,Adam,MaxAbsoluteDeviation,0.8034825921058655,2.072521209716797,3.4173214999609627
"[23, 23, 23, 23, 8, 23, 23, 23, 20, 23, 15]","['sigmoid', 'elu', 'swish', 'sigmoid', 'sigmoid', 'sigmoid', 'tanh', 'sigmoid', 'elu', 'swish', 'elu']",f6f0f8f606f6f9f6c0f870,700,Adam,MaxAbsoluteDeviation,0.9289739727973938,1.5818681716918945,3.4579404999967664
"[23, 23, 23, 23, 8, 23, 23, 23, 20, 23, 15]","['sigmoid', 'elu', 'swish', 'sigmoid', 'sigmoid', 'tanh', 'tanh', 'sigmoid', 'elu', 'swish', 'elu']",f6f0f8f606f9f9f6c0f870,700,Adam,MaxAbsoluteDeviation,1.033714771270752,0.8212352991104126,3.390746399993077
"[23, 23, 23, 23, 8, 23, 23, 23, 20, 23, 15]","['swish', 'elu', 'swish', 'sigmoid', 'sigmoid', 'tanh', 'tanh', 'sigmoid', 'elu', 'swish', 'elu']",f8f0f8f606f9f9f6c0f870,700,Adam,MaxAbsoluteDeviation,1.1640712022781372,1.2424116134643555,3.4864392000017688
"[23, 23, 23, 23, 8, 8, 23, 23, 20, 23, 15]","['swish', 'elu', 'swish', 'sigmoid', 'sigmoid', 'tanh', 'tanh', 'sigmoid', 'elu', 'swish', 'elu']",f8f0f8f60609f9f6c0f870,700,Adam,MaxAbsoluteDeviation,1.3046200275421143,1.1751718521118164,3.4697428999934345
"[23, 23, 23, 23, 8, 8, 23, 23, 23, 23, 15]","['swish', 'elu', 'swish', 'sigmoid', 'sigmoid', 'tanh', 'tanh', 'sigmoid', 'elu', 'swish', 'elu']",f8f0f8f60609f9f6f0f870,700,Adam,MaxAbsoluteDeviation,0.9532855749130249,1.0449886322021484,3.4587245999719016
"[23, 23, 23, 23, 8, 8, 23, 23, 23, 23, 15]","['swish', 'elu', 'swish', 'sigmoid', 'sigmoid', 'tanh', 'tanh', 'sigmoid', 'elu', 'swish', 'elu']",f8f0f8f60609f9f6f0f870,257,Adam,MaxAbsoluteDeviation,1.3079088926315308,0.9185562133789062,1.7966338000260293
"[23, 23, 23, 23, 8, 8, 23, 23, 23, 23, 15, 15]","['swish', 'elu', 'swish', 'sigmoid', 'sigmoid', 'tanh', 'tanh', 'sigmoid', 'elu', 'swish', 'elu', 'tanh']",f8f0f8f60609f9f6f0f87079,257,Adam,MaxAbsoluteDeviation,1.3079088926315308,8.658417701721191,2.7918414999730885
"[23, 23, 23, 23, 8, 8, 23, 23, 23, 23]","['swish', 'elu', 'swish', 'sigmoid', 'sigmoid', 'tanh', 'tanh', 'sigmoid', 'elu', 'swish']",f8f0f8f60609f9f6f0f8,257,Adam,MaxAbsoluteDeviation,0.49085333943367004,0.5781488418579102,1.721107099961955
"[23, 23, 23, 23, 8, 8, 23, 23]","['swish', 'elu', 'swish', 'sigmoid', 'sigmoid', 'tanh', 'tanh', 'sigmoid']",f8f0f8f60609f9f6,257,Adam,MaxAbsoluteDeviation,0.49085333943367004,2.911332607269287,1.5405458000022918
"[23, 23, 23, 23, 8, 23, 23, 23, 23, 23]","['sigmoid', 'elu', 'swish', 'sigmoid', 'sigmoid', 'tanh', 'tanh', 'sigmoid', 'elu', 'swish']",f6f0f8f606f9f9f6f0f8,100,Adam,MaxAbsoluteDeviation,0.49085333943367004,2.748701572418213,1.1921158999903128
"[23, 23, 23, 8, 8, 8, 23, 23, 23, 23]","['swish', 'elu', 'swish', 'sigmoid', 'sigmoid', 'tanh', 'tanh', 'sigmoid', 'elu', 'swish']",f8f0f8060609f9f6f0f8,257,Adam,MaxAbsoluteDeviation,0.8931524157524109,0.8355216979980469,1.7490041999844834
"[23, 23, 23, 8, 8, 8, 23, 23, 23, 23]","['elu', 'elu', 'swish', 'sigmoid', 'sigmoid', 'tanh', 'tanh', 'sigmoid', 'elu', 'swish']",f0f0f8060609f9f6f0f8,257,Adam,MaxAbsoluteDeviation,0.7814682126045227,0.748821496963501,1.7084834999986924
"[23, 23, 23, 8, 8, 8, 23, 23, 23, 23, 21]","['elu', 'elu', 'swish', 'sigmoid', 'sigmoid', 'tanh', 'tanh', 'sigmoid', 'elu', 'swish', 'swish']",f0f0f8060609f9f6f0f8d8,257,Adam,MaxAbsoluteDeviation,0.8727662563323975,2.821981430053711,1.8403183000045829
"[23, 23, 23, 8, 8, 8, 23, 23, 23, 23, 21]","['elu', 'elu', 'swish', 'sigmoid', 'sigmoid', 'tanh', 'tanh', 'sigmoid', 'elu', 'swish', 'swish']",f0f0f8060609f9f6f0f8d8,100,Adam,MaxAbsoluteDeviation,0.8727662563323975,3.8502941131591797,1.2769863000139594
"[23, 23, 23, 8, 8, 8, 23, 23, 23, 23]","['elu', 'elu', 'swish', 'sigmoid', 'sigmoid', 'tanh', 'tanh', 'sigmoid', 'elu', 'swish']",f0f0f8060609f9f6f0f8,100,Adam,MaxAbsoluteDeviation,1.8109086751937866,1.632286787033081,1.1805815999978222
"[23, 23, 23, 8, 8, 8, 23, 23, 23, 23]","['elu', 'elu', 'swish', 'sigmoid', 'sigmoid', 'tanh', 'elu', 'sigmoid', 'elu', 'swish']",f0f0f8060609f0f6f0f8,100,Adam,MaxAbsoluteDeviation,1.533934473991394,1.4991344213485718,1.1842615999630652
"[23, 23, 23, 8, 8, 8, 23, 23, 23, 23]","['elu', 'elu', 'swish', 'sigmoid', 'sigmoid', 'tanh', 'elu', 'sigmoid', 'elu', 'swish']",f0f0f8060609f0f6f0f8,700,Adam,MaxAbsoluteDeviation,0.6096970438957214,0.5603008270263672,3.333615399955306
"[23, 23, 23, 8, 8, 8, 23, 23, 23]","['elu', 'elu', 'swish', 'sigmoid', 'sigmoid', 'tanh', 'elu', 'sigmoid', 'elu']",f0f0f8060609f0f6f0,700,Adam,MaxAbsoluteDeviation,0.5470378398895264,1.4175148010253906,3.1657109999796376
"[23, 23, 23, 8, 8, 8, 23, 23, 23]","['elu', 'elu', 'swish', 'tanh', 'sigmoid', 'tanh', 'elu', 'sigmoid', 'elu']",f0f0f8090609f0f6f0,700,Adam,MaxAbsoluteDeviation,0.7411150932312012,0.9919834136962891,3.1391674000187777
"[23, 23, 23, 8, 23, 8, 23, 23, 23]","['elu', 'elu', 'swish', 'tanh', 'sigmoid', 'tanh', 'elu', 'sigmoid', 'elu']",f0f0f809f609f0f6f0,700,Adam,MaxAbsoluteDeviation,0.7411150932312012,0.6073856353759766,3.1493026000098325
"[23, 23, 23, 8, 8, 8, 23, 23, 23]","['elu', 'elu', 'swish', 'tanh', 'sigmoid', 'tanh', 'elu', 'sigmoid', 'elu']",f0f0f8090609f0f6f0,700,Adam,MaxAbsoluteDeviation,1.0306143760681152,1.0290231704711914,3.147836100019049
"[23, 23, 23, 8, 8, 8, 23, 23]","['elu', 'elu', 'swish', 'tanh', 'sigmoid', 'tanh', 'elu', 'swish']",f0f0f8090609f0f8,700,Adam,MaxAbsoluteDeviation,0.5320594310760498,0.5892791748046875,3.0276199999498203
"[23, 23, 23, 8, 8, 8, 23, 23]","['elu', 'elu', 'swish', 'tanh', 'sigmoid', 'tanh', 'elu', 'swish']",f0f0f8090609f0f8,700,Adam,MaxAbsoluteDeviation,1.5555459260940552,0.9622239470481873,3.00492320000194
"[23, 23, 23, 8, 8, 8, 23, 23]","['elu', 'elu', 'swish', 'swish', 'sigmoid', 'tanh', 'elu', 'swish']",f0f0f8080609f0f8,700,Adam,MaxAbsoluteDeviation,0.5000880360603333,1.2131309509277344,3.116241700015962
"[23, 23, 23, 8, 8, 8, 23, 23]","['elu', 'elu', 'swish', 'swish', 'sigmoid', 'tanh', 'elu', 'swish']",f0f0f8080609f0f8,700,Adam,MaxAbsoluteDeviation,0.5000880360603333,8.167519569396973,3.054134799982421
"[23, 23, 23, 8, 8, 8, 23, 23]","['elu', 'elu', 'swish', 'swish', 'sigmoid', 'tanh', 'elu', 'swish']",f0f0f8080609f0f8,700,Adam,MaxAbsoluteDeviation,0.7799755930900574,0.8679981231689453,3.06849609996425
"[23, 23, 23, 8, 8, 8, 23, 23]","['elu', 'elu', 'swish', 'swish', 'sigmoid', 'tanh', 'elu', 'swish']",f0f0f8080609f0f8,700,Adam,MaxAbsoluteDeviation,0.5123986601829529,0.7292041778564453,3.0869738000328653
"[23, 23, 23, 8, 8, 8, 23]","['elu', 'elu', 'swish', 'swish', 'sigmoid', 'tanh', 'elu']",f0f0f8080609f0,700,Adam,MaxAbsoluteDeviation,0.5123986601829529,1.0994272232055664,2.9645338999689557
"[23, 23, 23, 8, 8, 8, 23, 23]","['elu', 'elu', 'tanh', 'swish', 'sigmoid', 'tanh', 'elu', 'swish']",f0f0f9080609f0f8,700,Adam,MaxAbsoluteDeviation,0.629158616065979,0.9554328918457031,3.077205099980347
"[23, 23, 23, 8, 23, 8, 23, 23]","['elu', 'elu', 'tanh', 'swish', 'sigmoid', 'tanh', 'elu', 'swish']",f0f0f908f609f0f8,700,Adam,MaxAbsoluteDeviation,0.629158616065979,0.5762338638305664,3.048089300049469
"[23, 23, 23, 8, 8, 8, 23, 23, 8]","['elu', 'elu', 'tanh', 'swish', 'sigmoid', 'tanh', 'elu', 'swish', 'elu']",f0f0f9080609f0f800,700,Adam,MaxAbsoluteDeviation,0.7644187211990356,1.2648611068725586,3.2052584999473765
"[23, 23, 23, 8, 8, 8, 23, 23, 8]","['elu', 'elu', 'tanh', 'swish', 'sigmoid', 'tanh', 'elu', 'swish', 'elu']",f0f0f9080609f0f800,670,Adam,MaxAbsoluteDeviation,0.6386792063713074,0.7106524705886841,3.088482999999542
"[23, 23, 23, 8, 8, 8, 23, 23, 8]","['elu', 'elu', 'tanh', 'swish', 'sigmoid', 'tanh', 'elu', 'swish', 'elu']",f0f0f9080609f0f800,257,Adam,MaxAbsoluteDeviation,0.6386792063713074,1.971430778503418,1.6121997000300325
"[23, 23, 23, 8, 8, 8, 23, 23, 8]","['elu', 'elu', 'tanh', 'swish', 'sigmoid', 'tanh', 'elu', 'swish', 'elu']",f0f0f9080609f0f800,100,Adam,MaxAbsoluteDeviation,0.6386792063713074,1.3978177309036255,1.1155322000267915
"[23, 23, 23, 8, 8, 8, 23, 8, 8]","['elu', 'elu', 'tanh', 'swish', 'sigmoid', 'tanh', 'elu', 'swish', 'elu']",f0f0f9080609f00800,670,Adam,MaxAbsoluteDeviation,0.6549369096755981,0.4746607542037964,3.087805799965281
"[23, 23, 23, 8, 8, 8, 23, 8, 8]","['elu', 'elu', 'tanh', 'swish', 'sigmoid', 'tanh', 'elu', 'swish', 'elu']",f0f0f9080609f00800,670,Adam,MaxAbsoluteDeviation,1.3471667766571045,0.8193116188049316,3.085572400013916
"[23, 23, 23, 8, 8, 8, 23, 8]","['elu', 'elu', 'tanh', 'swish', 'sigmoid', 'tanh', 'elu', 'swish']",f0f0f9080609f008,670,Adam,MaxAbsoluteDeviation,0.7244943976402283,0.8881759643554688,2.951698199962266
"[23, 23, 23, 8, 8, 8, 23, 8]","['elu', 'elu', 'tanh', 'swish', 'sigmoid', 'tanh', 'elu', 'swish']",f0f0f9080609f008,100,Adam,MaxAbsoluteDeviation,0.7245747447013855,0.7072190642356873,1.0306855999515392
"[23, 23, 23, 8, 8, 8, 23, 8]","['elu', 'elu', 'tanh', 'swish', 'sigmoid', 'tanh', 'elu', 'swish']",f0f0f9080609f008,700,Adam,MaxAbsoluteDeviation,0.7245747447013855,0.9414663910865784,3.0272418999811634
"[23, 23, 23, 8, 8, 8, 23, 8]","['elu', 'elu', 'tanh', 'swish', 'sigmoid', 'tanh', 'elu', 'swish']",f0f0f9080609f008,100,Adam,MaxAbsoluteDeviation,0.7245747447013855,0.9809021949768066,1.029652299999725
"[23, 23, 23, 8, 8, 8, 23, 8]","['elu', 'elu', 'tanh', 'swish', 'sigmoid', 'tanh', 'elu', 'swish']",f0f0f9080609f008,100,Adam,MaxAbsoluteDeviation,1.2294113636016846,1.5312700271606445,1.0306621000054292
"[23, 23, 23, 8, 23, 8, 23, 8]","['elu', 'elu', 'tanh', 'swish', 'sigmoid', 'tanh', 'elu', 'swish']",f0f0f908f609f008,100,Adam,MaxAbsoluteDeviation,1.2294113636016846,1.5892351865768433,1.913396299991291
"[23, 23, 23, 8, 8, 8, 23, 8]","['elu', 'elu', 'tanh', 'swish', 'sigmoid', 'tanh', 'elu', 'swish']",f0f0f9080609f008,100,Adam,MaxAbsoluteDeviation,1.3598883152008057,0.5486249923706055,1.0327520000282675
"[23, 23, 23, 8, 8, 8, 23, 8]","['elu', 'elu', 'tanh', 'swish', 'sigmoid', 'tanh', 'elu', 'swish']",f0f0f9080609f008,700,Adam,MaxAbsoluteDeviation,0.529133141040802,1.3392926454544067,3.0173648999771103
"[23, 23, 23, 8, 8, 8, 23, 8]","['elu', 'elu', 'tanh', 'swish', 'sigmoid', 'tanh', 'elu', 'swish']",f0f0f9080609f008,700,Adam,MaxAbsoluteDeviation,1.1069228649139404,1.1093297004699707,3.021803900017403
"[23, 23, 23, 8, 8, 8, 23, 8]","['elu', 'elu', 'tanh', 'swish', 'sigmoid', 'tanh', 'elu', 'swish']",f0f0f9080609f008,700,Adam,MaxAbsoluteDeviation,0.6149704456329346,0.671481192111969,3.0597539999871515
"[23, 23, 23, 8, 8, 8]","['elu', 'elu', 'tanh', 'swish', 'sigmoid', 'tanh']",f0f0f9080609,700,Adam,MaxAbsoluteDeviation,0.5745232105255127,0.39357662200927734,2.7473805000190623
"[23, 23, 23, 8, 8, 8]","['elu', 'elu', 'tanh', 'swish', 'sigmoid', 'tanh']",f0f0f9080609,700,Adam,MaxAbsoluteDeviation,0.48170602321624756,0.3868560791015625,2.7816336000105366
"[23, 8, 23, 8, 8, 8]","['elu', 'elu', 'tanh', 'swish', 'sigmoid', 'tanh']",f000f9080609,700,Adam,MaxAbsoluteDeviation,0.3148234784603119,0.5282225608825684,2.754199300019536
"[23, 8, 23, 8, 8, 8, 23]","['elu', 'elu', 'tanh', 'swish', 'sigmoid', 'tanh', 'swish']",f000f9080609f8,700,Adam,MaxAbsoluteDeviation,0.45304420590400696,0.3947887420654297,2.8677483000210486
"[23, 8, 23, 8, 8, 8, 23]","['elu', 'elu', 'tanh', 'swish', 'sigmoid', 'tanh', 'swish']",f000f9080609f8,422,Adam,MaxAbsoluteDeviation,0.6057888269424438,0.42085468769073486,1.975414999993518
"[23, 8, 23, 8, 8, 8, 23]","['elu', 'elu', 'tanh', 'swish', 'sigmoid', 'tanh', 'swish']",f000f9080609f8,700,Adam,MaxAbsoluteDeviation,0.2976537048816681,0.39711761474609375,2.8767889000009745
"[23, 8, 23, 8, 8, 8]","['elu', 'elu', 'tanh', 'swish', 'sigmoid', 'tanh']",f000f9080609,700,Adam,MaxAbsoluteDeviation,0.2976537048816681,0.6713990569114685,2.7493450000183657
"[23, 8, 23, 8, 8, 8, 23, 23]","['elu', 'elu', 'tanh', 'swish', 'sigmoid', 'tanh', 'swish', 'sigmoid']",f000f9080609f8f6,700,Adam,MaxAbsoluteDeviation,0.2976537048816681,0.275482177734375,2.974218600022141
"[23, 8, 23, 8, 8, 23]","['elu', 'elu', 'tanh', 'swish', 'sigmoid', 'tanh']",f000f90806f9,700,Adam,MaxAbsoluteDeviation,0.6127620935440063,0.7274837493896484,2.6903696000226773
"[23, 8, 23, 8, 8, 23]","['elu', 'elu', 'tanh', 'swish', 'sigmoid', 'tanh']",f000f90806f9,100,Adam,MaxAbsoluteDeviation,0.7643606066703796,0.8053368926048279,0.8638839999912307
"[23, 8, 23, 8, 8, 23]","['elu', 'elu', 'tanh', 'swish', 'sigmoid', 'tanh']",f000f90806f9,100,Adam,MaxAbsoluteDeviation,0.7824681997299194,0.9898066520690918,0.8655921000172384
"[23, 8, 23, 8, 8, 23]","['elu', 'elu', 'tanh', 'swish', 'sigmoid', 'tanh']",f000f90806f9,700,Adam,MaxAbsoluteDeviation,0.36746543645858765,1.0933208465576172,2.7118847999954596
"[23, 8, 23, 8, 8, 23, 13]","['elu', 'elu', 'tanh', 'swish', 'sigmoid', 'tanh', 'sigmoid']",f000f90806f956,700,Adam,MaxAbsoluteDeviation,0.49668416380882263,0.46828365325927734,2.7767184000113048
"[23, 8, 23, 8, 8, 23, 13]","['elu', 'elu', 'tanh', 'swish', 'sigmoid', 'tanh', 'sigmoid']",f000f90806f956,700,Adam,MaxAbsoluteDeviation,0.4691108763217926,0.37069085240364075,2.7911602999665774
"[23, 8, 23, 8, 8, 8, 13]","['elu', 'elu', 'tanh', 'swish', 'sigmoid', 'tanh', 'sigmoid']",f000f908060956,700,Adam,MaxAbsoluteDeviation,0.34240585565567017,0.6258678436279297,2.7631519999704324
"[23, 8, 23, 8, 8, 8, 13]","['elu', 'elu', 'tanh', 'swish', 'sigmoid', 'tanh', 'sigmoid']",f000f908060956,700,Adam,MaxAbsoluteDeviation,0.34240585565567017,0.8300423622131348,3.7082134999800473
"[23, 8, 23, 8, 8, 8, 13, 22]","['elu', 'elu', 'tanh', 'swish', 'sigmoid', 'tanh', 'sigmoid', 'sigmoid']",f000f908060956e6,700,Adam,MaxAbsoluteDeviation,0.34240585565567017,1.520349383354187,3.0126221000100486
"[23, 23, 23, 8, 8, 8, 13]","['elu', 'elu', 'tanh', 'swish', 'sigmoid', 'tanh', 'sigmoid']",f0f0f908060956,700,Adam,MaxAbsoluteDeviation,0.34240585565567017,7.7567219734191895,2.88288350001676
"[23, 8, 23, 8, 8, 8, 13, 20]","['elu', 'elu', 'tanh', 'swish', 'sigmoid', 'tanh', 'sigmoid', 'elu']",f000f908060956c0,700,Adam,MaxAbsoluteDeviation,0.5987833738327026,0.8482494354248047,2.9761049000080675
"[23, 8, 23, 8, 8, 8, 13, 20]","['elu', 'elu', 'tanh', 'swish', 'sigmoid', 'tanh', 'sigmoid', 'elu']",f000f908060956c0,700,Adam,MaxAbsoluteDeviation,0.4557946026325226,1.3893051147460938,2.99118610000005
"[23, 8, 23, 8, 8, 8, 13]","['elu', 'elu', 'tanh', 'swish', 'sigmoid', 'tanh', 'sigmoid']",f000f908060956,700,Adam,MaxAbsoluteDeviation,0.6762756109237671,0.29285621643066406,2.9162809000117704
"[23, 8, 23, 8, 8, 8]","['elu', 'elu', 'tanh', 'swish', 'sigmoid', 'tanh']",f000f9080609,700,Adam,MaxAbsoluteDeviation,0.19639964401721954,0.4066915512084961,2.759250700008124
"[23, 8, 23, 8, 8, 8]","['elu', 'elu', 'tanh', 'swish', 'sigmoid', 'tanh']",f000f9080609,676,Adam,MaxAbsoluteDeviation,0.4032237231731415,0.5651965141296387,2.637235500034876
"[23, 8, 23, 8, 8, 8, 12]","['elu', 'elu', 'tanh', 'swish', 'sigmoid', 'tanh', 'swish']",f000f908060948,676,Adam,MaxAbsoluteDeviation,0.5616046786308289,0.9998340606689453,2.770723099994939
"[23, 8, 23, 8, 8, 8, 12]","['elu', 'elu', 'tanh', 'swish', 'sigmoid', 'tanh', 'swish']",f000f908060948,242,Adam,MaxAbsoluteDeviation,0.5616046786308289,1.7042447328567505,1.3797602999839
"[23, 23, 23, 8, 8, 8, 12]","['elu', 'elu', 'tanh', 'swish', 'sigmoid', 'tanh', 'swish']",f0f0f908060948,100,Adam,MaxAbsoluteDeviation,0.7566590905189514,0.7765026092529297,0.9548460000078194
"[23, 23, 23, 8, 8, 8, 12]","['elu', 'elu', 'tanh', 'swish', 'sigmoid', 'tanh', 'swish']",f0f0f908060948,100,Adam,MaxAbsoluteDeviation,1.368703007698059,1.7455655336380005,0.9556227999855764
"[23, 23, 23, 8, 8, 8, 12]","['elu', 'elu', 'tanh', 'swish', 'sigmoid', 'tanh', 'swish']",f0f0f908060948,100,Adam,MaxAbsoluteDeviation,0.6042686104774475,0.886874258518219,0.9542623000452295
"[23, 23, 8, 8, 8, 8, 12]","['elu', 'elu', 'tanh', 'swish', 'sigmoid', 'tanh', 'swish']",f0f00908060948,700,Adam,MaxAbsoluteDeviation,0.521542489528656,0.8584880828857422,2.8227564000408165
"[23, 23, 8, 8, 8, 8, 12, 14]","['elu', 'elu', 'tanh', 'swish', 'sigmoid', 'tanh', 'swish', 'elu']",f0f0090806094860,700,Adam,MaxAbsoluteDeviation,0.864998459815979,0.6599074006080627,2.9608561000204645
"[23, 23, 8, 8, 8, 8, 12, 14, 18]","['elu', 'elu', 'tanh', 'swish', 'sigmoid', 'tanh', 'swish', 'elu', 'elu']",f0f0090806094860a0,700,Adam,MaxAbsoluteDeviation,0.931481122970581,1.6816902160644531,3.082740499987267
"[23, 23, 8, 8, 8, 8, 12, 14, 18, 9]","['elu', 'elu', 'tanh', 'swish', 'sigmoid', 'tanh', 'swish', 'elu', 'elu', 'elu']",f0f0090806094860a010,700,Adam,MaxAbsoluteDeviation,0.7874129414558411,1.4687365293502808,3.169740500045009
"[23, 23, 8, 8, 8, 8, 12, 14, 18, 9]","['elu', 'elu', 'tanh', 'swish', 'sigmoid', 'tanh', 'swish', 'elu', 'elu', 'elu']",f0f0090806094860a010,165,Adam,MaxAbsoluteDeviation,0.73951256275177,2.216658592224121,1.3769545999821275
"[23, 23, 8, 8, 8, 8, 12, 14, 18, 9, 18]","['elu', 'elu', 'tanh', 'swish', 'sigmoid', 'tanh', 'swish', 'elu', 'elu', 'elu', 'swish']",f0f0090806094860a010a8,165,Adam,MaxAbsoluteDeviation,0.6474003791809082,0.7447509765625,1.4549574999837205
"[23, 23, 8, 8, 8, 8, 12, 14, 18, 23, 18]","['elu', 'elu', 'tanh', 'swish', 'sigmoid', 'tanh', 'swish', 'elu', 'elu', 'elu', 'swish']",f0f0090806094860a0f0a8,165,Adam,MaxAbsoluteDeviation,1.2419363260269165,1.089162826538086,2.371630899957381
"[23, 8, 8, 8, 8, 8, 12, 14, 18, 23, 18]","['elu', 'elu', 'tanh', 'swish', 'sigmoid', 'tanh', 'swish', 'elu', 'elu', 'elu', 'swish']",f000090806094860a0f0a8,165,Adam,MaxAbsoluteDeviation,1.2626357078552246,1.1091747283935547,1.4825420000124723
"[23, 8, 23, 8, 8, 8, 12, 14, 18, 23, 18]","['elu', 'elu', 'tanh', 'swish', 'sigmoid', 'tanh', 'swish', 'elu', 'elu', 'elu', 'swish']",f000f90806094860a0f0a8,165,Adam,MaxAbsoluteDeviation,1.1372826099395752,1.6358656883239746,1.4959232999826781
"[23, 8, 23, 8, 8, 8, 12, 14, 18, 23]","['elu', 'elu', 'tanh', 'swish', 'sigmoid', 'tanh', 'swish', 'elu', 'elu', 'elu']",f000f90806094860a0f0,165,Adam,MaxAbsoluteDeviation,1.5028246641159058,2.0389556884765625,1.392474599997513
"[23, 8, 23, 8, 8, 8, 12, 14, 18, 23]","['elu', 'elu', 'tanh', 'swish', 'sigmoid', 'tanh', 'swish', 'elu', 'elu', 'elu']",f000f90806094860a0f0,100,Adam,MaxAbsoluteDeviation,1.5028246641159058,2.9163818359375,1.182722700003069
"[23, 8, 23, 8, 8, 8, 12, 14, 18, 23]","['elu', 'elu', 'tanh', 'swish', 'sigmoid', 'tanh', 'swish', 'elu', 'elu', 'elu']",f000f90806094860a0f0,700,Adam,MaxAbsoluteDeviation,1.0360569953918457,0.33745765686035156,3.333792299963534
"[23, 8, 23, 8, 8, 8, 12, 14, 18, 23]","['sigmoid', 'elu', 'tanh', 'swish', 'sigmoid', 'tanh', 'swish', 'elu', 'elu', 'elu']",f600f90806094860a0f0,700,Adam,MaxAbsoluteDeviation,0.6375085711479187,0.5890102386474609,3.331861899991054
"[23, 8, 23, 8, 8, 8, 12, 14, 18, 23]","['sigmoid', 'elu', 'tanh', 'swish', 'sigmoid', 'tanh', 'swish', 'elu', 'elu', 'elu']",f600f90806094860a0f0,100,Adam,MaxAbsoluteDeviation,0.6375085711479187,1.5201563835144043,1.183746599999722
"[23, 8, 23, 8, 8, 8, 12, 14, 18, 23, 22]","['sigmoid', 'elu', 'tanh', 'swish', 'sigmoid', 'tanh', 'swish', 'elu', 'elu', 'elu', 'sigmoid']",f600f90806094860a0f0e6,700,Adam,MaxAbsoluteDeviation,0.6375085711479187,8.748703956604004,3.3931277999654412
"[23, 23, 23, 8, 8, 8, 12, 14, 18, 23, 8]","['sigmoid', 'elu', 'tanh', 'swish', 'sigmoid', 'tanh', 'swish', 'elu', 'elu', 'elu', 'elu']",f6f0f90806094860a0f000,357,Adam,MaxAbsoluteDeviation,2.614668607711792,0.7980742454528809,2.1419384999899194
"[23, 23, 23, 8, 8, 8, 12, 14, 18, 23, 8]","['tanh', 'elu', 'tanh', 'swish', 'sigmoid', 'tanh', 'swish', 'elu', 'elu', 'elu', 'elu']",f9f0f90806094860a0f000,357,Adam,MaxAbsoluteDeviation,0.9115303754806519,1.123121738433838,2.127722300007008
"[23, 23, 23, 8, 8, 8, 12, 14, 18, 23, 8]","['tanh', 'elu', 'tanh', 'swish', 'sigmoid', 'tanh', 'swish', 'elu', 'elu', 'elu', 'elu']",f9f0f90806094860a0f000,100,Adam,MaxAbsoluteDeviation,1.1236323118209839,0.6314258575439453,1.247025799995754
"[23, 23, 23, 8, 8, 8, 12, 14, 8, 23, 8, 10]","['tanh', 'elu', 'tanh', 'swish', 'sigmoid', 'tanh', 'swish', 'elu', 'elu', 'elu', 'tanh', 'tanh']",f9f0f9080609486000f00929,100,Adam,MaxAbsoluteDeviation,1.1236323118209839,8.901865005493164,1.3141593000036664
"[23, 23, 23, 8, 8, 8, 12, 14, 18, 23]","['tanh', 'elu', 'tanh', 'swish', 'sigmoid', 'tanh', 'swish', 'elu', 'elu', 'elu']",f9f0f90806094860a0f0,100,Adam,MaxAbsoluteDeviation,1.1236323118209839,1.5584276914596558,1.171782899997197
"[23, 23, 23, 8, 8, 8, 12, 14, 18, 23, 8]","['tanh', 'elu', 'tanh', 'swish', 'sigmoid', 'tanh', 'swish', 'elu', 'elu', 'elu', 'elu']",f9f0f90806094860a0f000,100,Adam,MaxAbsoluteDeviation,1.2115644216537476,1.8813138008117676,1.2372605000273325
"[23, 23, 23, 8, 8, 23, 12, 14, 18, 23, 8]","['tanh', 'elu', 'tanh', 'swish', 'sigmoid', 'tanh', 'swish', 'elu', 'elu', 'elu', 'elu']",f9f0f90806f94860a0f000,100,Adam,MaxAbsoluteDeviation,1.2115644216537476,2.064389228820801,2.1525588000076823
"[23, 23, 23, 8, 8, 8, 12, 14, 18, 23, 8, 18]","['tanh', 'elu', 'tanh', 'swish', 'sigmoid', 'tanh', 'swish', 'elu', 'elu', 'elu', 'elu', 'sigmoid']",f9f0f90806094860a0f000a6,100,Adam,MaxAbsoluteDeviation,1.2115644216537476,8.470433235168457,1.3219519999693148
"[23, 23, 23, 8, 8, 8, 12, 14, 18, 23, 11]","['tanh', 'elu', 'tanh', 'swish', 'sigmoid', 'tanh', 'swish', 'elu', 'elu', 'elu', 'tanh']",f9f0f90806094860a0f039,100,Adam,MaxAbsoluteDeviation,1.2115644216537476,8.668819427490234,1.2560379999922588
"[23, 23, 23, 8, 8, 8, 12, 14, 18, 23, 8]","['tanh', 'elu', 'tanh', 'swish', 'sigmoid', 'tanh', 'swish', 'elu', 'elu', 'elu', 'elu']",f9f0f90806094860a0f000,100,Adam,MaxAbsoluteDeviation,0.9262258410453796,1.559117317199707,1.2489939999650232
"[23, 23, 23, 8, 23, 8, 12, 14, 18, 23, 8]","['tanh', 'elu', 'tanh', 'swish', 'sigmoid', 'tanh', 'swish', 'elu', 'elu', 'elu', 'elu']",f9f0f908f6094860a0f000,100,Adam,MaxAbsoluteDeviation,0.9262258410453796,2.8307571411132812,1.2565582999959588
"[23, 23, 23, 8, 8, 8, 12, 14, 18, 23, 8]","['tanh', 'elu', 'tanh', 'swish', 'sigmoid', 'tanh', 'swish', 'elu', 'elu', 'elu', 'elu']",f9f0f90806094860a0f000,700,Adam,MaxAbsoluteDeviation,0.9650213718414307,1.1863341331481934,3.417869500000961
"[23, 8, 23, 8, 8, 8, 12, 14, 18, 23, 8]","['tanh', 'elu', 'tanh', 'swish', 'sigmoid', 'tanh', 'swish', 'elu', 'elu', 'elu', 'elu']",f900f90806094860a0f000,700,Adam,MaxAbsoluteDeviation,0.7966699004173279,0.8108904361724854,3.435376000008546
"[23, 8, 23, 8, 8, 8, 12, 14, 18, 23]","['tanh', 'elu', 'tanh', 'swish', 'sigmoid', 'tanh', 'swish', 'elu', 'elu', 'elu']",f900f90806094860a0f0,700,Adam,MaxAbsoluteDeviation,0.7594568133354187,0.7819052338600159,3.3018585999961942
"[23, 8, 23, 8, 8, 8, 12, 14, 18, 23]","['tanh', 'elu', 'tanh', 'swish', 'sigmoid', 'tanh', 'swish', 'elu', 'elu', 'elu']",f900f90806094860a0f0,513,Adam,MaxAbsoluteDeviation,0.2888830304145813,0.8212776184082031,2.598041800025385
"[23, 8, 23, 8, 8, 8, 12, 14, 18, 23]","['tanh', 'elu', 'tanh', 'swish', 'sigmoid', 'tanh', 'swish', 'elu', 'elu', 'elu']",f900f90806094860a0f0,100,Adam,MaxAbsoluteDeviation,0.2888830304145813,2.1763083934783936,1.177131799980998
"[23, 8, 23, 8, 8, 8, 12, 14, 18, 23]","['tanh', 'elu', 'tanh', 'swish', 'sigmoid', 'tanh', 'swish', 'elu', 'elu', 'elu']",f900f90806094860a0f0,426,Adam,MaxAbsoluteDeviation,0.6943081617355347,1.6879081726074219,2.2762562000425532
"[23, 8, 23, 8, 8, 8, 12, 14, 18, 23]","['tanh', 'elu', 'tanh', 'swish', 'sigmoid', 'tanh', 'swish', 'elu', 'elu', 'elu']",f900f90806094860a0f0,700,Adam,MaxAbsoluteDeviation,0.45092394948005676,0.7064380645751953,3.2882332000299357
"[23, 8, 23, 8, 8, 8, 12, 14, 18, 23]","['tanh', 'elu', 'tanh', 'swish', 'sigmoid', 'tanh', 'swish', 'elu', 'elu', 'elu']",f900f90806094860a0f0,700,Adam,MaxAbsoluteDeviation,0.45092394948005676,1.1042938232421875,3.2837007000343874
"[23, 8, 23, 8, 8, 8, 12, 23, 18, 23]","['tanh', 'elu', 'tanh', 'swish', 'sigmoid', 'tanh', 'swish', 'elu', 'elu', 'elu']",f900f908060948f0a0f0,700,Adam,MaxAbsoluteDeviation,1.1581066846847534,1.5313005447387695,3.2883936999714933
"[23, 8, 23, 8, 8, 8, 12, 23, 18, 23, 9]","['tanh', 'elu', 'tanh', 'swish', 'sigmoid', 'tanh', 'swish', 'elu', 'elu', 'elu', 'elu']",f900f908060948f0a0f010,700,Adam,MaxAbsoluteDeviation,1.4415472745895386,1.3138809204101562,3.407867999980226
"[23, 8, 23, 8, 8, 8, 12, 23, 18, 23, 9]","['tanh', 'elu', 'tanh', 'swish', 'sigmoid', 'tanh', 'swish', 'elu', 'elu', 'elu', 'elu']",f900f908060948f0a0f010,700,Adam,MaxAbsoluteDeviation,0.7291561961174011,0.6242942810058594,3.424935800023377
"[23, 8, 23, 8, 8, 8, 12, 23, 18, 23, 9]","['tanh', 'elu', 'tanh', 'swish', 'sigmoid', 'tanh', 'swish', 'elu', 'elu', 'elu', 'elu']",f900f908060948f0a0f010,700,Adam,MaxAbsoluteDeviation,0.7452695965766907,0.9385242462158203,4.35703310003737
"[23, 8, 23, 8, 8, 8, 12, 23, 18, 23, 9, 14]","['tanh', 'elu', 'tanh', 'swish', 'sigmoid', 'tanh', 'swish', 'elu', 'elu', 'elu', 'elu', 'elu']",f900f908060948f0a0f01060,700,Adam,MaxAbsoluteDeviation,0.7452695965766907,1.5643653869628906,3.5626912000006996
"[23, 8, 23, 8, 8, 8, 12, 23, 18, 23]","['tanh', 'elu', 'tanh', 'swish', 'sigmoid', 'tanh', 'swish', 'elu', 'elu', 'elu']",f900f908060948f0a0f0,700,Adam,MaxAbsoluteDeviation,1.1847376823425293,1.7228469848632812,3.332470200024545
"[23, 8, 23, 8, 8, 8, 12, 23, 18, 23]","['tanh', 'elu', 'tanh', 'swish', 'sigmoid', 'tanh', 'swish', 'elu', 'swish', 'elu']",f900f908060948f0a8f0,700,Adam,MaxAbsoluteDeviation,0.6089519262313843,0.7856311798095703,3.3439402999938466
"[23, 8, 23, 8, 8, 8, 12, 23, 18, 23]","['tanh', 'elu', 'tanh', 'swish', 'sigmoid', 'tanh', 'swish', 'elu', 'tanh', 'elu']",f900f908060948f0a9f0,700,Adam,MaxAbsoluteDeviation,0.6089519262313843,4.565437316894531,3.324473999964539
"[23, 8, 23, 8, 8, 8, 12, 23]","['tanh', 'elu', 'tanh', 'swish', 'sigmoid', 'tanh', 'swish', 'elu']",f900f908060948f0,700,Adam,MaxAbsoluteDeviation,0.5192537903785706,1.4612083435058594,3.054312500054948
"[23, 8, 23, 8, 8, 8, 12, 23]","['tanh', 'sigmoid', 'tanh', 'swish', 'sigmoid', 'tanh', 'swish', 'elu']",f906f908060948f0,700,Adam,MaxAbsoluteDeviation,0.7878881692886353,0.2855405807495117,3.0366509999730624
"[23, 8, 23, 8, 8, 8, 8, 23]","['tanh', 'sigmoid', 'tanh', 'swish', 'sigmoid', 'tanh', 'swish', 'elu']",f906f908060908f0,511,Adam,MaxAbsoluteDeviation,0.23742449283599854,0.8310966491699219,2.3916224999702536
"[23, 8, 23, 8, 8, 8, 8, 23, 9]","['tanh', 'sigmoid', 'tanh', 'swish', 'sigmoid', 'tanh', 'swish', 'elu', 'tanh']",f906f908060908f019,100,Adam,MaxAbsoluteDeviation,0.23742449283599854,8.21647834777832,1.116894000035245
"[23, 8, 23, 8, 8, 8, 8, 23]","['tanh', 'sigmoid', 'tanh', 'swish', 'sigmoid', 'tanh', 'swish', 'elu']",f906f908060908f0,511,Adam,MaxAbsoluteDeviation,0.5702763795852661,0.5386753082275391,2.338521800003946
"[23, 8, 23, 8, 8, 8, 8, 23]","['tanh', 'sigmoid', 'elu', 'swish', 'sigmoid', 'tanh', 'swish', 'elu']",f906f008060908f0,511,Adam,MaxAbsoluteDeviation,0.3715437054634094,0.5155200958251953,2.3242525000241585
"[23, 8, 23, 8, 8, 8, 8]","['tanh', 'sigmoid', 'elu', 'swish', 'sigmoid', 'tanh', 'swish']",f906f008060908,511,Adam,MaxAbsoluteDeviation,0.727043628692627,0.3934192657470703,2.2711017000256106
"[23, 8, 23, 8, 8, 8, 8, 22]","['tanh', 'sigmoid', 'elu', 'swish', 'sigmoid', 'tanh', 'swish', 'tanh']",f906f008060908e9,511,Adam,MaxAbsoluteDeviation,0.727043628692627,0.7130928039550781,2.387267599988263
"[23, 8, 23, 8, 8, 8, 8]","['tanh', 'sigmoid', 'elu', 'swish', 'sigmoid', 'tanh', 'swish']",f906f008060908,100,Adam,MaxAbsoluteDeviation,1.148990273475647,1.7354507446289062,0.9567345999530517
"[23, 8, 23, 8, 8, 8, 8, 19]","['tanh', 'sigmoid', 'elu', 'swish', 'sigmoid', 'tanh', 'swish', 'tanh']",f906f008060908b9,100,Adam,MaxAbsoluteDeviation,1.148990273475647,4.88899040222168,1.0332258999696933
"[23, 8, 23, 8, 8, 8, 8]","['tanh', 'sigmoid', 'elu', 'swish', 'sigmoid', 'tanh', 'swish']",f906f008060908,100,Adam,MaxAbsoluteDeviation,1.148990273475647,4.327872276306152,0.9581548999994993
"[23, 8, 23, 8, 8, 8, 8]","['tanh', 'sigmoid', 'elu', 'swish', 'sigmoid', 'swish', 'swish']",f906f008060808,100,Adam,MaxAbsoluteDeviation,1.148990273475647,2.170295476913452,0.9687414999934845
"[23, 8, 23, 8, 23, 8, 8]","['tanh', 'sigmoid', 'elu', 'swish', 'sigmoid', 'tanh', 'swish']",f906f008f60908,100,Adam,MaxAbsoluteDeviation,1.148990273475647,3.853081703186035,0.948795499978587
"[23, 8, 23, 8, 8, 8, 8, 14]","['tanh', 'sigmoid', 'elu', 'swish', 'sigmoid', 'tanh', 'swish', 'elu']",f906f00806090860,100,Adam,MaxAbsoluteDeviation,1.148990273475647,1.8298038244247437,1.9227440999820828
"[23, 8, 23, 8, 8, 8]","['tanh', 'sigmoid', 'elu', 'swish', 'sigmoid', 'tanh']",f906f0080609,100,Adam,MaxAbsoluteDeviation,1.148990273475647,3.86599063873291,0.8732920999755152
"[23, 8, 23, 8, 8, 8, 8]","['tanh', 'sigmoid', 'elu', 'swish', 'sigmoid', 'tanh', 'swish']",f906f008060908,100,Adam,MaxAbsoluteDeviation,1.148990273475647,8.144893646240234,0.9634614000096917
"[23, 8, 23, 8, 8, 8, 8]","['tanh', 'sigmoid', 'elu', 'swish', 'sigmoid', 'elu', 'swish']",f906f008060008,100,Adam,MaxAbsoluteDeviation,1.148990273475647,0.8456611633300781,0.9601762000238523
"[23, 8, 23, 8, 8, 8, 8]","['tanh', 'sigmoid', 'elu', 'tanh', 'sigmoid', 'tanh', 'swish']",f906f009060908,100,Adam,MaxAbsoluteDeviation,1.148990273475647,10.29638385772705,0.9372500999597833
"[23, 8, 23, 8, 8, 8, 8]","['tanh', 'sigmoid', 'elu', 'swish', 'sigmoid', 'tanh', 'swish']",f906f008060908,100,Adam,MaxAbsoluteDeviation,0.7142524719238281,0.8326196074485779,0.9573381000082009
"[23, 8, 23, 8, 8, 8, 8]","['tanh', 'sigmoid', 'elu', 'swish', 'sigmoid', 'tanh', 'swish']",f906f008060908,100,Adam,MaxAbsoluteDeviation,0.49383828043937683,0.9349861145019531,0.9708550999639556
"[23, 8, 23, 8, 8, 8, 8]","['tanh', 'sigmoid', 'elu', 'swish', 'sigmoid', 'tanh', 'swish']",f906f008060908,100,Adam,MaxAbsoluteDeviation,0.7859460711479187,0.7535476684570312,0.9669331000186503
"[23, 8, 23, 8, 8, 8, 8]","['elu', 'sigmoid', 'elu', 'swish', 'sigmoid', 'tanh', 'swish']",f006f008060908,100,Adam,MaxAbsoluteDeviation,1.5201976299285889,1.4920017719268799,0.9563674000091851
"[23, 8, 23, 8, 8, 8, 8, 20]","['elu', 'sigmoid', 'elu', 'swish', 'sigmoid', 'tanh', 'swish', 'elu']",f006f008060908c0,100,Adam,MaxAbsoluteDeviation,1.5201976299285889,1.54241943359375,1.0348737000022084
"[8, 8, 23, 8, 8, 8, 8]","['elu', 'sigmoid', 'elu', 'swish', 'sigmoid', 'tanh', 'swish']",0006f008060908,100,Adam,MaxAbsoluteDeviation,0.6604617834091187,1.7477264404296875,0.958328899985645
"[8, 8, 23, 8, 8, 8, 8, 12]","['elu', 'sigmoid', 'elu', 'swish', 'sigmoid', 'tanh', 'swish', 'elu']",0006f00806090840,100,Adam,MaxAbsoluteDeviation,0.6604617834091187,3.8266429901123047,1.0343261999660172
"[8, 8, 23, 8, 8, 8, 8]","['tanh', 'sigmoid', 'elu', 'swish', 'sigmoid', 'tanh', 'swish']",0906f008060908,100,Adam,MaxAbsoluteDeviation,0.6604617834091187,7.028790473937988,0.9541884000063874
"[8, 8, 23, 8, 8, 8, 8]","['elu', 'sigmoid', 'elu', 'swish', 'sigmoid', 'sigmoid', 'swish']",0006f008060608,100,Adam,MaxAbsoluteDeviation,0.9540759325027466,0.725907564163208,0.9536975999944843
"[8, 23, 23, 8, 8, 8, 8]","['elu', 'sigmoid', 'elu', 'swish', 'sigmoid', 'sigmoid', 'swish']",00f6f008060608,100,Adam,MaxAbsoluteDeviation,0.9540759325027466,3.5729570388793945,0.9422369999811053
"[8, 8, 8, 8, 8, 8, 8]","['elu', 'sigmoid', 'elu', 'swish', 'sigmoid', 'sigmoid', 'swish']",00060008060608,100,Adam,MaxAbsoluteDeviation,0.9540759325027466,1.5685629844665527,0.9478639000444673
"[8, 8, 23, 8, 8, 8, 8]","['elu', 'sigmoid', 'elu', 'swish', 'sigmoid', 'sigmoid', 'swish']",0006f008060608,100,Adam,MaxAbsoluteDeviation,2.9094629287719727,3.4074106216430664,0.9423125999746844
"[8, 8, 23, 8, 8, 8, 8, 19]","['elu', 'sigmoid', 'elu', 'swish', 'sigmoid', 'sigmoid', 'swish', 'tanh']",0006f008060608b9,700,Adam,MaxAbsoluteDeviation,0.2811200022697449,0.38346099853515625,2.9379711000365205
"[8, 8, 23, 8, 8, 8, 8]","['elu', 'sigmoid', 'elu', 'swish', 'sigmoid', 'sigmoid', 'swish']",0006f008060608,700,Adam,MaxAbsoluteDeviation,0.19091635942459106,0.3222236633300781,2.798057499981951
"[8, 8, 23, 8, 8, 8, 8]","['elu', 'sigmoid', 'elu', 'swish', 'sigmoid', 'sigmoid', 'swish']",0006f008060608,700,Adam,MaxAbsoluteDeviation,0.601468026638031,0.8192729949951172,2.829944199998863
"[8, 8, 23, 8, 8, 8, 8]","['sigmoid', 'sigmoid', 'elu', 'swish', 'sigmoid', 'sigmoid', 'swish']",0606f008060608,700,Adam,MaxAbsoluteDeviation,0.5096955299377441,0.4976072311401367,2.7820520999957807
"[8, 8, 23, 8, 8, 8, 8, 8]","['sigmoid', 'sigmoid', 'elu', 'swish', 'sigmoid', 'sigmoid', 'swish', 'tanh']",0606f00806060809,700,Adam,MaxAbsoluteDeviation,0.686066210269928,0.6153163909912109,3.0077743000001647
"[8, 8, 23, 23, 8, 8, 8, 8]","['sigmoid', 'sigmoid', 'elu', 'swish', 'sigmoid', 'sigmoid', 'swish', 'tanh']",0606f0f806060809,700,Adam,MaxAbsoluteDeviation,0.686066210269928,8.272953987121582,3.044888800010085
"[8, 8, 23, 8, 8, 8, 8, 23]","['sigmoid', 'sigmoid', 'elu', 'swish', 'sigmoid', 'sigmoid', 'swish', 'tanh']",0606f008060608f9,700,Adam,MaxAbsoluteDeviation,0.686066210269928,0.6176910400390625,3.0228587000165135
"[8, 8, 23, 8, 8, 8, 8, 8, 16]","['sigmoid', 'sigmoid', 'elu', 'swish', 'sigmoid', 'sigmoid', 'tanh', 'tanh', 'tanh']",0606f0080606090989,700,Adam,MaxAbsoluteDeviation,1.153080940246582,0.6702117919921875,3.1571203999919817
"[8, 8, 23, 8, 8, 8, 8, 8, 16]","['sigmoid', 'sigmoid', 'elu', 'swish', 'sigmoid', 'sigmoid', 'tanh', 'tanh', 'tanh']",0606f0080606090989,700,Adam,MaxAbsoluteDeviation,1.153080940246582,8.857120513916016,3.0971955000422895
"[8, 8, 23, 8, 8, 8, 8, 8, 16]","['sigmoid', 'sigmoid', 'elu', 'swish', 'sigmoid', 'sigmoid', 'tanh', 'tanh', 'tanh']",0606f0080606090989,700,Adam,MaxAbsoluteDeviation,0.9373548626899719,0.8893966674804688,3.1495748999877833
"[8, 8, 23, 8, 8, 8, 8, 8, 16]","['sigmoid', 'sigmoid', 'elu', 'swish', 'sigmoid', 'sigmoid', 'tanh', 'tanh', 'tanh']",0606f0080606090989,700,Adam,MaxAbsoluteDeviation,1.1755887269973755,0.574615478515625,3.156481600017287
"[8, 8, 23, 8, 8, 8, 8, 8, 16]","['sigmoid', 'sigmoid', 'elu', 'swish', 'sigmoid', 'sigmoid', 'tanh', 'tanh', 'tanh']",0606f0080606090989,700,Adam,MaxAbsoluteDeviation,0.46454715728759766,0.38793137669563293,3.111868800013326
"[8, 8, 23, 8, 8, 8, 8, 8, 16, 18]","['sigmoid', 'sigmoid', 'elu', 'swish', 'sigmoid', 'sigmoid', 'tanh', 'tanh', 'tanh', 'sigmoid']",0606f0080606090989a6,700,Adam,MaxAbsoluteDeviation,0.46454715728759766,8.762081146240234,3.271621600026265
"[8, 8, 23, 8, 8, 8, 8, 8, 16]","['sigmoid', 'sigmoid', 'elu', 'swish', 'sigmoid', 'sigmoid', 'tanh', 'tanh', 'sigmoid']",0606f0080606090986,700,Adam,MaxAbsoluteDeviation,0.46454715728759766,8.663877487182617,3.1778672999935225
"[8, 8, 23, 8, 8, 8, 8, 8]","['sigmoid', 'sigmoid', 'elu', 'swish', 'sigmoid', 'sigmoid', 'tanh', 'tanh']",0606f00806060909,700,Adam,MaxAbsoluteDeviation,0.28581947088241577,0.2766990661621094,2.9953937999671325
"[8, 8, 23, 8, 8, 8, 8, 8]","['sigmoid', 'sigmoid', 'elu', 'swish', 'sigmoid', 'sigmoid', 'tanh', 'tanh']",0606f00806060909,700,Adam,MaxAbsoluteDeviation,0.28581947088241577,1.7856454849243164,3.008094799995888
"[8, 8, 23, 8, 8, 8, 8, 8]","['sigmoid', 'sigmoid', 'elu', 'swish', 'sigmoid', 'sigmoid', 'tanh', 'tanh']",0606f00806060909,700,Adam,MaxAbsoluteDeviation,0.28581947088241577,8.664070129394531,2.968404399987776
"[8, 8, 23, 8, 8, 8, 8, 8]","['sigmoid', 'sigmoid', 'elu', 'swish', 'sigmoid', 'sigmoid', 'tanh', 'tanh']",0606f00806060909,700,Adam,MaxAbsoluteDeviation,0.28581947088241577,0.7820529937744141,2.99189090001164
"[8, 8, 23, 8, 8, 8, 8, 8]","['sigmoid', 'sigmoid', 'elu', 'swish', 'sigmoid', 'sigmoid', 'tanh', 'tanh']",0606f00806060909,154,Adam,MaxAbsoluteDeviation,0.28581947088241577,8.461002349853516,1.1763749999809079
"[8, 8, 23, 8, 8, 8, 8, 8]","['sigmoid', 'sigmoid', 'elu', 'swish', 'sigmoid', 'sigmoid', 'tanh', 'tanh']",0606f00806060909,700,Adam,MaxAbsoluteDeviation,0.4409753680229187,0.6299810409545898,3.0192954000085592
"[8, 8, 23, 8, 8, 8, 8, 8, 13]","['sigmoid', 'sigmoid', 'elu', 'swish', 'sigmoid', 'sigmoid', 'tanh', 'tanh', 'swish']",0606f0080606090958,700,Adam,MaxAbsoluteDeviation,0.8864825367927551,1.362157940864563,3.1514213999616913
"[8, 8, 23, 8, 8, 23, 8, 8, 13]","['sigmoid', 'sigmoid', 'elu', 'swish', 'sigmoid', 'sigmoid', 'tanh', 'tanh', 'swish']",0606f00806f6090958,700,Adam,MaxAbsoluteDeviation,0.8864825367927551,8.186830520629883,3.1589808000135235
"[8, 8, 23, 8, 8, 8, 8, 8, 13]","['sigmoid', 'sigmoid', 'elu', 'swish', 'sigmoid', 'sigmoid', 'tanh', 'tanh', 'swish']",0606f0080606090958,214,Adam,MaxAbsoluteDeviation,0.7109718322753906,0.4053218364715576,2.3914452000171877
"[8, 8, 23, 8, 8, 8, 8, 8, 13]","['sigmoid', 'sigmoid', 'elu', 'swish', 'sigmoid', 'sigmoid', 'tanh', 'tanh', 'swish']",0606f0080606090958,102,Adam,MaxAbsoluteDeviation,0.7109718322753906,8.167232513427734,1.1119419000460766
"[8, 8, 23, 8, 8, 8, 8, 8]","['sigmoid', 'sigmoid', 'elu', 'swish', 'sigmoid', 'sigmoid', 'tanh', 'tanh']",0606f00806060909,214,Adam,MaxAbsoluteDeviation,0.7109718322753906,8.461309432983398,1.397076900000684
"[8, 8, 23, 8, 8, 8, 8, 8, 13, 20]","['sigmoid', 'sigmoid', 'elu', 'swish', 'sigmoid', 'sigmoid', 'tanh', 'tanh', 'swish', 'sigmoid']",0606f0080606090958c6,700,Adam,MaxAbsoluteDeviation,0.7109718322753906,8.808420181274414,3.3461012999759987
"[8, 8, 23, 8, 8, 8, 8, 8, 13]","['sigmoid', 'sigmoid', 'elu', 'swish', 'sigmoid', 'sigmoid', 'tanh', 'tanh', 'swish']",0606f0080606090958,700,Adam,MaxAbsoluteDeviation,0.7109718322753906,8.705931663513184,3.203880699991714
"[8, 8, 23, 8, 8, 8, 8, 8, 13]","['sigmoid', 'sigmoid', 'elu', 'swish', 'sigmoid', 'sigmoid', 'tanh', 'tanh', 'swish']",0606f0080606090958,214,Adam,MaxAbsoluteDeviation,2.2787728309631348,1.415460467338562,1.4820768000208773
"[8, 8, 8, 8, 8, 8, 8, 8, 13]","['sigmoid', 'sigmoid', 'elu', 'swish', 'sigmoid', 'sigmoid', 'tanh', 'tanh', 'swish']",060600080606090958,214,Adam,MaxAbsoluteDeviation,1.0459851026535034,0.5027065277099609,1.4848635999951512
"[8, 8, 8, 8, 8, 8, 8, 8, 13]","['sigmoid', 'sigmoid', 'elu', 'swish', 'sigmoid', 'sigmoid', 'tanh', 'tanh', 'swish']",060600080606090958,214,Adam,MaxAbsoluteDeviation,1.0459851026535034,8.715786933898926,1.48751910001738
"[8, 8, 8, 8, 8, 8, 8, 8, 13, 23]","['sigmoid', 'sigmoid', 'elu', 'swish', 'sigmoid', 'sigmoid', 'tanh', 'tanh', 'swish', 'swish']",060600080606090958f8,136,Adam,MaxAbsoluteDeviation,1.0459851026535034,1.1828746795654297,1.3200824999948964
"[8, 8, 8, 8, 8, 8, 8, 8, 13]","['sigmoid', 'sigmoid', 'elu', 'swish', 'sigmoid', 'sigmoid', 'tanh', 'tanh', 'elu']",060600080606090950,214,Adam,MaxAbsoluteDeviation,1.0459851026535034,0.5873479843139648,1.452166999981273
"[8, 8, 8, 8, 8, 8, 8, 8, 13]","['sigmoid', 'sigmoid', 'elu', 'swish', 'sigmoid', 'sigmoid', 'sigmoid', 'tanh', 'swish']",060600080606060958,700,Adam,MaxAbsoluteDeviation,0.8087934255599976,0.6882523894309998,3.19555969996145
"[8, 8, 8, 8, 8, 8, 8, 8, 13, 17]","['sigmoid', 'sigmoid', 'elu', 'swish', 'sigmoid', 'sigmoid', 'sigmoid', 'tanh', 'swish', 'elu']",06060008060606095890,700,Adam,MaxAbsoluteDeviation,0.2667306661605835,0.4909687042236328,3.2863815000164323
"[8, 8, 8, 8, 8, 8, 8, 8, 13, 17]","['sigmoid', 'sigmoid', 'elu', 'swish', 'sigmoid', 'sigmoid', 'sigmoid', 'tanh', 'swish', 'elu']",06060008060606095890,700,Adam,MaxAbsoluteDeviation,0.5732880234718323,0.8630447387695312,3.2936887000105344
"[8, 8, 8, 8, 8, 8, 8, 8, 13, 17]","['sigmoid', 'sigmoid', 'elu', 'swish', 'sigmoid', 'sigmoid', 'sigmoid', 'tanh', 'swish', 'elu']",06060008060606095890,628,Adam,MaxAbsoluteDeviation,0.8738328814506531,1.4747390747070312,3.0030176999862306
"[8, 8, 8, 8, 8, 8, 8, 8, 13, 17]","['sigmoid', 'sigmoid', 'elu', 'swish', 'sigmoid', 'sigmoid', 'sigmoid', 'tanh', 'swish', 'elu']",06060008060606095890,628,Adam,MaxAbsoluteDeviation,0.9818465709686279,0.706113338470459,3.0478948999661952
"[8, 8, 8, 8, 8, 8, 8, 8, 13, 17]","['sigmoid', 'sigmoid', 'elu', 'swish', 'sigmoid', 'sigmoid', 'sigmoid', 'tanh', 'swish', 'elu']",06060008060606095890,700,Adam,MaxAbsoluteDeviation,0.5871601700782776,1.0338077545166016,3.3106598000158556
"[8, 8, 8, 8, 8, 8, 8, 8, 13, 17]","['sigmoid', 'sigmoid', 'elu', 'swish', 'sigmoid', 'elu', 'sigmoid', 'tanh', 'swish', 'elu']",06060008060006095890,700,Adam,MaxAbsoluteDeviation,1.0555503368377686,1.2343835830688477,3.251562500023283
"[8, 8, 8, 8, 8, 8, 8, 8, 13, 17]","['sigmoid', 'sigmoid', 'elu', 'swish', 'sigmoid', 'sigmoid', 'sigmoid', 'tanh', 'swish', 'elu']",06060008060606095890,700,Adam,MaxAbsoluteDeviation,0.8032128810882568,0.9836692810058594,4.213989399955608
"[8, 8, 8, 8, 8, 8, 8, 8, 13, 17]","['sigmoid', 'sigmoid', 'elu', 'swish', 'sigmoid', 'sigmoid', 'sigmoid', 'tanh', 'swish', 'elu']",06060008060606095890,534,Adam,MaxAbsoluteDeviation,1.0594170093536377,0.9295029640197754,2.7266569000203162
"[8, 8, 8, 8, 8, 8, 8, 8, 13, 17]","['sigmoid', 'sigmoid', 'elu', 'swish', 'sigmoid', 'sigmoid', 'sigmoid', 'tanh', 'swish', 'elu']",06060008060606095890,534,Adam,MaxAbsoluteDeviation,0.4542951285839081,0.7331047058105469,2.7273774000350386
"[8, 8, 8, 8, 8, 8, 8, 8, 8, 17]","['sigmoid', 'sigmoid', 'elu', 'swish', 'sigmoid', 'sigmoid', 'sigmoid', 'tanh', 'swish', 'elu']",06060008060606090890,534,Adam,MaxAbsoluteDeviation,0.48439812660217285,0.6421470642089844,2.7130011999979615
"[8, 8, 8, 8, 8, 8, 8, 8, 8]","['sigmoid', 'sigmoid', 'elu', 'swish', 'sigmoid', 'sigmoid', 'sigmoid', 'tanh', 'swish']",060600080606060908,534,Adam,MaxAbsoluteDeviation,1.2211216688156128,1.6038827896118164,2.5807806000229903
"[8, 8, 8, 8, 8, 8, 8, 8, 8, 14]","['sigmoid', 'sigmoid', 'elu', 'swish', 'sigmoid', 'sigmoid', 'sigmoid', 'tanh', 'swish', 'swish']",06060008060606090868,534,Adam,MaxAbsoluteDeviation,0.8470628261566162,1.0330657958984375,2.670663900033105
"[8, 8, 8, 8, 8, 8, 8, 8, 8, 14]","['sigmoid', 'sigmoid', 'elu', 'swish', 'sigmoid', 'sigmoid', 'sigmoid', 'tanh', 'swish', 'swish']",06060008060606090868,287,Adam,MaxAbsoluteDeviation,0.8470628261566162,1.2689361572265625,1.8340957000036724
"[8, 8, 8, 8, 8, 8, 8, 8, 8, 14]","['sigmoid', 'sigmoid', 'elu', 'swish', 'sigmoid', 'sigmoid', 'tanh', 'tanh', 'swish', 'swish']",06060008060609090868,534,Adam,MaxAbsoluteDeviation,0.8113095164299011,0.4830435514450073,2.7154560000053607
"[8, 8, 8, 23, 8, 8, 8, 8, 8, 14]","['sigmoid', 'sigmoid', 'elu', 'swish', 'sigmoid', 'sigmoid', 'tanh', 'tanh', 'swish', 'swish']",060600f8060609090868,534,Adam,MaxAbsoluteDeviation,0.9195728302001953,0.9018073081970215,2.70432229997823
"[8, 8, 8, 23, 8, 8, 8, 8, 8, 14, 8]","['sigmoid', 'sigmoid', 'elu', 'swish', 'sigmoid', 'sigmoid', 'tanh', 'tanh', 'swish', 'swish', 'tanh']",060600f806060909086809,534,Adam,MaxAbsoluteDeviation,0.9195728302001953,8.491004943847656,2.8064182000234723
"[8, 8, 8, 23, 8, 8, 8, 8, 8, 14]","['sigmoid', 'sigmoid', 'elu', 'swish', 'sigmoid', 'sigmoid', 'tanh', 'elu', 'swish', 'swish']",060600f8060609000868,534,Adam,MaxAbsoluteDeviation,0.5378749966621399,0.6825188994407654,2.716021300002467
"[8, 8, 8, 23, 8, 8, 8, 8, 8, 14]","['sigmoid', 'sigmoid', 'elu', 'swish', 'sigmoid', 'sigmoid', 'tanh', 'elu', 'swish', 'swish']",060600f8060609000868,534,Adam,MaxAbsoluteDeviation,0.5361565947532654,0.5560989379882812,2.6861454999889247
"[8, 8, 8, 23, 8, 8, 8, 8, 8, 14]","['sigmoid', 'sigmoid', 'elu', 'swish', 'sigmoid', 'sigmoid', 'tanh', 'elu', 'swish', 'swish']",060600f8060609000868,197,Adam,MaxAbsoluteDeviation,0.5361565947532654,0.8717880249023438,1.515457500005141
"[8, 8, 8, 23, 8, 8, 8, 8, 8, 14]","['sigmoid', 'sigmoid', 'elu', 'swish', 'sigmoid', 'sigmoid', 'tanh', 'elu', 'swish', 'swish']",060600f8060609000868,100,Adam,MaxAbsoluteDeviation,0.5361565947532654,1.4612536430358887,1.1949946000240743
"[23, 8, 8, 23, 8, 8, 8, 8, 8]","['sigmoid', 'sigmoid', 'elu', 'swish', 'sigmoid', 'sigmoid', 'tanh', 'elu', 'swish']",f60600f80606090008,534,Adam,MaxAbsoluteDeviation,0.7366816997528076,0.8089313507080078,2.5879764999845065
"[23, 8, 8, 23, 8, 8, 8, 8, 8, 16]","['sigmoid', 'sigmoid', 'elu', 'swish', 'sigmoid', 'sigmoid', 'tanh', 'elu', 'swish', 'elu']",f60600f8060609000880,534,Adam,MaxAbsoluteDeviation,0.2855796813964844,1.0381174087524414,2.6672832000185736
"[23, 8, 8, 23, 8, 8, 8, 8, 8, 16]","['sigmoid', 'sigmoid', 'elu', 'swish', 'sigmoid', 'sigmoid', 'tanh', 'elu', 'swish', 'elu']",f60600f8060609000880,461,Adam,MaxAbsoluteDeviation,0.2855796813964844,0.1315288543701172,2.3759461999870837
"[23, 8, 8, 23, 8, 8, 8, 8, 8]","['sigmoid', 'sigmoid', 'elu', 'swish', 'sigmoid', 'sigmoid', 'tanh', 'elu', 'swish']",f60600f80606090008,534,Adam,MaxAbsoluteDeviation,1.0100306272506714,1.4482622146606445,3.4852214000420645
"[23, 8, 8, 23, 8, 8, 8, 8, 8, 9]","['sigmoid', 'sigmoid', 'elu', 'swish', 'sigmoid', 'sigmoid', 'tanh', 'elu', 'swish', 'tanh']",f60600f8060609000819,534,Adam,MaxAbsoluteDeviation,1.0100306272506714,8.776368141174316,2.6979834999656305
"[23, 8, 8, 23, 8, 8, 8, 8, 8, 11]","['sigmoid', 'sigmoid', 'elu', 'swish', 'sigmoid', 'sigmoid', 'tanh', 'elu', 'swish', 'sigmoid']",f60600f8060609000836,700,Adam,MaxAbsoluteDeviation,1.0100306272506714,8.351140022277832,3.3279449000256136
"[23, 23, 8, 23, 8, 8, 8, 8, 8]","['sigmoid', 'sigmoid', 'elu', 'swish', 'sigmoid', 'sigmoid', 'tanh', 'elu', 'swish']",f6f600f80606090008,534,Adam,MaxAbsoluteDeviation,0.6819882392883301,0.8979625701904297,2.582271800027229
"[23, 23, 8, 23, 8, 8, 8, 8, 8]","['sigmoid', 'sigmoid', 'elu', 'swish', 'sigmoid', 'sigmoid', 'tanh', 'elu', 'swish']",f6f600f80606090008,700,Adam,MaxAbsoluteDeviation,0.6819882392883301,0.7056530714035034,3.2045565999578685
"[23, 23, 8, 23, 8, 8, 8, 8, 8]","['sigmoid', 'sigmoid', 'elu', 'swish', 'sigmoid', 'sigmoid', 'tanh', 'elu', 'swish']",f6f600f80606090008,700,Adam,MaxAbsoluteDeviation,0.6819882392883301,0.5628747940063477,3.230885999975726
"[23, 23, 8, 23, 8, 8, 8, 8, 8]","['sigmoid', 'sigmoid', 'elu', 'swish', 'sigmoid', 'sigmoid', 'tanh', 'elu', 'swish']",f6f600f80606090008,534,Adam,MaxAbsoluteDeviation,0.6819882392883301,8.640230178833008,2.574496800021734
"[23, 23, 8, 23, 8, 8, 8, 8, 8, 8]","['sigmoid', 'sigmoid', 'elu', 'swish', 'sigmoid', 'sigmoid', 'tanh', 'elu', 'swish', 'elu']",f6f600f8060609000800,534,Adam,MaxAbsoluteDeviation,0.6883882880210876,0.3226184844970703,2.6854159999638796
"[23, 23, 8, 23, 8, 8, 8, 8, 8, 8]","['sigmoid', 'sigmoid', 'elu', 'swish', 'sigmoid', 'sigmoid', 'tanh', 'elu', 'swish', 'elu']",f6f600f8060609000800,700,Adam,MaxAbsoluteDeviation,0.7056612968444824,0.8579769134521484,3.2946481000399217
"[23, 23, 8, 23, 8, 8, 8, 8, 8, 8]","['sigmoid', 'sigmoid', 'elu', 'swish', 'sigmoid', 'sigmoid', 'tanh', 'elu', 'swish', 'elu']",f6f600f8060609000800,700,Adam,MaxAbsoluteDeviation,0.8416845202445984,1.0897903442382812,3.2254913999931887
"[23, 23, 8, 23, 8, 8, 8, 8, 8, 8]","['sigmoid', 'sigmoid', 'elu', 'swish', 'sigmoid', 'sigmoid', 'tanh', 'elu', 'swish', 'elu']",f6f600f8060609000800,402,Adam,MaxAbsoluteDeviation,0.4013250768184662,0.7382280826568604,2.2257356999907643
"[23, 23, 8, 23, 8, 8, 8, 8, 8, 8]","['sigmoid', 'sigmoid', 'elu', 'swish', 'sigmoid', 'sigmoid', 'tanh', 'elu', 'swish', 'elu']",f6f600f8060609000800,700,Adam,MaxAbsoluteDeviation,1.713861107826233,0.48467159271240234,3.2783235000097193
"[23, 23, 8, 23, 8, 8, 8, 8, 23, 8]","['sigmoid', 'sigmoid', 'elu', 'swish', 'tanh', 'sigmoid', 'tanh', 'elu', 'swish', 'elu']",f6f600f809060900f800,438,Adam,MaxAbsoluteDeviation,1.713861107826233,8.70612621307373,2.304285800026264
"[23, 23, 8, 23, 8, 8, 8, 8, 8]","['sigmoid', 'sigmoid', 'elu', 'swish', 'sigmoid', 'sigmoid', 'tanh', 'elu', 'swish']",f6f600f80606090008,700,Adam,MaxAbsoluteDeviation,1.119126319885254,0.8147057890892029,3.181722200009972
"[23, 23, 8, 23, 8, 8, 8, 8, 8]","['sigmoid', 'sigmoid', 'elu', 'swish', 'sigmoid', 'sigmoid', 'tanh', 'elu', 'swish']",f6f600f80606090008,700,Adam,MaxAbsoluteDeviation,1.1062595844268799,1.1882247924804688,3.176193699997384
"[23, 23, 8, 23, 8, 8, 8, 8, 8, 20]","['sigmoid', 'sigmoid', 'elu', 'swish', 'sigmoid', 'sigmoid', 'tanh', 'elu', 'swish', 'swish']",f6f600f80606090008c8,700,Adam,MaxAbsoluteDeviation,1.1062595844268799,8.14889144897461,3.2692667999654077
"[23, 23, 8, 23, 8, 8, 8, 8, 8, 23]","['sigmoid', 'sigmoid', 'elu', 'swish', 'sigmoid', 'sigmoid', 'tanh', 'elu', 'swish', 'elu']",f6f600f80606090008f0,700,Adam,MaxAbsoluteDeviation,1.021101474761963,0.3441276550292969,3.2378996000043117
"[23, 23, 8, 23, 8, 8, 8, 8, 8, 23]","['sigmoid', 'sigmoid', 'elu', 'swish', 'sigmoid', 'sigmoid', 'tanh', 'elu', 'swish', 'tanh']",f6f600f80606090008f9,700,Adam,MaxAbsoluteDeviation,1.021101474761963,8.72861099243164,3.2432382999686524
"[23, 23, 8, 23, 8, 8, 8, 8, 8, 23]","['sigmoid', 'sigmoid', 'elu', 'swish', 'sigmoid', 'sigmoid', 'tanh', 'elu', 'swish', 'elu']",f6f600f80606090008f0,484,Adam,MaxAbsoluteDeviation,0.89152991771698,0.4540994167327881,3.4916355999885127
"[23, 23, 8, 23, 8, 8, 8, 8, 8, 23]","['sigmoid', 'sigmoid', 'elu', 'swish', 'sigmoid', 'sigmoid', 'tanh', 'elu', 'swish', 'elu']",f6f600f80606090008f0,204,Adam,MaxAbsoluteDeviation,0.89152991771698,1.9682226181030273,1.528177300002426
"[23, 23, 8, 23, 8, 8, 8, 8, 8, 23, 19]","['sigmoid', 'sigmoid', 'elu', 'swish', 'sigmoid', 'sigmoid', 'tanh', 'elu', 'swish', 'elu', 'sigmoid']",f6f600f80606090008f0b6,484,Adam,MaxAbsoluteDeviation,0.89152991771698,8.193516731262207,2.651869799999986
"[23, 23, 8, 23, 8, 8, 8, 8, 8]","['sigmoid', 'sigmoid', 'elu', 'swish', 'sigmoid', 'sigmoid', 'tanh', 'elu', 'swish']",f6f600f80606090008,484,Adam,MaxAbsoluteDeviation,0.89152991771698,0.6165909767150879,2.4168378000031225
"[23, 23, 8, 23, 8, 8, 8, 8, 8, 23]","['sigmoid', 'sigmoid', 'elu', 'swish', 'sigmoid', 'sigmoid', 'tanh', 'elu', 'swish', 'elu']",f6f600f80606090008f0,484,Adam,MaxAbsoluteDeviation,1.2206364870071411,0.806732177734375,2.5281957000261173
"[23, 23, 8, 23, 8, 8, 8, 8, 8, 23]","['sigmoid', 'sigmoid', 'elu', 'swish', 'sigmoid', 'sigmoid', 'tanh', 'elu', 'swish', 'elu']",f6f600f80606090008f0,700,Adam,MaxAbsoluteDeviation,0.6892412304878235,1.162832260131836,3.331028399989009
"[23, 23, 8, 23, 8, 8, 8, 8, 8, 23]","['sigmoid', 'sigmoid', 'elu', 'swish', 'sigmoid', 'sigmoid', 'tanh', 'elu', 'swish', 'elu']",f6f600f80606090008f0,700,Adam,MaxAbsoluteDeviation,0.8991312384605408,0.8341732025146484,3.2867677999893203
"[23, 23, 8, 23, 8, 8, 8, 8, 8, 23]","['sigmoid', 'sigmoid', 'elu', 'swish', 'sigmoid', 'sigmoid', 'tanh', 'elu', 'swish', 'elu']",f6f600f80606090008f0,694,Adam,MaxAbsoluteDeviation,0.8991312384605408,2.797427177429199,3.290860100009013
"[23, 23, 8, 23, 8, 8, 8, 8, 8, 23]","['sigmoid', 'sigmoid', 'elu', 'swish', 'sigmoid', 'sigmoid', 'tanh', 'elu', 'swish', 'elu']",f6f600f80606090008f0,700,Adam,MaxAbsoluteDeviation,0.9600931406021118,1.79522705078125,3.2912897000205703
"[23, 23, 8, 23, 8, 8, 8, 8, 8]","['sigmoid', 'sigmoid', 'elu', 'swish', 'sigmoid', 'sigmoid', 'tanh', 'elu', 'swish']",f6f600f80606090008,700,Adam,MaxAbsoluteDeviation,0.9600931406021118,8.414984703063965,3.1882073000306264
"[23, 23, 8, 23, 8, 8, 8, 8, 8, 23]","['sigmoid', 'sigmoid', 'elu', 'swish', 'sigmoid', 'sigmoid', 'tanh', 'elu', 'swish', 'elu']",f6f600f80606090008f0,466,Adam,MaxAbsoluteDeviation,0.9600931406021118,8.162420272827148,2.4578996999771334
"[8, 23, 8, 23, 8, 8, 8, 8, 8, 23]","['sigmoid', 'sigmoid', 'elu', 'swish', 'sigmoid', 'sigmoid', 'tanh', 'elu', 'swish', 'elu']",06f600f80606090008f0,700,Adam,MaxAbsoluteDeviation,0.41375306248664856,0.6258449554443359,3.2803015999961644
"[8, 23, 8, 23, 8, 23, 8, 8, 8]","['sigmoid', 'sigmoid', 'elu', 'swish', 'sigmoid', 'sigmoid', 'tanh', 'elu', 'swish']",06f600f806f6090008,700,Adam,MaxAbsoluteDeviation,2.258481502532959,2.569228172302246,3.187406799988821
"[8, 23, 8, 23, 8, 23, 8, 8, 8]","['sigmoid', 'sigmoid', 'elu', 'swish', 'sigmoid', 'sigmoid', 'tanh', 'elu', 'swish']",06f600f806f6090008,700,Adam,MaxAbsoluteDeviation,2.258481502532959,8.645276069641113,3.1524064999539405
"[8, 23, 8, 23, 8, 23, 8, 8, 8]","['sigmoid', 'sigmoid', 'elu', 'swish', 'sigmoid', 'sigmoid', 'tanh', 'elu', 'swish']",06f600f806f6090008,449,Adam,MaxAbsoluteDeviation,0.4318760633468628,1.0020475387573242,2.281416999991052
"[8, 23, 8, 23, 8, 23, 8, 8, 8, 16]","['sigmoid', 'sigmoid', 'elu', 'swish', 'sigmoid', 'sigmoid', 'tanh', 'elu', 'swish', 'elu']",06f600f806f609000880,449,Adam,MaxAbsoluteDeviation,0.4318760633468628,2.1706275939941406,2.366962100029923
"[8, 23, 8, 23, 8, 23, 8, 8, 8, 12]","['sigmoid', 'sigmoid', 'elu', 'swish', 'sigmoid', 'sigmoid', 'tanh', 'elu', 'swish', 'swish']",06f600f806f609000848,449,Adam,MaxAbsoluteDeviation,0.4318760633468628,1.0080842971801758,2.392204700037837
"[8, 23, 8, 23, 8, 23, 8, 8, 8]","['sigmoid', 'sigmoid', 'elu', 'swish', 'sigmoid', 'sigmoid', 'tanh', 'elu', 'swish']",06f600f806f6090008,387,Adam,MaxAbsoluteDeviation,0.9673006534576416,1.7897546291351318,3.0104049000074156
"[8, 23, 8, 23, 8, 23, 8, 8, 8]","['tanh', 'sigmoid', 'elu', 'swish', 'sigmoid', 'sigmoid', 'tanh', 'elu', 'swish']",09f600f806f6090008,387,Adam,MaxAbsoluteDeviation,0.8988186717033386,0.932464599609375,2.0911201999988407
"[8, 23, 8, 23, 8, 23, 8, 8, 8, 22]","['tanh', 'sigmoid', 'elu', 'swish', 'sigmoid', 'sigmoid', 'tanh', 'elu', 'swish', 'tanh']",09f600f806f6090008e9,387,Adam,MaxAbsoluteDeviation,0.7869423627853394,0.8025417327880859,2.1916753000114113
"[8, 23, 8, 23, 8, 23, 23, 8, 8, 22]","['tanh', 'sigmoid', 'elu', 'swish', 'sigmoid', 'sigmoid', 'tanh', 'elu', 'swish', 'tanh']",09f600f806f6f90008e9,387,Adam,MaxAbsoluteDeviation,0.9457343816757202,1.4795656204223633,2.1933343000127934
"[8, 23, 8, 23, 8, 23, 23, 8, 8]","['tanh', 'sigmoid', 'elu', 'swish', 'sigmoid', 'sigmoid', 'tanh', 'elu', 'swish']",09f600f806f6f90008,387,Adam,MaxAbsoluteDeviation,0.9457343816757202,0.8435611724853516,2.07644989999244
"[8, 23, 8, 23, 8, 23, 23, 8, 8, 22]","['tanh', 'sigmoid', 'elu', 'swish', 'sigmoid', 'sigmoid', 'tanh', 'elu', 'swish', 'tanh']",09f600f806f6f90008e9,387,Adam,MaxAbsoluteDeviation,1.6157814264297485,2.8109731674194336,2.1767644000356086
"[8, 23, 8, 23, 8, 23, 23, 8, 8, 22, 11]","['tanh', 'sigmoid', 'elu', 'swish', 'tanh', 'sigmoid', 'tanh', 'elu', 'swish', 'tanh', 'elu']",09f600f809f6f90008e930,700,Adam,MaxAbsoluteDeviation,1.6157814264297485,8.248961448669434,3.451036899990868
"[8, 23, 8, 23, 8, 23, 23, 8, 8, 22]","['tanh', 'sigmoid', 'elu', 'swish', 'sigmoid', 'sigmoid', 'tanh', 'elu', 'tanh', 'tanh']",09f600f806f6f90009e9,387,Adam,MaxAbsoluteDeviation,1.3389030694961548,1.5990538597106934,2.162132399971597
"[8, 23, 8, 23, 8, 23, 23, 8, 8, 22, 11]","['tanh', 'sigmoid', 'elu', 'swish', 'sigmoid', 'sigmoid', 'tanh', 'elu', 'tanh', 'tanh', 'tanh']",09f600f806f6f90009e939,387,Adam,MaxAbsoluteDeviation,1.3389030694961548,4.660406112670898,2.2535982000408694
"[8, 23, 8, 23, 8, 23, 23, 8, 8, 22]","['tanh', 'sigmoid', 'elu', 'swish', 'sigmoid', 'sigmoid', 'tanh', 'elu', 'tanh', 'tanh']",09f600f806f6f90009e9,700,Adam,MaxAbsoluteDeviation,1.3389030694961548,8.494925498962402,3.2951593000325374
"[8, 23, 8, 23, 8, 23, 23, 8, 8, 22]","['tanh', 'sigmoid', 'elu', 'swish', 'sigmoid', 'sigmoid', 'tanh', 'elu', 'tanh', 'tanh']",09f600f806f6f90009e9,700,Adam,MaxAbsoluteDeviation,0.5016995668411255,0.7078652381896973,3.3064325000159442
"[8, 23, 8, 23, 8, 23, 23, 8, 8, 22]","['tanh', 'sigmoid', 'elu', 'swish', 'sigmoid', 'sigmoid', 'tanh', 'elu', 'tanh', 'tanh']",09f600f806f6f90009e9,700,Adam,MaxAbsoluteDeviation,0.5016995668411255,8.639311790466309,3.297082200006116
"[8, 23, 8, 23, 23, 23, 23, 8, 8, 22]","['tanh', 'sigmoid', 'elu', 'swish', 'sigmoid', 'sigmoid', 'tanh', 'elu', 'tanh', 'tanh']",09f600f8f6f6f90009e9,700,Adam,MaxAbsoluteDeviation,0.5016995668411255,1.6580209732055664,3.2984311999753118
"[8, 23, 8, 23, 8, 23, 23, 8, 8, 22]","['swish', 'sigmoid', 'elu', 'swish', 'sigmoid', 'sigmoid', 'tanh', 'elu', 'tanh', 'tanh']",08f600f806f6f90009e9,700,Adam,MaxAbsoluteDeviation,0.5016995668411255,8.236315727233887,3.211313199950382
"[8, 23, 8, 23, 8, 23, 23, 8, 8, 22, 13]","['tanh', 'sigmoid', 'elu', 'swish', 'sigmoid', 'sigmoid', 'tanh', 'elu', 'tanh', 'tanh', 'swish']",09f600f806f6f90009e958,700,Adam,MaxAbsoluteDeviation,0.5016995668411255,0.3708679676055908,3.372944400005508
"[8, 23, 8, 23, 8, 23, 23, 8, 8, 22]","['tanh', 'sigmoid', 'elu', 'swish', 'sigmoid', 'sigmoid', 'tanh', 'elu', 'elu', 'tanh']",09f600f806f6f90000e9,700,Adam,MaxAbsoluteDeviation,0.5016995668411255,8.916423797607422,3.327895399997942
"[8, 23, 8, 23, 8, 23, 23, 8, 8, 22]","['tanh', 'sigmoid', 'elu', 'swish', 'sigmoid', 'sigmoid', 'tanh', 'elu', 'tanh', 'tanh']",09f600f806f6f90009e9,100,Adam,MaxAbsoluteDeviation,0.5016995668411255,8.282968521118164,1.1571537000127137
"[8, 23, 8, 23, 8, 23, 8, 8, 8, 22]","['tanh', 'sigmoid', 'elu', 'swish', 'tanh', 'sigmoid', 'tanh', 'elu', 'tanh', 'tanh']",09f600f809f6090009e9,700,Adam,MaxAbsoluteDeviation,1.0850368738174438,1.1696522235870361,3.2663736999966204
"[8, 23, 8, 23, 8, 23, 8, 8, 8, 22, 21]","['tanh', 'sigmoid', 'elu', 'swish', 'tanh', 'sigmoid', 'tanh', 'elu', 'tanh', 'tanh', 'elu']",09f600f809f6090009e9d0,100,Adam,MaxAbsoluteDeviation,1.0850368738174438,1.7161149978637695,2.1964749000035226
"[8, 23, 8, 23, 8, 23, 8, 8, 8, 22]","['tanh', 'sigmoid', 'elu', 'swish', 'tanh', 'sigmoid', 'tanh', 'elu', 'tanh', 'tanh']",09f600f809f6090009e9,700,Adam,MaxAbsoluteDeviation,1.0850368738174438,1.612086296081543,3.318570900009945
"[8, 23, 8, 23, 8, 23, 8, 8, 8, 22]","['tanh', 'sigmoid', 'elu', 'swish', 'tanh', 'sigmoid', 'tanh', 'elu', 'tanh', 'tanh']",09f600f809f6090009e9,153,Adam,MaxAbsoluteDeviation,1.1147527694702148,1.9464616775512695,1.3415037999511696
"[8, 23, 8, 23, 8, 23, 8, 8]","['tanh', 'sigmoid', 'elu', 'swish', 'tanh', 'sigmoid', 'tanh', 'elu']",09f600f809f60900,131,Adam,MaxAbsoluteDeviation,1.1147527694702148,8.819794654846191,1.1320293999742717
"[8, 23, 8, 23, 8, 23, 8, 8, 8, 22]","['tanh', 'sigmoid', 'elu', 'swish', 'tanh', 'sigmoid', 'tanh', 'elu', 'tanh', 'tanh']",09f600f809f6090009e9,141,Adam,MaxAbsoluteDeviation,1.1147527694702148,4.189953804016113,1.3068174000363797
"[8, 23, 8, 23, 8, 23, 8, 8, 8]","['tanh', 'sigmoid', 'elu', 'swish', 'tanh', 'sigmoid', 'tanh', 'elu', 'tanh']",09f600f809f6090009,153,Adam,MaxAbsoluteDeviation,1.1147527694702148,8.256257057189941,1.2759774000151083
"[8, 23, 8, 23, 8, 23, 8, 8, 8, 22]","['tanh', 'sigmoid', 'elu', 'swish', 'tanh', 'sigmoid', 'tanh', 'sigmoid', 'tanh', 'tanh']",09f600f809f6090609e9,153,Adam,MaxAbsoluteDeviation,1.1147527694702148,8.407355308532715,1.355387499963399
"[8, 23, 8, 23, 8, 23, 8, 8, 8, 22]","['tanh', 'sigmoid', 'elu', 'swish', 'tanh', 'sigmoid', 'tanh', 'elu', 'tanh', 'tanh']",09f600f809f6090009e9,100,Adam,MaxAbsoluteDeviation,1.6561883687973022,1.0691829919815063,1.1715163000044413
"[8, 23, 8, 23, 8, 23, 8, 8, 8, 8]","['tanh', 'sigmoid', 'elu', 'swish', 'tanh', 'sigmoid', 'tanh', 'elu', 'tanh', 'tanh']",09f600f809f609000909,100,Adam,MaxAbsoluteDeviation,1.6561883687973022,8.249311447143555,1.1788471000036225
"[8, 23, 8, 23, 8, 23, 8, 8, 8, 22, 14]","['tanh', 'sigmoid', 'elu', 'swish', 'tanh', 'sigmoid', 'tanh', 'elu', 'tanh', 'tanh', 'swish']",09f600f809f6090009e968,100,Adam,MaxAbsoluteDeviation,1.6561883687973022,2.977849006652832,1.2646113999653608
"[8, 23, 8, 23, 8, 23, 8, 8, 8, 22, 21]","['tanh', 'sigmoid', 'elu', 'swish', 'tanh', 'sigmoid', 'tanh', 'elu', 'tanh', 'tanh', 'tanh']",09f600f809f6090009e9d9,100,Adam,MaxAbsoluteDeviation,1.6561883687973022,8.569052696228027,1.2443683999590576
"[8, 23, 8, 23, 8, 23, 8, 8, 8, 22]","['tanh', 'sigmoid', 'elu', 'swish', 'tanh', 'sigmoid', 'tanh', 'elu', 'tanh', 'tanh']",09f600f809f6090009e9,100,Adam,MaxAbsoluteDeviation,3.4794538021087646,2.192803382873535,1.1722279000096023
"[8, 23, 8, 23, 8, 23, 8, 8, 8]","['tanh', 'sigmoid', 'elu', 'swish', 'tanh', 'sigmoid', 'tanh', 'elu', 'tanh']",09f600f809f6090009,100,Adam,MaxAbsoluteDeviation,3.4794538021087646,8.640952110290527,1.0884980999981053
"[8, 23, 8, 23, 8, 23, 8, 8, 8, 22]","['tanh', 'sigmoid', 'elu', 'swish', 'tanh', 'sigmoid', 'tanh', 'elu', 'tanh', 'tanh']",09f600f809f6090009e9,700,Adam,MaxAbsoluteDeviation,3.4794538021087646,8.479564666748047,3.303137000009883
"[8, 23, 8, 23, 8, 23, 8, 8, 8, 22]","['sigmoid', 'sigmoid', 'elu', 'swish', 'tanh', 'sigmoid', 'tanh', 'elu', 'tanh', 'tanh']",06f600f809f6090009e9,100,Adam,MaxAbsoluteDeviation,3.4794538021087646,8.590959548950195,1.1702084999997169
"[8, 23, 8, 23, 8, 23, 8, 8, 8, 22]","['tanh', 'sigmoid', 'elu', 'swish', 'tanh', 'sigmoid', 'tanh', 'elu', 'tanh', 'tanh']",09f600f809f6090009e9,100,Adam,MaxAbsoluteDeviation,3.4794538021087646,7.002771377563477,1.1633765999577008
"[8, 23, 8, 23, 8, 23, 8, 8, 8, 22]","['tanh', 'sigmoid', 'elu', 'swish', 'tanh', 'sigmoid', 'tanh', 'elu', 'tanh', 'tanh']",09f600f809f6090009e9,700,Adam,MaxAbsoluteDeviation,3.4794538021087646,8.858503341674805,3.2870603000046685
"[8, 23, 22, 23, 8, 23, 8, 8, 8, 22, 12]","['tanh', 'sigmoid', 'elu', 'swish', 'tanh', 'sigmoid', 'tanh', 'elu', 'tanh', 'tanh', 'tanh']",09f6e0f809f6090009e949,100,Adam,MaxAbsoluteDeviation,3.4794538021087646,8.74682331085205,1.2282855999656022
"[23, 23, 8, 23, 8, 23, 8, 8, 8, 22]","['tanh', 'sigmoid', 'elu', 'swish', 'tanh', 'sigmoid', 'tanh', 'elu', 'tanh', 'tanh']",f9f600f809f6090009e9,100,Adam,MaxAbsoluteDeviation,3.6786632537841797,3.1719303131103516,1.1689962999662384
"[23, 23, 8, 23, 8, 23, 8, 8, 8, 22, 18]","['tanh', 'sigmoid', 'elu', 'swish', 'tanh', 'sigmoid', 'tanh', 'elu', 'tanh', 'tanh', 'sigmoid']",f9f600f809f6090009e9a6,100,Adam,MaxAbsoluteDeviation,3.6786632537841797,8.413148880004883,1.2347226000274532
"[23, 23, 8, 23, 8, 23, 8, 8, 8, 22, 20]","['tanh', 'sigmoid', 'elu', 'swish', 'tanh', 'sigmoid', 'tanh', 'elu', 'tanh', 'tanh', 'tanh']",f9f600f809f6090009e9c9,100,Adam,MaxAbsoluteDeviation,3.6786632537841797,2.5289859771728516,1.2462082999991253
"[23, 23, 8, 23, 8, 23, 8, 8, 8, 22]","['tanh', 'sigmoid', 'sigmoid', 'swish', 'tanh', 'sigmoid', 'tanh', 'elu', 'tanh', 'tanh']",f9f606f809f6090009e9,100,Adam,MaxAbsoluteDeviation,4.036557197570801,3.295572280883789,1.177325099997688
"[23, 23, 8, 23, 8, 23, 8, 8, 8, 22]","['tanh', 'sigmoid', 'sigmoid', 'swish', 'tanh', 'sigmoid', 'tanh', 'elu', 'tanh', 'tanh']",f9f606f809f6090009e9,700,Adam,MaxAbsoluteDeviation,1.0556696653366089,0.34618937969207764,3.41500239999732
"[23, 23, 8, 23, 8, 23, 23, 8, 8, 22]","['tanh', 'sigmoid', 'sigmoid', 'swish', 'tanh', 'sigmoid', 'tanh', 'elu', 'tanh', 'tanh']",f9f606f809f6f90009e9,700,Adam,MaxAbsoluteDeviation,1.0556696653366089,7.190460681915283,3.2765699999872595
"[23, 23, 8, 23, 8, 23, 8, 8, 8, 22]","['tanh', 'sigmoid', 'sigmoid', 'swish', 'tanh', 'sigmoid', 'tanh', 'elu', 'tanh', 'tanh']",f9f606f809f6090009e9,700,Adam,MaxAbsoluteDeviation,0.7288150191307068,1.173807144165039,3.2626576999900863
"[23, 23, 8, 23, 8, 23, 8, 8, 8, 22]","['tanh', 'sigmoid', 'sigmoid', 'swish', 'tanh', 'sigmoid', 'tanh', 'elu', 'tanh', 'tanh']",f9f606f809f6090009e9,700,Adam,MaxAbsoluteDeviation,0.7837170362472534,0.9165592193603516,3.3004029999719933
"[23, 23, 8, 23, 23, 23, 8, 8, 8, 22]","['tanh', 'sigmoid', 'sigmoid', 'swish', 'tanh', 'sigmoid', 'tanh', 'elu', 'tanh', 'tanh']",f9f606f8f9f6090009e9,700,Adam,MaxAbsoluteDeviation,0.8137084245681763,0.8331527709960938,3.316210700024385
"[23, 23, 8, 23, 23, 23, 8, 8, 8, 22]","['tanh', 'sigmoid', 'sigmoid', 'swish', 'tanh', 'sigmoid', 'tanh', 'elu', 'tanh', 'tanh']",f9f606f8f9f6090009e9,700,Adam,MaxAbsoluteDeviation,2.065361261367798,2.255011558532715,3.2092071999795735
"[23, 23, 8, 23, 23, 23, 8, 8, 8, 22]","['tanh', 'sigmoid', 'sigmoid', 'swish', 'tanh', 'sigmoid', 'tanh', 'elu', 'tanh', 'tanh']",f9f606f8f9f6090009e9,700,Adam,MaxAbsoluteDeviation,0.9544551372528076,0.7862529754638672,3.2635556000168435
"[23, 23, 8, 23, 23, 23, 8, 8, 8, 20]","['tanh', 'sigmoid', 'sigmoid', 'swish', 'tanh', 'sigmoid', 'tanh', 'elu', 'tanh', 'swish']",f9f606f8f9f6090009c8,700,Adam,MaxAbsoluteDeviation,0.6888877749443054,0.7614254951477051,3.2874224999686703
"[8, 23, 8, 23, 23, 23, 8, 8, 8]","['tanh', 'sigmoid', 'sigmoid', 'swish', 'tanh', 'sigmoid', 'tanh', 'elu', 'tanh']",09f606f8f9f6090009,700,Adam,MaxAbsoluteDeviation,0.6888877749443054,8.477250099182129,3.1701673000352457
"[23, 23, 8, 23, 23, 23, 8, 8, 8, 20]","['tanh', 'sigmoid', 'sigmoid', 'swish', 'tanh', 'sigmoid', 'tanh', 'elu', 'tanh', 'swish']",f9f606f8f9f6090009c8,700,Adam,MaxAbsoluteDeviation,0.8637159466743469,0.4912681579589844,3.2523094000061974
"[23, 23, 8, 23, 23, 23, 8, 8, 8, 20]","['tanh', 'sigmoid', 'sigmoid', 'swish', 'tanh', 'sigmoid', 'tanh', 'elu', 'tanh', 'swish']",f9f606f8f9f6090009c8,463,Adam,MaxAbsoluteDeviation,0.8637159466743469,1.3457679748535156,2.4313733000308275
"[23, 23, 8, 23, 8, 23, 8, 23, 8, 20, 19]","['tanh', 'sigmoid', 'sigmoid', 'swish', 'tanh', 'sigmoid', 'tanh', 'elu', 'tanh', 'swish', 'swish']",f9f606f809f609f009c8b8,700,Adam,MaxAbsoluteDeviation,0.8637159466743469,8.363458633422852,3.436331400007475
"[23, 23, 8, 23, 23, 23, 8, 8, 8, 20]","['tanh', 'sigmoid', 'sigmoid', 'swish', 'tanh', 'sigmoid', 'tanh', 'elu', 'tanh', 'swish']",f9f606f8f9f6090009c8,505,Adam,MaxAbsoluteDeviation,0.8637159466743469,0.6406517028808594,2.5700720000313595
"[23, 23, 8, 23, 23, 23, 8, 8, 8, 20]","['tanh', 'sigmoid', 'sigmoid', 'swish', 'tanh', 'sigmoid', 'tanh', 'elu', 'tanh', 'swish']",f9f606f8f9f6090009c8,700,Adam,MaxAbsoluteDeviation,1.052842140197754,1.2908248901367188,4.370190499990713
"[23, 23, 8, 23, 23, 23, 8, 8, 8, 20, 17]","['tanh', 'sigmoid', 'sigmoid', 'swish', 'tanh', 'sigmoid', 'tanh', 'elu', 'tanh', 'swish', 'elu']",f9f606f8f9f6090009c890,700,Adam,MaxAbsoluteDeviation,0.6065080761909485,1.0678653717041016,3.488522300031036
"[23, 23, 8, 23, 23, 23, 8, 8, 8, 20, 17]","['tanh', 'sigmoid', 'sigmoid', 'swish', 'tanh', 'sigmoid', 'tanh', 'elu', 'tanh', 'swish', 'elu']",f9f606f8f9f6090009c890,559,Adam,MaxAbsoluteDeviation,1.032458782196045,0.9678668975830078,2.9146099000354297
"[23, 23, 8, 23, 23, 23, 8, 8, 8, 20]","['tanh', 'sigmoid', 'sigmoid', 'swish', 'tanh', 'sigmoid', 'tanh', 'elu', 'tanh', 'swish']",f9f606f8f9f6090009c8,559,Adam,MaxAbsoluteDeviation,1.0644359588623047,1.2197046279907227,2.83681260002777
"[23, 23, 8, 23, 23, 23, 8, 8, 8, 20]","['tanh', 'sigmoid', 'sigmoid', 'swish', 'tanh', 'sigmoid', 'tanh', 'elu', 'tanh', 'swish']",f9f606f8f9f6090009c8,100,Adam,MaxAbsoluteDeviation,1.0644359588623047,6.7721266746521,1.1910221999860369
"[23, 23, 8, 23, 23, 23, 8, 8, 8, 20, 15]","['tanh', 'sigmoid', 'sigmoid', 'swish', 'tanh', 'sigmoid', 'tanh', 'elu', 'tanh', 'swish', 'sigmoid']",f9f606f8f9f6090009c876,559,Adam,MaxAbsoluteDeviation,1.0644359588623047,8.15466022491455,2.933420399960596
"[23, 23, 8, 23, 23, 23, 8, 8, 8, 20]","['tanh', 'sigmoid', 'sigmoid', 'swish', 'tanh', 'sigmoid', 'tanh', 'elu', 'tanh', 'swish']",f9f606f8f9f6090009c8,559,Adam,MaxAbsoluteDeviation,0.983460009098053,0.8454903960227966,2.785151699965354
"[23, 23, 8, 23, 23, 23, 8, 8, 23, 20]","['tanh', 'sigmoid', 'sigmoid', 'swish', 'tanh', 'sigmoid', 'tanh', 'elu', 'tanh', 'swish']",f9f606f8f9f60900f9c8,559,Adam,MaxAbsoluteDeviation,0.5054284930229187,1.0647964477539062,2.808760399988387
"[23, 23, 8, 23, 23, 23, 8, 8, 23, 8]","['tanh', 'sigmoid', 'sigmoid', 'swish', 'tanh', 'sigmoid', 'tanh', 'elu', 'tanh', 'swish']",f9f606f8f9f60900f908,559,Adam,MaxAbsoluteDeviation,0.6077348589897156,0.6733050346374512,2.8038040999672376
"[23, 23, 8, 23, 23, 23, 8, 8, 23, 8]","['tanh', 'sigmoid', 'sigmoid', 'swish', 'tanh', 'sigmoid', 'tanh', 'elu', 'tanh', 'swish']",f9f606f8f9f60900f908,700,Adam,MaxAbsoluteDeviation,0.8346940875053406,0.5224690437316895,3.3500760999741033
"[23, 23, 8, 23, 23, 23, 8, 8, 23, 8]","['tanh', 'sigmoid', 'sigmoid', 'swish', 'tanh', 'sigmoid', 'tanh', 'elu', 'tanh', 'swish']",f9f606f8f9f60900f908,700,Adam,MaxAbsoluteDeviation,0.9356114268302917,1.4977188110351562,3.3133129000198096
"[23, 23, 8, 23, 23, 23, 8, 8, 23, 8, 10]","['tanh', 'sigmoid', 'sigmoid', 'swish', 'tanh', 'sigmoid', 'tanh', 'elu', 'tanh', 'swish', 'sigmoid']",f9f606f8f9f60900f90826,700,Adam,MaxAbsoluteDeviation,0.9356114268302917,8.038503646850586,3.4057958999765106
"[23, 23, 8, 23, 23, 23, 8, 8, 23, 8]","['tanh', 'sigmoid', 'sigmoid', 'swish', 'tanh', 'sigmoid', 'tanh', 'elu', 'tanh', 'swish']",f9f606f8f9f60900f908,380,Adam,MaxAbsoluteDeviation,0.7751293778419495,0.4036002457141876,2.1312239000108093
"[23, 23, 8, 23, 23, 23, 8, 8, 23]","['tanh', 'sigmoid', 'sigmoid', 'swish', 'tanh', 'sigmoid', 'tanh', 'elu', 'tanh']",f9f606f8f9f60900f9,380,Adam,MaxAbsoluteDeviation,1.2424861192703247,0.47016966342926025,2.0227961000055075
"[23, 23, 8, 23, 23, 23, 8, 8, 23, 17]","['tanh', 'sigmoid', 'sigmoid', 'swish', 'tanh', 'sigmoid', 'tanh', 'elu', 'tanh', 'sigmoid']",f9f606f8f9f60900f996,380,Adam,MaxAbsoluteDeviation,1.2424861192703247,8.471823692321777,2.107879100018181
"[23, 23, 8, 23, 23, 23, 23, 8, 23]","['tanh', 'sigmoid', 'sigmoid', 'swish', 'tanh', 'sigmoid', 'tanh', 'elu', 'tanh']",f9f606f8f9f6f900f9,380,Adam,MaxAbsoluteDeviation,0.788001537322998,0.8534336090087891,2.0170052999746986
"[23, 23, 8, 23, 8, 23, 23, 8, 23]","['tanh', 'sigmoid', 'sigmoid', 'swish', 'tanh', 'sigmoid', 'tanh', 'elu', 'tanh']",f9f606f809f6f900f9,380,Adam,MaxAbsoluteDeviation,0.5292194485664368,1.5547599792480469,2.009583399980329
"[23, 23, 8, 23, 8, 23, 23, 8]","['tanh', 'sigmoid', 'sigmoid', 'swish', 'tanh', 'sigmoid', 'tanh', 'elu']",f9f606f809f6f900,380,Adam,MaxAbsoluteDeviation,0.5564451217651367,1.2027645111083984,2.8989071000250988
"[23, 23, 8, 23, 8, 23, 8, 8]","['tanh', 'sigmoid', 'sigmoid', 'swish', 'tanh', 'sigmoid', 'tanh', 'elu']",f9f606f809f60900,700,Adam,MaxAbsoluteDeviation,0.5991979241371155,0.7190952301025391,3.0511801000102423
"[23, 23, 8, 8, 8, 23, 8, 8]","['tanh', 'sigmoid', 'sigmoid', 'swish', 'tanh', 'sigmoid', 'tanh', 'elu']",f9f6060809f60900,700,Adam,MaxAbsoluteDeviation,0.42352354526519775,0.7228183746337891,3.0553089000168256
"[23, 23, 8, 8, 8, 23, 8, 23]","['tanh', 'sigmoid', 'sigmoid', 'swish', 'tanh', 'sigmoid', 'tanh', 'elu']",f9f6060809f609f0,700,Adam,MaxAbsoluteDeviation,0.29390597343444824,0.3244781494140625,3.088729700015392
"[23, 23, 8, 8, 8, 23, 8, 23]","['tanh', 'sigmoid', 'sigmoid', 'swish', 'tanh', 'sigmoid', 'tanh', 'elu']",f9f6060809f609f0,700,Adam,MaxAbsoluteDeviation,0.5475439429283142,0.9201269745826721,3.0896234000101686
"[23, 23, 8, 8, 8, 23, 8, 23, 9]","['tanh', 'sigmoid', 'sigmoid', 'swish', 'tanh', 'sigmoid', 'tanh', 'elu', 'sigmoid']",f9f6060809f609f016,100,Adam,MaxAbsoluteDeviation,0.5475439429283142,8.319381713867188,1.1028322999482043
"[23, 23, 8, 8, 8, 8, 8, 23]","['tanh', 'sigmoid', 'sigmoid', 'swish', 'tanh', 'sigmoid', 'tanh', 'elu']",f9f60608090609f0,700,Adam,MaxAbsoluteDeviation,0.2908517122268677,0.5899543762207031,3.0745432000258006
"[23, 23, 8, 8, 8, 8, 23, 23]","['tanh', 'sigmoid', 'sigmoid', 'swish', 'tanh', 'sigmoid', 'tanh', 'elu']",f9f606080906f9f0,178,Adam,MaxAbsoluteDeviation,0.2908517122268677,0.8625431060791016,1.2844417000305839
"[23, 23, 8, 8, 8, 8, 8, 23, 19]","['tanh', 'sigmoid', 'sigmoid', 'swish', 'tanh', 'sigmoid', 'tanh', 'elu', 'elu']",f9f60608090609f0b0,638,Adam,MaxAbsoluteDeviation,0.2908517122268677,0.680666983127594,2.9717387999990024
"[23, 23, 8, 8, 8, 8, 8, 23]","['tanh', 'sigmoid', 'sigmoid', 'swish', 'tanh', 'sigmoid', 'tanh', 'elu']",f9f60608090609f0,297,Adam,MaxAbsoluteDeviation,1.0476765632629395,0.35478973388671875,1.6563870999962091
"[23, 23, 8, 8, 8, 8, 8, 18]","['tanh', 'sigmoid', 'sigmoid', 'swish', 'tanh', 'sigmoid', 'tanh', 'tanh']",f9f60608090609a9,297,Adam,MaxAbsoluteDeviation,0.43817955255508423,0.6335678100585938,1.6449022000306286
"[23, 23, 8, 8, 8, 8, 8]","['tanh', 'sigmoid', 'sigmoid', 'swish', 'tanh', 'sigmoid', 'tanh']",f9f60608090609,242,Adam,MaxAbsoluteDeviation,0.8336723446846008,0.8075934052467346,1.3762738999794237
"[23, 23, 8, 8, 8, 8]","['tanh', 'sigmoid', 'sigmoid', 'swish', 'tanh', 'sigmoid']",f9f606080906,700,Adam,MaxAbsoluteDeviation,0.4524565041065216,0.7907047271728516,2.7427680999971926
"[23, 23, 8, 8, 8, 8]","['tanh', 'sigmoid', 'sigmoid', 'swish', 'tanh', 'sigmoid']",f9f606080906,700,Adam,MaxAbsoluteDeviation,0.42683231830596924,0.9042949676513672,2.7426663000369444
"[23, 23, 8, 8, 8, 8]","['tanh', 'sigmoid', 'sigmoid', 'swish', 'tanh', 'sigmoid']",f9f606080906,700,Adam,MaxAbsoluteDeviation,0.14892593026161194,0.23030376434326172,2.746806800016202
"[23, 23, 8, 8, 8, 23]","['tanh', 'sigmoid', 'sigmoid', 'swish', 'tanh', 'sigmoid']",f9f6060809f6,700,Adam,MaxAbsoluteDeviation,0.29662787914276123,0.4620342254638672,2.6800270000239834
"[23, 23, 8, 8, 8]","['tanh', 'sigmoid', 'sigmoid', 'swish', 'tanh']",f9f6060809,700,Adam,MaxAbsoluteDeviation,0.4023471474647522,0.18427394330501556,2.59575469995616
"[23, 23, 23, 8, 8]","['tanh', 'sigmoid', 'sigmoid', 'swish', 'tanh']",f9f6f60809,700,Adam,MaxAbsoluteDeviation,0.7273872494697571,0.33775094151496887,2.5914620000403374
"[23, 23, 23, 8, 8, 15]","['tanh', 'sigmoid', 'sigmoid', 'swish', 'tanh', 'sigmoid']",f9f6f6080976,700,Adam,MaxAbsoluteDeviation,0.3296765983104706,0.12216949462890625,2.696456699981354
"[8, 23, 23, 8, 8, 15]","['tanh', 'sigmoid', 'sigmoid', 'swish', 'tanh', 'sigmoid']",09f6f6080976,100,Adam,MaxAbsoluteDeviation,0.3296765983104706,8.381044387817383,0.8622855999856256
"[23, 23, 23, 8, 8, 15]","['tanh', 'sigmoid', 'sigmoid', 'swish', 'tanh', 'sigmoid']",f9f6f6080976,700,Adam,MaxAbsoluteDeviation,0.3892119228839874,1.8851356506347656,2.714271600008942
"[23, 23, 23, 8, 8, 15]","['tanh', 'sigmoid', 'sigmoid', 'swish', 'tanh', 'sigmoid']",f9f6f6080976,700,Adam,MaxAbsoluteDeviation,0.32931795716285706,0.31894493103027344,2.7257768000126816
"[23, 23, 23, 23, 8, 15]","['tanh', 'sigmoid', 'sigmoid', 'swish', 'tanh', 'sigmoid']",f9f6f6f80976,700,Adam,MaxAbsoluteDeviation,0.9358591437339783,0.8897762298583984,3.759590699977707
"[23, 8, 23, 23, 8, 15]","['tanh', 'sigmoid', 'sigmoid', 'swish', 'tanh', 'sigmoid']",f906f6f80976,700,Adam,MaxAbsoluteDeviation,0.5575016736984253,0.7751359343528748,2.794996100012213
"[23, 8, 23, 23]","['tanh', 'sigmoid', 'sigmoid', 'swish']",f906f6f8,700,Adam,MaxAbsoluteDeviation,0.5575016736984253,0.6342067718505859,2.4940190000343136
"[23, 8, 23, 8, 8, 15]","['tanh', 'sigmoid', 'sigmoid', 'swish', 'tanh', 'sigmoid']",f906f6080976,700,Adam,MaxAbsoluteDeviation,0.26008597016334534,0.17114341259002686,2.771402099984698
"[23, 8, 23, 8, 8, 15]","['tanh', 'sigmoid', 'sigmoid', 'swish', 'tanh', 'sigmoid']",f906f6080976,700,Adam,MaxAbsoluteDeviation,0.3541629910469055,0.6010532379150391,2.76915069995448
"[23, 8, 23, 8, 8, 15]","['tanh', 'sigmoid', 'sigmoid', 'swish', 'tanh', 'sigmoid']",f906f6080976,100,Adam,MaxAbsoluteDeviation,0.3541629910469055,7.896146774291992,0.8795190000091679
"[23, 8, 23, 8, 8, 15]","['tanh', 'sigmoid', 'sigmoid', 'swish', 'tanh', 'sigmoid']",f906f6080976,306,Adam,MaxAbsoluteDeviation,0.3541629910469055,1.03668212890625,1.4901911000488326
"[23, 8, 23, 8, 8]","['tanh', 'sigmoid', 'sigmoid', 'swish', 'tanh']",f906f60809,700,Adam,MaxAbsoluteDeviation,0.5663314461708069,0.8729534149169922,2.6304458000231534
"[23, 8, 23, 8, 8, 8]","['tanh', 'sigmoid', 'sigmoid', 'swish', 'tanh', 'sigmoid']",f906f6080906,521,Adam,MaxAbsoluteDeviation,0.13789570331573486,0.1777961403131485,2.1215939999674447
"[23, 8, 23, 8, 8, 8]","['tanh', 'sigmoid', 'sigmoid', 'swish', 'tanh', 'sigmoid']",f906f6080906,521,Adam,MaxAbsoluteDeviation,0.13789570331573486,0.5508270263671875,2.149562500009779
"[23, 8, 23, 8, 8, 8]","['tanh', 'sigmoid', 'sigmoid', 'swish', 'tanh', 'sigmoid']",f906f6080906,122,Adam,MaxAbsoluteDeviation,0.13789570331573486,7.796964645385742,0.9323712000041269
"[23, 8, 23, 8, 8]","['tanh', 'sigmoid', 'sigmoid', 'swish', 'tanh']",f906f60809,521,Adam,MaxAbsoluteDeviation,0.13789570331573486,0.4869060516357422,2.0130314000416547
"[23, 8, 23, 8, 8, 8]","['tanh', 'sigmoid', 'sigmoid', 'swish', 'tanh', 'sigmoid']",f906f6080906,150,Adam,MaxAbsoluteDeviation,0.13789570331573486,2.2763662338256836,1.0206129999714904
"[23, 8, 23, 8, 8, 8]","['tanh', 'sigmoid', 'sigmoid', 'swish', 'tanh', 'sigmoid']",f906f6080906,521,Adam,MaxAbsoluteDeviation,0.13789570331573486,0.48425865173339844,2.1314892999944277
"[23, 8, 23, 8, 8, 8]","['tanh', 'sigmoid', 'sigmoid', 'swish', 'tanh', 'sigmoid']",f906f6080906,700,Adam,MaxAbsoluteDeviation,0.37527385354042053,0.6373200416564941,2.6598597000120208
"[23, 8, 23, 8, 8]","['tanh', 'sigmoid', 'sigmoid', 'swish', 'tanh']",f906f60809,700,Adam,MaxAbsoluteDeviation,0.4120870530605316,0.5065288543701172,2.5693527000257745
"[23, 8, 23, 8, 8]","['tanh', 'sigmoid', 'sigmoid', 'swish', 'tanh']",f906f60809,700,Adam,MaxAbsoluteDeviation,0.1802130937576294,0.24415206909179688,2.5805149999796413
"[23, 8, 23, 8]","['tanh', 'sigmoid', 'sigmoid', 'swish']",f906f608,700,Adam,MaxAbsoluteDeviation,0.2184324413537979,0.16154766082763672,2.448163600056432
"[8, 8, 23, 8]","['tanh', 'sigmoid', 'sigmoid', 'swish']",0906f608,700,Adam,MaxAbsoluteDeviation,0.27989494800567627,0.1947321891784668,2.450918600021396
"[8, 8, 23, 8]","['tanh', 'sigmoid', 'sigmoid', 'swish']",0906f608,700,Adam,MaxAbsoluteDeviation,0.3231290578842163,0.3186302185058594,2.4365459000109695
"[8, 8, 23]","['tanh', 'sigmoid', 'sigmoid']",0906f6,700,Adam,MaxAbsoluteDeviation,0.14216075837612152,0.21349716186523438,2.307451599976048
"[8, 8, 23]","['tanh', 'sigmoid', 'sigmoid']",0906f6,141,Adam,MaxAbsoluteDeviation,0.9419432282447815,0.9729938507080078,0.7401071999920532
"[8, 8, 23]","['tanh', 'sigmoid', 'sigmoid']",0906f6,100,Adam,MaxAbsoluteDeviation,0.9419432282447815,2.5169544219970703,0.6323795999633148
"[8, 8, 23]","['tanh', 'sigmoid', 'sigmoid']",0906f6,141,Adam,MaxAbsoluteDeviation,0.8955880999565125,0.7269439697265625,0.7372571000014432
"[8, 8, 8]","['tanh', 'sigmoid', 'sigmoid']",090606,141,Adam,MaxAbsoluteDeviation,0.8955880999565125,2.548368453979492,0.7404451000038534
"[8, 8, 8]","['tanh', 'sigmoid', 'sigmoid']",090606,141,Adam,MaxAbsoluteDeviation,0.8955880999565125,8.112737655639648,0.7434491000021808
"[8, 8, 23]","['tanh', 'sigmoid', 'sigmoid']",0906f6,700,Adam,MaxAbsoluteDeviation,0.0779905691742897,0.08110332489013672,2.284354400006123
