"[10, 11, 17]","['tanh', 'tanh', 'swish']",293998,310,Adam,MaxAbsoluteDeviation,0.4074881076812744,0.24525682628154755,3.2431779999751598
"[10, 11, 17, 13]","['tanh', 'tanh', 'swish', 'sigmoid']",29399856,700,Adam,MaxAbsoluteDeviation,0.21292400360107422,0.19618989527225494,7.697050799964927
"[10, 11, 17, 13]","['tanh', 'tanh', 'swish', 'sigmoid']",29399856,123,Adam,MaxAbsoluteDeviation,0.3074404001235962,0.20093795657157898,1.7843581000342965
"[10, 11, 8, 13]","['tanh', 'tanh', 'swish', 'sigmoid']",29390856,123,Adam,MaxAbsoluteDeviation,0.5221273303031921,0.509819746017456,1.7277666999725625
"[10, 11, 8, 13, 23]","['tanh', 'tanh', 'swish', 'sigmoid', 'elu']",29390856f0,123,Adam,MaxAbsoluteDeviation,0.3582245707511902,0.21045978367328644,1.9106025999644771
"[10, 11, 8, 13, 23]","['tanh', 'tanh', 'swish', 'sigmoid', 'elu']",29390856f0,700,Adam,MaxAbsoluteDeviation,0.19336551427841187,0.07217922061681747,8.10445109999273
"[10, 11, 23, 13, 23]","['tanh', 'tanh', 'swish', 'sigmoid', 'elu']",2939f856f0,700,Adam,MaxAbsoluteDeviation,0.2323085069656372,0.0863872691988945,7.900752099929377
"[10, 11, 23, 13, 23]","['swish', 'tanh', 'swish', 'sigmoid', 'elu']",2839f856f0,700,Adam,MaxAbsoluteDeviation,0.16883869469165802,0.09524555504322052,8.192442300030962
"[10, 11, 23, 13, 23, 23]","['swish', 'tanh', 'swish', 'sigmoid', 'elu', 'sigmoid']",2839f856f0f6,700,Adam,MaxAbsoluteDeviation,0.26149773597717285,0.1621520072221756,8.832717100041918
"[10, 11, 23, 13, 23, 23, 22]","['swish', 'tanh', 'swish', 'sigmoid', 'elu', 'sigmoid', 'sigmoid']",2839f856f0f6e6,700,Adam,MaxAbsoluteDeviation,0.2266242653131485,0.1860656887292862,9.257886199979112
"[10, 11, 23, 13, 23, 23, 22]","['swish', 'tanh', 'swish', 'sigmoid', 'elu', 'sigmoid', 'sigmoid']",2839f856f0f6e6,700,Adam,MaxAbsoluteDeviation,0.5292137265205383,0.28237384557724,9.266663199989125
"[23, 11, 23, 13, 23, 23, 22, 16]","['swish', 'tanh', 'swish', 'sigmoid', 'elu', 'sigmoid', 'sigmoid', 'sigmoid']",f839f856f0f6e686,229,Adam,MaxAbsoluteDeviation,0.6849073767662048,0.3200714886188507,3.6436529000056908
"[23, 11, 23, 13, 23, 23, 22, 16]","['swish', 'tanh', 'swish', 'sigmoid', 'elu', 'sigmoid', 'sigmoid', 'elu']",f839f856f0f6e680,100,Adam,MaxAbsoluteDeviation,1.1832389831542969,0.3053605854511261,2.02755880006589
"[23, 11, 23, 13, 23, 23, 22, 16, 10]","['swish', 'tanh', 'swish', 'sigmoid', 'elu', 'sigmoid', 'sigmoid', 'sigmoid', 'elu']",f839f856f0f6e68620,229,Adam,MaxAbsoluteDeviation,0.5986308455467224,0.6337514519691467,3.74357150006108
"[23, 11, 23, 13, 23, 23, 22, 16]","['swish', 'tanh', 'swish', 'sigmoid', 'elu', 'sigmoid', 'sigmoid', 'sigmoid']",f839f856f0f6e686,229,Adam,MaxAbsoluteDeviation,0.6321333646774292,0.5045044422149658,3.5557800999376923
"[23, 11, 23, 13, 23, 23, 23, 16]","['swish', 'tanh', 'swish', 'sigmoid', 'elu', 'sigmoid', 'sigmoid', 'sigmoid']",f839f856f0f6f686,700,Adam,MaxAbsoluteDeviation,0.5085445642471313,0.2627503275871277,9.781090499949642
"[23, 11, 23, 13, 23, 23, 23]","['swish', 'tanh', 'swish', 'sigmoid', 'elu', 'sigmoid', 'sigmoid']",f839f856f0f6f6,700,Adam,MaxAbsoluteDeviation,0.3544789254665375,0.22011353075504303,8.848544299951755
"[23, 11, 23, 13, 23, 23]","['swish', 'tanh', 'swish', 'sigmoid', 'elu', 'sigmoid']",f839f856f0f6,700,Adam,MaxAbsoluteDeviation,0.3407849073410034,0.28058913350105286,8.396375400014222
"[23, 11, 23, 13, 23, 23, 19]","['swish', 'tanh', 'swish', 'sigmoid', 'elu', 'sigmoid', 'elu']",f839f856f0f6b0,700,Adam,MaxAbsoluteDeviation,0.3211665749549866,0.20077629387378693,8.676518100081012
"[23, 11, 23, 13, 23, 23, 19]","['swish', 'tanh', 'swish', 'sigmoid', 'elu', 'sigmoid', 'elu']",f839f856f0f6b0,700,Adam,MaxAbsoluteDeviation,0.41526466608047485,0.22563956677913666,8.703206600039266
"[23, 11, 23, 13, 23, 23, 19, 9]","['swish', 'tanh', 'swish', 'sigmoid', 'elu', 'sigmoid', 'elu', 'swish']",f839f856f0f6b018,700,Adam,MaxAbsoluteDeviation,0.3436080813407898,0.2528132498264313,9.443313300027512
"[23, 11, 23, 13, 23, 23, 8, 9]","['swish', 'tanh', 'swish', 'sigmoid', 'elu', 'sigmoid', 'elu', 'swish']",f839f856f0f60018,700,Adam,MaxAbsoluteDeviation,0.7919784784317017,0.4232803285121918,9.238792599993758
"[23, 8, 23, 13, 23, 23, 8, 9]","['swish', 'tanh', 'swish', 'sigmoid', 'elu', 'sigmoid', 'elu', 'swish']",f809f856f0f60018,700,Adam,MaxAbsoluteDeviation,0.5354196429252625,0.48446524143218994,9.481008799979463
"[23, 8, 23, 13, 23, 23, 8, 9]","['swish', 'tanh', 'swish', 'sigmoid', 'elu', 'sigmoid', 'elu', 'swish']",f809f856f0f60018,700,Adam,MaxAbsoluteDeviation,0.28691262006759644,0.10539396107196808,9.439666099962778
"[23, 8, 23, 13, 23, 23, 8, 9, 10]","['swish', 'tanh', 'swish', 'sigmoid', 'elu', 'sigmoid', 'elu', 'swish', 'elu']",f809f856f0f6001820,700,Adam,MaxAbsoluteDeviation,0.30985939502716064,0.23911821842193604,9.803381499950774
"[23, 8, 23, 13, 23, 23, 8, 9]","['swish', 'tanh', 'swish', 'sigmoid', 'elu', 'sigmoid', 'elu', 'swish']",f809f856f0f60018,700,Adam,MaxAbsoluteDeviation,0.5402586460113525,0.45721137523651123,9.127937499899417
"[23, 8, 23, 13, 23, 23, 8, 9]","['swish', 'tanh', 'swish', 'sigmoid', 'elu', 'sigmoid', 'elu', 'swish']",f809f856f0f60018,700,Adam,MaxAbsoluteDeviation,0.29259297251701355,0.182144895195961,13.036047799978405
"[23, 23, 23, 13, 23, 23, 8, 9]","['swish', 'tanh', 'swish', 'sigmoid', 'elu', 'sigmoid', 'elu', 'swish']",f8f9f856f0f60018,700,Adam,MaxAbsoluteDeviation,0.3126487135887146,0.1829141229391098,11.522726899944246
"[23, 23, 23, 13, 23, 23, 8, 9, 12]","['swish', 'tanh', 'swish', 'sigmoid', 'elu', 'sigmoid', 'elu', 'swish', 'sigmoid']",f8f9f856f0f6001846,700,Adam,MaxAbsoluteDeviation,0.6178361177444458,0.29416602849960327,12.074725199956447
"[8, 23, 23, 13, 23, 23, 8, 9]","['swish', 'tanh', 'swish', 'sigmoid', 'elu', 'sigmoid', 'elu', 'swish']",08f9f856f0f60018,700,Adam,MaxAbsoluteDeviation,0.3602477014064789,0.28784075379371643,11.283776800031774
"[8, 23, 23, 13, 23, 23, 8, 9, 11]","['swish', 'tanh', 'swish', 'sigmoid', 'elu', 'sigmoid', 'elu', 'swish', 'swish']",08f9f856f0f6001838,700,Adam,MaxAbsoluteDeviation,0.4440813362598419,0.2942420542240143,11.945001700078137
"[8, 23, 23, 13, 23, 23, 8, 9, 11]","['swish', 'tanh', 'swish', 'sigmoid', 'elu', 'sigmoid', 'elu', 'swish', 'swish']",08f9f856f0f6001838,700,Adam,MaxAbsoluteDeviation,0.517439603805542,0.12210222333669662,12.091855200007558
"[8, 23, 23, 13, 23, 23, 8, 9, 11, 8]","['swish', 'tanh', 'swish', 'sigmoid', 'elu', 'sigmoid', 'elu', 'swish', 'swish', 'tanh']",08f9f856f0f600183809,700,Adam,MaxAbsoluteDeviation,9.056197166442871,6.7144999504089355,12.570352799957618
"[8, 23, 23, 13, 23, 23, 8, 9, 11]","['swish', 'tanh', 'swish', 'sigmoid', 'elu', 'sigmoid', 'elu', 'swish', 'swish']",08f9f856f0f6001838,700,Adam,MaxAbsoluteDeviation,0.32702597975730896,0.14987626671791077,12.328256199951284
"[8, 23, 23, 13, 23, 23, 8, 9, 11]","['swish', 'tanh', 'swish', 'sigmoid', 'elu', 'sigmoid', 'elu', 'swish', 'swish']",08f9f856f0f6001838,700,Adam,MaxAbsoluteDeviation,0.41250550746917725,0.20540980994701385,12.145460100029595
"[8, 23, 23, 13, 23, 23, 8, 9, 11]","['swish', 'tanh', 'swish', 'sigmoid', 'elu', 'sigmoid', 'elu', 'swish', 'swish']",08f9f856f0f6001838,700,Adam,MaxAbsoluteDeviation,0.39444300532341003,0.19271399080753326,12.203252599923871
"[8, 23, 23, 13, 23, 23, 8, 9, 11]","['swish', 'tanh', 'swish', 'sigmoid', 'elu', 'sigmoid', 'elu', 'swish', 'swish']",08f9f856f0f6001838,700,Adam,MaxAbsoluteDeviation,0.8314235806465149,0.5209966897964478,13.258309999946505
"[8, 23, 23, 13, 23, 23, 8, 9, 11]","['swish', 'tanh', 'swish', 'sigmoid', 'elu', 'sigmoid', 'elu', 'swish', 'swish']",08f9f856f0f6001838,700,Adam,MaxAbsoluteDeviation,0.4255894422531128,0.30233243107795715,11.866356799961068
"[8, 23, 23, 13, 23, 23, 8, 9, 11]","['swish', 'tanh', 'swish', 'sigmoid', 'elu', 'swish', 'elu', 'swish', 'swish']",08f9f856f0f8001838,700,Adam,MaxAbsoluteDeviation,0.22858424484729767,0.10815933346748352,11.7772607000079
"[23, 23, 23, 13, 23, 23, 8, 9, 11, 23]","['swish', 'tanh', 'swish', 'sigmoid', 'elu', 'swish', 'elu', 'swish', 'swish', 'swish']",f8f9f856f0f8001838f8,700,Adam,MaxAbsoluteDeviation,0.48435431718826294,0.20529258251190186,12.519020200008526
"[23, 23, 23, 13, 23, 23, 8, 9, 11, 23]","['swish', 'tanh', 'swish', 'sigmoid', 'elu', 'swish', 'elu', 'swish', 'swish', 'swish']",f8f9f856f0f8001838f8,700,Adam,MaxAbsoluteDeviation,0.6331002116203308,0.21716374158859253,12.199512899969704
"[23, 23, 23, 13, 23, 23, 8, 9, 11, 23, 12]","['swish', 'tanh', 'swish', 'sigmoid', 'elu', 'swish', 'elu', 'swish', 'swish', 'swish', 'sigmoid']",f8f9f856f0f8001838f846,700,Adam,MaxAbsoluteDeviation,9.113994598388672,6.767637729644775,13.003367300028913
"[23, 23, 23, 13, 23, 23, 8, 9, 11, 23]","['swish', 'tanh', 'swish', 'sigmoid', 'elu', 'swish', 'elu', 'swish', 'swish', 'swish']",f8f9f856f0f8001838f8,700,Adam,MaxAbsoluteDeviation,0.7856707572937012,0.2588444650173187,12.395431600045413
"[23, 23, 23, 13, 23, 23, 8, 9, 11, 23]","['swish', 'tanh', 'swish', 'sigmoid', 'elu', 'swish', 'elu', 'swish', 'swish', 'swish']",f8f9f856f0f8001838f8,700,Adam,MaxAbsoluteDeviation,0.4506726861000061,0.4041638970375061,11.94657560007181
"[23, 23, 23, 13, 23, 23, 8, 9, 11, 23]","['swish', 'tanh', 'swish', 'sigmoid', 'elu', 'swish', 'elu', 'elu', 'swish', 'swish']",f8f9f856f0f8001038f8,700,Adam,MaxAbsoluteDeviation,0.40255820751190186,0.17697659134864807,12.162412699894048
"[23, 23, 23, 13, 23, 23, 8, 9, 11, 23]","['swish', 'tanh', 'swish', 'sigmoid', 'elu', 'swish', 'elu', 'sigmoid', 'swish', 'swish']",f8f9f856f0f8001638f8,700,Adam,MaxAbsoluteDeviation,0.4029845893383026,0.13124248385429382,12.426278400002047
"[23, 23, 23, 13, 23, 23, 8, 9, 11, 23]","['swish', 'tanh', 'swish', 'sigmoid', 'elu', 'swish', 'elu', 'sigmoid', 'swish', 'swish']",f8f9f856f0f8001638f8,700,Adam,MaxAbsoluteDeviation,0.5030167102813721,0.3146234452724457,12.423841900075786
"[23, 23, 23, 13, 23, 23, 8, 9, 11, 23]","['swish', 'tanh', 'swish', 'sigmoid', 'elu', 'swish', 'elu', 'swish', 'swish', 'swish']",f8f9f856f0f8001838f8,700,Adam,MaxAbsoluteDeviation,0.33212798833847046,0.1269567906856537,12.421334799961187
"[23, 23, 23, 13, 23, 23, 8, 9, 11, 23]","['swish', 'tanh', 'swish', 'sigmoid', 'elu', 'swish', 'elu', 'swish', 'swish', 'swish']",f8f9f856f0f8001838f8,700,Adam,MaxAbsoluteDeviation,0.41454941034317017,0.18945762515068054,12.303141699987464
"[23, 23, 23, 13, 23, 23, 8, 9, 11, 23, 10]","['swish', 'tanh', 'swish', 'sigmoid', 'elu', 'swish', 'elu', 'swish', 'swish', 'swish', 'tanh']",f8f9f856f0f8001838f829,700,Adam,MaxAbsoluteDeviation,9.093801498413086,6.786791801452637,13.016571699990891
"[23, 23, 23, 13, 23, 23, 8, 9, 11, 23]","['swish', 'tanh', 'swish', 'sigmoid', 'elu', 'swish', 'elu', 'swish', 'swish', 'swish']",f8f9f856f0f8001838f8,700,Adam,MaxAbsoluteDeviation,0.4641483426094055,0.33234986662864685,12.391727700014599
"[23, 23, 23, 13, 23, 23, 8, 9, 11, 23]","['swish', 'tanh', 'elu', 'sigmoid', 'elu', 'swish', 'elu', 'swish', 'swish', 'swish']",f8f9f056f0f8001838f8,700,Adam,MaxAbsoluteDeviation,0.34019935131073,0.2101442962884903,14.810244500054978
"[23, 23, 23, 13, 23, 23, 8, 9, 11, 23]","['swish', 'tanh', 'elu', 'sigmoid', 'elu', 'swish', 'elu', 'swish', 'swish', 'swish']",f8f9f056f0f8001838f8,700,Adam,MaxAbsoluteDeviation,0.5150769352912903,0.3297651708126068,13.291376400040463
"[23, 23, 23, 23, 23, 23, 8, 9, 11, 23]","['swish', 'tanh', 'elu', 'sigmoid', 'elu', 'swish', 'elu', 'swish', 'swish', 'swish']",f8f9f0f6f0f8001838f8,700,Adam,MaxAbsoluteDeviation,0.6422663927078247,0.590904176235199,12.781093599973246
"[23, 23, 23, 23, 23, 23, 8, 9, 11, 23]","['swish', 'tanh', 'elu', 'sigmoid', 'elu', 'swish', 'elu', 'swish', 'swish', 'swish']",f8f9f0f6f0f8001838f8,700,Adam,MaxAbsoluteDeviation,0.6040225028991699,0.41883841156959534,13.063723200000823
"[23, 8, 23, 23, 23, 23, 8, 9, 11, 23]","['swish', 'tanh', 'elu', 'sigmoid', 'elu', 'swish', 'elu', 'swish', 'swish', 'swish']",f809f0f6f0f8001838f8,700,Adam,MaxAbsoluteDeviation,0.2853073477745056,0.3685787320137024,12.954786299960688
"[23, 8, 23, 23, 23, 23, 8, 9, 11, 23]","['swish', 'tanh', 'elu', 'sigmoid', 'elu', 'swish', 'elu', 'swish', 'swish', 'swish']",f809f0f6f0f8001838f8,700,Adam,MaxAbsoluteDeviation,0.6651553511619568,0.1324159801006317,12.880443600006402
"[23, 8, 23, 23, 23, 23, 8, 9, 11, 23]","['swish', 'tanh', 'elu', 'sigmoid', 'elu', 'swish', 'elu', 'swish', 'swish', 'swish']",f809f0f6f0f8001838f8,700,Adam,MaxAbsoluteDeviation,0.6361618638038635,0.25079238414764404,12.449874299927615
"[23, 8, 23, 23, 23, 23, 8, 9, 11, 23]","['swish', 'tanh', 'elu', 'sigmoid', 'elu', 'swish', 'elu', 'swish', 'swish', 'swish']",f809f0f6f0f8001838f8,700,Adam,MaxAbsoluteDeviation,0.35587501525878906,0.2581726312637329,12.198002899996936
"[23, 8, 23, 23, 23, 23, 8, 9, 11, 23]","['swish', 'tanh', 'elu', 'sigmoid', 'elu', 'swish', 'elu', 'swish', 'swish', 'swish']",f809f0f6f0f8001838f8,275,Adam,MaxAbsoluteDeviation,0.5822093486785889,0.38095012307167053,5.557899000006728
"[23, 8, 23, 23, 23, 23, 8, 9, 11, 23, 10]","['swish', 'tanh', 'elu', 'sigmoid', 'elu', 'swish', 'elu', 'swish', 'swish', 'swish', 'sigmoid']",f809f0f6f0f8001838f826,275,Adam,MaxAbsoluteDeviation,9.102226257324219,6.836082935333252,5.794495199923404
"[23, 8, 23, 23, 23, 23, 8, 9, 11, 23]","['swish', 'tanh', 'elu', 'sigmoid', 'elu', 'swish', 'elu', 'swish', 'swish', 'swish']",f809f0f6f0f8001838f8,700,Adam,MaxAbsoluteDeviation,0.4761216640472412,0.31024548411369324,12.17151329992339
"[23, 8, 23, 23, 23, 23, 8, 9, 11, 23, 10]","['swish', 'tanh', 'elu', 'sigmoid', 'elu', 'swish', 'elu', 'swish', 'swish', 'swish', 'swish']",f809f0f6f0f8001838f828,700,Adam,MaxAbsoluteDeviation,0.42415377497673035,0.10767629742622375,13.371503000031225
"[23, 8, 23, 23, 23, 23, 8, 9, 11, 23, 10]","['swish', 'tanh', 'elu', 'sigmoid', 'elu', 'swish', 'elu', 'swish', 'swish', 'swish', 'swish']",f809f0f6f0f8001838f828,436,Adam,MaxAbsoluteDeviation,1.0869263410568237,0.28020575642585754,8.665214300039224
"[23, 8, 23, 23, 23, 23, 8, 9, 11, 23, 10, 22]","['swish', 'tanh', 'elu', 'sigmoid', 'elu', 'swish', 'elu', 'swish', 'swish', 'swish', 'swish', 'swish']",f809f0f6f0f8001838f828e8,700,Adam,MaxAbsoluteDeviation,0.5165355205535889,0.33272674679756165,13.776167800067924
"[23, 8, 23, 23, 23, 23, 8, 9, 11, 23, 10, 22]","['swish', 'tanh', 'elu', 'sigmoid', 'elu', 'swish', 'elu', 'swish', 'swish', 'swish', 'swish', 'swish']",f809f0f6f0f8001838f828e8,700,Adam,MaxAbsoluteDeviation,0.5290808081626892,0.19330458343029022,13.897268300061114
"[23, 8, 23, 23, 23, 23, 8, 9, 11, 23, 10, 22, 20]","['swish', 'tanh', 'elu', 'sigmoid', 'elu', 'swish', 'elu', 'swish', 'swish', 'swish', 'swish', 'swish', 'elu']",f809f0f6f0f8001838f828e8c0,700,Adam,MaxAbsoluteDeviation,0.3886786997318268,0.22138696908950806,14.437342300079763
"[23, 8, 23, 23, 23, 23, 8, 9, 11, 23, 10, 22, 20]","['swish', 'tanh', 'elu', 'sigmoid', 'elu', 'swish', 'elu', 'swish', 'swish', 'swish', 'swish', 'swish', 'elu']",f809f0f6f0f8001838f828e8c0,700,Adam,MaxAbsoluteDeviation,0.8387413024902344,0.8204936981201172,13.970339099992998
"[23, 8, 23, 23, 23, 23, 8, 9, 11, 23, 10, 22, 20]","['swish', 'tanh', 'elu', 'sigmoid', 'elu', 'swish', 'elu', 'swish', 'swish', 'swish', 'swish', 'swish', 'elu']",f809f0f6f0f8001838f828e8c0,700,Adam,MaxAbsoluteDeviation,0.4479498565196991,0.22014112770557404,13.989654300035909
"[23, 8, 23, 23, 23, 23, 8, 9, 11, 23, 10, 22, 20, 8]","['swish', 'tanh', 'elu', 'sigmoid', 'elu', 'swish', 'elu', 'swish', 'swish', 'swish', 'swish', 'swish', 'elu', 'sigmoid']",f809f0f6f0f8001838f828e8c006,700,Adam,MaxAbsoluteDeviation,9.08407974243164,6.811979293823242,14.668825099943206
"[23, 8, 23, 23, 23, 23, 8, 9, 11, 23, 10, 22, 20]","['swish', 'tanh', 'elu', 'sigmoid', 'elu', 'swish', 'elu', 'swish', 'swish', 'swish', 'swish', 'swish', 'elu']",f809f0f6f0f8001838f828e8c0,700,Adam,MaxAbsoluteDeviation,0.5057441592216492,0.41436290740966797,14.130245800013654
"[23, 8, 23, 8, 23, 23, 8, 9, 11, 23, 10, 22, 20]","['swish', 'tanh', 'elu', 'sigmoid', 'elu', 'swish', 'elu', 'swish', 'swish', 'swish', 'swish', 'swish', 'elu']",f809f006f0f8001838f828e8c0,700,Adam,MaxAbsoluteDeviation,0.3850795328617096,0.18886084854602814,13.766455700038932
"[23, 8, 23, 8, 23, 23, 8, 9, 11, 23, 10, 22, 20, 23]","['swish', 'tanh', 'elu', 'sigmoid', 'elu', 'swish', 'elu', 'swish', 'swish', 'swish', 'swish', 'swish', 'elu', 'swish']",f809f006f0f8001838f828e8c0f8,700,Adam,MaxAbsoluteDeviation,0.531926155090332,0.28688156604766846,14.60006520000752
"[23, 8, 23, 8, 23, 23, 8, 9, 11, 23, 10, 22, 20, 23]","['swish', 'tanh', 'elu', 'sigmoid', 'elu', 'swish', 'elu', 'swish', 'swish', 'swish', 'swish', 'swish', 'elu', 'swish']",f809f006f0f8001838f828e8c0f8,700,Adam,MaxAbsoluteDeviation,0.5818630456924438,0.33024123311042786,17.95319190004375
"[23, 8, 23, 8, 23, 23, 8, 9, 11, 23, 10, 22, 20, 23]","['swish', 'tanh', 'elu', 'sigmoid', 'elu', 'swish', 'elu', 'swish', 'swish', 'swish', 'swish', 'swish', 'elu', 'swish']",f809f006f0f8001838f828e8c0f8,444,Adam,MaxAbsoluteDeviation,0.5256386995315552,0.4433821141719818,10.88158389995806
"[23, 8, 23, 8, 23, 23, 8, 9, 11, 23, 10, 22, 20, 23]","['swish', 'tanh', 'elu', 'sigmoid', 'elu', 'swish', 'elu', 'swish', 'swish', 'swish', 'swish', 'swish', 'elu', 'swish']",f809f006f0f8001838f828e8c0f8,700,Adam,MaxAbsoluteDeviation,0.593039333820343,0.3510079085826874,16.14981540001463
"[23, 8, 23, 8, 23, 23, 8, 9, 11, 23, 10, 22, 20, 23]","['swish', 'tanh', 'elu', 'sigmoid', 'elu', 'swish', 'elu', 'swish', 'elu', 'swish', 'swish', 'swish', 'elu', 'swish']",f809f006f0f8001830f828e8c0f8,700,Adam,MaxAbsoluteDeviation,0.5675170421600342,0.20400168001651764,15.901638300041668
"[23, 8, 23, 8, 23, 23, 8, 9, 11, 23, 10, 22, 20, 23, 18]","['swish', 'tanh', 'elu', 'sigmoid', 'elu', 'swish', 'elu', 'swish', 'elu', 'swish', 'swish', 'swish', 'elu', 'swish', 'elu']",f809f006f0f8001830f828e8c0f8a0,700,Adam,MaxAbsoluteDeviation,0.5169162154197693,0.23751667141914368,17.235943700070493
"[23, 8, 23, 8, 23, 23, 8, 9, 11, 23, 10, 22, 20, 23, 18, 22]","['swish', 'tanh', 'elu', 'sigmoid', 'elu', 'swish', 'elu', 'swish', 'elu', 'swish', 'swish', 'swish', 'elu', 'swish', 'elu', 'sigmoid']",f809f006f0f8001830f828e8c0f8a0e6,700,Adam,MaxAbsoluteDeviation,9.137595176696777,6.846399307250977,17.45610409998335
"[23, 8, 23, 8, 23, 23, 8, 9, 11, 23, 10, 22, 20, 23, 8, 9]","['swish', 'tanh', 'elu', 'sigmoid', 'elu', 'swish', 'elu', 'swish', 'elu', 'swish', 'swish', 'swish', 'elu', 'swish', 'elu', 'elu']",f809f006f0f8001830f828e8c0f80010,700,Adam,MaxAbsoluteDeviation,0.8560743927955627,0.705769956111908,17.048313200008124
"[23, 8, 23, 8, 23, 23, 8, 9, 11, 23, 10, 22, 20, 23, 8, 9]","['swish', 'tanh', 'elu', 'sigmoid', 'elu', 'swish', 'elu', 'swish', 'elu', 'swish', 'swish', 'swish', 'elu', 'swish', 'elu', 'elu']",f809f006f0f8001830f828e8c0f80010,694,Adam,MaxAbsoluteDeviation,0.7674863934516907,0.4236834645271301,17.190227199927904
"[23, 8, 23, 8, 23, 23, 8, 9, 11, 23, 10, 22, 20, 23, 8, 9]","['swish', 'tanh', 'elu', 'sigmoid', 'elu', 'swish', 'elu', 'swish', 'elu', 'swish', 'swish', 'swish', 'elu', 'swish', 'elu', 'sigmoid']",f809f006f0f8001830f828e8c0f80016,694,Adam,MaxAbsoluteDeviation,9.04826545715332,6.701607704162598,17.099074200028554
"[23, 8, 23, 8, 23, 23, 8, 9, 11, 23, 10, 22, 20, 23, 8, 9, 12]","['swish', 'tanh', 'elu', 'sigmoid', 'elu', 'swish', 'elu', 'swish', 'elu', 'swish', 'swish', 'swish', 'elu', 'swish', 'elu', 'elu', 'swish']",f809f006f0f8001830f828e8c0f8001048,694,Adam,MaxAbsoluteDeviation,0.9312904477119446,0.5237203240394592,17.688552899984643
"[23, 8, 23, 8, 23, 23, 8, 9, 11, 23, 10, 22, 20, 23, 8, 9, 10]","['swish', 'tanh', 'elu', 'sigmoid', 'elu', 'swish', 'elu', 'swish', 'elu', 'swish', 'swish', 'swish', 'elu', 'swish', 'elu', 'elu', 'sigmoid']",f809f006f0f8001830f828e8c0f8001026,694,Adam,MaxAbsoluteDeviation,9.108992576599121,6.717623710632324,17.50481579999905
"[8, 8, 23, 8, 23, 8, 8, 9, 11, 23, 10, 22, 20, 23, 8, 22]","['swish', 'tanh', 'elu', 'sigmoid', 'elu', 'swish', 'elu', 'swish', 'elu', 'swish', 'swish', 'swish', 'elu', 'swish', 'elu', 'swish']",0809f006f008001830f828e8c0f800e8,694,Adam,MaxAbsoluteDeviation,0.4477754533290863,0.10799520462751389,16.740786400041543
"[8, 8, 23, 8, 23, 8, 8, 9, 11, 23, 10, 22, 20, 23, 8, 22, 10]","['swish', 'tanh', 'elu', 'sigmoid', 'elu', 'swish', 'elu', 'swish', 'elu', 'swish', 'swish', 'swish', 'elu', 'swish', 'elu', 'swish', 'elu']",0809f006f008001830f828e8c0f800e820,694,Adam,MaxAbsoluteDeviation,0.5481440424919128,0.2507439851760864,17.725669399951585
"[8, 8, 23, 8, 23, 8, 8, 9, 11, 23, 10, 22, 20, 23, 8, 22, 10]","['swish', 'tanh', 'elu', 'sigmoid', 'elu', 'swish', 'elu', 'elu', 'elu', 'swish', 'swish', 'swish', 'elu', 'swish', 'elu', 'swish', 'elu']",0809f006f008001030f828e8c0f800e820,694,Adam,MaxAbsoluteDeviation,0.8505958318710327,0.602162778377533,17.394484900054522
"[8, 8, 23, 8, 23, 8, 8, 9, 8, 23, 10, 22, 23, 23, 8, 22, 10]","['swish', 'tanh', 'elu', 'sigmoid', 'elu', 'swish', 'elu', 'swish', 'elu', 'swish', 'swish', 'swish', 'elu', 'swish', 'elu', 'swish', 'elu']",0809f006f008001800f828e8f0f800e820,233,Adam,MaxAbsoluteDeviation,0.7999619245529175,0.32513004541397095,6.754175000009127
"[8, 8, 23, 8, 23, 8, 8, 9, 8, 23, 10, 22, 23, 23, 8, 22, 10, 17]","['swish', 'tanh', 'elu', 'sigmoid', 'elu', 'swish', 'elu', 'swish', 'elu', 'swish', 'swish', 'swish', 'elu', 'swish', 'elu', 'swish', 'elu', 'swish']",0809f006f008001800f828e8f0f800e82098,233,Adam,MaxAbsoluteDeviation,9.077550888061523,6.537703037261963,6.894268799922429
"[8, 8, 23, 8, 23, 8, 8, 9, 8, 23, 10, 22, 23, 23, 8, 22, 10]","['swish', 'tanh', 'elu', 'sigmoid', 'elu', 'swish', 'elu', 'swish', 'elu', 'swish', 'swish', 'swish', 'elu', 'swish', 'elu', 'swish', 'elu']",0809f006f008001800f828e8f0f800e820,700,Adam,MaxAbsoluteDeviation,0.6856359839439392,0.4810852110385895,17.54204790003132
"[8, 8, 23, 8, 23, 8, 8, 9, 8, 23, 10, 22, 23, 23, 8, 22]","['swish', 'tanh', 'elu', 'sigmoid', 'elu', 'swish', 'elu', 'swish', 'elu', 'swish', 'swish', 'swish', 'elu', 'swish', 'elu', 'swish']",0809f006f008001800f828e8f0f800e8,700,Adam,MaxAbsoluteDeviation,0.4650075435638428,0.23951423168182373,16.26488209993113
"[8, 8, 23, 8, 23, 8, 8, 9, 8, 23, 10, 22, 23, 23, 8, 22]","['swish', 'tanh', 'elu', 'sigmoid', 'elu', 'sigmoid', 'elu', 'swish', 'elu', 'swish', 'swish', 'swish', 'elu', 'swish', 'elu', 'swish']",0809f006f006001800f828e8f0f800e8,700,Adam,MaxAbsoluteDeviation,0.6401911973953247,0.374606728553772,19.333193500060588
"[8, 8, 23, 8, 23, 8, 8, 9, 8, 23, 10, 22, 23, 23, 8, 22]","['swish', 'tanh', 'elu', 'sigmoid', 'elu', 'sigmoid', 'elu', 'swish', 'elu', 'swish', 'swish', 'swish', 'elu', 'swish', 'elu', 'swish']",0809f006f006001800f828e8f0f800e8,700,Adam,MaxAbsoluteDeviation,0.8433303236961365,0.692348301410675,17.86246570001822
"[8, 8, 8, 8, 23, 8, 8, 9, 8, 23, 10, 22, 23, 23, 8, 22]","['swish', 'tanh', 'elu', 'sigmoid', 'elu', 'sigmoid', 'elu', 'swish', 'elu', 'swish', 'swish', 'swish', 'elu', 'swish', 'elu', 'swish']",08090006f006001800f828e8f0f800e8,700,Adam,MaxAbsoluteDeviation,0.6531413197517395,0.693266749382019,17.92506699997466
"[8, 8, 8, 8, 23, 8, 8, 9, 8, 23, 10, 22, 23, 23, 8, 22, 14]","['swish', 'tanh', 'elu', 'sigmoid', 'elu', 'sigmoid', 'elu', 'swish', 'elu', 'swish', 'swish', 'swish', 'elu', 'swish', 'elu', 'swish', 'sigmoid']",08090006f006001800f828e8f0f800e866,700,Adam,MaxAbsoluteDeviation,9.097501754760742,6.722158908843994,18.48801019997336
"[8, 8, 8, 8, 23, 8, 8, 9, 8, 23, 10, 22, 23, 23, 8]","['swish', 'tanh', 'elu', 'sigmoid', 'elu', 'sigmoid', 'elu', 'swish', 'elu', 'swish', 'swish', 'swish', 'elu', 'swish', 'elu']",08090006f006001800f828e8f0f800,700,Adam,MaxAbsoluteDeviation,0.45879197120666504,0.23950636386871338,16.951821999973617
"[8, 8, 8, 8, 23, 8, 8, 9, 8, 23, 10, 23, 23, 23, 8]","['swish', 'tanh', 'elu', 'sigmoid', 'elu', 'sigmoid', 'elu', 'swish', 'elu', 'swish', 'swish', 'swish', 'elu', 'swish', 'elu']",08090006f006001800f828f8f0f800,700,Adam,MaxAbsoluteDeviation,0.45952308177948,0.1975460946559906,17.153736099950038
"[8, 8, 8, 8, 23, 8, 8, 9, 8, 23, 10, 23, 23, 23, 8]","['swish', 'tanh', 'sigmoid', 'sigmoid', 'elu', 'sigmoid', 'elu', 'swish', 'elu', 'swish', 'swish', 'swish', 'elu', 'swish', 'elu']",08090606f006001800f828f8f0f800,700,Adam,MaxAbsoluteDeviation,0.7459428310394287,0.5359333157539368,16.926902499981225
"[8, 8, 8, 8, 23, 8, 8, 23, 8, 23, 10, 23, 23, 23, 8]","['swish', 'tanh', 'sigmoid', 'sigmoid', 'elu', 'sigmoid', 'elu', 'swish', 'elu', 'swish', 'swish', 'swish', 'elu', 'swish', 'elu']",08090606f00600f800f828f8f0f800,700,Adam,MaxAbsoluteDeviation,0.439052015542984,0.4572513699531555,16.447808800032362
"[8, 8, 8, 8, 23, 8, 8, 23, 8, 23, 10, 23, 23, 23, 8, 14]","['swish', 'tanh', 'sigmoid', 'sigmoid', 'elu', 'sigmoid', 'elu', 'swish', 'elu', 'swish', 'swish', 'swish', 'elu', 'swish', 'elu', 'tanh']",08090606f00600f800f828f8f0f80069,700,Adam,MaxAbsoluteDeviation,9.095744132995605,6.8111467361450195,17.51841780007817
"[8, 8, 8, 8, 23, 8, 8, 23, 8, 23, 10, 23, 23, 23, 8]","['swish', 'tanh', 'sigmoid', 'sigmoid', 'elu', 'sigmoid', 'elu', 'swish', 'elu', 'swish', 'swish', 'swish', 'elu', 'swish', 'elu']",08090606f00600f800f828f8f0f800,700,Adam,MaxAbsoluteDeviation,0.48449501395225525,0.6554207801818848,16.83365409995895
"[8, 8, 8, 8, 23, 8, 8, 23, 8, 23, 23, 23, 23, 23, 8]","['swish', 'tanh', 'sigmoid', 'sigmoid', 'elu', 'sigmoid', 'elu', 'tanh', 'elu', 'swish', 'swish', 'swish', 'elu', 'swish', 'elu']",08090606f00600f900f8f8f8f0f800,700,Adam,MaxAbsoluteDeviation,9.150247573852539,6.749220371246338,16.41372189996764
"[8, 8, 8, 8, 23, 8, 8, 23, 8, 23, 10, 23, 23, 23, 8]","['swish', 'tanh', 'sigmoid', 'sigmoid', 'elu', 'sigmoid', 'elu', 'swish', 'elu', 'swish', 'swish', 'swish', 'elu', 'swish', 'elu']",08090606f00600f800f828f8f0f800,700,Adam,MaxAbsoluteDeviation,0.7165932655334473,0.12203872948884964,16.525260400027037
"[8, 8, 8, 8, 23, 8, 8, 23, 8, 23, 10, 23, 8, 23, 8, 12]","['swish', 'tanh', 'sigmoid', 'sigmoid', 'elu', 'sigmoid', 'elu', 'swish', 'elu', 'swish', 'swish', 'swish', 'elu', 'swish', 'elu', 'elu']",08090606f00600f800f828f800f80040,700,Adam,MaxAbsoluteDeviation,0.5134168863296509,0.18710587918758392,16.801042299950495
"[8, 8, 8, 8, 23, 8, 8, 23, 8, 23, 10, 23, 8, 23, 8, 12]","['swish', 'tanh', 'sigmoid', 'sigmoid', 'elu', 'sigmoid', 'elu', 'swish', 'elu', 'swish', 'swish', 'swish', 'elu', 'swish', 'elu', 'elu']",08090606f00600f800f828f800f80040,700,Adam,MaxAbsoluteDeviation,1.7501168251037598,1.0987462997436523,16.759525800007395
"[8, 8, 8, 8, 23, 8, 8, 23, 8, 23, 10, 23, 8, 23, 8, 12, 11]","['swish', 'tanh', 'sigmoid', 'sigmoid', 'elu', 'sigmoid', 'elu', 'swish', 'elu', 'swish', 'swish', 'swish', 'elu', 'swish', 'elu', 'elu', 'tanh']",08090606f00600f800f828f800f8004039,700,Adam,MaxAbsoluteDeviation,9.000936508178711,6.655642509460449,17.713762899977155
"[8, 8, 8, 8, 23, 8, 8, 23, 8, 23, 10, 23, 8, 23, 8, 12]","['swish', 'tanh', 'sigmoid', 'sigmoid', 'elu', 'sigmoid', 'elu', 'swish', 'elu', 'swish', 'swish', 'swish', 'elu', 'swish', 'elu', 'elu']",08090606f00600f800f828f800f80040,700,Adam,MaxAbsoluteDeviation,0.6412723064422607,0.3316909670829773,16.625828600022942
"[8, 8, 8, 8, 23, 8, 8, 23, 8, 23, 10, 23, 8, 23, 8, 12, 11]","['swish', 'tanh', 'sigmoid', 'sigmoid', 'elu', 'sigmoid', 'elu', 'swish', 'elu', 'swish', 'swish', 'swish', 'elu', 'swish', 'elu', 'elu', 'sigmoid']",08090606f00600f800f828f800f8004036,700,Adam,MaxAbsoluteDeviation,9.149277687072754,6.881173610687256,17.025578000000678
"[8, 8, 8, 8, 23, 8, 8, 23, 8, 23, 10, 23, 8, 23, 8, 12]","['swish', 'tanh', 'sigmoid', 'sigmoid', 'elu', 'sigmoid', 'elu', 'swish', 'elu', 'swish', 'swish', 'swish', 'elu', 'swish', 'elu', 'elu']",08090606f00600f800f828f800f80040,700,Adam,MaxAbsoluteDeviation,0.7022067308425903,0.44735753536224365,16.382606200058945
"[8, 8, 8, 8, 23, 8, 8, 23, 8, 23, 10, 23, 8, 23, 8]","['swish', 'tanh', 'sigmoid', 'sigmoid', 'elu', 'sigmoid', 'elu', 'swish', 'elu', 'swish', 'swish', 'swish', 'elu', 'swish', 'elu']",08090606f00600f800f828f800f800,700,Adam,MaxAbsoluteDeviation,0.5810863971710205,0.19213354587554932,18.439541399944574
"[8, 8, 8, 8, 23, 8, 8, 23, 8, 23, 10, 23, 8, 23, 8]","['swish', 'tanh', 'sigmoid', 'sigmoid', 'elu', 'sigmoid', 'elu', 'swish', 'elu', 'swish', 'swish', 'swish', 'elu', 'swish', 'elu']",08090606f00600f800f828f800f800,497,Adam,MaxAbsoluteDeviation,0.4595149755477905,0.18245211243629456,12.55308410001453
"[8, 8, 8, 8, 23, 8, 8, 23, 8, 23, 10, 23, 8, 23, 8]","['swish', 'tanh', 'sigmoid', 'sigmoid', 'elu', 'sigmoid', 'elu', 'swish', 'elu', 'swish', 'swish', 'swish', 'elu', 'swish', 'elu']",08090606f00600f800f828f800f800,700,Adam,MaxAbsoluteDeviation,0.446443647146225,0.2185107171535492,17.13650779996533
"[8, 8, 8, 8, 23, 8, 8, 23, 8, 23, 10, 23, 8, 23, 8]","['swish', 'tanh', 'sigmoid', 'sigmoid', 'elu', 'sigmoid', 'elu', 'swish', 'elu', 'swish', 'swish', 'swish', 'elu', 'swish', 'elu']",08090606f00600f800f828f800f800,700,Adam,MaxAbsoluteDeviation,0.46904322504997253,0.5674904584884644,17.391576200025156
"[8, 8, 8, 8, 23, 8, 8, 23, 8, 23, 10, 23, 8, 23, 8, 23]","['swish', 'tanh', 'sigmoid', 'sigmoid', 'elu', 'sigmoid', 'elu', 'swish', 'elu', 'swish', 'swish', 'swish', 'elu', 'swish', 'elu', 'sigmoid']",08090606f00600f800f828f800f800f6,700,Adam,MaxAbsoluteDeviation,9.153138160705566,6.772031784057617,17.86862339999061
"[8, 8, 8, 8, 23, 8, 8, 23, 8, 23, 10, 23, 8, 23, 8]","['swish', 'tanh', 'sigmoid', 'sigmoid', 'swish', 'sigmoid', 'elu', 'swish', 'elu', 'swish', 'swish', 'swish', 'elu', 'swish', 'elu']",08090606f80600f800f828f800f800,700,Adam,MaxAbsoluteDeviation,0.9289947748184204,0.5470881462097168,17.183166099945083
"[8, 8, 8, 8, 23, 8, 8, 23, 8, 23, 23, 23, 8, 23, 8, 14]","['swish', 'tanh', 'sigmoid', 'sigmoid', 'swish', 'sigmoid', 'elu', 'swish', 'elu', 'swish', 'swish', 'swish', 'elu', 'swish', 'elu', 'elu']",08090606f80600f800f8f8f800f80060,700,Adam,MaxAbsoluteDeviation,0.9272539019584656,0.7205430865287781,17.751014200039208
"[8, 8, 8, 8, 23, 8, 8, 23, 8, 23, 23, 23, 8, 23, 8, 14]","['swish', 'tanh', 'sigmoid', 'sigmoid', 'swish', 'sigmoid', 'elu', 'swish', 'elu', 'swish', 'swish', 'swish', 'elu', 'swish', 'elu', 'elu']",08090606f80600f800f8f8f800f80060,700,Adam,MaxAbsoluteDeviation,0.6575247049331665,0.2562781870365143,17.56049089995213
"[8, 8, 8, 8, 23, 8, 8, 23, 8, 23, 23, 23, 8, 23, 8, 14]","['swish', 'tanh', 'sigmoid', 'sigmoid', 'swish', 'sigmoid', 'elu', 'swish', 'elu', 'swish', 'swish', 'swish', 'elu', 'swish', 'elu', 'elu']",08090606f80600f800f8f8f800f80060,700,Adam,MaxAbsoluteDeviation,0.6420111060142517,0.21847742795944214,17.514053499908186
"[8, 8, 8, 8, 23, 8, 8, 23, 8, 23, 23, 23, 8, 23, 8, 14]","['swish', 'tanh', 'sigmoid', 'sigmoid', 'swish', 'sigmoid', 'elu', 'swish', 'elu', 'swish', 'swish', 'swish', 'elu', 'swish', 'elu', 'elu']",08090606f80600f800f8f8f800f80060,700,Adam,MaxAbsoluteDeviation,0.38993293046951294,0.22352789342403412,17.33409739995841
"[8, 8, 8, 8, 23, 8, 8, 23, 8, 23, 23, 23, 8, 23, 8, 14]","['swish', 'tanh', 'sigmoid', 'sigmoid', 'swish', 'sigmoid', 'elu', 'swish', 'elu', 'swish', 'swish', 'swish', 'elu', 'swish', 'elu', 'elu']",08090606f80600f800f8f8f800f80060,700,Adam,MaxAbsoluteDeviation,0.6701333522796631,0.16842488944530487,17.216819899971597
"[8, 8, 8, 8, 23, 8, 8, 23, 8, 23, 23, 23, 8, 23, 8, 14]","['swish', 'tanh', 'sigmoid', 'sigmoid', 'swish', 'sigmoid', 'elu', 'swish', 'elu', 'swish', 'swish', 'swish', 'elu', 'swish', 'elu', 'elu']",08090606f80600f800f8f8f800f80060,463,Adam,MaxAbsoluteDeviation,0.4850335717201233,0.30788350105285645,11.399937700014561
"[8, 8, 8, 8, 23, 8, 8, 23, 8, 23, 23, 23, 8, 23, 8, 14]","['swish', 'tanh', 'sigmoid', 'sigmoid', 'swish', 'sigmoid', 'elu', 'swish', 'elu', 'swish', 'swish', 'swish', 'elu', 'swish', 'elu', 'elu']",08090606f80600f800f8f8f800f80060,700,Adam,MaxAbsoluteDeviation,0.37645792961120605,0.13032729923725128,17.113153499900363
"[8, 8, 8, 8, 23, 8, 8, 23, 8, 23, 23, 23, 8, 23, 8, 14]","['swish', 'tanh', 'sigmoid', 'sigmoid', 'swish', 'sigmoid', 'elu', 'swish', 'elu', 'swish', 'swish', 'swish', 'elu', 'swish', 'elu', 'elu']",08090606f80600f800f8f8f800f80060,700,Adam,MaxAbsoluteDeviation,0.5450884699821472,0.1071079820394516,17.405049600056373
"[8, 8, 8, 8, 23, 8, 8, 23, 8, 23, 23, 23, 8, 23, 8, 14]","['swish', 'tanh', 'sigmoid', 'sigmoid', 'swish', 'sigmoid', 'elu', 'swish', 'elu', 'swish', 'swish', 'swish', 'elu', 'swish', 'elu', 'elu']",08090606f80600f800f8f8f800f80060,700,Adam,MaxAbsoluteDeviation,0.5607507824897766,0.7191513776779175,17.066128400037996
"[8, 8, 8, 8, 23, 8, 8, 23, 8, 23, 23, 23, 8, 23, 8, 23]","['swish', 'tanh', 'sigmoid', 'sigmoid', 'swish', 'sigmoid', 'elu', 'swish', 'elu', 'swish', 'swish', 'swish', 'elu', 'swish', 'elu', 'elu']",08090606f80600f800f8f8f800f800f0,700,Adam,MaxAbsoluteDeviation,9.30986213684082,7.009654998779297,16.595629499992356
"[8, 8, 8, 23, 8, 8, 8, 23, 8, 23, 23, 23, 8, 23, 8, 14]","['swish', 'tanh', 'sigmoid', 'sigmoid', 'swish', 'sigmoid', 'elu', 'swish', 'elu', 'swish', 'swish', 'swish', 'elu', 'swish', 'elu', 'elu']",080906f6080600f800f8f8f800f80060,700,Adam,MaxAbsoluteDeviation,9.11266040802002,6.605982780456543,16.706553400028497
"[8, 8, 8, 8, 23, 8, 8, 23, 8, 23, 23, 23, 8, 23, 8, 14]","['swish', 'tanh', 'sigmoid', 'sigmoid', 'swish', 'sigmoid', 'elu', 'swish', 'elu', 'swish', 'swish', 'swish', 'elu', 'swish', 'elu', 'elu']",08090606f80600f800f8f8f800f80060,700,Adam,MaxAbsoluteDeviation,0.32467150688171387,0.22193022072315216,16.694743699976243
"[8, 8, 8, 8, 23, 8, 8, 23, 8, 23, 23, 23, 8, 23, 8, 14]","['swish', 'tanh', 'sigmoid', 'sigmoid', 'swish', 'sigmoid', 'elu', 'swish', 'elu', 'swish', 'swish', 'swish', 'elu', 'swish', 'elu', 'elu']",08090606f80600f800f8f8f800f80060,535,Adam,MaxAbsoluteDeviation,0.33648258447647095,0.06080133467912674,14.157729900092818
"[8, 8, 8, 8, 23, 8, 8, 23, 8, 23, 23, 23, 8, 23, 8, 14]","['swish', 'tanh', 'sigmoid', 'sigmoid', 'swish', 'sigmoid', 'elu', 'swish', 'elu', 'swish', 'swish', 'swish', 'elu', 'swish', 'elu', 'elu']",08090606f80600f800f8f8f800f80060,700,Adam,MaxAbsoluteDeviation,0.40556952357292175,0.4697535037994385,21.440766800078563
"[8, 8, 8, 8, 23, 8, 8, 23, 8, 23, 23, 23, 8, 23, 8, 14]","['swish', 'tanh', 'sigmoid', 'sigmoid', 'swish', 'sigmoid', 'elu', 'swish', 'elu', 'swish', 'swish', 'swish', 'elu', 'swish', 'elu', 'elu']",08090606f80600f800f8f8f800f80060,700,Adam,MaxAbsoluteDeviation,9.062627792358398,6.774770736694336,19.15150330006145
"[8, 8, 8, 8, 23, 8, 8, 23, 8, 23, 23, 23, 8, 23, 8, 14]","['swish', 'tanh', 'sigmoid', 'sigmoid', 'swish', 'sigmoid', 'elu', 'swish', 'elu', 'swish', 'swish', 'swish', 'elu', 'swish', 'elu', 'elu']",08090606f80600f800f8f8f800f80060,454,Adam,MaxAbsoluteDeviation,0.6925590634346008,0.42090168595314026,12.257788700051606
"[8, 8, 8, 8, 23, 8, 8, 23, 8, 23, 23, 23, 8, 23, 8, 14]","['swish', 'tanh', 'sigmoid', 'sigmoid', 'swish', 'sigmoid', 'elu', 'swish', 'elu', 'swish', 'swish', 'swish', 'elu', 'swish', 'elu', 'elu']",08090606f80600f800f8f8f800f80060,700,Adam,MaxAbsoluteDeviation,0.6661050319671631,0.2968352437019348,17.905242000008002
"[8, 8, 8, 8, 23, 8, 8, 23, 8, 23, 23, 23, 8, 23, 8, 14, 16]","['swish', 'tanh', 'sigmoid', 'sigmoid', 'swish', 'sigmoid', 'elu', 'swish', 'elu', 'swish', 'swish', 'swish', 'elu', 'swish', 'elu', 'elu', 'elu']",08090606f80600f800f8f8f800f8006080,700,Adam,MaxAbsoluteDeviation,0.6225312948226929,0.5128951072692871,19.12444719998166
"[8, 8, 8, 8, 23, 8, 8, 23, 8, 23, 23, 23, 8, 23, 8, 14, 16]","['swish', 'tanh', 'sigmoid', 'sigmoid', 'swish', 'sigmoid', 'elu', 'swish', 'elu', 'swish', 'swish', 'swish', 'elu', 'swish', 'elu', 'elu', 'elu']",08090606f80600f800f8f8f800f8006080,700,Adam,MaxAbsoluteDeviation,0.4821174144744873,0.47502821683883667,18.763423099997453
"[8, 8, 8, 8, 23, 8, 8, 23, 8, 23, 23, 23, 8, 23, 8, 14, 16]","['swish', 'tanh', 'sigmoid', 'sigmoid', 'swish', 'sigmoid', 'elu', 'swish', 'elu', 'swish', 'swish', 'swish', 'elu', 'swish', 'elu', 'elu', 'elu']",08090606f80600f800f8f8f800f8006080,700,Adam,MaxAbsoluteDeviation,7.994200229644775,4.493749618530273,18.832226200029254
"[8, 8, 8, 8, 23, 8, 8, 23, 8, 23, 23, 23, 8, 23, 8, 14]","['swish', 'tanh', 'sigmoid', 'sigmoid', 'swish', 'sigmoid', 'elu', 'swish', 'elu', 'swish', 'swish', 'swish', 'elu', 'swish', 'elu', 'elu']",08090606f80600f800f8f8f800f80060,700,Adam,MaxAbsoluteDeviation,0.6890207529067993,0.46521732211112976,18.01768070005346
"[8, 8, 8, 8, 23, 8, 8, 23, 8, 23, 23, 23, 8, 23, 8, 14]","['swish', 'tanh', 'sigmoid', 'sigmoid', 'swish', 'sigmoid', 'elu', 'swish', 'elu', 'swish', 'swish', 'swish', 'elu', 'swish', 'elu', 'elu']",08090606f80600f800f8f8f800f80060,700,Adam,MaxAbsoluteDeviation,0.5597177743911743,0.19652217626571655,17.953846199903637
"[8, 8, 8, 8, 23, 8, 8, 23, 8, 23, 23, 23, 8, 23, 8, 14]","['swish', 'tanh', 'sigmoid', 'sigmoid', 'swish', 'sigmoid', 'elu', 'swish', 'elu', 'swish', 'swish', 'swish', 'elu', 'swish', 'elu', 'elu']",08090606f80600f800f8f8f800f80060,700,Adam,MaxAbsoluteDeviation,0.6696851849555969,0.5293537378311157,17.198444699984975
"[8, 23, 8, 8, 23, 8, 8, 23, 8, 23, 23, 23, 8, 23, 8, 14]","['swish', 'tanh', 'sigmoid', 'sigmoid', 'swish', 'sigmoid', 'elu', 'swish', 'elu', 'swish', 'swish', 'swish', 'elu', 'swish', 'elu', 'elu']",08f90606f80600f800f8f8f800f80060,700,Adam,MaxAbsoluteDeviation,0.7556933760643005,0.4456534683704376,17.87899620004464
"[23, 23, 8, 8, 23, 8, 8, 23, 8, 23, 23, 23, 8, 23, 8, 14]","['swish', 'tanh', 'sigmoid', 'sigmoid', 'swish', 'sigmoid', 'elu', 'swish', 'elu', 'swish', 'swish', 'swish', 'elu', 'swish', 'elu', 'elu']",f8f90606f80600f800f8f8f800f80060,700,Adam,MaxAbsoluteDeviation,0.6417754888534546,0.3461988866329193,17.20285789994523
"[23, 23, 8, 8, 23, 8, 8, 23, 8, 23, 23, 23, 8, 23, 8, 14, 21]","['swish', 'tanh', 'sigmoid', 'sigmoid', 'swish', 'sigmoid', 'elu', 'swish', 'elu', 'swish', 'swish', 'swish', 'elu', 'swish', 'elu', 'elu', 'tanh']",f8f90606f80600f800f8f8f800f80060d9,700,Adam,MaxAbsoluteDeviation,9.021429061889648,6.895979404449463,17.975924600032158
"[23, 23, 8, 8, 23, 8, 8, 23, 8, 23, 23, 23, 8, 23, 8, 14]","['swish', 'tanh', 'sigmoid', 'sigmoid', 'swish', 'sigmoid', 'elu', 'swish', 'elu', 'swish', 'swish', 'swish', 'elu', 'swish', 'elu', 'sigmoid']",f8f90606f80600f800f8f8f800f80066,700,Adam,MaxAbsoluteDeviation,9.031986236572266,6.781858444213867,17.298290299950168
"[23, 23, 8, 8, 23, 8, 8, 23, 8, 23, 23, 23, 8, 23, 8]","['swish', 'tanh', 'sigmoid', 'sigmoid', 'swish', 'sigmoid', 'elu', 'swish', 'elu', 'swish', 'swish', 'swish', 'elu', 'swish', 'elu']",f8f90606f80600f800f8f8f800f800,700,Adam,MaxAbsoluteDeviation,0.5820122361183167,0.30290570855140686,16.826598400017247
"[23, 23, 8, 8, 23, 8, 8, 23, 8, 23, 23, 23, 8, 23, 8]","['swish', 'tanh', 'sigmoid', 'sigmoid', 'swish', 'sigmoid', 'elu', 'swish', 'elu', 'swish', 'swish', 'swish', 'elu', 'swish', 'elu']",f8f90606f80600f800f8f8f800f800,387,Adam,MaxAbsoluteDeviation,0.7998811602592468,0.5894699096679688,9.627042400068603
"[23, 23, 8, 8, 23, 8, 8, 23, 8, 23, 23, 23, 8, 23, 8]","['swish', 'tanh', 'sigmoid', 'sigmoid', 'swish', 'sigmoid', 'elu', 'swish', 'elu', 'swish', 'swish', 'swish', 'elu', 'swish', 'elu']",f8f90606f80600f800f8f8f800f800,700,Adam,MaxAbsoluteDeviation,0.6206590533256531,0.19399377703666687,16.59086410002783
"[23, 23, 8, 8, 23, 8, 8, 23, 8, 23, 23, 23, 8, 23]","['swish', 'tanh', 'sigmoid', 'sigmoid', 'swish', 'sigmoid', 'elu', 'swish', 'elu', 'swish', 'swish', 'swish', 'elu', 'swish']",f8f90606f80600f800f8f8f800f8,700,Adam,MaxAbsoluteDeviation,0.6386511325836182,0.7666977047920227,15.618229699903168
"[23, 23, 8, 8, 23, 8, 8, 23, 8, 23, 23, 23, 8, 23]","['swish', 'tanh', 'sigmoid', 'sigmoid', 'swish', 'sigmoid', 'elu', 'swish', 'elu', 'swish', 'swish', 'swish', 'elu', 'swish']",f8f90606f80600f800f8f8f800f8,700,Adam,MaxAbsoluteDeviation,0.5862917900085449,0.19581088423728943,17.940169199951924
"[23, 23, 8, 8, 23, 8, 8, 23, 8, 23, 23, 23, 8, 23]","['swish', 'tanh', 'sigmoid', 'sigmoid', 'swish', 'sigmoid', 'elu', 'swish', 'elu', 'swish', 'swish', 'swish', 'elu', 'swish']",f8f90606f80600f800f8f8f800f8,700,Adam,MaxAbsoluteDeviation,0.6502699255943298,0.6738889813423157,15.956670199986547
"[23, 23, 8, 8, 23, 8, 8, 23, 8, 23, 23, 23, 8, 23]","['swish', 'tanh', 'sigmoid', 'sigmoid', 'swish', 'sigmoid', 'elu', 'swish', 'elu', 'swish', 'swish', 'swish', 'tanh', 'swish']",f8f90606f80600f800f8f8f809f8,700,Adam,MaxAbsoluteDeviation,9.206379890441895,6.782182693481445,16.32467140001245
"[23, 23, 8, 8, 23, 8, 8, 23, 8, 23, 23, 23, 8, 23]","['swish', 'tanh', 'sigmoid', 'sigmoid', 'swish', 'sigmoid', 'elu', 'swish', 'elu', 'swish', 'swish', 'swish', 'elu', 'swish']",f8f90606f80600f800f8f8f800f8,700,Adam,MaxAbsoluteDeviation,0.44270119071006775,0.2839558720588684,16.34926769998856
"[23, 23, 8, 8, 23, 8, 8, 23, 8, 23, 23, 23, 8, 23, 8]","['swish', 'tanh', 'sigmoid', 'sigmoid', 'swish', 'sigmoid', 'elu', 'swish', 'elu', 'swish', 'swish', 'swish', 'elu', 'swish', 'swish']",f8f90606f80600f800f8f8f800f808,700,Adam,MaxAbsoluteDeviation,0.6053456664085388,0.26761507987976074,16.912075400003232
"[23, 23, 8, 8, 23, 8, 8, 23, 8, 23, 23, 8, 8, 23, 8]","['swish', 'tanh', 'sigmoid', 'sigmoid', 'swish', 'sigmoid', 'elu', 'swish', 'elu', 'swish', 'swish', 'swish', 'elu', 'swish', 'swish']",f8f90606f80600f800f8f80800f808,700,Adam,MaxAbsoluteDeviation,0.4855988025665283,0.19348615407943726,17.37506739993114
"[23, 23, 8, 8, 23, 8, 8, 23, 8, 23, 23, 8, 8, 23]","['swish', 'tanh', 'sigmoid', 'sigmoid', 'swish', 'sigmoid', 'elu', 'swish', 'elu', 'swish', 'swish', 'swish', 'elu', 'swish']",f8f90606f80600f800f8f80800f8,700,Adam,MaxAbsoluteDeviation,1.0437966585159302,0.47356125712394714,16.54518279992044
"[23, 23, 8, 8, 23, 8, 8, 23, 8, 23, 23, 8, 8, 23]","['swish', 'tanh', 'sigmoid', 'sigmoid', 'swish', 'sigmoid', 'elu', 'swish', 'elu', 'swish', 'swish', 'swish', 'elu', 'swish']",f8f90606f80600f800f8f80800f8,700,Adam,MaxAbsoluteDeviation,0.6093032360076904,0.31238049268722534,16.17783440009225
"[23, 23, 8, 8, 23, 8, 8, 23, 8, 23, 23, 8, 8, 23]","['swish', 'tanh', 'sigmoid', 'sigmoid', 'swish', 'sigmoid', 'elu', 'swish', 'elu', 'swish', 'swish', 'swish', 'elu', 'swish']",f8f90606f80600f800f8f80800f8,700,Adam,MaxAbsoluteDeviation,0.45896637439727783,0.31288549304008484,16.035539099946618
"[23, 23, 8, 8, 23, 8, 8, 23, 8, 23, 23, 8, 8, 23]","['swish', 'tanh', 'sigmoid', 'sigmoid', 'swish', 'sigmoid', 'elu', 'swish', 'elu', 'swish', 'swish', 'swish', 'elu', 'swish']",f8f90606f80600f800f8f80800f8,419,Adam,MaxAbsoluteDeviation,0.4555087983608246,0.1519765704870224,10.043375299894251
"[23, 23, 8, 8, 23, 8, 8, 23, 8, 23, 23, 8, 8]","['swish', 'tanh', 'sigmoid', 'sigmoid', 'swish', 'sigmoid', 'elu', 'swish', 'elu', 'swish', 'swish', 'swish', 'elu']",f8f90606f80600f800f8f80800,419,Adam,MaxAbsoluteDeviation,0.5808335542678833,0.31468966603279114,9.402359899948351
"[23, 23, 8, 8, 23, 8, 8, 23, 8, 23, 23, 8, 8]","['swish', 'tanh', 'sigmoid', 'sigmoid', 'swish', 'sigmoid', 'elu', 'swish', 'elu', 'swish', 'swish', 'swish', 'elu']",f8f90606f80600f800f8f80800,419,Adam,MaxAbsoluteDeviation,0.7142767310142517,0.5255798101425171,9.391461299965158
"[23, 23, 8, 8, 23, 8, 8, 23, 8, 23, 23, 8]","['swish', 'tanh', 'sigmoid', 'sigmoid', 'swish', 'sigmoid', 'elu', 'swish', 'elu', 'swish', 'swish', 'swish']",f8f90606f80600f800f8f808,419,Adam,MaxAbsoluteDeviation,0.6275076866149902,0.4912768304347992,8.731421600095928
"[23, 23, 8, 8, 23, 8, 8, 23, 8, 23, 23]","['swish', 'tanh', 'sigmoid', 'sigmoid', 'swish', 'sigmoid', 'elu', 'swish', 'elu', 'swish', 'swish']",f8f90606f80600f800f8f8,419,Adam,MaxAbsoluteDeviation,0.5506752133369446,0.38969916105270386,8.265956600080244
"[23, 23, 8, 8, 23, 8, 8, 23, 8, 23, 23]","['swish', 'tanh', 'sigmoid', 'sigmoid', 'swish', 'sigmoid', 'elu', 'swish', 'elu', 'swish', 'swish']",f8f90606f80600f800f8f8,700,Adam,MaxAbsoluteDeviation,0.3368206024169922,0.12347331643104553,13.166456199949607
"[23, 23, 8, 8, 23, 8, 8, 23, 8, 23, 23]","['swish', 'tanh', 'sigmoid', 'sigmoid', 'swish', 'sigmoid', 'elu', 'swish', 'elu', 'swish', 'swish']",f8f90606f80600f800f8f8,700,Adam,MaxAbsoluteDeviation,0.9548966884613037,0.24881385266780853,13.127673399983905
"[23, 23, 8, 8, 23, 8, 8, 23, 8, 23, 23]","['swish', 'tanh', 'sigmoid', 'sigmoid', 'swish', 'sigmoid', 'elu', 'swish', 'elu', 'swish', 'swish']",f8f90606f80600f800f8f8,498,Adam,MaxAbsoluteDeviation,0.9763287305831909,0.43308302760124207,9.519236600026488
"[23, 23, 8, 8, 23, 8, 8, 23, 8, 23, 23]","['swish', 'tanh', 'sigmoid', 'sigmoid', 'swish', 'sigmoid', 'elu', 'swish', 'elu', 'swish', 'swish']",f8f90606f80600f800f8f8,700,Adam,MaxAbsoluteDeviation,0.8367903828620911,0.6506486535072327,12.668725199997425
"[23, 23, 8, 8, 23, 8, 8, 23, 8, 23, 23]","['swish', 'tanh', 'sigmoid', 'sigmoid', 'swish', 'sigmoid', 'elu', 'swish', 'elu', 'swish', 'swish']",f8f90606f80600f800f8f8,700,Adam,MaxAbsoluteDeviation,0.6491141319274902,0.5047481060028076,12.565933599951677
"[23, 23, 8, 8, 23, 8, 23, 23, 8, 23]","['elu', 'tanh', 'sigmoid', 'sigmoid', 'swish', 'sigmoid', 'elu', 'swish', 'elu', 'swish']",f0f90606f806f0f800f8,700,Adam,MaxAbsoluteDeviation,0.7398818731307983,0.47753310203552246,11.519676099997014
"[23, 23, 8, 8, 23, 8, 8, 23, 8, 23, 23]","['swish', 'tanh', 'sigmoid', 'swish', 'swish', 'sigmoid', 'elu', 'swish', 'elu', 'swish', 'swish']",f8f90608f80600f800f8f8,700,Adam,MaxAbsoluteDeviation,0.4476264715194702,0.4106220304965973,12.614259500056505
"[23, 23, 8, 8, 23, 8, 8, 23, 8, 23, 23, 12]","['swish', 'tanh', 'sigmoid', 'swish', 'swish', 'sigmoid', 'elu', 'swish', 'elu', 'swish', 'swish', 'elu']",f8f90608f80600f800f8f840,700,Adam,MaxAbsoluteDeviation,0.7353748083114624,0.32466647028923035,13.041232499992475
"[23, 23, 8, 8, 23, 8, 8, 23, 8, 23]","['swish', 'tanh', 'sigmoid', 'swish', 'swish', 'sigmoid', 'elu', 'swish', 'elu', 'swish']",f8f90608f80600f800f8,700,Adam,MaxAbsoluteDeviation,0.275753915309906,0.20648695528507233,14.974215800059028
"[23, 23, 8, 8, 23, 8, 8, 23, 8, 23]","['swish', 'tanh', 'sigmoid', 'swish', 'swish', 'sigmoid', 'elu', 'swish', 'elu', 'swish']",f8f90608f80600f800f8,618,Adam,MaxAbsoluteDeviation,0.32089415192604065,0.08305757492780685,11.518772299983539
"[23, 23, 8, 8, 23, 8, 8, 23, 8, 8]","['swish', 'tanh', 'sigmoid', 'swish', 'swish', 'sigmoid', 'elu', 'swish', 'elu', 'swish']",f8f90608f80600f80008,618,Adam,MaxAbsoluteDeviation,0.42804092168807983,0.20633333921432495,11.686327899922617
"[23, 23, 8, 8, 23, 8, 8, 8, 8, 8]","['swish', 'tanh', 'sigmoid', 'swish', 'swish', 'sigmoid', 'elu', 'swish', 'elu', 'swish']",f8f90608f80600080008,618,Adam,MaxAbsoluteDeviation,0.7097759246826172,0.1929260790348053,11.351551700034179
"[23, 23, 8, 8, 23, 8, 8, 8, 8, 8]","['swish', 'tanh', 'sigmoid', 'swish', 'swish', 'sigmoid', 'elu', 'swish', 'elu', 'swish']",f8f90608f80600080008,700,Adam,MaxAbsoluteDeviation,0.5191776752471924,0.24917630851268768,12.904175200033933
"[23, 23, 8, 8, 23, 8, 8, 8, 8, 8]","['swish', 'tanh', 'sigmoid', 'swish', 'swish', 'sigmoid', 'elu', 'swish', 'elu', 'sigmoid']",f8f90608f80600080006,700,Adam,MaxAbsoluteDeviation,9.155149459838867,6.809350490570068,12.573114000028
"[23, 23, 8, 8, 23, 8, 8, 8, 8, 8]","['swish', 'tanh', 'sigmoid', 'swish', 'swish', 'sigmoid', 'sigmoid', 'swish', 'elu', 'swish']",f8f90608f80606080008,700,Adam,MaxAbsoluteDeviation,0.3031070828437805,0.1620296686887741,12.962921099970117
"[23, 23, 8, 8, 23, 8, 8, 8, 8, 8]","['swish', 'tanh', 'sigmoid', 'swish', 'swish', 'sigmoid', 'sigmoid', 'swish', 'elu', 'swish']",f8f90608f80606080008,700,Adam,MaxAbsoluteDeviation,0.2967360019683838,0.1888655424118042,12.516237600008026
"[23, 23, 8, 8, 23, 8, 8, 8, 8, 8]","['swish', 'tanh', 'sigmoid', 'swish', 'swish', 'sigmoid', 'swish', 'swish', 'elu', 'swish']",f8f90608f80608080008,700,Adam,MaxAbsoluteDeviation,0.39856308698654175,0.21646568179130554,12.746124499943107
"[23, 23, 8, 8, 23, 8, 8, 8, 8, 8]","['swish', 'tanh', 'sigmoid', 'swish', 'swish', 'sigmoid', 'sigmoid', 'swish', 'elu', 'swish']",f8f90608f80606080008,700,Adam,MaxAbsoluteDeviation,0.4917256832122803,0.2559204697608948,12.675112900091335
"[23, 23, 8, 8, 23, 8, 8, 8, 8]","['swish', 'tanh', 'sigmoid', 'swish', 'swish', 'sigmoid', 'sigmoid', 'swish', 'elu']",f8f90608f806060800,700,Adam,MaxAbsoluteDeviation,0.5281808972358704,0.29555436968803406,12.163029800052755
"[23, 23, 8, 8, 23, 8, 8, 8]","['swish', 'tanh', 'sigmoid', 'swish', 'swish', 'sigmoid', 'sigmoid', 'swish']",f8f90608f8060608,700,Adam,MaxAbsoluteDeviation,0.3327304422855377,0.15355171263217926,11.155060900026001
"[23, 23, 8, 8, 23, 8, 8, 8]","['swish', 'tanh', 'sigmoid', 'swish', 'swish', 'sigmoid', 'sigmoid', 'swish']",f8f90608f8060608,491,Adam,MaxAbsoluteDeviation,0.5266057848930359,0.39547622203826904,7.8378598999697715
"[23, 23, 8, 8, 23, 8, 8, 8]","['swish', 'tanh', 'sigmoid', 'swish', 'swish', 'sigmoid', 'sigmoid', 'swish']",f8f90608f8060608,491,Adam,MaxAbsoluteDeviation,0.33726051449775696,0.1638646274805069,7.873025799985044
"[23, 23, 8, 8, 23, 8, 8, 8]","['swish', 'tanh', 'sigmoid', 'swish', 'swish', 'sigmoid', 'sigmoid', 'swish']",f8f90608f8060608,700,Adam,MaxAbsoluteDeviation,0.33566027879714966,0.2074829339981079,10.884557699901052
"[23, 23, 8, 8, 23, 8, 8, 8]","['swish', 'tanh', 'sigmoid', 'swish', 'swish', 'sigmoid', 'sigmoid', 'swish']",f8f90608f8060608,700,Adam,MaxAbsoluteDeviation,0.33817240595817566,0.20831388235092163,11.07885150006041
"[23, 23, 8, 8, 23, 8, 8, 8, 14]","['swish', 'tanh', 'sigmoid', 'swish', 'swish', 'sigmoid', 'sigmoid', 'swish', 'elu']",f8f90608f806060860,700,Adam,MaxAbsoluteDeviation,0.5354264378547668,0.23047509789466858,11.573363399947993
"[23, 23, 8, 8, 23, 8, 8, 8, 14, 18]","['swish', 'tanh', 'sigmoid', 'swish', 'swish', 'sigmoid', 'sigmoid', 'swish', 'elu', 'tanh']",f8f90608f806060860a9,700,Adam,MaxAbsoluteDeviation,0.6094897985458374,0.3234729766845703,12.039057299960405
"[23, 23, 23, 8, 23, 8, 8, 8, 14, 18]","['swish', 'tanh', 'sigmoid', 'swish', 'swish', 'sigmoid', 'sigmoid', 'swish', 'elu', 'tanh']",f8f9f608f806060860a9,700,Adam,MaxAbsoluteDeviation,9.064558982849121,6.768396377563477,11.774535599979572
"[23, 23, 8, 8, 23, 8, 8, 8, 14, 18]","['swish', 'tanh', 'sigmoid', 'swish', 'swish', 'sigmoid', 'sigmoid', 'swish', 'elu', 'tanh']",f8f90608f806060860a9,700,Adam,MaxAbsoluteDeviation,0.3829197585582733,0.39948439598083496,11.641634800005704
"[23, 23, 8, 8, 23, 8, 8, 8, 14, 18]","['swish', 'tanh', 'sigmoid', 'swish', 'swish', 'sigmoid', 'sigmoid', 'swish', 'elu', 'tanh']",f8f90608f806060860a9,700,Adam,MaxAbsoluteDeviation,0.43777257204055786,0.23555563390254974,11.9126408000011
"[23, 23, 8, 8, 23, 8, 8, 8, 14, 18]","['swish', 'tanh', 'sigmoid', 'swish', 'swish', 'sigmoid', 'sigmoid', 'swish', 'elu', 'tanh']",f8f90608f806060860a9,574,Adam,MaxAbsoluteDeviation,9.147185325622559,6.748315811157227,10.121012200019322
"[23, 23, 8, 8, 23, 8, 8, 8, 14, 8]","['swish', 'tanh', 'sigmoid', 'swish', 'swish', 'sigmoid', 'sigmoid', 'swish', 'elu', 'tanh']",f8f90608f80606086009,700,Adam,MaxAbsoluteDeviation,0.45420005917549133,0.24343381822109222,12.167827399913222
"[23, 23, 8, 8, 23, 8, 8, 8, 14, 8, 22, 19]","['swish', 'tanh', 'sigmoid', 'swish', 'swish', 'sigmoid', 'sigmoid', 'swish', 'elu', 'tanh', 'tanh', 'swish']",f8f90608f80606086009e9b8,700,Adam,MaxAbsoluteDeviation,0.4779312014579773,0.37685340642929077,13.651721900096163
"[23, 23, 8, 8, 23, 8, 8, 8, 14, 8, 23]","['swish', 'tanh', 'sigmoid', 'swish', 'swish', 'sigmoid', 'sigmoid', 'swish', 'elu', 'tanh', 'tanh']",f8f90608f80606086009f9,700,Adam,MaxAbsoluteDeviation,0.592059314250946,0.24620071053504944,12.75744219997432
"[23, 23, 8, 8, 23, 23, 8, 8, 14, 8, 23]","['swish', 'tanh', 'sigmoid', 'swish', 'swish', 'sigmoid', 'sigmoid', 'swish', 'elu', 'tanh', 'tanh']",f8f90608f8f606086009f9,267,Adam,MaxAbsoluteDeviation,0.8807826042175293,0.6096968650817871,5.431571599910967
"[23, 23, 8, 8, 23, 8, 8, 8, 14, 8, 23]","['swish', 'tanh', 'sigmoid', 'swish', 'swish', 'sigmoid', 'sigmoid', 'swish', 'elu', 'tanh', 'tanh']",f8f90608f80606086009f9,700,Adam,MaxAbsoluteDeviation,0.6006248593330383,0.34779852628707886,12.737095299991779
"[23, 23, 8, 8, 23, 8, 8, 8, 14, 8, 23]","['swish', 'tanh', 'sigmoid', 'swish', 'swish', 'sigmoid', 'sigmoid', 'swish', 'elu', 'tanh', 'tanh']",f8f90608f80606086009f9,700,Adam,MaxAbsoluteDeviation,0.44357022643089294,0.17510488629341125,15.926425199955702
"[23, 23, 8, 8, 23, 8, 8, 8, 14, 8, 23]","['swish', 'tanh', 'sigmoid', 'swish', 'swish', 'sigmoid', 'sigmoid', 'swish', 'elu', 'tanh', 'tanh']",f8f90608f80606086009f9,574,Adam,MaxAbsoluteDeviation,9.2135648727417,6.956178665161133,11.444514299975708
"[23, 23, 8, 8, 23, 8, 8, 8, 14, 8, 23]","['swish', 'tanh', 'sigmoid', 'swish', 'swish', 'sigmoid', 'sigmoid', 'swish', 'elu', 'tanh', 'swish']",f8f90608f80606086009f8,700,Adam,MaxAbsoluteDeviation,0.5406653881072998,0.6888150572776794,14.176607899949886
"[23, 23, 8, 8, 23, 8, 8, 8, 8, 8]","['swish', 'tanh', 'sigmoid', 'swish', 'swish', 'sigmoid', 'sigmoid', 'swish', 'elu', 'tanh']",f8f90608f80606080009,700,Adam,MaxAbsoluteDeviation,0.5741121768951416,0.4746895730495453,12.963238200056367
"[23, 23, 8, 8, 23, 8, 8, 8, 8, 8]","['swish', 'tanh', 'sigmoid', 'swish', 'swish', 'sigmoid', 'sigmoid', 'swish', 'elu', 'tanh']",f8f90608f80606080009,700,Adam,MaxAbsoluteDeviation,9.144397735595703,6.793333053588867,13.023352099931799
"[23, 23, 8, 8, 23, 8, 8, 8, 8]","['swish', 'tanh', 'sigmoid', 'swish', 'swish', 'sigmoid', 'sigmoid', 'swish', 'elu']",f8f90608f806060800,700,Adam,MaxAbsoluteDeviation,0.5583381056785583,0.10052379965782166,12.362978199962527
"[23, 23, 8, 8, 23, 8, 8, 8, 8]","['swish', 'tanh', 'sigmoid', 'swish', 'swish', 'sigmoid', 'sigmoid', 'swish', 'elu']",f8f90608f806060800,700,Adam,MaxAbsoluteDeviation,0.42627212405204773,0.19763366878032684,12.504756000009365
"[23, 23, 8, 8, 23, 8, 8, 8, 8]","['swish', 'tanh', 'sigmoid', 'swish', 'swish', 'sigmoid', 'sigmoid', 'sigmoid', 'elu']",f8f90608f806060600,700,Adam,MaxAbsoluteDeviation,9.139514923095703,6.710195541381836,12.549504499998875
"[23, 23, 23, 8, 23, 8, 8, 8]","['swish', 'tanh', 'sigmoid', 'swish', 'swish', 'sigmoid', 'sigmoid', 'swish']",f8f9f608f8060608,700,Adam,MaxAbsoluteDeviation,9.185229301452637,6.867366313934326,11.579397600027733
"[23, 23, 8, 8, 23, 8, 8, 8, 8]","['swish', 'tanh', 'sigmoid', 'swish', 'swish', 'sigmoid', 'sigmoid', 'swish', 'elu']",f8f90608f806060800,157,Adam,MaxAbsoluteDeviation,0.796440064907074,0.38785651326179504,3.415233499952592
"[23, 23, 8, 8, 23, 8, 8, 8, 8]","['swish', 'tanh', 'sigmoid', 'swish', 'swish', 'sigmoid', 'sigmoid', 'swish', 'elu']",f8f90608f806060800,157,Adam,MaxAbsoluteDeviation,0.8678048849105835,0.26927700638771057,3.4269502999959514
"[23, 23, 23, 8, 23, 8, 8, 8, 8]","['swish', 'tanh', 'sigmoid', 'swish', 'swish', 'sigmoid', 'sigmoid', 'swish', 'elu']",f8f9f608f806060800,157,Adam,MaxAbsoluteDeviation,0.6804112792015076,0.30517029762268066,3.420308499946259
"[23, 23, 23, 23, 23, 8, 8, 8, 8]","['swish', 'tanh', 'sigmoid', 'swish', 'swish', 'sigmoid', 'sigmoid', 'swish', 'elu']",f8f9f6f8f806060800,100,Adam,MaxAbsoluteDeviation,1.8182061910629272,0.9861717224121094,2.4862774999346584
"[23, 23, 23, 23, 23, 8, 8, 8, 8]","['swish', 'tanh', 'sigmoid', 'swish', 'swish', 'sigmoid', 'sigmoid', 'swish', 'elu']",f8f9f6f8f806060800,100,Adam,MaxAbsoluteDeviation,0.6351843476295471,0.6048879027366638,2.46025310002733
"[23, 23, 23, 23, 23, 8, 8, 8, 8]","['swish', 'tanh', 'sigmoid', 'swish', 'swish', 'sigmoid', 'sigmoid', 'swish', 'elu']",f8f9f6f8f806060800,700,Adam,MaxAbsoluteDeviation,0.5351702570915222,0.23860660195350647,11.951847899938002
"[23, 23, 23, 23, 23, 8, 8, 8]","['swish', 'tanh', 'sigmoid', 'swish', 'swish', 'sigmoid', 'sigmoid', 'swish']",f8f9f6f8f8060608,700,Adam,MaxAbsoluteDeviation,0.2809232473373413,0.23056702315807343,11.544788300059736
"[23, 23, 23, 23, 23, 8, 8, 8]","['swish', 'tanh', 'sigmoid', 'swish', 'swish', 'sigmoid', 'sigmoid', 'swish']",f8f9f6f8f8060608,700,Adam,MaxAbsoluteDeviation,0.38424521684646606,0.15709465742111206,11.122001099982299
"[23, 23, 23, 23, 23, 8, 8, 8]","['swish', 'tanh', 'sigmoid', 'swish', 'swish', 'sigmoid', 'sigmoid', 'swish']",f8f9f6f8f8060608,700,Adam,MaxAbsoluteDeviation,0.3120471239089966,0.20325881242752075,11.527588999946602
"[23, 23, 23, 23, 23, 8, 8]","['swish', 'tanh', 'sigmoid', 'swish', 'swish', 'sigmoid', 'sigmoid']",f8f9f6f8f80606,700,Adam,MaxAbsoluteDeviation,0.2643571197986603,0.20342999696731567,10.109332400024869
"[23, 23, 23, 8, 23, 8, 8]","['swish', 'tanh', 'sigmoid', 'swish', 'swish', 'sigmoid', 'sigmoid']",f8f9f608f80606,700,Adam,MaxAbsoluteDeviation,0.7338853478431702,0.542428731918335,10.157436899957247
"[23, 23, 23, 23, 23, 8, 8]","['swish', 'tanh', 'sigmoid', 'swish', 'swish', 'sigmoid', 'sigmoid']",f8f9f6f8f80606,700,Adam,MaxAbsoluteDeviation,0.35480421781539917,0.18816162645816803,9.974777600029483
"[23, 23, 23, 23, 23, 8, 8]","['swish', 'tanh', 'sigmoid', 'swish', 'swish', 'sigmoid', 'sigmoid']",f8f9f6f8f80606,700,Adam,MaxAbsoluteDeviation,0.3285480737686157,0.2813609540462494,10.05197099992074
"[23, 23, 23, 23, 23, 8, 8]","['swish', 'tanh', 'sigmoid', 'swish', 'swish', 'sigmoid', 'sigmoid']",f8f9f6f8f80606,100,Adam,MaxAbsoluteDeviation,1.4815165996551514,1.0068235397338867,1.997715900070034
"[23, 23, 23, 23, 23, 8, 8]","['swish', 'tanh', 'sigmoid', 'swish', 'swish', 'sigmoid', 'sigmoid']",f8f9f6f8f80606,100,Adam,MaxAbsoluteDeviation,0.505959153175354,0.23795127868652344,2.026693499996327
"[23, 23, 23, 23, 23, 8, 8, 22]","['swish', 'tanh', 'sigmoid', 'swish', 'swish', 'sigmoid', 'sigmoid', 'elu']",f8f9f6f8f80606e0,100,Adam,MaxAbsoluteDeviation,0.5848663449287415,0.2857409715652466,2.213584400014952
"[23, 23, 23, 23, 23, 8, 8, 22, 17]","['swish', 'tanh', 'sigmoid', 'swish', 'swish', 'sigmoid', 'sigmoid', 'elu', 'elu']",f8f9f6f8f80606e090,100,Adam,MaxAbsoluteDeviation,0.5463383793830872,0.17142944037914276,2.3135474999435246
"[23, 23, 23, 23, 23, 8, 8, 22]","['swish', 'tanh', 'sigmoid', 'swish', 'swish', 'sigmoid', 'sigmoid', 'elu']",f8f9f6f8f80606e0,100,Adam,MaxAbsoluteDeviation,9.311266899108887,7.004535675048828,2.204070799984038
"[23, 23, 23, 23, 23, 8, 8, 22, 17]","['swish', 'tanh', 'sigmoid', 'swish', 'swish', 'sigmoid', 'sigmoid', 'elu', 'elu']",f8f9f6f8f80606e090,100,Adam,MaxAbsoluteDeviation,0.8322330713272095,0.5537019968032837,2.363261100021191
"[23, 23, 23, 23, 23, 8, 8, 22, 17]","['swish', 'tanh', 'sigmoid', 'swish', 'swish', 'sigmoid', 'sigmoid', 'elu', 'elu']",f8f9f6f8f80606e090,100,Adam,MaxAbsoluteDeviation,0.6135877966880798,0.3822541832923889,2.3295179000124335
"[23, 23, 23, 23, 23, 8, 8, 22, 17]","['swish', 'tanh', 'sigmoid', 'swish', 'swish', 'sigmoid', 'sigmoid', 'elu', 'elu']",f8f9f6f8f80606e090,100,Adam,MaxAbsoluteDeviation,0.7173631191253662,0.47576063871383667,4.253379100002348
"[23, 23, 23, 23, 23, 8, 8, 22]","['swish', 'tanh', 'sigmoid', 'swish', 'swish', 'sigmoid', 'sigmoid', 'elu']",f8f9f6f8f80606e0,100,Adam,MaxAbsoluteDeviation,0.5484152436256409,0.4519410729408264,2.3843925000401214
"[23, 23, 23, 23, 23, 8, 8, 22]","['swish', 'tanh', 'sigmoid', 'swish', 'swish', 'sigmoid', 'sigmoid', 'tanh']",f8f9f6f8f80606e9,100,Adam,MaxAbsoluteDeviation,9.22721004486084,6.856735706329346,2.334814799949527
"[23, 23, 23, 23, 23, 8, 8, 22]","['swish', 'elu', 'sigmoid', 'swish', 'swish', 'sigmoid', 'sigmoid', 'elu']",f8f0f6f8f80606e0,100,Adam,MaxAbsoluteDeviation,0.7552101016044617,0.5574296116828918,2.292425199993886
"[23, 23, 23, 23, 23, 8, 8, 16]","['swish', 'elu', 'sigmoid', 'swish', 'swish', 'sigmoid', 'sigmoid', 'tanh']",f8f0f6f8f8060689,100,Adam,MaxAbsoluteDeviation,9.157423973083496,6.871386528015137,2.3734045000746846
"[23, 23, 23, 23, 23, 8, 8, 22]","['swish', 'elu', 'sigmoid', 'swish', 'swish', 'sigmoid', 'sigmoid', 'elu']",f8f0f6f8f80606e0,700,Adam,MaxAbsoluteDeviation,0.49934718012809753,0.3795081377029419,11.697663599974476
"[23, 23, 23, 23, 23, 8, 23, 22]","['swish', 'elu', 'sigmoid', 'swish', 'swish', 'sigmoid', 'sigmoid', 'elu']",f8f0f6f8f806f6e0,700,Adam,MaxAbsoluteDeviation,0.3272257149219513,0.21859422326087952,11.739924399997108
"[23, 23, 23, 23, 23, 8, 23, 22]","['swish', 'elu', 'sigmoid', 'swish', 'swish', 'sigmoid', 'sigmoid', 'elu']",f8f0f6f8f806f6e0,700,Adam,MaxAbsoluteDeviation,0.3666935861110687,0.2590874135494232,11.513171200058423
"[23, 23, 23, 23, 23, 8, 23, 22]","['swish', 'elu', 'sigmoid', 'swish', 'swish', 'sigmoid', 'sigmoid', 'elu']",f8f0f6f8f806f6e0,700,Adam,MaxAbsoluteDeviation,0.3522762060165405,0.2028183490037918,11.477598899975419
"[23, 23, 23, 23, 23, 8, 23, 22]","['swish', 'elu', 'sigmoid', 'swish', 'swish', 'sigmoid', 'sigmoid', 'tanh']",f8f0f6f8f806f6e9,700,Adam,MaxAbsoluteDeviation,0.8281342387199402,0.39847511053085327,11.909410499967635
"[23, 23, 23, 23, 23, 8, 23, 22]","['swish', 'elu', 'sigmoid', 'swish', 'swish', 'sigmoid', 'sigmoid', 'tanh']",f8f0f6f8f806f6e9,700,Adam,MaxAbsoluteDeviation,0.5529593825340271,0.604267418384552,11.638323200051673
"[23, 23, 23, 23, 23, 8, 23, 22]","['swish', 'elu', 'sigmoid', 'swish', 'swish', 'sigmoid', 'sigmoid', 'tanh']",f8f0f6f8f806f6e9,700,Adam,MaxAbsoluteDeviation,0.41201671957969666,0.171686053276062,11.345298799918965
"[23, 23, 23, 23, 23, 8, 23, 23]","['swish', 'elu', 'sigmoid', 'swish', 'swish', 'sigmoid', 'sigmoid', 'tanh']",f8f0f6f8f806f6f9,700,Adam,MaxAbsoluteDeviation,0.4126129150390625,0.20714342594146729,11.688076700083911
"[23, 23, 23, 23, 23, 8, 23, 23]","['swish', 'elu', 'sigmoid', 'swish', 'swish', 'sigmoid', 'sigmoid', 'tanh']",f8f0f6f8f806f6f9,700,Adam,MaxAbsoluteDeviation,0.45584824681282043,0.2874511778354645,11.765039100078866
"[23, 23, 23, 23, 23, 8, 23, 23]","['swish', 'elu', 'sigmoid', 'swish', 'swish', 'sigmoid', 'sigmoid', 'tanh']",f8f0f6f8f806f6f9,700,Adam,MaxAbsoluteDeviation,0.3107057511806488,0.08078020066022873,11.448362000053748
"[23, 23, 23, 23, 23, 8, 23, 23, 8]","['swish', 'elu', 'sigmoid', 'swish', 'swish', 'sigmoid', 'sigmoid', 'tanh', 'sigmoid']",f8f0f6f8f806f6f906,700,Adam,MaxAbsoluteDeviation,9.21988296508789,6.753937244415283,12.120172000024468
"[23, 8, 23, 23, 23, 8, 23, 23, 21]","['swish', 'elu', 'sigmoid', 'swish', 'swish', 'sigmoid', 'sigmoid', 'tanh', 'swish']",f800f6f8f806f6f9d8,700,Adam,MaxAbsoluteDeviation,0.4313879907131195,0.46713125705718994,12.03350570006296
"[23, 8, 23, 23, 23, 8, 23, 23]","['swish', 'elu', 'sigmoid', 'swish', 'swish', 'sigmoid', 'sigmoid', 'tanh']",f800f6f8f806f6f9,700,Adam,MaxAbsoluteDeviation,0.22619521617889404,0.15338486433029175,11.19406149990391
"[23, 8, 23, 23, 23, 8, 23, 23]","['swish', 'elu', 'sigmoid', 'swish', 'swish', 'sigmoid', 'sigmoid', 'tanh']",f800f6f8f806f6f9,700,Adam,MaxAbsoluteDeviation,0.5178968906402588,0.3221108317375183,11.205631599994376
"[23, 8, 23, 23, 23, 8, 23, 23]","['swish', 'elu', 'sigmoid', 'swish', 'swish', 'sigmoid', 'sigmoid', 'tanh']",f800f6f8f806f6f9,700,Adam,MaxAbsoluteDeviation,0.3804190158843994,0.27127304673194885,11.369070500019006
"[23, 8, 23, 23, 23, 8, 23]","['swish', 'elu', 'sigmoid', 'swish', 'swish', 'sigmoid', 'sigmoid']",f800f6f8f806f6,700,Adam,MaxAbsoluteDeviation,9.082110404968262,6.864235877990723,10.353278500027955
"[23, 8, 23, 23, 8, 8, 23, 23]","['swish', 'elu', 'sigmoid', 'swish', 'swish', 'sigmoid', 'sigmoid', 'tanh']",f800f6f80806f6f9,700,Adam,MaxAbsoluteDeviation,0.4059986174106598,0.24975576996803284,11.105754700023681
"[23, 8, 23, 23, 8, 8, 23, 23, 15]","['swish', 'elu', 'sigmoid', 'swish', 'swish', 'sigmoid', 'sigmoid', 'tanh', 'sigmoid']",f800f6f80806f6f976,700,Adam,MaxAbsoluteDeviation,0.41247108578681946,0.5423438549041748,12.152295499923639
"[23, 8, 23, 23, 8, 8, 23, 23, 15]","['swish', 'elu', 'sigmoid', 'swish', 'swish', 'sigmoid', 'elu', 'tanh', 'sigmoid']",f800f6f80806f0f976,371,Adam,MaxAbsoluteDeviation,9.147782325744629,6.810309886932373,6.861552200047299
"[23, 8, 23, 23, 8, 8, 23, 23, 15, 20]","['swish', 'elu', 'sigmoid', 'swish', 'swish', 'sigmoid', 'sigmoid', 'tanh', 'sigmoid', 'elu']",f800f6f80806f6f976c0,700,Adam,MaxAbsoluteDeviation,0.33147183060646057,0.2247728705406189,12.710854799952358
"[23, 8, 23, 23, 8, 8, 23, 23, 15, 20]","['swish', 'elu', 'sigmoid', 'swish', 'swish', 'sigmoid', 'sigmoid', 'tanh', 'sigmoid', 'elu']",f800f6f80806f6f976c0,100,Adam,MaxAbsoluteDeviation,1.3630398511886597,0.768785834312439,2.5657400999916717
"[23, 8, 23, 23, 8, 8, 15, 23, 15, 20]","['swish', 'elu', 'sigmoid', 'swish', 'swish', 'sigmoid', 'sigmoid', 'tanh', 'sigmoid', 'elu']",f800f6f8080676f976c0,700,Adam,MaxAbsoluteDeviation,0.4917986989021301,0.17718030512332916,12.533383599948138
"[23, 8, 23, 23, 8, 8, 15, 23, 15]","['swish', 'elu', 'sigmoid', 'swish', 'swish', 'sigmoid', 'sigmoid', 'tanh', 'sigmoid']",f800f6f8080676f976,700,Adam,MaxAbsoluteDeviation,9.02083683013916,6.753973484039307,11.988557700067759
"[23, 8, 23, 23, 8, 8, 15, 23, 15]","['swish', 'elu', 'sigmoid', 'swish', 'swish', 'sigmoid', 'sigmoid', 'tanh', 'sigmoid']",f800f6f8080676f976,700,Adam,MaxAbsoluteDeviation,0.30264773964881897,0.17018695175647736,11.827127699973062
"[23, 8, 23, 23, 8, 8, 15, 23, 15]","['swish', 'elu', 'sigmoid', 'swish', 'swish', 'sigmoid', 'sigmoid', 'tanh', 'swish']",f800f6f8080676f978,700,Adam,MaxAbsoluteDeviation,0.38566383719444275,0.3371979594230652,11.885752400034107
"[23, 8, 23, 23, 8, 8, 15, 23, 15, 10]","['swish', 'elu', 'sigmoid', 'swish', 'swish', 'sigmoid', 'sigmoid', 'tanh', 'swish', 'elu']",f800f6f8080676f97820,700,Adam,MaxAbsoluteDeviation,0.7434384822845459,0.328072190284729,15.356266600079834
"[23, 8, 23, 23, 8, 8, 15, 23, 15, 10]","['swish', 'elu', 'sigmoid', 'swish', 'swish', 'sigmoid', 'sigmoid', 'tanh', 'swish', 'elu']",f800f6f8080676f97820,700,Adam,MaxAbsoluteDeviation,0.37931588292121887,0.20217910408973694,13.60603759996593
"[23, 8, 23, 23, 8, 8, 15, 23, 15, 10]","['swish', 'elu', 'sigmoid', 'swish', 'swish', 'sigmoid', 'sigmoid', 'tanh', 'swish', 'elu']",f800f6f8080676f97820,700,Adam,MaxAbsoluteDeviation,0.732810378074646,0.5219582915306091,13.347565100062639
"[23, 8, 23, 23, 8, 8, 15, 23, 8, 10]","['swish', 'elu', 'sigmoid', 'swish', 'swish', 'sigmoid', 'sigmoid', 'tanh', 'swish', 'elu']",f800f6f8080676f90820,700,Adam,MaxAbsoluteDeviation,0.5669727921485901,0.37933892011642456,13.192376899998635
"[23, 8, 23, 23, 8, 8, 15, 23, 8, 10]","['swish', 'elu', 'sigmoid', 'swish', 'swish', 'sigmoid', 'sigmoid', 'tanh', 'swish', 'elu']",f800f6f8080676f90820,700,Adam,MaxAbsoluteDeviation,0.5208022594451904,0.19765213131904602,13.63244630000554
"[23, 8, 23, 23, 8, 8, 15, 23, 8, 10]","['swish', 'elu', 'sigmoid', 'swish', 'swish', 'sigmoid', 'sigmoid', 'tanh', 'swish', 'elu']",f800f6f8080676f90820,700,Adam,MaxAbsoluteDeviation,0.6529137492179871,0.3397514224052429,13.230381400091574
"[23, 8, 23, 23, 8, 8, 15, 23, 8, 10]","['swish', 'elu', 'sigmoid', 'swish', 'swish', 'sigmoid', 'sigmoid', 'tanh', 'swish', 'elu']",f800f6f8080676f90820,700,Adam,MaxAbsoluteDeviation,0.4708869457244873,0.22672869265079498,13.101259400020353
"[23, 8, 23, 23, 8, 8, 15, 23, 8, 8]","['swish', 'elu', 'sigmoid', 'swish', 'swish', 'sigmoid', 'sigmoid', 'tanh', 'swish', 'elu']",f800f6f8080676f90800,700,Adam,MaxAbsoluteDeviation,0.3341967761516571,0.2607666850090027,12.949237899971195
"[23, 8, 23, 23, 8, 8, 15, 23, 8, 8]","['swish', 'elu', 'sigmoid', 'swish', 'swish', 'sigmoid', 'sigmoid', 'tanh', 'swish', 'elu']",f800f6f8080676f90800,700,Adam,MaxAbsoluteDeviation,0.4029598534107208,0.19351264834403992,13.057283899979666
"[23, 23, 23, 23, 8, 8, 15, 23, 8, 8]","['swish', 'elu', 'sigmoid', 'swish', 'swish', 'sigmoid', 'sigmoid', 'tanh', 'swish', 'elu']",f8f0f6f8080676f90800,700,Adam,MaxAbsoluteDeviation,0.566885769367218,0.40085938572883606,12.99318630003836
"[23, 23, 23, 23, 8, 8, 15, 23, 8, 8]","['swish', 'elu', 'sigmoid', 'swish', 'swish', 'sigmoid', 'sigmoid', 'tanh', 'swish', 'elu']",f8f0f6f8080676f90800,700,Adam,MaxAbsoluteDeviation,0.5971643328666687,0.418793648481369,13.72561099997256
"[23, 23, 23, 23, 8, 8, 15, 23, 8, 8, 20]","['swish', 'elu', 'sigmoid', 'swish', 'swish', 'sigmoid', 'sigmoid', 'tanh', 'swish', 'elu', 'elu']",f8f0f6f8080676f90800c0,700,Adam,MaxAbsoluteDeviation,0.6495267748832703,0.23676586151123047,13.62339309998788
"[23, 23, 23, 23, 8, 8, 15, 23, 8, 8, 20]","['swish', 'elu', 'sigmoid', 'swish', 'swish', 'sigmoid', 'sigmoid', 'tanh', 'swish', 'elu', 'elu']",f8f0f6f8080676f90800c0,471,Adam,MaxAbsoluteDeviation,0.6604974865913391,0.5024179816246033,9.479023199994117
"[23, 23, 23, 23, 8, 8, 15, 23, 8, 8]","['swish', 'elu', 'swish', 'swish', 'swish', 'sigmoid', 'sigmoid', 'tanh', 'swish', 'elu']",f8f0f8f8080676f90800,471,Adam,MaxAbsoluteDeviation,0.6720408797264099,0.3962358832359314,8.763186200056225
"[23, 23, 23, 23, 23, 8, 15, 23]","['swish', 'elu', 'swish', 'swish', 'swish', 'sigmoid', 'sigmoid', 'tanh']",f8f0f8f8f80676f9,471,Adam,MaxAbsoluteDeviation,0.7838150262832642,0.6850067377090454,7.895634500076994
"[8, 23, 23, 23, 23, 8, 15]","['swish', 'elu', 'swish', 'swish', 'swish', 'sigmoid', 'sigmoid']",08f0f8f8f80676,471,Adam,MaxAbsoluteDeviation,0.3068529963493347,0.14231553673744202,7.253187700058334
"[8, 23, 23, 23, 23, 8, 15]","['swish', 'sigmoid', 'swish', 'swish', 'swish', 'sigmoid', 'sigmoid']",08f6f8f8f80676,241,Adam,MaxAbsoluteDeviation,9.037432670593262,6.7564239501953125,3.966721500037238
"[8, 23, 23, 23, 23, 8]","['swish', 'elu', 'swish', 'swish', 'swish', 'sigmoid']",08f0f8f8f806,471,Adam,MaxAbsoluteDeviation,9.121367454528809,6.845564365386963,6.575175700010732
"[23, 23, 23, 23, 23, 8, 15, 12]","['swish', 'elu', 'swish', 'swish', 'swish', 'sigmoid', 'sigmoid', 'swish']",f8f0f8f8f8067648,401,Adam,MaxAbsoluteDeviation,0.39504796266555786,0.2991977632045746,6.631192000000738
"[23, 23, 23, 23, 8, 8, 15, 12]","['swish', 'elu', 'swish', 'swish', 'swish', 'sigmoid', 'sigmoid', 'swish']",f8f0f8f808067648,401,Adam,MaxAbsoluteDeviation,0.38444381952285767,0.11415809392929077,6.505809099995531
"[23, 23, 23, 23, 8, 8, 15, 12]","['swish', 'elu', 'swish', 'swish', 'swish', 'sigmoid', 'sigmoid', 'swish']",f8f0f8f808067648,700,Adam,MaxAbsoluteDeviation,0.34099268913269043,0.3123001158237457,10.938407499925233
"[23, 23, 23, 23, 8, 8, 15, 12]","['swish', 'elu', 'swish', 'swish', 'swish', 'sigmoid', 'sigmoid', 'swish']",f8f0f8f808067648,700,Adam,MaxAbsoluteDeviation,0.27028125524520874,0.1480332314968109,11.018534500035457
"[23, 23, 23, 23, 8, 8, 15, 23]","['swish', 'elu', 'swish', 'swish', 'swish', 'sigmoid', 'sigmoid', 'swish']",f8f0f8f8080676f8,700,Adam,MaxAbsoluteDeviation,0.18513134121894836,0.05840923264622688,11.167885400005616
"[23, 23, 23, 8, 8, 8, 15, 23]","['swish', 'elu', 'swish', 'swish', 'swish', 'sigmoid', 'sigmoid', 'swish']",f8f0f808080676f8,700,Adam,MaxAbsoluteDeviation,0.47919631004333496,0.24515004456043243,10.955162200029008
"[23, 23, 23, 8, 8, 8, 15, 23]","['swish', 'elu', 'swish', 'swish', 'swish', 'sigmoid', 'sigmoid', 'swish']",f8f0f808080676f8,700,Adam,MaxAbsoluteDeviation,0.5011212229728699,0.5782713890075684,11.15244860004168
"[23, 23, 23, 8, 8, 8, 15, 23]","['swish', 'elu', 'swish', 'swish', 'swish', 'sigmoid', 'sigmoid', 'swish']",f8f0f808080676f8,700,Adam,MaxAbsoluteDeviation,0.23140636086463928,0.10056144744157791,10.99134069995489
"[23, 23, 23, 8, 8, 8, 15, 23]","['swish', 'elu', 'swish', 'swish', 'tanh', 'sigmoid', 'sigmoid', 'swish']",f8f0f808090676f8,700,Adam,MaxAbsoluteDeviation,0.4466667175292969,0.2663344442844391,11.186216100002639
"[23, 23, 8, 8, 8, 8, 15, 23]","['swish', 'elu', 'swish', 'swish', 'tanh', 'sigmoid', 'sigmoid', 'swish']",f8f00808090676f8,700,Adam,MaxAbsoluteDeviation,0.5819629430770874,0.3498908281326294,11.016654800041579
"[23, 23, 8, 8, 23, 8, 15, 23]","['swish', 'elu', 'swish', 'swish', 'tanh', 'sigmoid', 'sigmoid', 'swish']",f8f00808f90676f8,700,Adam,MaxAbsoluteDeviation,0.5949562191963196,0.42913731932640076,10.819933200022206
"[23, 23, 8, 8, 23, 8, 15]","['swish', 'elu', 'swish', 'swish', 'tanh', 'sigmoid', 'sigmoid']",f8f00808f90676,700,Adam,MaxAbsoluteDeviation,0.35478997230529785,0.29370418190956116,12.733392199967057
"[23, 23, 8, 8, 23, 8, 15]","['swish', 'elu', 'swish', 'swish', 'tanh', 'sigmoid', 'sigmoid']",f8f00808f90676,700,Adam,MaxAbsoluteDeviation,0.3658686876296997,0.21499969065189362,10.821920500020497
"[23, 23, 8, 8, 23, 8, 15]","['swish', 'elu', 'swish', 'swish', 'tanh', 'sigmoid', 'sigmoid']",f8f00808f90676,700,Adam,MaxAbsoluteDeviation,0.4419035315513611,0.21674151718616486,11.12041740003042
"[23, 23, 8, 8, 23, 8, 15]","['swish', 'elu', 'swish', 'swish', 'tanh', 'sigmoid', 'sigmoid']",f8f00808f90676,700,Adam,MaxAbsoluteDeviation,0.41552335023880005,0.17027105391025543,10.968518200097606
"[23, 23, 8, 8, 23, 8, 15]","['swish', 'elu', 'swish', 'swish', 'tanh', 'sigmoid', 'sigmoid']",f8f00808f90676,700,Adam,MaxAbsoluteDeviation,0.49805161356925964,0.3422415256500244,10.557328899973072
"[23, 23, 8, 8, 23, 8, 15]","['swish', 'elu', 'swish', 'swish', 'tanh', 'sigmoid', 'sigmoid']",f8f00808f90676,146,Adam,MaxAbsoluteDeviation,0.5663563013076782,0.2932736277580261,2.7683630000101402
"[23, 23, 8, 8, 23, 8, 15]","['swish', 'elu', 'swish', 'swish', 'tanh', 'tanh', 'sigmoid']",f8f00808f90976,146,Adam,MaxAbsoluteDeviation,0.9820622205734253,0.7985419631004333,2.7704470000462607
"[23, 23, 8, 8, 23, 8, 15]","['swish', 'elu', 'swish', 'swish', 'tanh', 'tanh', 'sigmoid']",f8f00808f90976,146,Adam,MaxAbsoluteDeviation,0.5173692107200623,0.536981999874115,2.7591422999976203
"[23, 23, 8, 8, 23, 23, 15]","['swish', 'elu', 'swish', 'swish', 'tanh', 'tanh', 'sigmoid']",f8f00808f9f976,146,Adam,MaxAbsoluteDeviation,0.6550506353378296,0.45947349071502686,2.7034182000206783
"[23, 23, 8, 8, 23, 8, 15]","['swish', 'elu', 'swish', 'swish', 'tanh', 'tanh', 'sigmoid']",f8f00808f90976,146,Adam,MaxAbsoluteDeviation,0.7392773628234863,0.20225776731967926,2.72697259997949
"[23, 23, 8, 23, 23, 8, 15]","['swish', 'elu', 'swish', 'swish', 'tanh', 'tanh', 'elu']",f8f008f8f90970,146,Adam,MaxAbsoluteDeviation,0.8530359864234924,0.6933844089508057,2.6767960999859497
"[23, 23, 8, 23, 23, 8, 15, 19]","['swish', 'elu', 'swish', 'swish', 'tanh', 'tanh', 'elu', 'elu']",f8f008f8f90970b0,146,Adam,MaxAbsoluteDeviation,1.1146758794784546,0.3176211416721344,2.91408669995144
"[23, 23, 8, 23, 23, 8, 15]","['swish', 'elu', 'swish', 'swish', 'tanh', 'tanh', 'elu']",f8f008f8f90970,146,Adam,MaxAbsoluteDeviation,0.4480786621570587,0.32135817408561707,2.6993737999582663
"[23, 23, 8, 23, 23, 8, 15]","['swish', 'elu', 'swish', 'swish', 'tanh', 'tanh', 'elu']",f8f008f8f90970,100,Adam,MaxAbsoluteDeviation,0.7706062197685242,0.5131170749664307,2.095279200002551
"[23, 23, 8, 8, 23, 8, 15]","['swish', 'elu', 'swish', 'swish', 'tanh', 'tanh', 'elu']",f8f00808f90970,146,Adam,MaxAbsoluteDeviation,0.602512538433075,0.6330872178077698,2.6409857000689954
"[23, 23, 8, 8, 23, 8, 15]","['swish', 'elu', 'swish', 'swish', 'tanh', 'tanh', 'elu']",f8f00808f90970,108,Adam,MaxAbsoluteDeviation,0.6206701993942261,0.14486870169639587,2.1403632999863476
"[23, 23, 8, 8, 23, 8, 15, 12]","['swish', 'elu', 'swish', 'swish', 'tanh', 'tanh', 'elu', 'elu']",f8f00808f9097040,108,Adam,MaxAbsoluteDeviation,1.2019801139831543,0.6533305644989014,2.309267699951306
"[23, 23, 8, 8, 23, 8, 15, 19, 12]","['swish', 'elu', 'swish', 'swish', 'tanh', 'tanh', 'elu', 'swish', 'elu']",f8f00808f90970b840,108,Adam,MaxAbsoluteDeviation,1.413201928138733,1.5065155029296875,2.489918899955228
"[23, 23, 8, 8, 23, 8, 15, 19]","['swish', 'elu', 'swish', 'swish', 'tanh', 'tanh', 'elu', 'swish']",f8f00808f90970b8,108,Adam,MaxAbsoluteDeviation,0.5972736477851868,0.19553418457508087,2.2618664000183344
"[23, 23, 8, 8, 23, 8, 15, 19]","['swish', 'elu', 'swish', 'swish', 'tanh', 'tanh', 'elu', 'swish']",f8f00808f90970b8,700,Adam,MaxAbsoluteDeviation,0.4196518659591675,0.34249618649482727,10.635220199939795
"[23, 23, 8, 8, 23, 8, 15, 19, 19]","['swish', 'elu', 'swish', 'swish', 'tanh', 'tanh', 'elu', 'swish', 'sigmoid']",f8f00808f90970b8b6,700,Adam,MaxAbsoluteDeviation,0.44609519839286804,0.29664847254753113,11.14286240004003
"[23, 23, 8, 8, 23, 8, 15, 19]","['swish', 'elu', 'swish', 'swish', 'tanh', 'tanh', 'elu', 'swish']",f8f00808f90970b8,700,Adam,MaxAbsoluteDeviation,0.3678564131259918,0.3065723180770874,10.741196200018749
"[23, 23, 8, 8, 23, 8, 15]","['swish', 'elu', 'swish', 'swish', 'tanh', 'tanh', 'elu']",f8f00808f90970,700,Adam,MaxAbsoluteDeviation,0.46867167949676514,0.37274879217147827,9.654424299951643
"[23, 23, 23, 8, 23, 8, 15]","['swish', 'elu', 'swish', 'swish', 'tanh', 'tanh', 'elu']",f8f0f808f90970,700,Adam,MaxAbsoluteDeviation,0.38131237030029297,0.2614925503730774,9.384469100041315
"[23, 23, 8, 8, 23, 8, 15]","['swish', 'elu', 'swish', 'swish', 'tanh', 'tanh', 'elu']",f8f00808f90970,700,Adam,MaxAbsoluteDeviation,0.5290194153785706,0.21171258389949799,9.631281800102443
"[23, 23, 8, 8, 23, 8, 15]","['swish', 'elu', 'swish', 'swish', 'elu', 'tanh', 'elu']",f8f00808f00970,700,Adam,MaxAbsoluteDeviation,0.6900119781494141,0.4978031516075134,9.602387799997814
"[23, 23, 8, 8, 23, 8, 15]","['swish', 'elu', 'swish', 'swish', 'elu', 'tanh', 'elu']",f8f00808f00970,700,Adam,MaxAbsoluteDeviation,0.5640444755554199,0.3405437469482422,9.367250800016336
"[23, 23, 23, 8, 23, 8, 15]","['swish', 'elu', 'swish', 'swish', 'elu', 'tanh', 'elu']",f8f0f808f00970,700,Adam,MaxAbsoluteDeviation,0.6241515874862671,0.31427857279777527,9.333351600100286
"[23, 23, 23, 8, 23, 8, 15, 12]","['swish', 'elu', 'swish', 'elu', 'elu', 'tanh', 'elu', 'swish']",f8f0f800f0097048,700,Adam,MaxAbsoluteDeviation,0.4415706694126129,0.3885982632637024,10.381112299975939
"[23, 23, 23, 8, 23, 8]","['swish', 'elu', 'swish', 'elu', 'elu', 'tanh']",f8f0f800f009,700,Adam,MaxAbsoluteDeviation,9.137989044189453,6.804242134094238,8.651261499966495
"[23, 23, 8, 8, 23, 8, 15, 12]","['swish', 'elu', 'swish', 'elu', 'elu', 'tanh', 'elu', 'swish']",f8f00800f0097048,700,Adam,MaxAbsoluteDeviation,0.47585129737854004,0.5717965364456177,9.781153700081632
"[23, 23, 8, 8, 8, 8, 15, 12]","['swish', 'elu', 'swish', 'elu', 'elu', 'tanh', 'elu', 'swish']",f8f0080000097048,700,Adam,MaxAbsoluteDeviation,0.38990336656570435,0.22163498401641846,9.92362800007686
"[23, 23, 8, 8, 23, 8, 15, 12]","['swish', 'elu', 'swish', 'elu', 'elu', 'tanh', 'elu', 'swish']",f8f00800f0097048,700,Adam,MaxAbsoluteDeviation,0.6519284844398499,0.26117151975631714,13.692053500097245
"[23, 23, 8, 8, 23, 8, 15]","['swish', 'elu', 'tanh', 'elu', 'elu', 'tanh', 'elu']",f8f00900f00970,700,Adam,MaxAbsoluteDeviation,0.4907311201095581,0.25964441895484924,11.021994900074787
"[23, 23, 8, 8, 23, 8, 15]","['swish', 'elu', 'tanh', 'elu', 'elu', 'tanh', 'elu']",f8f00900f00970,535,Adam,MaxAbsoluteDeviation,0.6566309928894043,0.4655836522579193,8.241496299975552
"[23, 23, 8, 8, 23, 8]","['swish', 'elu', 'tanh', 'elu', 'elu', 'tanh']",f8f00900f009,535,Adam,MaxAbsoluteDeviation,7.997152805328369,4.596843719482422,7.930645099957474
"[23, 23, 8, 8, 23, 8, 15]","['swish', 'elu', 'tanh', 'elu', 'elu', 'tanh', 'elu']",f8f00900f00970,700,Adam,MaxAbsoluteDeviation,0.4114747941493988,0.30798956751823425,10.641181300044991
"[8, 23, 8, 8, 23, 8]","['swish', 'elu', 'tanh', 'elu', 'elu', 'tanh']",08f00900f009,700,Adam,MaxAbsoluteDeviation,0.38393309712409973,0.3100363612174988,9.789346200064756
"[8, 23, 8, 8, 23, 8]","['swish', 'elu', 'tanh', 'elu', 'elu', 'tanh']",08f00900f009,198,Adam,MaxAbsoluteDeviation,9.2268705368042,6.745110988616943,3.2185917000751942
"[8, 23, 8, 8, 23, 8]","['swish', 'elu', 'tanh', 'elu', 'elu', 'tanh']",08f00900f009,700,Adam,MaxAbsoluteDeviation,0.48872119188308716,0.23044992983341217,9.84004190005362
"[8, 23, 8, 8, 23, 8, 19]","['swish', 'elu', 'tanh', 'elu', 'elu', 'tanh', 'swish']",08f00900f009b8,700,Adam,MaxAbsoluteDeviation,0.6682041883468628,0.5751698017120361,10.642118499963544
"[8, 23, 8, 8, 23, 8, 19]","['swish', 'elu', 'tanh', 'elu', 'elu', 'tanh', 'swish']",08f00900f009b8,700,Adam,MaxAbsoluteDeviation,0.5403217673301697,0.31829556822776794,10.594642799929716
"[8, 23, 8, 8, 23, 8, 19]","['swish', 'elu', 'tanh', 'elu', 'elu', 'tanh', 'swish']",08f00900f009b8,364,Adam,MaxAbsoluteDeviation,0.43338000774383545,0.33455634117126465,5.705049699987285
"[23, 23, 8, 8, 23, 8, 19]","['swish', 'elu', 'tanh', 'elu', 'elu', 'tanh', 'swish']",f8f00900f009b8,364,Adam,MaxAbsoluteDeviation,0.5316774845123291,0.2350076138973236,5.605394400074147
"[23, 23, 8, 8, 23, 8, 19]","['elu', 'elu', 'tanh', 'elu', 'elu', 'tanh', 'swish']",f0f00900f009b8,364,Adam,MaxAbsoluteDeviation,0.4733303189277649,0.4108964800834656,5.56475739995949
"[23, 23, 8, 8, 23, 8, 19]","['elu', 'elu', 'tanh', 'elu', 'elu', 'tanh', 'swish']",f0f00900f009b8,700,Adam,MaxAbsoluteDeviation,0.8307932019233704,0.5550345182418823,9.94745660002809
"[23, 23, 8, 8, 23, 8]","['elu', 'elu', 'tanh', 'elu', 'elu', 'tanh']",f0f00900f009,700,Adam,MaxAbsoluteDeviation,0.49802300333976746,0.15510410070419312,9.386048100073822
"[23, 23, 8, 8, 23, 8, 17]","['elu', 'elu', 'tanh', 'elu', 'elu', 'tanh', 'sigmoid']",f0f00900f00996,700,Adam,MaxAbsoluteDeviation,0.5463279485702515,0.30485284328460693,9.8768635999877
"[23, 23, 8, 8, 23, 8, 22]","['elu', 'elu', 'tanh', 'elu', 'elu', 'tanh', 'elu']",f0f00900f009e0,700,Adam,MaxAbsoluteDeviation,0.5154550671577454,0.5114418864250183,9.39658259996213
"[23, 23, 8, 8, 23, 8, 22]","['elu', 'elu', 'tanh', 'elu', 'elu', 'tanh', 'elu']",f0f00900f009e0,700,Adam,MaxAbsoluteDeviation,0.4228048622608185,0.43246230483055115,9.873755300068296
"[23, 23, 8, 8, 23, 8, 22]","['elu', 'sigmoid', 'tanh', 'elu', 'elu', 'tanh', 'elu']",f0f60900f009e0,700,Adam,MaxAbsoluteDeviation,0.30632054805755615,0.134676992893219,9.79817920003552
"[23, 23, 8, 8, 23, 8, 22]","['elu', 'sigmoid', 'tanh', 'elu', 'elu', 'tanh', 'elu']",f0f60900f009e0,700,Adam,MaxAbsoluteDeviation,0.608678936958313,0.21081365644931793,9.394033499993384
"[23, 23, 8, 8, 23, 8, 23]","['elu', 'sigmoid', 'tanh', 'elu', 'elu', 'tanh', 'elu']",f0f60900f009f0,700,Adam,MaxAbsoluteDeviation,0.46321433782577515,0.13908888399600983,9.762387400027364
"[23, 23, 8, 8, 23, 8, 23, 19]","['elu', 'sigmoid', 'tanh', 'elu', 'elu', 'tanh', 'elu', 'elu']",f0f60900f009f0b0,700,Adam,MaxAbsoluteDeviation,0.7587960958480835,0.3255577087402344,10.359434599988163
"[23, 23, 8, 8, 23, 8, 23, 19]","['elu', 'sigmoid', 'tanh', 'elu', 'elu', 'tanh', 'elu', 'elu']",f0f60900f009f0b0,700,Adam,MaxAbsoluteDeviation,0.4845423102378845,0.47949540615081787,10.011328099993989
"[23, 23, 8, 8, 23, 8, 23, 19]","['elu', 'sigmoid', 'tanh', 'elu', 'elu', 'tanh', 'elu', 'elu']",f0f60900f009f0b0,700,Adam,MaxAbsoluteDeviation,0.4462871849536896,0.20813898742198944,10.118501799996011
"[23, 12, 8, 8, 23, 8, 23, 19]","['elu', 'sigmoid', 'tanh', 'elu', 'elu', 'tanh', 'elu', 'elu']",f0460900f009f0b0,700,Adam,MaxAbsoluteDeviation,0.8275078535079956,0.3180878758430481,10.163032700074837
"[23, 23, 8, 8, 23, 8, 23, 19, 22]","['elu', 'sigmoid', 'tanh', 'elu', 'elu', 'tanh', 'elu', 'elu', 'sigmoid']",f0f60900f009f0b0e6,700,Adam,MaxAbsoluteDeviation,9.217469215393066,6.877800941467285,10.764460599981248
"[23, 23, 8, 8, 23, 23, 23, 19]","['elu', 'sigmoid', 'tanh', 'elu', 'elu', 'tanh', 'elu', 'elu']",f0f60900f0f9f0b0,211,Adam,MaxAbsoluteDeviation,1.249902606010437,0.7655021548271179,3.471985899959691
"[23, 23, 8, 8, 23, 8, 23, 19]","['elu', 'sigmoid', 'tanh', 'elu', 'elu', 'tanh', 'elu', 'elu']",f0f60900f009f0b0,700,Adam,MaxAbsoluteDeviation,0.42862677574157715,0.2525535523891449,9.540095400065184
"[23, 23, 8, 8, 23, 8, 23, 19]","['elu', 'sigmoid', 'tanh', 'elu', 'elu', 'tanh', 'elu', 'tanh']",f0f60900f009f0b9,700,Adam,MaxAbsoluteDeviation,9.036754608154297,6.826478958129883,9.64674630004447
"[23, 23, 8, 8, 23, 8, 23, 19]","['elu', 'sigmoid', 'tanh', 'elu', 'elu', 'tanh', 'elu', 'elu']",f0f60900f009f0b0,700,Adam,MaxAbsoluteDeviation,0.4404008388519287,0.357644647359848,9.761362600023858
"[23, 23, 8, 8, 23, 8, 23, 19]","['elu', 'sigmoid', 'tanh', 'elu', 'elu', 'tanh', 'elu', 'elu']",f0f60900f009f0b0,700,Adam,MaxAbsoluteDeviation,0.5129320621490479,0.18809860944747925,9.612457099952735
"[23, 23, 8, 23, 23, 8, 23]","['elu', 'sigmoid', 'tanh', 'elu', 'elu', 'tanh', 'elu']",f0f609f0f009f0,700,Adam,MaxAbsoluteDeviation,0.5768542885780334,0.19384600222110748,9.120191199937835
"[23, 23, 8, 23, 23, 8, 23]","['elu', 'sigmoid', 'tanh', 'elu', 'elu', 'tanh', 'elu']",f0f609f0f009f0,700,Adam,MaxAbsoluteDeviation,0.5523051619529724,0.37783217430114746,9.220034600002691
"[8, 23, 8, 23, 23, 8, 23]","['elu', 'sigmoid', 'tanh', 'tanh', 'elu', 'tanh', 'elu']",00f609f9f009f0,700,Adam,MaxAbsoluteDeviation,0.7128865718841553,0.6646491885185242,9.226376200094819
"[23, 23, 8, 23, 23, 8]","['elu', 'sigmoid', 'tanh', 'elu', 'elu', 'tanh']",f0f609f0f009,700,Adam,MaxAbsoluteDeviation,9.108061790466309,6.8417229652404785,8.494169699959457
"[23, 23, 8, 23, 23, 8, 23]","['elu', 'sigmoid', 'tanh', 'elu', 'elu', 'tanh', 'elu']",f0f609f0f009f0,700,Adam,MaxAbsoluteDeviation,0.613774836063385,0.1201961487531662,12.559516700101085
"[23, 23, 8, 23, 23, 8, 23, 22]","['elu', 'sigmoid', 'tanh', 'elu', 'elu', 'tanh', 'elu', 'tanh']",f0f609f0f009f0e9,700,Adam,MaxAbsoluteDeviation,9.116538047790527,6.685175895690918,11.49130580003839
"[23, 23, 8, 23, 23, 8]","['elu', 'sigmoid', 'tanh', 'elu', 'elu', 'tanh']",f0f609f0f009,700,Adam,MaxAbsoluteDeviation,9.161693572998047,6.657040596008301,9.78066549997311
"[23, 23, 8, 23, 8, 23, 23]","['elu', 'sigmoid', 'tanh', 'elu', 'elu', 'tanh', 'elu']",f0f609f000f9f0,700,Adam,MaxAbsoluteDeviation,0.5899918079376221,0.10093864798545837,10.301688899984583
"[23, 23, 8, 23, 8, 23, 23]","['elu', 'sigmoid', 'tanh', 'elu', 'elu', 'tanh', 'elu']",f0f609f000f9f0,700,Adam,MaxAbsoluteDeviation,0.40469539165496826,0.19164380431175232,10.343125200015493
"[23, 23, 8, 23, 8, 23, 23]","['elu', 'sigmoid', 'tanh', 'elu', 'elu', 'tanh', 'elu']",f0f609f000f9f0,700,Adam,MaxAbsoluteDeviation,0.44538256525993347,0.22944754362106323,10.362243499956094
"[23, 23, 8, 23, 8, 23, 23]","['elu', 'sigmoid', 'tanh', 'elu', 'elu', 'tanh', 'elu']",f0f609f000f9f0,700,Adam,MaxAbsoluteDeviation,0.674364447593689,0.3765358626842499,10.495392200071365
"[23, 23, 8, 23, 8, 23, 23, 18]","['elu', 'sigmoid', 'tanh', 'elu', 'elu', 'tanh', 'elu', 'swish']",f0f609f000f9f0a8,700,Adam,MaxAbsoluteDeviation,0.6667881011962891,0.3279738128185272,10.934121300000697
"[23, 23, 8, 23, 8, 23, 23, 18]","['elu', 'sigmoid', 'tanh', 'elu', 'elu', 'tanh', 'elu', 'elu']",f0f609f000f9f0a0,700,Adam,MaxAbsoluteDeviation,0.40179333090782166,0.22147805988788605,11.006793200038373
"[23, 23, 8, 23, 8, 23, 23, 18]","['elu', 'sigmoid', 'tanh', 'elu', 'elu', 'tanh', 'elu', 'elu']",f0f609f000f9f0a0,700,Adam,MaxAbsoluteDeviation,0.3304699659347534,0.18731865286827087,10.860780900111422
"[23, 23, 8, 23, 8, 23, 23, 18]","['elu', 'sigmoid', 'tanh', 'elu', 'elu', 'tanh', 'elu', 'elu']",f0f609f000f9f0a0,700,Adam,MaxAbsoluteDeviation,0.7644054889678955,0.2513350248336792,10.90760150004644
"[23, 23, 8, 23, 8, 23, 23, 18]","['elu', 'sigmoid', 'tanh', 'elu', 'elu', 'tanh', 'elu', 'tanh']",f0f609f000f9f0a9,700,Adam,MaxAbsoluteDeviation,8.455381393432617,5.875612735748291,10.6620248000836
"[23, 23, 8, 23, 8, 23, 23, 18, 16]","['elu', 'sigmoid', 'tanh', 'elu', 'elu', 'tanh', 'elu', 'elu', 'tanh']",f0f609f000f9f0a089,700,Adam,MaxAbsoluteDeviation,9.033271789550781,6.763087272644043,11.131779499934055
"[23, 23, 8, 23, 8, 23, 23, 18, 15]","['elu', 'sigmoid', 'tanh', 'elu', 'elu', 'tanh', 'elu', 'elu', 'swish']",f0f609f000f9f0a078,700,Adam,MaxAbsoluteDeviation,1.0313093662261963,0.6145758628845215,11.263555499957874
"[23, 23, 8, 23, 8, 23, 23, 18]","['elu', 'sigmoid', 'tanh', 'elu', 'elu', 'tanh', 'elu', 'elu']",f0f609f000f9f0a0,700,Adam,MaxAbsoluteDeviation,0.5409777164459229,0.25762224197387695,10.642117599956691
"[23, 23, 8, 23, 8, 23, 8, 18]","['elu', 'sigmoid', 'tanh', 'elu', 'elu', 'tanh', 'elu', 'elu']",f0f609f000f900a0,700,Adam,MaxAbsoluteDeviation,0.7061347961425781,0.29997003078460693,10.565088300034404
"[23, 23, 8, 23, 8, 23, 8, 18]","['elu', 'sigmoid', 'tanh', 'elu', 'elu', 'tanh', 'elu', 'elu']",f0f609f000f900a0,273,Adam,MaxAbsoluteDeviation,0.4347080886363983,0.24243909120559692,4.437862900085747
"[23, 23, 8, 23, 8, 23, 8, 18]","['elu', 'sigmoid', 'tanh', 'elu', 'elu', 'tanh', 'swish', 'elu']",f0f609f000f908a0,273,Adam,MaxAbsoluteDeviation,0.9367003440856934,0.40040960907936096,4.368167700013146
"[23, 23, 8, 23, 8, 23, 8]","['elu', 'sigmoid', 'tanh', 'elu', 'elu', 'tanh', 'swish']",f0f609f000f908,273,Adam,MaxAbsoluteDeviation,0.5883650779724121,0.42766273021698,4.027454799972475
"[23, 23, 8, 23, 8, 23, 8, 14]","['elu', 'sigmoid', 'tanh', 'elu', 'elu', 'tanh', 'sigmoid', 'sigmoid']",f0f609f000f90666,273,Adam,MaxAbsoluteDeviation,0.8338558077812195,0.2923501133918762,4.291585200000554
"[23, 8, 8, 23, 8, 23, 8, 14]","['elu', 'sigmoid', 'tanh', 'elu', 'elu', 'tanh', 'sigmoid', 'sigmoid']",f00609f000f90666,273,Adam,MaxAbsoluteDeviation,0.45692017674446106,0.24645189940929413,4.350404899916612
"[23, 8, 23, 23, 8, 23, 8, 14]","['elu', 'sigmoid', 'tanh', 'elu', 'elu', 'tanh', 'sigmoid', 'sigmoid']",f006f9f000f90666,231,Adam,MaxAbsoluteDeviation,0.7226850986480713,0.38124069571495056,3.6885042999638245
"[23, 8, 23, 23, 8, 23, 8]","['elu', 'sigmoid', 'tanh', 'elu', 'elu', 'tanh', 'sigmoid']",f006f9f000f906,183,Adam,MaxAbsoluteDeviation,1.3683918714523315,1.1614261865615845,2.8829431000631303
"[23, 8, 23, 23, 8, 23, 8, 11]","['elu', 'sigmoid', 'tanh', 'elu', 'elu', 'tanh', 'sigmoid', 'swish']",f006f9f000f90638,183,Adam,MaxAbsoluteDeviation,2.562699794769287,1.4988168478012085,3.157949300017208
"[23, 8, 23, 23, 8, 23, 8]","['elu', 'sigmoid', 'tanh', 'elu', 'elu', 'tanh', 'sigmoid']",f006f9f000f906,108,Adam,MaxAbsoluteDeviation,2.0033621788024902,1.6668086051940918,1.981427300022915
"[23, 8, 23, 23, 8, 8, 8]","['elu', 'sigmoid', 'tanh', 'elu', 'elu', 'tanh', 'sigmoid']",f006f9f0000906,183,Adam,MaxAbsoluteDeviation,0.7361270785331726,0.2848641872406006,2.90155449998565
"[23, 8, 23, 23, 8, 8, 8]","['elu', 'sigmoid', 'tanh', 'elu', 'elu', 'tanh', 'sigmoid']",f006f9f0000906,700,Adam,MaxAbsoluteDeviation,9.17144775390625,6.737791538238525,9.045438000001013
"[23, 8, 23, 23, 8, 8, 8]","['elu', 'sigmoid', 'tanh', 'elu', 'swish', 'tanh', 'sigmoid']",f006f9f0080906,183,Adam,MaxAbsoluteDeviation,9.2047700881958,6.6878533363342285,2.9339093000162393
"[23, 8, 23, 23, 8, 8, 8]","['elu', 'sigmoid', 'tanh', 'elu', 'elu', 'tanh', 'sigmoid']",f006f9f0000906,183,Adam,MaxAbsoluteDeviation,0.5707152485847473,0.4931460916996002,2.81766850000713
"[23, 8, 23, 23, 8, 8, 8, 21]","['elu', 'sigmoid', 'tanh', 'elu', 'elu', 'tanh', 'sigmoid', 'swish']",f006f9f0000906d8,183,Adam,MaxAbsoluteDeviation,0.6757381558418274,0.19719649851322174,3.017910100053996
"[23, 8, 23, 23, 8, 8, 8]","['elu', 'sigmoid', 'tanh', 'elu', 'elu', 'tanh', 'sigmoid']",f006f9f0000906,183,Adam,MaxAbsoluteDeviation,9.11646556854248,6.8128662109375,2.809839399997145
"[23, 8, 23, 23, 8, 8, 8, 21, 16, 23]","['elu', 'sigmoid', 'tanh', 'elu', 'elu', 'tanh', 'sigmoid', 'swish', 'tanh', 'swish']",f006f9f0000906d889f8,183,Adam,MaxAbsoluteDeviation,9.132916450500488,6.62568473815918,3.387549899984151
"[23, 8, 23, 23, 8, 8, 8]","['elu', 'sigmoid', 'tanh', 'elu', 'elu', 'tanh', 'sigmoid']",f006f9f0000906,183,Adam,MaxAbsoluteDeviation,0.7628912329673767,0.6288512349128723,2.8511489999946207
"[23, 8, 23, 23, 8, 8, 8, 9]","['elu', 'sigmoid', 'tanh', 'elu', 'elu', 'tanh', 'sigmoid', 'elu']",f006f9f000090610,183,Adam,MaxAbsoluteDeviation,0.5591912865638733,0.5060884356498718,3.0011622000019997
"[23, 8, 23, 23, 8, 8, 8]","['elu', 'sigmoid', 'tanh', 'elu', 'elu', 'tanh', 'sigmoid']",f006f9f0000906,183,Adam,MaxAbsoluteDeviation,0.3105291426181793,0.28275159001350403,2.7447976999683306
"[23, 8, 23, 23, 8, 8, 8]","['elu', 'sigmoid', 'tanh', 'elu', 'elu', 'tanh', 'sigmoid']",f006f9f0000906,700,Adam,MaxAbsoluteDeviation,9.167452812194824,6.773387908935547,10.28341829997953
"[23, 8, 23, 23, 23, 8, 8]","['elu', 'sigmoid', 'tanh', 'elu', 'elu', 'tanh', 'sigmoid']",f006f9f0f00906,183,Adam,MaxAbsoluteDeviation,9.060685157775879,6.714497089385986,3.24957780004479
"[23, 8, 23, 23, 8, 8, 8, 22]","['elu', 'sigmoid', 'tanh', 'elu', 'elu', 'tanh', 'sigmoid', 'swish']",f006f9f0000906e8,183,Adam,MaxAbsoluteDeviation,0.5486227869987488,0.39326056838035583,3.508213699911721
"[23, 8, 23, 23, 8, 8, 8]","['elu', 'sigmoid', 'tanh', 'elu', 'elu', 'tanh', 'sigmoid']",f006f9f0000906,183,Adam,MaxAbsoluteDeviation,9.145216941833496,6.797282695770264,3.147616899921559
"[23, 8, 23, 23, 8, 8, 8]","['elu', 'sigmoid', 'tanh', 'elu', 'elu', 'tanh', 'sigmoid']",f006f9f0000906,183,Adam,MaxAbsoluteDeviation,0.47166183590888977,0.5892180800437927,3.2140996999805793
"[23, 8, 23, 23, 8, 8, 8]","['elu', 'sigmoid', 'tanh', 'elu', 'elu', 'tanh', 'sigmoid']",f006f9f0000906,700,Adam,MaxAbsoluteDeviation,0.4619605243206024,0.20856155455112457,10.126150300027803
"[23, 8, 23, 23, 8, 8, 8]","['elu', 'sigmoid', 'tanh', 'elu', 'elu', 'tanh', 'sigmoid']",f006f9f0000906,616,Adam,MaxAbsoluteDeviation,8.998780250549316,6.778038501739502,9.071165399975143
"[23, 8, 23, 23, 8, 8, 8]","['elu', 'sigmoid', 'tanh', 'elu', 'elu', 'tanh', 'tanh']",f006f9f0000909,700,Adam,MaxAbsoluteDeviation,0.35777586698532104,0.3799665868282318,10.11638420005329
"[23, 8, 23, 23, 8, 8, 8]","['elu', 'sigmoid', 'tanh', 'elu', 'elu', 'tanh', 'tanh']",f006f9f0000909,700,Adam,MaxAbsoluteDeviation,8.345684051513672,5.7109808921813965,9.774394699954428
"[23, 8, 23, 23, 8, 8, 8]","['elu', 'sigmoid', 'tanh', 'elu', 'elu', 'tanh', 'tanh']",f006f9f0000909,700,Adam,MaxAbsoluteDeviation,0.44516631960868835,0.2969827950000763,9.763942900113761
"[23, 8, 23, 23, 8, 8, 8]","['elu', 'sigmoid', 'tanh', 'elu', 'elu', 'tanh', 'sigmoid']",f006f9f0000906,700,Adam,MaxAbsoluteDeviation,0.6449464559555054,0.5372006893157959,9.903341499972157
"[23, 8, 23, 23, 8, 8, 8]","['elu', 'sigmoid', 'tanh', 'elu', 'elu', 'tanh', 'tanh']",f006f9f0000909,700,Adam,MaxAbsoluteDeviation,9.072948455810547,6.760746002197266,9.668948499951512
"[23, 8, 23, 23, 8, 8, 8]","['elu', 'sigmoid', 'tanh', 'elu', 'elu', 'tanh', 'swish']",f006f9f0000908,567,Adam,MaxAbsoluteDeviation,9.242517471313477,6.697679042816162,8.087484500021674
"[23, 8, 23, 23, 8, 8, 8]","['elu', 'sigmoid', 'tanh', 'elu', 'elu', 'tanh', 'tanh']",f006f9f0000909,700,Adam,MaxAbsoluteDeviation,9.172138214111328,6.9249162673950195,9.773138299933635
"[23, 8, 23, 23, 8, 8, 8]","['elu', 'sigmoid', 'tanh', 'elu', 'elu', 'tanh', 'tanh']",f006f9f0000909,700,Adam,MaxAbsoluteDeviation,9.086996078491211,6.852271556854248,9.591903300024569
"[23, 8, 23, 23, 8, 8, 8]","['elu', 'sigmoid', 'tanh', 'elu', 'elu', 'tanh', 'tanh']",f006f9f0000909,700,Adam,MaxAbsoluteDeviation,0.34016162157058716,0.2260044515132904,9.582202800083905
"[23, 8, 23, 23, 8, 23, 8]","['elu', 'sigmoid', 'tanh', 'elu', 'elu', 'tanh', 'tanh']",f006f9f000f909,700,Adam,MaxAbsoluteDeviation,0.5665635466575623,0.41228705644607544,9.747786700027063
"[23, 8, 23, 23, 8, 23, 8]","['elu', 'sigmoid', 'tanh', 'elu', 'elu', 'tanh', 'tanh']",f006f9f000f909,700,Adam,MaxAbsoluteDeviation,9.083722114562988,6.750810146331787,9.363565000006929
"[23, 8, 23, 23, 8, 23]","['elu', 'sigmoid', 'tanh', 'elu', 'elu', 'tanh']",f006f9f000f9,700,Adam,MaxAbsoluteDeviation,0.419967919588089,0.3782966732978821,8.697411500033922
"[23, 8, 23, 23, 8]","['elu', 'sigmoid', 'tanh', 'elu', 'elu']",f006f9f000,700,Adam,MaxAbsoluteDeviation,0.4008844494819641,0.081496961414814,8.047433000057936
"[23, 8, 23, 23, 8]","['elu', 'sigmoid', 'tanh', 'elu', 'elu']",f006f9f000,100,Adam,MaxAbsoluteDeviation,0.3878304660320282,0.3191503584384918,1.5924530000193045
"[23, 8, 23, 23, 8]","['elu', 'sigmoid', 'tanh', 'elu', 'elu']",f006f9f000,700,Adam,MaxAbsoluteDeviation,0.39175671339035034,0.1068759337067604,8.170956499991007
"[23, 8, 23, 23, 8]","['elu', 'sigmoid', 'tanh', 'elu', 'elu']",f006f9f000,154,Adam,MaxAbsoluteDeviation,0.8653558492660522,0.29732823371887207,2.195624400046654
"[23, 8, 23, 23]","['elu', 'sigmoid', 'tanh', 'elu']",f006f9f0,700,Adam,MaxAbsoluteDeviation,0.2649112939834595,0.08675973862409592,7.699877800070681
"[23, 8, 23, 23]","['elu', 'sigmoid', 'tanh', 'elu']",f006f9f0,381,Adam,MaxAbsoluteDeviation,0.3371930718421936,0.18180853128433228,4.2941957000875846
"[23, 8, 23]","['elu', 'sigmoid', 'tanh']",f006f9,381,Adam,MaxAbsoluteDeviation,0.17414535582065582,0.1522376388311386,3.9244136000052094
"[23, 8, 23]","['elu', 'sigmoid', 'tanh']",f006f9,100,Adam,MaxAbsoluteDeviation,0.7092074751853943,0.4391934275627136,1.287300799973309
"[23, 8, 23]","['elu', 'sigmoid', 'tanh']",f006f9,100,Adam,MaxAbsoluteDeviation,0.4998838007450104,0.20766746997833252,1.2961032000603154
"[23, 8, 23]","['elu', 'sigmoid', 'tanh']",f006f9,100,Adam,MaxAbsoluteDeviation,0.27556338906288147,0.1477537751197815,1.307702900026925
"[23, 8, 23, 23]","['elu', 'sigmoid', 'tanh', 'sigmoid']",f006f9f6,100,Adam,MaxAbsoluteDeviation,0.36792662739753723,0.09458965063095093,1.4406504000071436
"[23, 8, 23]","['elu', 'sigmoid', 'tanh']",f006f9,100,Adam,MaxAbsoluteDeviation,0.18291568756103516,0.1800190508365631,1.3244612999260426
"[23, 8, 23]","['elu', 'sigmoid', 'tanh']",f006f9,700,Adam,MaxAbsoluteDeviation,0.18755319714546204,0.027419643476605415,6.558683100040071
"[23, 8, 23]","['elu', 'sigmoid', 'tanh']",f006f9,700,Adam,MaxAbsoluteDeviation,0.16622725129127502,0.097786083817482,6.528741899994202
"[23, 8, 23]","['elu', 'sigmoid', 'tanh']",f006f9,700,Adam,MaxAbsoluteDeviation,0.24945297837257385,0.10648676007986069,6.671899400069378
"[23, 8, 23]","['elu', 'sigmoid', 'tanh']",f006f9,700,Adam,MaxAbsoluteDeviation,0.19535915553569794,0.056054916232824326,6.788328800001182
"[23, 8, 23]","['elu', 'sigmoid', 'tanh']",f006f9,700,Adam,MaxAbsoluteDeviation,0.1735854297876358,0.1894964724779129,6.675866700010374
"[23, 8, 23, 8]","['elu', 'sigmoid', 'tanh', 'elu']",f006f900,700,Adam,MaxAbsoluteDeviation,0.2922351360321045,0.1929236352443695,6.997983500012197
"[23, 23, 23, 8]","['elu', 'sigmoid', 'tanh', 'elu']",f0f6f900,700,Adam,MaxAbsoluteDeviation,0.3247465491294861,0.131202831864357,7.128274400020018
"[23, 23, 23]","['elu', 'sigmoid', 'elu']",f0f6f0,700,Adam,MaxAbsoluteDeviation,0.17186382412910461,0.12272758781909943,6.686818499932997
"[23, 23, 23]","['elu', 'sigmoid', 'elu']",f0f6f0,353,Adam,MaxAbsoluteDeviation,0.4612705707550049,0.15118932723999023,3.46020679990761
"[23, 23, 23]","['elu', 'elu', 'elu']",f0f0f0,700,Adam,MaxAbsoluteDeviation,0.5474827289581299,0.23339858651161194,6.720887599978596
"[23, 23, 23]","['elu', 'sigmoid', 'elu']",f0f6f0,700,Adam,MaxAbsoluteDeviation,0.16465814411640167,0.058958034962415695,6.55860049999319
"[23, 23, 23]","['elu', 'sigmoid', 'sigmoid']",f0f6f6,700,Adam,MaxAbsoluteDeviation,0.13459040224552155,0.076873280107975,6.632258299970999
"[23, 23, 23, 10]","['elu', 'sigmoid', 'sigmoid', 'swish']",f0f6f628,700,Adam,MaxAbsoluteDeviation,0.24599376320838928,0.11135860532522202,8.54585340002086
"[23, 23, 23, 10]","['elu', 'sigmoid', 'sigmoid', 'swish']",f0f6f628,700,Adam,MaxAbsoluteDeviation,0.14698447287082672,0.03594980388879776,8.268815399962477
"[23, 23, 23, 10]","['elu', 'swish', 'sigmoid', 'swish']",f0f8f628,700,Adam,MaxAbsoluteDeviation,0.17131812870502472,0.09119419008493423,8.476984200067818
"[23, 23, 23, 8]","['elu', 'swish', 'sigmoid', 'swish']",f0f8f608,700,Adam,MaxAbsoluteDeviation,0.4556044042110443,0.17303018271923065,8.405079599935561
"[23, 23, 23, 10, 16]","['elu', 'swish', 'sigmoid', 'swish', 'swish']",f0f8f62888,700,Adam,MaxAbsoluteDeviation,0.3088505268096924,0.2137661576271057,8.98167360003572
"[23, 23, 23, 10, 16]","['elu', 'swish', 'sigmoid', 'swish', 'swish']",f0f8f62888,420,Adam,MaxAbsoluteDeviation,0.4836219847202301,0.15320082008838654,5.545618899981491
"[23, 23, 23, 10, 16]","['elu', 'swish', 'sigmoid', 'swish', 'swish']",f0f8f62888,700,Adam,MaxAbsoluteDeviation,0.21343925595283508,0.07222362607717514,9.034175499924459
"[23, 23, 23, 10]","['elu', 'swish', 'sigmoid', 'swish']",f0f8f628,700,Adam,MaxAbsoluteDeviation,0.16373002529144287,0.18748526275157928,8.206343699945137
"[23, 23, 23, 10, 16]","['elu', 'swish', 'sigmoid', 'swish', 'tanh']",f0f8f62889,700,Adam,MaxAbsoluteDeviation,0.20488721132278442,0.26208144426345825,8.870538200018927
"[23, 23, 23, 10, 23]","['elu', 'swish', 'sigmoid', 'swish', 'tanh']",f0f8f628f9,700,Adam,MaxAbsoluteDeviation,0.26023003458976746,0.21955321729183197,8.783856099937111
"[23, 23, 23, 10, 23]","['elu', 'sigmoid', 'sigmoid', 'swish', 'tanh']",f0f6f628f9,700,Adam,MaxAbsoluteDeviation,0.23775646090507507,0.2891975939273834,8.498551000026055
"[23, 23, 23, 10, 23]","['elu', 'sigmoid', 'sigmoid', 'swish', 'tanh']",f0f6f628f9,700,Adam,MaxAbsoluteDeviation,0.2600538730621338,0.19972582161426544,8.490235900040716
"[23, 23, 23, 10, 23]","['elu', 'sigmoid', 'sigmoid', 'swish', 'tanh']",f0f6f628f9,700,Adam,MaxAbsoluteDeviation,0.3981034755706787,0.2041139453649521,8.512488399981521
"[8, 23, 23, 10, 23]","['elu', 'sigmoid', 'sigmoid', 'swish', 'tanh']",00f6f628f9,700,Adam,MaxAbsoluteDeviation,0.3843345642089844,0.14954771101474762,8.281231000088155
"[8, 23, 23, 10, 23, 10]","['elu', 'sigmoid', 'sigmoid', 'swish', 'tanh', 'tanh']",00f6f628f929,700,Adam,MaxAbsoluteDeviation,0.431935578584671,0.30043500661849976,8.562943099997938
"[8, 23, 23, 10, 23, 10]","['elu', 'sigmoid', 'sigmoid', 'swish', 'tanh', 'tanh']",00f6f628f929,700,Adam,MaxAbsoluteDeviation,0.5123433470726013,0.21797062456607819,9.056684999959543
"[8, 23, 23, 10, 23, 10]","['elu', 'sigmoid', 'sigmoid', 'swish', 'tanh', 'tanh']",00f6f628f929,700,Adam,MaxAbsoluteDeviation,0.5228481888771057,0.2977750301361084,8.880030800006352
"[8, 23, 23, 10, 23]","['elu', 'sigmoid', 'sigmoid', 'swish', 'tanh']",00f6f628f9,700,Adam,MaxAbsoluteDeviation,0.2703554034233093,0.07245618849992752,8.297143699950539
"[8, 23, 8, 10, 23]","['elu', 'sigmoid', 'sigmoid', 'swish', 'tanh']",00f60628f9,700,Adam,MaxAbsoluteDeviation,0.2908763587474823,0.16055379807949066,8.322385500068776
"[8, 23, 8, 10, 23, 19]","['elu', 'sigmoid', 'sigmoid', 'swish', 'tanh', 'tanh']",00f60628f9b9,700,Adam,MaxAbsoluteDeviation,0.6062249541282654,0.3534405529499054,8.576377599965781
"[8, 23, 8, 10, 23]","['elu', 'sigmoid', 'sigmoid', 'swish', 'tanh']",00f60628f9,700,Adam,MaxAbsoluteDeviation,0.21029624342918396,0.2359350621700287,7.8929938999935985
"[8, 23, 8, 10, 23]","['elu', 'sigmoid', 'sigmoid', 'swish', 'tanh']",00f60628f9,628,Adam,MaxAbsoluteDeviation,0.25743889808654785,0.10135818272829056,7.252342100022361
"[8, 23, 8, 10, 23]","['elu', 'sigmoid', 'sigmoid', 'swish', 'tanh']",00f60628f9,349,Adam,MaxAbsoluteDeviation,0.3304467499256134,0.15815429389476776,4.225935900001787
"[8, 23, 8, 10, 23, 11]","['elu', 'sigmoid', 'sigmoid', 'swish', 'tanh', 'elu']",00f60628f930,628,Adam,MaxAbsoluteDeviation,0.3495897352695465,0.19174876809120178,7.365930299973115
"[8, 23, 8, 10]","['elu', 'sigmoid', 'sigmoid', 'swish']",00f60628,628,Adam,MaxAbsoluteDeviation,0.10337959975004196,0.04964471980929375,6.993910999968648
"[8, 23, 8]","['elu', 'sigmoid', 'sigmoid']",00f606,628,Adam,MaxAbsoluteDeviation,0.14353562891483307,0.08355604112148285,6.167133599985391
"[8, 23, 8, 8]","['elu', 'sigmoid', 'sigmoid', 'swish']",00f60608,628,Adam,MaxAbsoluteDeviation,0.22244475781917572,0.07995685935020447,6.637691999902017
"[8, 23, 8, 8]","['elu', 'sigmoid', 'sigmoid', 'swish']",00f60608,700,Adam,MaxAbsoluteDeviation,0.2534896731376648,0.22959861159324646,7.37130120000802
"[8, 23, 8, 8]","['elu', 'sigmoid', 'sigmoid', 'swish']",00f60608,700,Adam,MaxAbsoluteDeviation,0.21978206932544708,0.08167710900306702,7.159292099997401
"[8, 23, 23, 8]","['elu', 'sigmoid', 'sigmoid', 'swish']",00f6f608,700,Adam,MaxAbsoluteDeviation,0.17646171152591705,0.06786291301250458,7.2432825999567285
"[8, 23, 23, 8, 17]","['elu', 'sigmoid', 'sigmoid', 'swish', 'swish']",00f6f60898,700,Adam,MaxAbsoluteDeviation,0.2819123864173889,0.2046658843755722,7.824801699956879
"[8, 23, 23, 8, 17]","['elu', 'sigmoid', 'sigmoid', 'swish', 'swish']",00f6f60898,603,Adam,MaxAbsoluteDeviation,0.2770811915397644,0.49218863248825073,6.639547300059348
"[8, 23, 23, 8]","['elu', 'sigmoid', 'sigmoid', 'swish']",00f6f608,603,Adam,MaxAbsoluteDeviation,0.09917093068361282,0.1524798721075058,6.307321400032379
