[9],['elu'],10,253,Adam,MaxAbsoluteDeviation,2.9828808307647705,2.787451982498169,0.8906815000809729
[9],['elu'],10,100,Adam,MaxAbsoluteDeviation,2.9828808307647705,4.571854114532471,0.5007983000250533
[9],['elu'],10,253,Adam,MaxAbsoluteDeviation,2.9616057872772217,2.9470860958099365,0.894425299949944
[9],['elu'],10,253,Adam,MaxAbsoluteDeviation,2.7600317001342773,2.8941879272460938,0.8850567999761552
[9],['elu'],10,100,Adam,MaxAbsoluteDeviation,2.7600317001342773,4.633307933807373,0.5037228000583127
[23],['elu'],f0,253,Adam,MaxAbsoluteDeviation,2.713203191757202,2.583991050720215,0.8767962000565603
"[23, 17]","['elu', 'elu']",f090,253,Adam,MaxAbsoluteDeviation,0.3993935286998749,0.5712928771972656,0.9560083999531344
"[23, 17]","['elu', 'elu']",f090,100,Adam,MaxAbsoluteDeviation,0.9120647311210632,0.8921108245849609,0.573820500052534
"[23, 17]","['elu', 'elu']",f090,700,Adam,MaxAbsoluteDeviation,0.2024625837802887,0.08209800720214844,2.22060490003787
"[23, 17]","['elu', 'elu']",f090,700,Adam,MaxAbsoluteDeviation,0.26343438029289246,0.2559089660644531,2.183564899954945
"[23, 17]","['sigmoid', 'elu']",f690,700,Adam,MaxAbsoluteDeviation,0.39895933866500854,0.3032388687133789,2.2073354000458494
[23],['elu'],f0,700,Adam,MaxAbsoluteDeviation,0.39895933866500854,2.217111110687256,2.080260500079021
"[8, 17, 9]","['sigmoid', 'elu', 'swish']",069018,700,Adam,MaxAbsoluteDeviation,0.5770970582962036,0.6184310913085938,2.331764300004579
"[8, 17, 9]","['sigmoid', 'elu', 'swish']",069018,673,Adam,MaxAbsoluteDeviation,0.21262332797050476,0.15831643342971802,2.238120499998331
"[8, 17, 9]","['sigmoid', 'elu', 'swish']",069018,700,Adam,MaxAbsoluteDeviation,0.2637721300125122,0.15892601013183594,2.337793600047007
"[8, 17, 9]","['sigmoid', 'elu', 'swish']",069018,302,Adam,MaxAbsoluteDeviation,0.45919284224510193,0.17497014999389648,1.1819992000237107
"[8, 17, 9]","['sigmoid', 'elu', 'swish']",069018,100,Adam,MaxAbsoluteDeviation,3.273678779602051,4.216299057006836,0.6485813000472263
"[8, 17]","['sigmoid', 'elu']",0690,100,Adam,MaxAbsoluteDeviation,3.273678779602051,3.957113265991211,3.087479699985124
"[8, 23, 9]","['sigmoid', 'elu', 'swish']",06f018,100,Adam,MaxAbsoluteDeviation,1.6915398836135864,2.617734909057617,0.6864606000017375
"[23, 23, 9, 14]","['sigmoid', 'elu', 'swish', 'sigmoid']",f6f01866,100,Adam,MaxAbsoluteDeviation,1.6915398836135864,4.995234489440918,0.7712934999726713
"[8, 23, 9]","['sigmoid', 'elu', 'swish']",06f018,700,Adam,MaxAbsoluteDeviation,0.5001969337463379,0.4195594787597656,2.5851773999165744
"[8, 23, 9]","['sigmoid', 'elu', 'swish']",06f018,478,Adam,MaxAbsoluteDeviation,0.7434593439102173,0.9679279327392578,1.8151784000219777
"[8, 23, 9, 8]","['sigmoid', 'elu', 'swish', 'swish']",06f01808,700,Adam,MaxAbsoluteDeviation,0.37527137994766235,0.3402494192123413,2.7696607999969274
"[8, 23, 9]","['sigmoid', 'elu', 'swish']",06f018,581,Adam,MaxAbsoluteDeviation,0.3811261057853699,0.3351583480834961,2.1705815999303013
"[8, 23, 9]","['sigmoid', 'elu', 'swish']",06f018,700,Adam,MaxAbsoluteDeviation,0.3811261057853699,0.43743038177490234,2.5573410999495536
"[8, 23, 9]","['sigmoid', 'elu', 'swish']",06f018,581,Adam,MaxAbsoluteDeviation,0.5389617085456848,0.7158908843994141,2.159498400054872
"[8, 23, 9, 18]","['sigmoid', 'sigmoid', 'swish', 'elu']",06f618a0,581,Adam,MaxAbsoluteDeviation,0.5389617085456848,0.3078289031982422,2.319614699925296
"[8, 23, 9, 14]","['swish', 'elu', 'swish', 'sigmoid']",08f01866,581,Adam,MaxAbsoluteDeviation,0.28509947657585144,0.2832975387573242,2.310892999987118
"[8, 23, 9, 14]","['swish', 'elu', 'swish', 'sigmoid']",08f01866,700,Adam,MaxAbsoluteDeviation,0.15181201696395874,0.25091075897216797,2.7159278000472113
"[8, 23, 9, 23]","['swish', 'elu', 'swish', 'sigmoid']",08f018f6,700,Adam,MaxAbsoluteDeviation,0.36411499977111816,0.23163531720638275,2.718094499898143
"[8, 23, 9, 23]","['swish', 'elu', 'swish', 'sigmoid']",08f018f6,700,Adam,MaxAbsoluteDeviation,0.23094242811203003,0.1830615997314453,2.741684200009331
"[8, 23, 9, 23]","['swish', 'elu', 'swish', 'sigmoid']",08f018f6,700,Adam,MaxAbsoluteDeviation,0.6640936136245728,0.6283702850341797,2.708969600033015
"[8, 23, 9, 23]","['swish', 'elu', 'swish', 'sigmoid']",08f018f6,700,Adam,MaxAbsoluteDeviation,0.1724325567483902,0.3544902801513672,2.708219000021927
"[8, 8, 9, 23, 19]","['swish', 'elu', 'swish', 'sigmoid', 'sigmoid']",080018f6b6,700,Adam,MaxAbsoluteDeviation,0.1724325567483902,0.2849140167236328,2.8744629999855533
"[8, 23, 9, 23]","['swish', 'elu', 'swish', 'sigmoid']",08f018f6,700,Adam,MaxAbsoluteDeviation,0.5883236527442932,0.4350872039794922,2.7052608999656513
"[8, 23, 9]","['swish', 'elu', 'swish']",08f018,700,Adam,MaxAbsoluteDeviation,0.19232715666294098,0.22647666931152344,2.523845999967307
"[8, 23, 8]","['swish', 'elu', 'swish']",08f008,700,Adam,MaxAbsoluteDeviation,0.3043730556964874,0.33597755432128906,2.5109627000056207
"[8, 23, 8]","['swish', 'elu', 'swish']",08f008,700,Adam,MaxAbsoluteDeviation,0.28596219420433044,0.5046730041503906,2.498007099959068
"[8, 23, 8]","['swish', 'elu', 'swish']",08f008,138,Adam,MaxAbsoluteDeviation,1.0918039083480835,1.640213966369629,0.7948850999819115
"[23, 23, 8]","['swish', 'elu', 'swish']",f8f008,138,Adam,MaxAbsoluteDeviation,0.5760139226913452,0.7097873687744141,0.7995928999735042
"[23, 23, 8]","['swish', 'elu', 'swish']",f8f008,138,Adam,MaxAbsoluteDeviation,0.5049242973327637,0.7042036652565002,0.7931269999826327
"[23, 23, 8, 23]","['swish', 'elu', 'swish', 'elu']",f8f008f0,138,Adam,MaxAbsoluteDeviation,1.6067590713500977,2.2313222885131836,0.8811213999288157
"[23, 23, 8]","['swish', 'elu', 'swish']",f8f008,138,Adam,MaxAbsoluteDeviation,0.455312043428421,0.7867020964622498,0.8007826000684872
"[23, 23, 8, 16]","['swish', 'elu', 'swish', 'tanh']",f8f00889,138,Adam,MaxAbsoluteDeviation,0.455312043428421,1.1545231342315674,0.8801091000204906
"[23, 23, 8]","['swish', 'elu', 'swish']",f8f008,100,Adam,MaxAbsoluteDeviation,0.455312043428421,0.8879165649414062,0.6930693999165669
"[23, 23, 8, 11]","['swish', 'elu', 'swish', 'swish']",f8f00838,138,Adam,MaxAbsoluteDeviation,0.859160304069519,0.42806389927864075,0.8964368000160903
"[23, 23, 8]","['swish', 'elu', 'swish']",f8f008,138,Adam,MaxAbsoluteDeviation,0.7318812608718872,0.6949329376220703,0.7946239999728277
"[23, 23, 8]","['swish', 'tanh', 'swish']",f8f908,138,Adam,MaxAbsoluteDeviation,0.25296086072921753,0.4709625244140625,0.7936369999079034
"[23, 8, 8]","['swish', 'tanh', 'swish']",f80908,100,Adam,MaxAbsoluteDeviation,0.4277821481227875,0.8626336455345154,0.6904034999897704
"[23, 8]","['swish', 'tanh']",f809,100,Adam,MaxAbsoluteDeviation,2.7631232738494873,2.2707481384277344,0.5956016998970881
"[23, 8]","['swish', 'tanh']",f809,100,Adam,MaxAbsoluteDeviation,3.732362747192383,3.419403076171875,0.5944121000356972
"[23, 8]","['swish', 'tanh']",f809,100,Adam,MaxAbsoluteDeviation,2.7380335330963135,2.2093467712402344,0.5954131999751553
"[23, 8]","['swish', 'tanh']",f809,100,Adam,MaxAbsoluteDeviation,2.8876941204071045,2.101529121398926,0.596808800008148
"[8, 8]","['swish', 'tanh']",0809,100,Adam,MaxAbsoluteDeviation,2.8876941204071045,3.151470422744751,0.594762000022456
"[23, 8]","['swish', 'tanh']",f809,100,Adam,MaxAbsoluteDeviation,3.0290799140930176,2.5986709594726562,0.5961636001011357
"[23, 8, 8]","['swish', 'tanh', 'sigmoid']",f80906,100,Adam,MaxAbsoluteDeviation,3.0290799140930176,6.8393144607543945,0.6619581999257207
"[23, 8]","['swish', 'tanh']",f809,100,Adam,MaxAbsoluteDeviation,1.9462900161743164,2.05594539642334,0.5875535999657586
"[23, 8]","['swish', 'tanh']",f809,700,Adam,MaxAbsoluteDeviation,0.21465227007865906,0.202911376953125,2.237612699973397
"[23, 8]","['swish', 'tanh']",f809,700,Adam,MaxAbsoluteDeviation,0.1383998990058899,0.22694015502929688,2.2539025000296533
"[23, 8]","['swish', 'tanh']",f809,700,Adam,MaxAbsoluteDeviation,0.1383998990058899,0.13353729248046875,2.2276718999492005
"[23, 8]","['swish', 'tanh']",f809,700,Adam,MaxAbsoluteDeviation,0.2496926486492157,0.1525583267211914,2.215246199979447
[23],['swish'],f8,700,Adam,MaxAbsoluteDeviation,0.2496926486492157,2.038860321044922,2.0900957999983802
"[23, 8]","['swish', 'tanh']",f809,700,Adam,MaxAbsoluteDeviation,0.1862516552209854,0.08931159973144531,2.231133499997668
"[23, 8, 10]","['swish', 'tanh', 'sigmoid']",f80926,700,Adam,MaxAbsoluteDeviation,0.23345927894115448,0.2950248718261719,2.343034300021827
"[23, 8, 10]","['swish', 'tanh', 'sigmoid']",f80926,404,Adam,MaxAbsoluteDeviation,0.8199993968009949,0.6808967590332031,1.4890291999327019
"[23, 8]","['swish', 'tanh']",f809,404,Adam,MaxAbsoluteDeviation,0.24109657108783722,0.3068516254425049,1.379657799960114
"[23, 8]","['swish', 'tanh']",f809,404,Adam,MaxAbsoluteDeviation,0.17735740542411804,0.1661062240600586,1.3870375000406057
"[8, 8]","['swish', 'tanh']",0809,404,Adam,MaxAbsoluteDeviation,0.2914247214794159,0.19538021087646484,1.3694760999642313
"[17, 8]","['swish', 'tanh']",9809,404,Adam,MaxAbsoluteDeviation,0.6070833802223206,0.4904918670654297,1.3672967000165954
"[17, 8]","['swish', 'tanh']",9809,700,Adam,MaxAbsoluteDeviation,0.29594364762306213,0.21158599853515625,2.189848699956201
"[17, 8, 21]","['swish', 'tanh', 'sigmoid']",9809d6,700,Adam,MaxAbsoluteDeviation,0.32790032029151917,0.3127288818359375,2.3279482000507414
"[17, 8, 8]","['swish', 'tanh', 'sigmoid']",980906,700,Adam,MaxAbsoluteDeviation,0.3168109059333801,0.15755558013916016,2.3331556000048295
"[17, 23, 8]","['swish', 'tanh', 'sigmoid']",98f906,700,Adam,MaxAbsoluteDeviation,0.28572097420692444,0.2696647644042969,2.3188129999907687
"[17, 23, 8]","['swish', 'tanh', 'sigmoid']",98f906,700,Adam,MaxAbsoluteDeviation,0.23766708374023438,0.26135945320129395,2.3306463999906555
"[17, 23, 8]","['swish', 'tanh', 'sigmoid']",98f906,226,Adam,MaxAbsoluteDeviation,0.7735506296157837,1.5312843322753906,0.9728459999896586
"[17, 23]","['swish', 'tanh']",98f9,226,Adam,MaxAbsoluteDeviation,0.3156580328941345,0.15933799743652344,0.9051385000348091
"[17, 8]","['swish', 'tanh']",9809,226,Adam,MaxAbsoluteDeviation,0.836714506149292,1.0785856246948242,0.9039796000579372
[23],['swish'],f8,226,Adam,MaxAbsoluteDeviation,0.836714506149292,2.930276870727539,0.8283422000240535
"[23, 8, 13]","['swish', 'tanh', 'elu']",f80950,221,Adam,MaxAbsoluteDeviation,0.29814183712005615,0.47301673889160156,0.968497300054878
"[23, 8, 13]","['swish', 'tanh', 'elu']",f80950,221,Adam,MaxAbsoluteDeviation,0.29814183712005615,0.3487987518310547,0.9598775999620557
"[23, 8, 13]","['swish', 'tanh', 'elu']",f80950,193,Adam,MaxAbsoluteDeviation,0.16989441215991974,0.1998424530029297,0.8908677001018077
"[23, 8, 13, 15]","['swish', 'tanh', 'elu', 'swish']",f8095078,193,Adam,MaxAbsoluteDeviation,0.16989441215991974,0.6212444305419922,0.9899665000848472
"[23, 8, 13]","['swish', 'tanh', 'elu']",f80950,100,Adam,MaxAbsoluteDeviation,0.3401431143283844,0.7873124480247498,0.6577453999780118
"[23, 8, 13]","['sigmoid', 'tanh', 'elu']",f60950,100,Adam,MaxAbsoluteDeviation,1.781318187713623,0.8144841194152832,0.6376062000636011
"[23, 8, 13]","['sigmoid', 'tanh', 'elu']",f60950,700,Adam,MaxAbsoluteDeviation,0.24803169071674347,0.7007560729980469,2.2726324000395834
"[23, 8, 13]","['sigmoid', 'tanh', 'elu']",f60950,700,Adam,MaxAbsoluteDeviation,0.37675294280052185,0.1869068145751953,2.277390900067985
"[23, 8]","['sigmoid', 'tanh']",f609,700,Adam,MaxAbsoluteDeviation,0.36765915155410767,0.3887934982776642,2.182526499964297
"[8, 8]","['sigmoid', 'tanh']",0609,700,Adam,MaxAbsoluteDeviation,0.33515504002571106,0.2005481719970703,2.1691939999582246
"[8, 8]","['sigmoid', 'swish']",0608,700,Adam,MaxAbsoluteDeviation,0.33515504002571106,0.8116540312767029,2.186174599919468
"[8, 8]","['sigmoid', 'tanh']",0609,700,Adam,MaxAbsoluteDeviation,0.30907973647117615,0.31935882568359375,2.129864400019869
"[8, 8]","['sigmoid', 'tanh']",0609,700,Adam,MaxAbsoluteDeviation,0.3729945421218872,0.368499755859375,4.834890599944629
"[23, 8]","['sigmoid', 'tanh']",f609,700,Adam,MaxAbsoluteDeviation,0.3561447560787201,0.2934556007385254,2.3754142000107095
"[23, 8]","['sigmoid', 'tanh']",f609,700,Adam,MaxAbsoluteDeviation,0.28137004375457764,0.22320556640625,2.3561324999900535
"[23, 8]","['sigmoid', 'tanh']",f609,700,Adam,MaxAbsoluteDeviation,0.2973274290561676,0.30582332611083984,2.3315604999661446
"[23, 8]","['sigmoid', 'tanh']",f609,700,Adam,MaxAbsoluteDeviation,0.5534800887107849,0.3493095636367798,2.3159387999912724
"[23, 8]","['sigmoid', 'tanh']",f609,231,Adam,MaxAbsoluteDeviation,1.3340092897415161,0.613102912902832,0.9427783000282943
"[23, 8]","['sigmoid', 'swish']",f608,231,Adam,MaxAbsoluteDeviation,1.3340092897415161,2.955554485321045,0.9482021000003442
[23],['sigmoid'],f6,231,Adam,MaxAbsoluteDeviation,1.3340092897415161,4.726341724395752,0.824893599958159
"[23, 8]","['sigmoid', 'tanh']",f609,214,Adam,MaxAbsoluteDeviation,1.3340092897415161,2.0672693252563477,0.894660499994643
"[23, 8]","['sigmoid', 'tanh']",f609,700,Adam,MaxAbsoluteDeviation,0.13615725934505463,0.30504679679870605,2.314511900069192
"[23, 8]","['sigmoid', 'tanh']",f609,700,Adam,MaxAbsoluteDeviation,0.12292201817035675,0.35720062255859375,2.328084399923682
"[23, 8, 23]","['sigmoid', 'tanh', 'tanh']",f609f9,700,Adam,MaxAbsoluteDeviation,0.12292201817035675,0.6205902099609375,2.521945200045593
"[23, 8]","['sigmoid', 'tanh']",f609,700,Adam,MaxAbsoluteDeviation,0.1597987711429596,0.17175865173339844,2.3046238999813795
"[23, 8]","['swish', 'elu']",f800,700,Adam,MaxAbsoluteDeviation,0.5174428820610046,0.4202384948730469,2.3314149999059737
"[23, 8]","['swish', 'elu']",f800,371,Adam,MaxAbsoluteDeviation,0.5174428820610046,1.4915342330932617,1.3352640999946743
"[23, 10]","['swish', 'tanh']",f829,700,Adam,MaxAbsoluteDeviation,0.17881400883197784,0.17563068866729736,2.326767599908635
"[23, 10]","['swish', 'tanh']",f829,700,Adam,MaxAbsoluteDeviation,0.2698397934436798,0.1363391876220703,2.3335375000024214
"[23, 10]","['swish', 'tanh']",f829,700,Adam,MaxAbsoluteDeviation,0.14895685017108917,0.16609621047973633,2.349069399992004
"[23, 10]","['swish', 'tanh']",f829,325,Adam,MaxAbsoluteDeviation,0.14895685017108917,0.376434326171875,1.1949940000195056
"[23, 10]","['swish', 'tanh']",f829,700,Adam,MaxAbsoluteDeviation,0.2330646961927414,0.4742774963378906,2.3176345999818295
"[23, 8]","['swish', 'tanh']",f809,700,Adam,MaxAbsoluteDeviation,0.22593724727630615,0.1452392339706421,2.3308474000077695
"[23, 8]","['swish', 'tanh']",f809,700,Adam,MaxAbsoluteDeviation,0.260491281747818,0.14487934112548828,2.3239828000077978
"[23, 8]","['swish', 'tanh']",f809,700,Adam,MaxAbsoluteDeviation,0.19861137866973877,0.515080451965332,2.3008122999453917
"[23, 8, 19]","['swish', 'tanh', 'tanh']",f809b9,700,Adam,MaxAbsoluteDeviation,0.31375882029533386,0.18143558502197266,2.4996785999974236
"[23, 8, 19]","['swish', 'tanh', 'tanh']",f809b9,700,Adam,MaxAbsoluteDeviation,0.3252097964286804,0.20969295501708984,2.501702400040813
"[23, 8, 19, 19]","['swish', 'tanh', 'tanh', 'elu']",f809b9b0,700,Adam,MaxAbsoluteDeviation,0.5643413662910461,0.1591196060180664,2.6464497999986634
"[23, 8, 19, 19]","['swish', 'tanh', 'tanh', 'elu']",f809b9b0,268,Adam,MaxAbsoluteDeviation,0.385232537984848,0.622593879699707,1.2561229999409989
"[23, 8, 19, 19]","['swish', 'tanh', 'tanh', 'elu']",f809b9b0,100,Adam,MaxAbsoluteDeviation,0.8169033527374268,1.987634539604187,0.7577862999169156
"[23, 8, 19, 19]","['swish', 'tanh', 'tanh', 'elu']",f809b9b0,100,Adam,MaxAbsoluteDeviation,1.012001395225525,0.22879409790039062,0.7597982999868691
"[23, 23, 19, 19]","['swish', 'tanh', 'tanh', 'elu']",f8f9b9b0,100,Adam,MaxAbsoluteDeviation,1.012001395225525,1.3750638961791992,0.7586313000647351
"[23, 8, 8, 19]","['swish', 'tanh', 'tanh', 'elu']",f80909b0,100,Adam,MaxAbsoluteDeviation,1.0067158937454224,0.9332351684570312,0.769488500081934
"[23, 8, 8, 12]","['swish', 'tanh', 'tanh', 'swish']",f8090948,100,Adam,MaxAbsoluteDeviation,0.3308601379394531,0.5571193695068359,0.7723560000304133
"[23, 8, 8]","['swish', 'tanh', 'tanh']",f80909,100,Adam,MaxAbsoluteDeviation,0.3308601379394531,1.3820915222167969,0.6689436000306159
"[23, 23, 8, 12]","['swish', 'tanh', 'tanh', 'swish']",f8f90948,700,Adam,MaxAbsoluteDeviation,0.5276134610176086,1.05560302734375,2.634580400073901
"[23, 23, 8, 12]","['swish', 'tanh', 'sigmoid', 'swish']",f8f90648,700,Adam,MaxAbsoluteDeviation,0.18259963393211365,0.1945171356201172,2.6479731000727043
"[23, 23, 8]","['swish', 'tanh', 'sigmoid']",f8f906,700,Adam,MaxAbsoluteDeviation,0.18259963393211365,0.20124340057373047,2.4103274000808597
"[23, 23, 8, 12]","['swish', 'tanh', 'tanh', 'swish']",f8f90948,700,Adam,MaxAbsoluteDeviation,0.76860511302948,0.9518337249755859,2.55797550000716
"[23, 23, 8, 12]","['swish', 'tanh', 'tanh', 'swish']",f8f90948,100,Adam,MaxAbsoluteDeviation,1.2691380977630615,1.0765738487243652,0.7645815999712795
"[23, 23, 8]","['swish', 'tanh', 'tanh']",f8f909,100,Adam,MaxAbsoluteDeviation,1.2691380977630615,4.488570213317871,0.6753169000148773
"[23, 23, 8, 12]","['swish', 'tanh', 'tanh', 'swish']",f8f90948,100,Adam,MaxAbsoluteDeviation,0.5240426063537598,1.0963592529296875,0.7637252000859007
"[23, 23, 8, 23]","['swish', 'tanh', 'tanh', 'swish']",f8f909f8,100,Adam,MaxAbsoluteDeviation,1.1732200384140015,1.0013113021850586,0.7629752999637276
"[23, 23, 8, 23]","['swish', 'tanh', 'tanh', 'swish']",f8f909f8,100,Adam,MaxAbsoluteDeviation,0.5322412252426147,0.6472282409667969,0.7539317000191659
"[23, 23, 8, 23]","['swish', 'tanh', 'tanh', 'swish']",f8f909f8,700,Adam,MaxAbsoluteDeviation,0.5322412252426147,0.39003753662109375,2.5318189000245184
"[23, 23, 8, 23]","['swish', 'tanh', 'tanh', 'swish']",f8f909f8,100,Adam,MaxAbsoluteDeviation,0.48826202750205994,0.7775001525878906,0.7621635999530554
"[23, 23, 8, 23, 9]","['swish', 'tanh', 'tanh', 'swish', 'swish']",f8f909f818,100,Adam,MaxAbsoluteDeviation,0.6185874342918396,0.2549877166748047,0.8389236000366509
"[23, 23, 8, 23, 23]","['swish', 'tanh', 'tanh', 'swish', 'swish']",f8f909f8f8,100,Adam,MaxAbsoluteDeviation,0.4982490539550781,0.3640155792236328,0.8395411999663338
"[23, 23, 8, 23, 23]","['swish', 'tanh', 'tanh', 'swish', 'swish']",f8f909f8f8,100,Adam,MaxAbsoluteDeviation,0.4982490539550781,1.8272000551223755,0.8496132000582293
"[23, 23, 8, 23, 23]","['swish', 'tanh', 'tanh', 'swish', 'tanh']",f8f909f8f9,100,Adam,MaxAbsoluteDeviation,0.8053001165390015,0.8324146270751953,0.8171251999447122
"[23, 23, 8, 23, 23]","['swish', 'tanh', 'tanh', 'swish', 'tanh']",f8f909f8f9,100,Adam,MaxAbsoluteDeviation,0.6561797261238098,1.2794532775878906,0.863009599968791
"[23, 23, 18]","['swish', 'tanh', 'swish']",f8f9a8,700,Adam,MaxAbsoluteDeviation,0.5667428970336914,0.2954444885253906,2.4339497999753803
"[23, 23, 18]","['swish', 'tanh', 'swish']",f8f9a8,700,Adam,MaxAbsoluteDeviation,0.35932761430740356,0.5011329650878906,2.435058999923058
"[8, 23, 18]","['swish', 'tanh', 'swish']",08f9a8,700,Adam,MaxAbsoluteDeviation,0.11695024371147156,0.41022491455078125,2.413524799980223
"[8, 8, 18]","['swish', 'tanh', 'swish']",0809a8,700,Adam,MaxAbsoluteDeviation,0.19457168877124786,0.32389259338378906,2.362876099999994
"[23, 8, 18]","['swish', 'tanh', 'swish']",f809a8,700,Adam,MaxAbsoluteDeviation,0.7815949320793152,0.3267078399658203,2.3927963000023738
"[23, 8, 18]","['sigmoid', 'tanh', 'swish']",f609a8,700,Adam,MaxAbsoluteDeviation,0.28989705443382263,0.9771003723144531,2.380832599941641
"[23, 8]","['sigmoid', 'tanh']",f609,700,Adam,MaxAbsoluteDeviation,0.26428917050361633,0.23681879043579102,2.2172768999589607
"[23, 23]","['sigmoid', 'tanh']",f6f9,700,Adam,MaxAbsoluteDeviation,0.28655579686164856,0.1529712677001953,2.2098994000116363
"[23, 23, 18, 8]","['sigmoid', 'tanh', 'sigmoid', 'elu']",f6f9a600,700,Adam,MaxAbsoluteDeviation,0.5354169607162476,0.81951904296875,2.444819699972868
"[23, 23, 18, 8]","['sigmoid', 'tanh', 'sigmoid', 'elu']",f6f9a600,700,Adam,MaxAbsoluteDeviation,0.4067205786705017,0.308135986328125,2.428105099941604
"[23, 23, 18, 8]","['sigmoid', 'tanh', 'sigmoid', 'elu']",f6f9a600,700,Adam,MaxAbsoluteDeviation,0.3464716374874115,0.7835941314697266,2.441477300017141
"[23, 23, 23, 8, 18]","['sigmoid', 'tanh', 'sigmoid', 'elu', 'sigmoid']",f6f9f600a6,700,Adam,MaxAbsoluteDeviation,0.800706148147583,1.6357439756393433,2.534509600023739
"[23, 23, 23, 8, 8]","['sigmoid', 'tanh', 'sigmoid', 'elu', 'sigmoid']",f6f9f60006,700,Adam,MaxAbsoluteDeviation,0.2724682092666626,0.25458335876464844,2.524828499997966
"[23, 23, 23, 8, 8, 16]","['sigmoid', 'tanh', 'sigmoid', 'elu', 'sigmoid', 'swish']",f6f9f6000688,700,Adam,MaxAbsoluteDeviation,0.22279860079288483,0.5754451751708984,2.6882733000675216
"[23, 23, 23, 8, 8, 8]","['sigmoid', 'tanh', 'sigmoid', 'elu', 'sigmoid', 'swish']",f6f9f6000608,700,Adam,MaxAbsoluteDeviation,0.5518006086349487,0.7653751373291016,2.6721017999807373
"[23, 23, 23, 8, 8, 8]","['sigmoid', 'tanh', 'sigmoid', 'elu', 'sigmoid', 'swish']",f6f9f6000608,700,Adam,MaxAbsoluteDeviation,0.480979323387146,0.5546302795410156,2.6297875000163913
"[23, 23, 23, 8, 8]","['sigmoid', 'tanh', 'sigmoid', 'elu', 'sigmoid']",f6f9f60006,700,Adam,MaxAbsoluteDeviation,0.4130658805370331,0.5162019729614258,2.543429199955426
"[23, 23, 23, 8, 8]","['sigmoid', 'tanh', 'sigmoid', 'elu', 'sigmoid']",f6f9f60006,700,Adam,MaxAbsoluteDeviation,0.23608192801475525,0.26485157012939453,2.5416587999789044
"[23, 23, 23, 8, 8]","['sigmoid', 'tanh', 'sigmoid', 'elu', 'sigmoid']",f6f9f60006,700,Adam,MaxAbsoluteDeviation,0.23608192801475525,0.8120574951171875,2.5163147000130266
"[23, 23, 23, 8, 8]","['sigmoid', 'tanh', 'sigmoid', 'elu', 'sigmoid']",f6f9f60006,700,Adam,MaxAbsoluteDeviation,0.23608192801475525,8.297945976257324,2.537093300023116
"[23, 23, 23, 8, 8, 19, 10]","['sigmoid', 'tanh', 'sigmoid', 'elu', 'sigmoid', 'sigmoid', 'tanh']",f6f9f60006b629,100,Adam,MaxAbsoluteDeviation,0.23608192801475525,8.634749412536621,0.9121386000188068
"[23, 23, 23, 8, 8]","['sigmoid', 'elu', 'sigmoid', 'elu', 'sigmoid']",f6f0f60006,621,Adam,MaxAbsoluteDeviation,0.23608192801475525,1.6243914365768433,5.1856060000136495
"[23, 23, 23, 8]","['sigmoid', 'tanh', 'sigmoid', 'elu']",f6f9f600,700,Adam,MaxAbsoluteDeviation,0.6274651885032654,0.4759116470813751,2.775339499930851
"[23, 23, 23, 8]","['sigmoid', 'tanh', 'sigmoid', 'elu']",f6f9f600,100,Adam,MaxAbsoluteDeviation,0.6274651885032654,1.563684344291687,0.7554742000065744
"[23, 23, 23, 8]","['sigmoid', 'tanh', 'sigmoid', 'elu']",f6f9f600,430,Adam,MaxAbsoluteDeviation,1.091552972793579,0.9449272155761719,1.81158790003974
"[23, 23, 23, 8, 22]","['sigmoid', 'tanh', 'sigmoid', 'elu', 'elu']",f6f9f600e0,100,Adam,MaxAbsoluteDeviation,1.278427243232727,0.6260627508163452,0.8311880000401288
"[23, 23, 23, 8, 22]","['sigmoid', 'tanh', 'sigmoid', 'elu', 'elu']",f6f9f600e0,100,Adam,MaxAbsoluteDeviation,0.8775518536567688,1.0562896728515625,0.8424431000603363
"[23, 23, 23, 8, 22]","['sigmoid', 'tanh', 'sigmoid', 'tanh', 'elu']",f6f9f609e0,100,Adam,MaxAbsoluteDeviation,0.8775518536567688,1.577850341796875,0.83726589998696
"[23, 23, 23, 8, 22, 21]","['sigmoid', 'tanh', 'sigmoid', 'elu', 'elu', 'elu']",f6f9f600e0d0,100,Adam,MaxAbsoluteDeviation,0.8054927587509155,1.4517440795898438,0.9129345000255853
"[23, 23, 23, 8, 22]","['sigmoid', 'tanh', 'sigmoid', 'elu', 'elu']",f6f9f600e0,100,Adam,MaxAbsoluteDeviation,0.8054927587509155,1.126607894897461,0.8346956000896171
"[23, 23, 23, 8, 22, 21, 9]","['sigmoid', 'tanh', 'sigmoid', 'elu', 'elu', 'elu', 'swish']",f6f9f600e0d018,100,Adam,MaxAbsoluteDeviation,0.8054927587509155,5.050670623779297,1.0222652000375092
"[23, 23, 23, 8, 23, 21]","['elu', 'tanh', 'sigmoid', 'elu', 'elu', 'elu']",f0f9f600f0d0,100,Adam,MaxAbsoluteDeviation,1.0843220949172974,1.8612899780273438,0.9140520000364631
"[23, 23, 23, 8, 23, 21, 22]","['elu', 'tanh', 'sigmoid', 'elu', 'elu', 'elu', 'elu']",f0f9f600f0d0e0,700,Adam,MaxAbsoluteDeviation,0.4196450710296631,0.6125831604003906,3.314909900072962
"[23, 23, 23, 8, 23, 21, 22, 16]","['elu', 'tanh', 'sigmoid', 'elu', 'elu', 'elu', 'elu', 'elu']",f0f9f600f0d0e080,700,Adam,MaxAbsoluteDeviation,0.7417792677879333,0.7544212341308594,3.4686354999430478
"[23, 23, 23, 8, 23, 21, 22, 8]","['elu', 'tanh', 'sigmoid', 'elu', 'elu', 'elu', 'elu', 'elu']",f0f9f600f0d0e000,700,Adam,MaxAbsoluteDeviation,0.7221567630767822,1.2947349548339844,3.465388900018297
"[23, 23, 23, 8, 23, 21, 22, 23]","['elu', 'tanh', 'sigmoid', 'elu', 'elu', 'elu', 'elu', 'elu']",f0f9f600f0d0e0f0,700,Adam,MaxAbsoluteDeviation,0.38821351528167725,0.7770748138427734,3.474305599927902
"[23, 23, 23, 8, 23, 21, 22]","['elu', 'tanh', 'sigmoid', 'elu', 'elu', 'elu', 'elu']",f0f9f600f0d0e0,700,Adam,MaxAbsoluteDeviation,0.5417709946632385,0.5248813629150391,3.2711054000537843
"[23, 23, 23, 8, 23, 21, 22]","['elu', 'tanh', 'sigmoid', 'elu', 'elu', 'elu', 'elu']",f0f9f600f0d0e0,700,Adam,MaxAbsoluteDeviation,0.5417709946632385,0.3894643783569336,3.282226899988018
"[23, 23, 23, 8, 23, 21, 22]","['elu', 'tanh', 'sigmoid', 'elu', 'elu', 'elu', 'elu']",f0f9f600f0d0e0,700,Adam,MaxAbsoluteDeviation,0.29749158024787903,0.27555274963378906,3.26508569996804
"[23, 23, 23, 8, 23, 21, 22]","['elu', 'tanh', 'sigmoid', 'elu', 'elu', 'elu', 'elu']",f0f9f600f0d0e0,114,Adam,MaxAbsoluteDeviation,0.29749158024787903,1.8844785690307617,1.0485166000435129
"[23, 23, 23, 8, 23, 21, 22, 10, 15]","['elu', 'tanh', 'sigmoid', 'elu', 'elu', 'elu', 'elu', 'swish', 'elu']",f0f9f600f0d0e02870,700,Adam,MaxAbsoluteDeviation,0.29749158024787903,0.5670661926269531,3.668184499954805
"[23, 23, 23, 8, 23, 21]","['elu', 'tanh', 'sigmoid', 'elu', 'elu', 'elu']",f0f9f600f0d0,700,Adam,MaxAbsoluteDeviation,0.29749158024787903,1.0882110595703125,3.0165387000888586
"[23, 23, 23, 8, 23, 21]","['elu', 'tanh', 'sigmoid', 'elu', 'elu', 'elu']",f0f9f600f0d0,700,Adam,MaxAbsoluteDeviation,0.4302053153514862,0.12705755233764648,3.016473500058055
"[23, 23, 23, 8, 23, 21, 21]","['elu', 'tanh', 'sigmoid', 'elu', 'elu', 'elu', 'tanh']",f0f9f600f0d0d9,700,Adam,MaxAbsoluteDeviation,0.4302053153514862,4.996153831481934,3.1805614000186324
"[23, 23, 23, 8, 23, 21]","['elu', 'tanh', 'sigmoid', 'elu', 'elu', 'elu']",f0f9f600f0d0,100,Adam,MaxAbsoluteDeviation,0.4302053153514862,0.8965835571289062,0.9182253000326455
"[23, 23, 23, 8, 8, 21]","['elu', 'tanh', 'sigmoid', 'elu', 'elu', 'elu']",f0f9f60000d0,593,Adam,MaxAbsoluteDeviation,0.22453990578651428,0.15947294235229492,2.6026958000147715
"[23, 8, 23, 8, 8, 21]","['elu', 'tanh', 'sigmoid', 'elu', 'elu', 'elu']",f009f60000d0,593,Adam,MaxAbsoluteDeviation,0.3457643985748291,0.4760017395019531,2.6169045000569895
"[23, 8, 23, 8, 8]","['elu', 'tanh', 'sigmoid', 'elu', 'elu']",f009f60000,593,Adam,MaxAbsoluteDeviation,0.30535393953323364,0.4447040557861328,2.4823253999929875
"[23, 8, 8, 8, 8]","['elu', 'tanh', 'sigmoid', 'elu', 'elu']",f009060000,593,Adam,MaxAbsoluteDeviation,0.7717018127441406,0.36286690831184387,2.409977399976924
"[8, 8, 8, 8, 8]","['elu', 'tanh', 'sigmoid', 'elu', 'elu']",0009060000,593,Adam,MaxAbsoluteDeviation,0.17422324419021606,0.4359092712402344,2.445938599994406
"[8, 8, 8, 8]","['elu', 'tanh', 'sigmoid', 'elu']",00090600,700,Adam,MaxAbsoluteDeviation,0.17916397750377655,0.13892996311187744,2.634923500008881
"[8, 8, 8, 8]","['elu', 'tanh', 'sigmoid', 'elu']",00090600,318,Adam,MaxAbsoluteDeviation,0.29575467109680176,0.22069168090820312,1.3927249000407755
"[8, 8, 8, 8]","['elu', 'tanh', 'sigmoid', 'elu']",00090600,700,Adam,MaxAbsoluteDeviation,0.11067867279052734,0.21848297119140625,2.600068800034933
"[8, 8, 8, 8, 9]","['elu', 'tanh', 'sigmoid', 'elu', 'swish']",0009060018,700,Adam,MaxAbsoluteDeviation,0.30682373046875,0.7006816864013672,2.736445900052786
"[8, 8, 8, 8]","['elu', 'tanh', 'sigmoid', 'elu']",00090600,700,Adam,MaxAbsoluteDeviation,0.163694366812706,0.22935867309570312,2.576548399985768
"[8, 8, 8, 8, 11]","['elu', 'tanh', 'sigmoid', 'elu', 'swish']",0009060038,700,Adam,MaxAbsoluteDeviation,0.1455642282962799,0.20536231994628906,2.761885500047356
"[8, 8, 8, 8]","['elu', 'tanh', 'sigmoid', 'elu']",00090600,700,Adam,MaxAbsoluteDeviation,0.33422374725341797,0.4036235809326172,2.5544955000514165
"[8, 8, 8, 8]","['elu', 'tanh', 'sigmoid', 'elu']",00090600,700,Adam,MaxAbsoluteDeviation,0.11171013116836548,0.14084815979003906,2.5400178999407217
"[8, 8, 19, 8]","['elu', 'tanh', 'sigmoid', 'elu']",0009b600,700,Adam,MaxAbsoluteDeviation,0.45352622866630554,0.35285377502441406,2.5485181000549346
"[8, 8, 19, 8, 16]","['elu', 'tanh', 'sigmoid', 'elu', 'sigmoid']",0009b60086,700,Adam,MaxAbsoluteDeviation,0.19916145503520966,0.4337043762207031,2.6799228000454605
"[8, 8, 19, 23, 16]","['elu', 'tanh', 'sigmoid', 'elu', 'sigmoid']",0009b6f086,700,Adam,MaxAbsoluteDeviation,0.7282741069793701,0.6568584442138672,2.6776155999395996
"[8, 8, 19, 23, 16]","['elu', 'tanh', 'sigmoid', 'elu', 'sigmoid']",0009b6f086,549,Adam,MaxAbsoluteDeviation,0.483115553855896,0.4028324782848358,2.1902503001037985
"[8, 8, 19, 23, 16]","['elu', 'tanh', 'sigmoid', 'elu', 'sigmoid']",0009b6f086,700,Adam,MaxAbsoluteDeviation,0.28624260425567627,0.34866809844970703,2.647104399977252
"[8, 8, 19, 23, 16]","['elu', 'tanh', 'sigmoid', 'elu', 'sigmoid']",0009b6f086,700,Adam,MaxAbsoluteDeviation,0.15433521568775177,0.29689598083496094,2.6155618000775576
"[8, 8, 19, 23, 16, 23]","['elu', 'tanh', 'sigmoid', 'elu', 'sigmoid', 'tanh']",0009b6f086f9,700,Adam,MaxAbsoluteDeviation,0.15433521568775177,0.6071300506591797,2.7776636000489816
"[8, 8, 19, 23, 16]","['elu', 'sigmoid', 'sigmoid', 'elu', 'sigmoid']",0006b6f086,700,Adam,MaxAbsoluteDeviation,0.41613855957984924,0.9300994873046875,2.656375200022012
"[8, 8, 19, 23, 16]","['elu', 'sigmoid', 'sigmoid', 'elu', 'sigmoid']",0006b6f086,700,Adam,MaxAbsoluteDeviation,0.23248142004013062,0.7213649749755859,2.609728900017217
"[8, 8, 19, 23]","['elu', 'sigmoid', 'sigmoid', 'elu']",0006b6f0,700,Adam,MaxAbsoluteDeviation,0.2369394749403,0.23366928100585938,2.4880897999973968
"[8, 8, 19, 23]","['elu', 'sigmoid', 'sigmoid', 'elu']",0006b6f0,700,Adam,MaxAbsoluteDeviation,0.29045096039772034,0.7164077758789062,2.476626000017859
"[8, 8, 19, 23]","['elu', 'sigmoid', 'sigmoid', 'elu']",0006b6f0,700,Adam,MaxAbsoluteDeviation,0.2467329353094101,0.3606243133544922,2.498123800032772
"[8, 8, 19, 23]","['elu', 'sigmoid', 'sigmoid', 'elu']",0006b6f0,700,Adam,MaxAbsoluteDeviation,0.28951817750930786,0.5276145935058594,2.4700617999769747
"[23, 8, 19, 23]","['elu', 'sigmoid', 'sigmoid', 'elu']",f006b6f0,700,Adam,MaxAbsoluteDeviation,0.28951817750930786,0.3201286792755127,2.4524876000359654
"[8, 8, 23, 23]","['elu', 'sigmoid', 'sigmoid', 'elu']",0006f6f0,700,Adam,MaxAbsoluteDeviation,0.16800399124622345,0.15764808654785156,2.45616079994943
"[23, 8, 23, 23]","['elu', 'sigmoid', 'sigmoid', 'elu']",f006f6f0,700,Adam,MaxAbsoluteDeviation,0.3667032718658447,0.4140830338001251,2.460547099937685
"[23, 8, 23]","['elu', 'sigmoid', 'sigmoid']",f006f6,700,Adam,MaxAbsoluteDeviation,0.3319377899169922,0.3123130798339844,2.317357400082983
"[23, 8, 8]","['elu', 'sigmoid', 'sigmoid']",f00606,700,Adam,MaxAbsoluteDeviation,0.15177156031131744,0.11979866027832031,2.343346199952066
"[23, 8, 8]","['elu', 'sigmoid', 'sigmoid']",f00606,700,Adam,MaxAbsoluteDeviation,0.25543808937072754,0.11626434326171875,2.3137826999882236
"[23, 8, 8]","['elu', 'elu', 'sigmoid']",f00006,700,Adam,MaxAbsoluteDeviation,0.2082691639661789,0.16259384155273438,2.2977918999968097
"[23, 23, 8]","['elu', 'elu', 'sigmoid']",f0f006,700,Adam,MaxAbsoluteDeviation,0.2518380284309387,0.1945209503173828,2.2848346000537276
"[23, 23, 8]","['elu', 'elu', 'sigmoid']",f0f006,700,Adam,MaxAbsoluteDeviation,0.4513629972934723,0.25804615020751953,2.297877600067295
"[23, 23, 8]","['elu', 'elu', 'sigmoid']",f0f006,668,Adam,MaxAbsoluteDeviation,0.3716234564781189,0.26941967010498047,2.206091500003822
"[23, 23, 8]","['elu', 'elu', 'sigmoid']",f0f006,668,Adam,MaxAbsoluteDeviation,0.21824856102466583,0.5504188537597656,2.2064367999555543
"[23, 23, 8, 23]","['elu', 'elu', 'sigmoid', 'tanh']",f0f006f9,668,Adam,MaxAbsoluteDeviation,0.2523513734340668,0.5986118316650391,2.339259500033222
"[23, 23, 8, 13]","['elu', 'elu', 'sigmoid', 'tanh']",f0f00659,668,Adam,MaxAbsoluteDeviation,0.2928270399570465,0.22678756713867188,5.247568599996157
"[23, 23, 8, 13, 16]","['elu', 'elu', 'sigmoid', 'tanh', 'elu']",f0f0065980,668,Adam,MaxAbsoluteDeviation,0.2928270399570465,0.6735382080078125,2.8606128999963403
"[23, 23, 8, 13]","['elu', 'elu', 'swish', 'tanh']",f0f00859,668,Adam,MaxAbsoluteDeviation,0.27819308638572693,0.5025644302368164,2.7030196000123397
"[23, 23, 8, 13]","['elu', 'elu', 'swish', 'tanh']",f0f00859,223,Adam,MaxAbsoluteDeviation,1.390457034111023,0.9591948986053467,1.1476523999590427
"[23, 23, 8]","['elu', 'elu', 'swish']",f0f008,223,Adam,MaxAbsoluteDeviation,1.390457034111023,5.629611968994141,1.042641699896194
"[23, 23, 8, 13]","['elu', 'swish', 'swish', 'tanh']",f0f80859,223,Adam,MaxAbsoluteDeviation,0.775338888168335,0.5290189981460571,1.1823920001043007
"[23, 23, 23, 23]","['elu', 'swish', 'swish', 'tanh']",f0f8f8f9,223,Adam,MaxAbsoluteDeviation,0.4722568392753601,0.6965217590332031,1.1720611000200734
"[23, 23, 23, 23, 17]","['elu', 'swish', 'swish', 'tanh', 'tanh']",f0f8f8f999,223,Adam,MaxAbsoluteDeviation,0.4722568392753601,0.8799667358398438,1.2748716999776661
"[23, 23, 23, 23]","['elu', 'swish', 'swish', 'tanh']",f0f8f8f9,223,Adam,MaxAbsoluteDeviation,0.34125712513923645,0.41392040252685547,1.1744691000785679
"[23, 23, 23, 23]","['elu', 'swish', 'swish', 'tanh']",f0f8f8f9,223,Adam,MaxAbsoluteDeviation,0.878071129322052,0.6852898597717285,1.1684741999488324
"[23, 23, 23, 23]","['elu', 'swish', 'swish', 'tanh']",f0f8f8f9,100,Adam,MaxAbsoluteDeviation,1.103522777557373,1.567814826965332,0.7886435999535024
"[23, 23, 23, 23, 19]","['elu', 'swish', 'swish', 'tanh', 'tanh']",f0f8f8f9b9,100,Adam,MaxAbsoluteDeviation,1.2801849842071533,1.2057266235351562,0.8640590000431985
"[23, 23, 23, 23, 19]","['elu', 'swish', 'swish', 'tanh', 'tanh']",f0f8f8f9b9,700,Adam,MaxAbsoluteDeviation,0.3343120515346527,0.3300361633300781,2.9557926999405026
"[23, 23, 23, 23, 19]","['elu', 'swish', 'swish', 'tanh', 'tanh']",f0f8f8f9b9,649,Adam,MaxAbsoluteDeviation,0.3995426297187805,0.5668478012084961,2.7359872999368235
"[23, 23, 23, 23]","['elu', 'swish', 'swish', 'tanh']",f0f8f8f9,649,Adam,MaxAbsoluteDeviation,0.3995426297187805,0.37491703033447266,2.573203800013289
"[23, 23, 23, 23, 19]","['elu', 'swish', 'swish', 'tanh', 'tanh']",f0f8f8f9b9,107,Adam,MaxAbsoluteDeviation,0.3995426297187805,2.1645474433898926,0.8843139000236988
"[23, 23, 23, 8, 19]","['elu', 'swish', 'swish', 'tanh', 'tanh']",f0f8f809b9,649,Adam,MaxAbsoluteDeviation,0.789644181728363,0.2806844711303711,2.7158956000348553
"[23, 23, 23, 8, 23]","['elu', 'swish', 'swish', 'tanh', 'tanh']",f0f8f809f9,649,Adam,MaxAbsoluteDeviation,0.37735989689826965,0.6389446258544922,2.7078727000625804
"[23, 23, 23, 8, 23]","['elu', 'swish', 'swish', 'tanh', 'tanh']",f0f8f809f9,700,Adam,MaxAbsoluteDeviation,0.37735989689826965,0.5940561294555664,2.8995783999562263
"[23, 23, 23, 8]","['elu', 'swish', 'swish', 'tanh']",f0f8f809,649,Adam,MaxAbsoluteDeviation,0.25261828303337097,0.7914180755615234,2.541931299958378
"[23, 23, 23, 8, 9]","['elu', 'swish', 'swish', 'tanh', 'swish']",f0f8f80918,649,Adam,MaxAbsoluteDeviation,1.2064436674118042,1.0026435852050781,2.7226173999952152
"[23, 23, 23, 8, 9, 12]","['elu', 'swish', 'swish', 'tanh', 'swish', 'swish']",f0f8f8091848,649,Adam,MaxAbsoluteDeviation,0.5875424146652222,1.199514389038086,2.9334771999856457
"[23, 23, 23, 8, 9, 12]","['elu', 'swish', 'swish', 'tanh', 'swish', 'swish']",f0f8f8091848,700,Adam,MaxAbsoluteDeviation,0.8025093674659729,0.5454034805297852,3.0758249999489635
"[23, 23, 23, 8, 9]","['elu', 'swish', 'swish', 'tanh', 'swish']",f0f8f80918,700,Adam,MaxAbsoluteDeviation,0.7797625660896301,0.6975574493408203,2.8875159999588504
"[8, 23, 23, 8, 9]","['elu', 'swish', 'swish', 'tanh', 'swish']",00f8f80918,700,Adam,MaxAbsoluteDeviation,0.7632841467857361,0.2952404022216797,2.8721688000950962
"[8, 23, 23, 8, 9]","['elu', 'swish', 'swish', 'tanh', 'swish']",00f8f80918,700,Adam,MaxAbsoluteDeviation,0.4357222616672516,1.2169437408447266,2.8622138999635354
"[8, 8, 23, 23, 9]","['elu', 'swish', 'swish', 'tanh', 'swish']",0008f8f918,700,Adam,MaxAbsoluteDeviation,0.48792991042137146,0.25497007369995117,2.864229299942963
"[8, 23, 23, 23]","['elu', 'swish', 'swish', 'tanh']",00f8f8f9,700,Adam,MaxAbsoluteDeviation,0.2197035402059555,0.30989742279052734,2.6654887000331655
"[8, 23, 23]","['elu', 'swish', 'swish']",00f8f8,700,Adam,MaxAbsoluteDeviation,0.36756080389022827,0.5878391265869141,2.5253981000278145
"[8, 23]","['elu', 'swish']",00f8,700,Adam,MaxAbsoluteDeviation,0.1955065131187439,0.23838233947753906,2.319684899994172
"[8, 23]","['elu', 'swish']",00f8,700,Adam,MaxAbsoluteDeviation,0.1868545562028885,0.1529388427734375,2.3033617000328377
"[8, 23]","['elu', 'elu']",00f0,700,Adam,MaxAbsoluteDeviation,0.33174559473991394,0.34647369384765625,2.304579299991019
"[8, 23]","['elu', 'elu']",00f0,700,Adam,MaxAbsoluteDeviation,0.15832962095737457,0.116607666015625,2.2507473999867216
"[8, 23, 18]","['elu', 'elu', 'swish']",00f0a8,700,Adam,MaxAbsoluteDeviation,0.19191528856754303,0.5090847015380859,2.449729199986905
"[8, 23, 18]","['elu', 'elu', 'swish']",00f0a8,640,Adam,MaxAbsoluteDeviation,0.27794814109802246,0.4423694610595703,2.235256399959326
"[8, 23, 18]","['elu', 'elu', 'swish']",00f0a8,700,Adam,MaxAbsoluteDeviation,0.32318955659866333,0.22830581665039062,2.437826299923472
"[8, 23, 8]","['elu', 'elu', 'swish']",00f008,700,Adam,MaxAbsoluteDeviation,0.3631717264652252,0.5954914093017578,2.445264199981466
"[8, 23]","['elu', 'elu']",00f0,700,Adam,MaxAbsoluteDeviation,0.2787773013114929,0.15563654899597168,2.2570588000817224
"[10, 23]","['elu', 'elu']",20f0,700,Adam,MaxAbsoluteDeviation,0.3221992552280426,0.18090248107910156,2.2604777000378817
[10],['elu'],20,700,Adam,MaxAbsoluteDeviation,0.3221992552280426,2.6687803268432617,2.0902865999378264
"[10, 23]","['elu', 'elu']",20f0,457,Adam,MaxAbsoluteDeviation,0.8019859790802002,0.67659592628479,1.535328899975866
"[10, 23]","['elu', 'elu']",20f0,457,Adam,MaxAbsoluteDeviation,0.6343842148780823,0.4288738965988159,1.5279941000044346
"[10, 23, 22]","['elu', 'elu', 'sigmoid']",20f0e6,457,Adam,MaxAbsoluteDeviation,0.537855863571167,0.2462477684020996,1.656230500084348
"[10, 23, 22]","['swish', 'elu', 'sigmoid']",28f0e6,457,Adam,MaxAbsoluteDeviation,0.12204599380493164,0.15008258819580078,1.6571607000660151
"[10, 23]","['swish', 'elu']",28f0,457,Adam,MaxAbsoluteDeviation,0.20209379494190216,0.5195999145507812,1.557046000030823
"[10, 23, 16]","['swish', 'elu', 'sigmoid']",28f086,457,Adam,MaxAbsoluteDeviation,0.2072489857673645,0.5527286529541016,1.672771800076589
"[23, 23, 16]","['swish', 'elu', 'sigmoid']",f8f086,457,Adam,MaxAbsoluteDeviation,0.2072489857673645,0.31154823303222656,1.6413323999149725
"[10, 23, 16, 11]","['swish', 'elu', 'sigmoid', 'sigmoid']",28f08636,457,Adam,MaxAbsoluteDeviation,0.17688770592212677,0.20255088806152344,1.7510469999397174
"[10, 23, 8, 11]","['swish', 'elu', 'sigmoid', 'sigmoid']",28f00636,457,Adam,MaxAbsoluteDeviation,0.23473526537418365,0.13817119598388672,1.7716704999329522
"[10, 23, 8, 11]","['swish', 'elu', 'sigmoid', 'sigmoid']",28f00636,457,Adam,MaxAbsoluteDeviation,0.25809428095817566,0.23532485961914062,1.7534730000188574
"[10, 23, 8, 11]","['swish', 'elu', 'swish', 'sigmoid']",28f00836,457,Adam,MaxAbsoluteDeviation,0.29320457577705383,0.6348743438720703,1.7636973999906331
"[10, 23, 8, 11]","['swish', 'elu', 'swish', 'sigmoid']",28f00836,457,Adam,MaxAbsoluteDeviation,0.24281543493270874,0.3198699951171875,1.7560547000030056
"[10, 23, 8, 11]","['swish', 'elu', 'swish', 'sigmoid']",28f00836,457,Adam,MaxAbsoluteDeviation,0.39381977915763855,0.2785189151763916,1.7600834000622854
"[10, 23, 8]","['swish', 'elu', 'swish']",28f008,457,Adam,MaxAbsoluteDeviation,0.31705164909362793,0.384461909532547,1.6490523000247777
"[8, 23, 8]","['swish', 'elu', 'swish']",08f008,457,Adam,MaxAbsoluteDeviation,1.022415280342102,0.8150444030761719,1.670051300083287
"[8, 23]","['swish', 'elu']",08f0,457,Adam,MaxAbsoluteDeviation,0.129678875207901,0.18093109130859375,1.5221695000072941
"[8, 23]","['sigmoid', 'elu']",06f0,457,Adam,MaxAbsoluteDeviation,2.1280477046966553,1.4609265327453613,1.5088292999425903
"[8, 23]","['sigmoid', 'elu']",06f0,700,Adam,MaxAbsoluteDeviation,2.470602035522461,2.2464981079101562,2.197825300041586
"[8, 23]","['elu', 'elu']",00f0,700,Adam,MaxAbsoluteDeviation,0.22562584280967712,0.2174309492111206,2.181112500024028
"[8, 23]","['elu', 'elu']",00f0,700,Adam,MaxAbsoluteDeviation,0.13116320967674255,0.14851081371307373,2.181233400013298
"[8, 23]","['elu', 'elu']",00f0,521,Adam,MaxAbsoluteDeviation,0.21532928943634033,0.1118326187133789,1.6801328000146896
"[8, 23]","['elu', 'elu']",00f0,521,Adam,MaxAbsoluteDeviation,0.33330994844436646,0.3302297592163086,1.6842933000298217
[8],['elu'],00,521,Adam,MaxAbsoluteDeviation,0.33330994844436646,2.6409876346588135,1.5705805000616238
"[8, 23]","['elu', 'elu']",00f0,187,Adam,MaxAbsoluteDeviation,0.4491109549999237,0.22760009765625,0.7817482000682503
[8],['elu'],00,187,Adam,MaxAbsoluteDeviation,0.4491109549999237,3.0224857330322266,0.7157964000944048
"[23, 23, 9]","['elu', 'elu', 'sigmoid']",f0f016,187,Adam,MaxAbsoluteDeviation,1.088679313659668,1.193328857421875,0.8518935000756755
"[23, 23, 9]","['elu', 'elu', 'sigmoid']",f0f016,700,Adam,MaxAbsoluteDeviation,0.33898186683654785,0.4952259063720703,2.3322171000763774
"[8, 23, 9]","['elu', 'elu', 'sigmoid']",00f016,700,Adam,MaxAbsoluteDeviation,0.23849621415138245,0.3045654296875,2.2983164999168366
"[8, 23, 9]","['elu', 'elu', 'sigmoid']",00f016,700,Adam,MaxAbsoluteDeviation,0.17006245255470276,0.1672649383544922,2.30381790001411
"[8, 23, 9, 13]","['elu', 'elu', 'sigmoid', 'elu']",00f01650,700,Adam,MaxAbsoluteDeviation,0.17006245255470276,0.24253250658512115,2.418508499977179
"[8, 23, 17]","['elu', 'elu', 'sigmoid']",00f096,700,Adam,MaxAbsoluteDeviation,0.2028401494026184,0.13904082775115967,5.071460300008766
"[8, 23, 17]","['elu', 'elu', 'sigmoid']",00f096,100,Adam,MaxAbsoluteDeviation,1.632603406906128,0.888760507106781,0.6760671000229195
"[8, 23, 17, 19, 23]","['elu', 'elu', 'sigmoid', 'swish', 'sigmoid']",00f096b8f6,100,Adam,MaxAbsoluteDeviation,1.3946822881698608,1.1387157440185547,0.8639097000705078
"[8, 23, 17, 19, 23]","['elu', 'elu', 'sigmoid', 'swish', 'sigmoid']",00f096b8f6,100,Adam,MaxAbsoluteDeviation,1.0968728065490723,1.1679553985595703,0.8519633999094367
"[8, 23, 17, 19, 23]","['elu', 'tanh', 'sigmoid', 'swish', 'sigmoid']",00f996b8f6,100,Adam,MaxAbsoluteDeviation,3.9647626876831055,3.6038990020751953,0.8521180000388995
"[8, 23, 17, 19, 23]","['elu', 'tanh', 'sigmoid', 'swish', 'sigmoid']",00f996b8f6,700,Adam,MaxAbsoluteDeviation,0.3561379611492157,0.3723926544189453,2.957267399993725
"[8, 23, 17, 19, 23]","['elu', 'tanh', 'sigmoid', 'swish', 'sigmoid']",00f996b8f6,700,Adam,MaxAbsoluteDeviation,0.3960198163986206,0.3951740264892578,2.992737299995497
"[8, 23, 17, 19, 23]","['elu', 'tanh', 'sigmoid', 'swish', 'tanh']",00f996b8f9,700,Adam,MaxAbsoluteDeviation,0.3703726828098297,0.46002197265625,2.976213500020094
"[8, 23, 8, 19, 23]","['elu', 'swish', 'sigmoid', 'swish', 'tanh']",00f806b8f9,700,Adam,MaxAbsoluteDeviation,0.6791667938232422,0.1975482702255249,2.969436200102791
"[8, 23, 8, 19, 23]","['elu', 'swish', 'sigmoid', 'swish', 'tanh']",00f806b8f9,700,Adam,MaxAbsoluteDeviation,0.23720970749855042,0.5861320495605469,2.945390500011854
"[8, 23, 8, 19]","['elu', 'swish', 'sigmoid', 'swish']",00f806b8,700,Adam,MaxAbsoluteDeviation,0.4790893495082855,0.35157540440559387,2.745834899949841
"[8, 23, 23, 19]","['elu', 'swish', 'sigmoid', 'swish']",00f8f6b8,700,Adam,MaxAbsoluteDeviation,0.24611355364322662,0.6727466583251953,2.7969023000914603
"[8, 23, 23, 19]","['elu', 'swish', 'sigmoid', 'swish']",00f8f6b8,700,Adam,MaxAbsoluteDeviation,0.24611355364322662,0.6885757446289062,2.7993650001008064
"[8, 23, 23, 19]","['elu', 'swish', 'sigmoid', 'swish']",00f8f6b8,419,Adam,MaxAbsoluteDeviation,0.3421016335487366,0.10104751586914062,1.7991367999929935
"[8, 23, 23, 8]","['elu', 'swish', 'sigmoid', 'swish']",00f8f608,419,Adam,MaxAbsoluteDeviation,0.3173905909061432,0.1372394561767578,1.7993282000534236
"[8, 23, 23, 8]","['swish', 'swish', 'sigmoid', 'swish']",08f8f608,419,Adam,MaxAbsoluteDeviation,0.21227562427520752,0.19802963733673096,1.7918224000604823
"[8, 23, 23, 8]","['swish', 'swish', 'sigmoid', 'swish']",08f8f608,419,Adam,MaxAbsoluteDeviation,0.21227562427520752,0.15754413604736328,1.8018351000500843
"[8, 23, 23, 8, 16]","['swish', 'swish', 'sigmoid', 'swish', 'tanh']",08f8f60889,419,Adam,MaxAbsoluteDeviation,0.39307671785354614,0.7518873810768127,1.932300899992697
"[8, 23, 23, 8, 16, 9]","['swish', 'swish', 'sigmoid', 'swish', 'tanh', 'swish']",08f8f6088918,419,Adam,MaxAbsoluteDeviation,0.32361599802970886,0.2231733649969101,2.0954606999875978
"[8, 23, 23, 8, 16, 9]","['swish', 'swish', 'sigmoid', 'swish', 'tanh', 'swish']",08f8f6088918,419,Adam,MaxAbsoluteDeviation,0.32361599802970886,0.35744380950927734,2.0974736999487504
"[8, 23, 23, 8, 16, 9, 17]","['swish', 'swish', 'sigmoid', 'swish', 'tanh', 'swish', 'sigmoid']",08f8f608891896,163,Adam,MaxAbsoluteDeviation,0.7939164638519287,0.9966287016868591,1.2761408999795094
"[8, 8, 23, 8, 16, 9, 8]","['swish', 'swish', 'tanh', 'swish', 'tanh', 'swish', 'sigmoid']",0808f908891806,163,Adam,MaxAbsoluteDeviation,0.7939164638519287,8.343875885009766,1.2682489000726491
"[8, 8, 23, 8, 16, 9, 17]","['swish', 'swish', 'sigmoid', 'swish', 'tanh', 'swish', 'sigmoid']",0808f608891896,163,Adam,MaxAbsoluteDeviation,1.6253385543823242,1.8126397132873535,1.2704924000427127
"[8, 8, 23, 8, 16, 9, 17]","['swish', 'swish', 'sigmoid', 'swish', 'tanh', 'swish', 'sigmoid']",0808f608891896,700,Adam,MaxAbsoluteDeviation,0.297771692276001,1.2388439178466797,3.3080810999963433
"[8, 8, 23, 8, 16, 23, 17]","['swish', 'swish', 'sigmoid', 'swish', 'tanh', 'swish', 'sigmoid']",0808f60889f896,700,Adam,MaxAbsoluteDeviation,0.3067810535430908,0.563204288482666,3.2439866999629885
"[8, 8, 23, 8, 16, 23, 17]","['swish', 'swish', 'sigmoid', 'swish', 'tanh', 'swish', 'sigmoid']",0808f60889f896,700,Adam,MaxAbsoluteDeviation,0.3067810535430908,0.8259692192077637,3.277526199934073
"[8, 8, 23, 8, 16, 23, 17]","['swish', 'swish', 'sigmoid', 'swish', 'tanh', 'swish', 'sigmoid']",0808f60889f896,700,Adam,MaxAbsoluteDeviation,0.33950769901275635,0.2595691680908203,3.281390900025144
"[8, 8, 23, 8, 16, 23, 17]","['swish', 'swish', 'sigmoid', 'swish', 'tanh', 'swish', 'sigmoid']",0808f60889f896,700,Adam,MaxAbsoluteDeviation,0.36735430359840393,0.579986572265625,3.2110581001034006
"[8, 8, 23, 8, 16, 23]","['swish', 'swish', 'sigmoid', 'swish', 'tanh', 'swish']",0808f60889f8,700,Adam,MaxAbsoluteDeviation,0.36735430359840393,0.6625690460205078,3.1081942999735475
"[8, 8, 23, 8, 16, 23, 23, 17]","['swish', 'swish', 'sigmoid', 'swish', 'tanh', 'swish', 'sigmoid', 'swish']",0808f60889f8f698,700,Adam,MaxAbsoluteDeviation,0.5129631161689758,1.1987247467041016,3.4386789000127465
"[8, 8, 23, 8, 16, 23, 23, 17]","['swish', 'swish', 'tanh', 'swish', 'tanh', 'swish', 'sigmoid', 'swish']",0808f90889f8f698,700,Adam,MaxAbsoluteDeviation,0.5129631161689758,0.8392159938812256,3.439652599976398
"[8, 8, 23, 8, 16, 23, 23, 17]","['swish', 'swish', 'sigmoid', 'swish', 'tanh', 'swish', 'sigmoid', 'swish']",0808f60889f8f698,148,Adam,MaxAbsoluteDeviation,0.5129631161689758,0.5439891815185547,1.290013000019826
"[8, 8, 23, 8, 8, 23, 23, 17]","['swish', 'swish', 'sigmoid', 'swish', 'tanh', 'swish', 'sigmoid', 'swish']",0808f60809f8f698,700,Adam,MaxAbsoluteDeviation,0.6580048203468323,0.37344324588775635,3.439397200010717
"[8, 8, 23, 8, 8, 8, 23, 17]","['swish', 'swish', 'sigmoid', 'swish', 'tanh', 'swish', 'sigmoid', 'swish']",0808f6080908f698,700,Adam,MaxAbsoluteDeviation,0.22247453033924103,0.42647647857666016,3.3675929000601172
"[8, 8, 23, 8, 8, 8, 23, 17]","['swish', 'swish', 'sigmoid', 'swish', 'tanh', 'swish', 'elu', 'swish']",0808f6080908f098,700,Adam,MaxAbsoluteDeviation,0.8561002612113953,0.8492279052734375,3.393601999967359
"[8, 8, 23, 8, 8, 8, 23, 17]","['swish', 'swish', 'sigmoid', 'swish', 'tanh', 'swish', 'elu', 'swish']",0808f6080908f098,700,Adam,MaxAbsoluteDeviation,0.8561002612113953,0.7320756316184998,3.341516899992712
"[8, 8, 23, 8, 8, 8, 23, 17]","['swish', 'swish', 'sigmoid', 'swish', 'tanh', 'swish', 'elu', 'swish']",0808f6080908f098,700,Adam,MaxAbsoluteDeviation,1.5174163579940796,0.5469355583190918,3.3334968999261037
"[8, 8, 23, 8, 8, 8, 8, 17]","['swish', 'swish', 'sigmoid', 'swish', 'tanh', 'swish', 'elu', 'swish']",0808f60809080098,700,Adam,MaxAbsoluteDeviation,0.9056208729743958,0.3137779235839844,3.358372899936512
"[8, 8, 23, 8, 8, 8, 8]","['swish', 'swish', 'sigmoid', 'swish', 'tanh', 'swish', 'elu']",0808f608090800,700,Adam,MaxAbsoluteDeviation,0.36032211780548096,0.6273443698883057,3.1545605999417603
"[8, 8, 23, 8, 8, 8, 8, 18]","['swish', 'swish', 'sigmoid', 'swish', 'tanh', 'swish', 'elu', 'tanh']",0808f608090800a9,700,Adam,MaxAbsoluteDeviation,0.7200229167938232,1.172393798828125,3.347061999957077
"[8, 8, 23, 8, 8, 8, 8, 18]","['swish', 'swish', 'sigmoid', 'swish', 'tanh', 'swish', 'elu', 'tanh']",0808f608090800a9,700,Adam,MaxAbsoluteDeviation,0.6695742607116699,0.3889751434326172,3.339575199992396
"[8, 8, 23, 8, 8, 8, 8, 18, 12]","['swish', 'swish', 'sigmoid', 'swish', 'tanh', 'swish', 'elu', 'tanh', 'elu']",0808f608090800a940,700,Adam,MaxAbsoluteDeviation,0.388162225484848,0.7341232299804688,3.436856499989517
"[8, 8, 23, 8, 8, 8, 8, 18, 12]","['swish', 'swish', 'sigmoid', 'swish', 'tanh', 'swish', 'elu', 'tanh', 'elu']",0808f608090800a940,700,Adam,MaxAbsoluteDeviation,0.3123769760131836,0.6076259613037109,3.424514399957843
"[8, 8, 23, 8, 8, 8, 8, 18]","['swish', 'swish', 'sigmoid', 'swish', 'tanh', 'swish', 'elu', 'tanh']",0808f608090800a9,700,Adam,MaxAbsoluteDeviation,0.40012359619140625,1.1112861633300781,3.316977099981159
"[8, 8, 23, 8, 8, 8, 8, 18]","['swish', 'swish', 'sigmoid', 'swish', 'tanh', 'swish', 'elu', 'tanh']",0808f608090800a9,700,Adam,MaxAbsoluteDeviation,0.34583041071891785,1.0563526153564453,3.3128585999365896
"[8, 8, 23, 8, 8, 8, 8, 18, 12]","['swish', 'swish', 'sigmoid', 'swish', 'tanh', 'swish', 'elu', 'tanh', 'tanh']",0808f608090800a949,700,Adam,MaxAbsoluteDeviation,1.1909570693969727,0.9791250824928284,3.5158724000211805
"[8, 8, 23, 8, 8, 8, 8, 18, 12]","['swish', 'swish', 'sigmoid', 'swish', 'swish', 'swish', 'elu', 'tanh', 'tanh']",0808f608080800a949,700,Adam,MaxAbsoluteDeviation,0.5247514247894287,0.6025130748748779,3.5216211000224575
"[8, 8, 23, 8, 8, 8, 8, 18, 12]","['swish', 'swish', 'sigmoid', 'swish', 'swish', 'swish', 'elu', 'tanh', 'tanh']",0808f608080800a949,700,Adam,MaxAbsoluteDeviation,0.4126930236816406,0.5643477439880371,3.503027500002645
"[8, 8, 23, 8, 8, 8, 8, 18, 12]","['swish', 'swish', 'sigmoid', 'swish', 'swish', 'swish', 'elu', 'tanh', 'tanh']",0808f608080800a949,388,Adam,MaxAbsoluteDeviation,0.4126930236816406,1.2627334594726562,2.316851499956101
"[8, 8, 23, 8, 8, 8, 8, 18, 12]","['swish', 'swish', 'sigmoid', 'swish', 'swish', 'swish', 'elu', 'tanh', 'tanh']",0808f608080800a949,700,Adam,MaxAbsoluteDeviation,0.6996711492538452,0.8436021208763123,3.5023427000269294
"[8, 8, 23, 23, 8, 8, 8, 18, 12, 17]","['swish', 'swish', 'sigmoid', 'swish', 'swish', 'swish', 'elu', 'tanh', 'tanh', 'sigmoid']",0808f6f8080800a94996,700,Adam,MaxAbsoluteDeviation,0.6996711492538452,8.30333423614502,6.808465300011449
"[8, 8, 23, 8, 8, 8, 8, 23, 12]","['swish', 'swish', 'sigmoid', 'swish', 'swish', 'swish', 'elu', 'tanh', 'tanh']",0808f608080800f949,236,Adam,MaxAbsoluteDeviation,0.6996711492538452,2.3336868286132812,1.8492962999735028
"[8, 8, 23, 8, 8, 8, 8, 18, 12]","['swish', 'swish', 'sigmoid', 'swish', 'swish', 'swish', 'elu', 'tanh', 'tanh']",0808f608080800a949,236,Adam,MaxAbsoluteDeviation,0.6996711492538452,2.5613174438476562,1.8394646999659017
"[23, 8, 23, 8, 8, 8, 8, 18, 12]","['swish', 'swish', 'sigmoid', 'swish', 'swish', 'swish', 'elu', 'tanh', 'tanh']",f808f608080800a949,700,Adam,MaxAbsoluteDeviation,0.5275632739067078,0.44077587127685547,3.991382399923168
"[23, 8, 23, 8, 8, 8, 8, 18]","['swish', 'swish', 'sigmoid', 'swish', 'swish', 'swish', 'elu', 'tanh']",f808f608080800a9,700,Adam,MaxAbsoluteDeviation,0.44150879979133606,0.9510631561279297,3.7195083999540657
"[23, 8, 23, 8, 8, 8, 8, 18]","['swish', 'swish', 'elu', 'swish', 'swish', 'swish', 'elu', 'tanh']",f808f008080800a9,464,Adam,MaxAbsoluteDeviation,0.7332161664962769,0.917752206325531,2.6854377000126988
"[23, 8, 23, 8, 8, 8, 8, 8]","['swish', 'swish', 'elu', 'swish', 'swish', 'swish', 'elu', 'tanh']",f808f00808080009,464,Adam,MaxAbsoluteDeviation,0.27826249599456787,0.35708045959472656,2.689083799952641
"[23, 8, 23, 8, 8, 8, 8, 8, 11]","['swish', 'swish', 'elu', 'swish', 'swish', 'swish', 'elu', 'tanh', 'tanh']",f808f0080808000939,100,Adam,MaxAbsoluteDeviation,0.27826249599456787,7.363224983215332,1.256366000045091
"[23, 8, 23, 8, 8, 8, 8, 8, 23]","['swish', 'swish', 'elu', 'swish', 'swish', 'swish', 'elu', 'tanh', 'elu']",f808f00808080009f0,464,Adam,MaxAbsoluteDeviation,0.717593252658844,0.6653428077697754,2.8531994000077248
"[23, 8, 23, 8, 23, 8, 8, 8, 23]","['swish', 'swish', 'elu', 'swish', 'swish', 'swish', 'elu', 'tanh', 'elu']",f808f008f8080009f0,700,Adam,MaxAbsoluteDeviation,0.717593252658844,1.2333354949951172,3.9559239000082016
"[23, 8, 23, 8, 8, 8, 8, 8, 23]","['swish', 'swish', 'elu', 'swish', 'swish', 'swish', 'elu', 'tanh', 'tanh']",f808f00808080009f9,464,Adam,MaxAbsoluteDeviation,0.717593252658844,8.17601203918457,2.8434888999909163
"[23, 8, 23, 8, 8, 8, 8, 8, 23]","['swish', 'swish', 'elu', 'swish', 'swish', 'swish', 'elu', 'tanh', 'elu']",f808f00808080009f0,294,Adam,MaxAbsoluteDeviation,0.717593252658844,8.417824745178223,2.0882643000222743
"[23, 8, 23, 23, 8, 8, 8, 8, 23]","['swish', 'swish', 'elu', 'swish', 'swish', 'swish', 'elu', 'tanh', 'elu']",f808f0f808080009f0,464,Adam,MaxAbsoluteDeviation,0.7206704616546631,0.6720132231712341,2.8543700000736862
"[23, 8, 23, 23, 8, 8, 8, 8, 23, 10]","['swish', 'swish', 'elu', 'swish', 'swish', 'swish', 'elu', 'tanh', 'elu', 'elu']",f808f0f808080009f020,464,Adam,MaxAbsoluteDeviation,0.7206704616546631,1.6122016906738281,2.9812571000074968
"[23, 8, 23, 23, 8, 8, 8, 8]","['swish', 'swish', 'elu', 'swish', 'swish', 'swish', 'elu', 'tanh']",f808f0f808080009,464,Adam,MaxAbsoluteDeviation,0.7206704616546631,8.28461742401123,2.6738089999416843
"[23, 8, 23, 23, 8, 8, 8, 8, 23]","['swish', 'swish', 'elu', 'swish', 'swish', 'swish', 'elu', 'tanh', 'elu']",f808f0f808080009f0,700,Adam,MaxAbsoluteDeviation,0.6785338521003723,0.5990123748779297,3.9247563000535592
"[23, 8, 23, 23, 8, 8, 8, 8]","['swish', 'swish', 'elu', 'swish', 'swish', 'swish', 'elu', 'tanh']",f808f0f808080009,700,Adam,MaxAbsoluteDeviation,0.6785338521003723,7.047137260437012,3.6296854000538588
"[23, 8, 23, 23, 8, 8, 8, 8, 23]","['swish', 'swish', 'elu', 'swish', 'swish', 'swish', 'elu', 'tanh', 'elu']",f808f0f808080009f0,700,Adam,MaxAbsoluteDeviation,0.6785338521003723,1.3298568725585938,3.8410215000621974
"[23, 8, 8, 23, 8, 8, 8, 8, 23]","['swish', 'swish', 'elu', 'swish', 'swish', 'swish', 'elu', 'tanh', 'elu']",f80800f808080009f0,515,Adam,MaxAbsoluteDeviation,0.6785338521003723,0.5196151733398438,3.0530434999382123
"[23, 8, 23, 23, 8, 8, 8, 8, 23, 11]","['swish', 'swish', 'elu', 'swish', 'swish', 'swish', 'elu', 'tanh', 'elu', 'elu']",f808f0f808080009f030,700,Adam,MaxAbsoluteDeviation,0.34093865752220154,0.38620471954345703,4.022947800112888
"[23, 8, 23, 23, 8, 8, 8, 8, 23, 11]","['swish', 'swish', 'elu', 'swish', 'swish', 'elu', 'elu', 'tanh', 'elu', 'elu']",f808f0f808000009f030,700,Adam,MaxAbsoluteDeviation,0.34093865752220154,0.9007034301757812,4.080550100072287
"[23, 8, 23, 23, 8, 8, 8, 8, 23, 11]","['swish', 'swish', 'elu', 'swish', 'swish', 'swish', 'elu', 'tanh', 'elu', 'elu']",f808f0f808080009f030,234,Adam,MaxAbsoluteDeviation,0.34093865752220154,8.523832321166992,1.927347099990584
"[23, 8, 23, 23, 8, 8, 8, 8, 23, 11]","['swish', 'swish', 'elu', 'swish', 'swish', 'swish', 'elu', 'tanh', 'elu', 'elu']",f808f0f808080009f030,700,Adam,MaxAbsoluteDeviation,0.34093865752220154,0.8381356596946716,4.096748500014655
"[23, 8, 23, 23, 8, 8, 8, 8, 23, 11]","['swish', 'swish', 'elu', 'sigmoid', 'swish', 'swish', 'elu', 'tanh', 'elu', 'elu']",f808f0f608080009f030,700,Adam,MaxAbsoluteDeviation,0.537922739982605,0.41208121180534363,4.015370299923234
"[23, 8, 23, 23, 8, 8, 8, 8, 23, 11]","['swish', 'swish', 'elu', 'sigmoid', 'swish', 'swish', 'elu', 'tanh', 'elu', 'elu']",f808f0f608080009f030,700,Adam,MaxAbsoluteDeviation,0.6588301658630371,1.066218376159668,3.9885436999611557
"[23, 8, 23, 23, 8, 8, 8, 23, 23, 11]","['swish', 'swish', 'elu', 'sigmoid', 'swish', 'swish', 'elu', 'tanh', 'elu', 'elu']",f808f0f6080800f9f030,700,Adam,MaxAbsoluteDeviation,0.6886032819747925,0.5437984466552734,4.008197800023481
"[23, 8, 23, 23, 8, 23, 8, 23, 23, 11]","['swish', 'swish', 'elu', 'sigmoid', 'swish', 'swish', 'elu', 'tanh', 'elu', 'elu']",f808f0f608f800f9f030,700,Adam,MaxAbsoluteDeviation,0.965378999710083,0.9787139892578125,4.019325700006448
"[23, 8, 23, 23, 8, 23, 8, 23, 23, 11]","['swish', 'swish', 'elu', 'sigmoid', 'swish', 'swish', 'elu', 'tanh', 'elu', 'elu']",f808f0f608f800f9f030,700,Adam,MaxAbsoluteDeviation,0.5963583588600159,0.6358981132507324,4.058486999943852
"[23, 8, 23, 23, 8, 23, 8, 23, 23]","['swish', 'swish', 'elu', 'sigmoid', 'swish', 'swish', 'elu', 'tanh', 'elu']",f808f0f608f800f9f0,700,Adam,MaxAbsoluteDeviation,0.7539768815040588,1.1512794494628906,3.821587699931115
"[23, 8, 23, 23, 8, 23, 8, 23, 23, 10]","['swish', 'swish', 'elu', 'sigmoid', 'swish', 'swish', 'elu', 'tanh', 'elu', 'swish']",f808f0f608f800f9f028,700,Adam,MaxAbsoluteDeviation,0.9565557837486267,0.7665767669677734,4.039864100050181
"[23, 8, 23, 23, 8, 23, 8, 23, 23, 10]","['swish', 'swish', 'elu', 'sigmoid', 'swish', 'swish', 'elu', 'tanh', 'elu', 'swish']",f808f0f608f800f9f028,700,Adam,MaxAbsoluteDeviation,0.9565557837486267,0.6826667785644531,4.074260400026105
"[23, 8, 23, 23, 8, 23, 8, 23, 23]","['swish', 'swish', 'elu', 'sigmoid', 'swish', 'swish', 'elu', 'tanh', 'elu']",f808f0f608f800f9f0,100,Adam,MaxAbsoluteDeviation,2.3660247325897217,1.5526723861694336,1.2320130000589415
"[23, 8, 23, 23, 8, 23, 8, 23, 23]","['swish', 'swish', 'elu', 'sigmoid', 'swish', 'swish', 'elu', 'tanh', 'elu']",f808f0f608f800f9f0,100,Adam,MaxAbsoluteDeviation,1.474186897277832,1.6783027648925781,1.2353468000655994
"[23, 8, 23, 23, 8, 23, 8, 23]","['swish', 'swish', 'elu', 'sigmoid', 'swish', 'swish', 'elu', 'tanh']",f808f0f608f800f9,100,Adam,MaxAbsoluteDeviation,1.474186897277832,8.386614799499512,1.147021499928087
"[23, 8, 23, 23, 8, 23, 8, 23, 23]","['swish', 'swish', 'elu', 'tanh', 'swish', 'swish', 'elu', 'tanh', 'elu']",f808f0f908f800f9f0,100,Adam,MaxAbsoluteDeviation,1.2063791751861572,2.617215156555176,1.2253132000332698
"[23, 8, 23, 23, 8, 23, 8, 23, 23]","['swish', 'swish', 'elu', 'tanh', 'swish', 'swish', 'elu', 'tanh', 'elu']",f808f0f908f800f9f0,100,Adam,MaxAbsoluteDeviation,1.2063791751861572,8.5330810546875,1.2171560000861064
"[23, 8, 23, 23, 8, 23, 8, 23, 23]","['swish', 'swish', 'elu', 'tanh', 'swish', 'swish', 'elu', 'tanh', 'elu']",f808f0f908f800f9f0,700,Adam,MaxAbsoluteDeviation,1.2063791751861572,1.2185678482055664,3.8122470000525936
"[23, 8, 23, 23, 8, 23, 8, 23, 23]","['swish', 'swish', 'elu', 'tanh', 'swish', 'swish', 'elu', 'tanh', 'elu']",f808f0f908f800f9f0,700,Adam,MaxAbsoluteDeviation,1.622747540473938,1.4187889099121094,3.841072199982591
"[23, 8, 23, 8, 8, 23, 8, 23, 23]","['swish', 'swish', 'elu', 'tanh', 'swish', 'swish', 'elu', 'tanh', 'elu']",f808f00908f800f9f0,700,Adam,MaxAbsoluteDeviation,0.5485789775848389,0.25355100631713867,3.7838038000045344
"[23, 8, 23, 8, 8, 23, 8, 23, 23]","['swish', 'swish', 'elu', 'tanh', 'swish', 'swish', 'elu', 'tanh', 'elu']",f808f00908f800f9f0,378,Adam,MaxAbsoluteDeviation,0.6578248739242554,1.25933837890625,2.383392999996431
"[23, 8, 23, 8, 8, 23, 8, 23]","['swish', 'swish', 'elu', 'tanh', 'swish', 'swish', 'elu', 'tanh']",f808f00908f800f9,378,Adam,MaxAbsoluteDeviation,0.8243765234947205,0.7299976348876953,2.239286300027743
"[23, 8, 23, 8, 8, 23, 8, 23]","['swish', 'swish', 'elu', 'tanh', 'swish', 'tanh', 'elu', 'tanh']",f808f00908f900f9,378,Adam,MaxAbsoluteDeviation,1.3790655136108398,0.8118346929550171,4.889180299942382
"[23, 8, 23, 8, 8, 23, 8, 23]","['swish', 'swish', 'elu', 'tanh', 'swish', 'tanh', 'elu', 'tanh']",f808f00908f900f9,378,Adam,MaxAbsoluteDeviation,0.910493791103363,0.8124542236328125,2.297336500021629
"[23, 8, 23, 8, 8, 23, 8]","['swish', 'swish', 'elu', 'tanh', 'swish', 'sigmoid', 'elu']",f808f00908f600,378,Adam,MaxAbsoluteDeviation,0.4364011883735657,0.5187759399414062,2.1245540999807417
"[23, 8, 23, 8, 8, 23, 8]","['swish', 'swish', 'elu', 'sigmoid', 'swish', 'sigmoid', 'elu']",f808f00608f600,378,Adam,MaxAbsoluteDeviation,0.5148095488548279,1.0644121170043945,2.1320910999784246
"[23, 8, 23, 8, 8, 23, 8, 12]","['swish', 'elu', 'elu', 'sigmoid', 'swish', 'sigmoid', 'elu', 'elu']",f800f00608f60040,378,Adam,MaxAbsoluteDeviation,0.31906211376190186,0.4582017660140991,2.2974873000057414
"[23, 8, 23, 8, 8, 23, 8, 12]","['swish', 'elu', 'elu', 'sigmoid', 'swish', 'sigmoid', 'elu', 'elu']",f800f00608f60040,700,Adam,MaxAbsoluteDeviation,0.31906211376190186,1.2701301574707031,3.6683038000483066
"[23, 8, 23, 8, 8, 23, 8]","['swish', 'elu', 'elu', 'sigmoid', 'swish', 'sigmoid', 'elu']",f800f00608f600,378,Adam,MaxAbsoluteDeviation,0.31906211376190186,0.44932258129119873,2.1296450999798253
"[23, 8, 23, 8, 8, 23, 8, 12]","['swish', 'elu', 'elu', 'sigmoid', 'swish', 'sigmoid', 'elu', 'elu']",f800f00608f60040,264,Adam,MaxAbsoluteDeviation,0.31906211376190186,0.7287847399711609,1.7990161000052467
"[23, 8, 23, 8, 8, 23]","['swish', 'elu', 'elu', 'sigmoid', 'swish', 'sigmoid']",f800f00608f6,378,Adam,MaxAbsoluteDeviation,0.31906211376190186,0.29018402099609375,1.9589721999363974
"[23, 8, 23, 8, 8, 23, 8, 12, 20]","['swish', 'elu', 'elu', 'sigmoid', 'swish', 'sigmoid', 'elu', 'elu', 'tanh']",f800f00608f60040c9,378,Adam,MaxAbsoluteDeviation,0.31906211376190186,2.93583345413208,2.3878290000138804
"[23, 8, 23, 8, 8, 23, 8, 12]","['swish', 'elu', 'elu', 'sigmoid', 'swish', 'sigmoid', 'elu', 'elu']",f800f00608f60040,700,Adam,MaxAbsoluteDeviation,0.5544492602348328,0.8417377471923828,3.6732377998996526
"[23, 8, 23, 8, 8, 23, 8, 12]","['swish', 'elu', 'elu', 'sigmoid', 'swish', 'sigmoid', 'elu', 'elu']",f800f00608f60040,141,Adam,MaxAbsoluteDeviation,0.5544492602348328,0.189192995429039,1.2849917000858113
"[23, 8, 23, 8, 8, 23, 23, 12]","['swish', 'elu', 'elu', 'sigmoid', 'swish', 'sigmoid', 'elu', 'elu']",f800f00608f6f040,700,Adam,MaxAbsoluteDeviation,0.9848682880401611,1.7041635513305664,3.6608463999582455
"[23, 8, 23, 8, 8, 23, 23, 12]","['swish', 'elu', 'elu', 'sigmoid', 'swish', 'sigmoid', 'elu', 'elu']",f800f00608f6f040,700,Adam,MaxAbsoluteDeviation,0.513517439365387,0.6957007050514221,3.6195988999679685
"[23, 8, 23, 8, 8, 23]","['swish', 'elu', 'elu', 'sigmoid', 'tanh', 'sigmoid']",f800f00609f6,700,Adam,MaxAbsoluteDeviation,0.3427051305770874,0.6305503845214844,3.1586597999557853
"[23, 8, 23, 8, 8, 23]","['swish', 'elu', 'elu', 'sigmoid', 'elu', 'sigmoid']",f800f00600f6,700,Adam,MaxAbsoluteDeviation,0.24107688665390015,0.3141002655029297,3.179670099983923
"[23, 8, 23, 8, 8, 23]","['swish', 'elu', 'elu', 'elu', 'elu', 'sigmoid']",f800f00000f6,572,Adam,MaxAbsoluteDeviation,0.5038101077079773,0.28957653045654297,2.6498500000452623
"[23, 8, 23, 8, 8, 23]","['swish', 'elu', 'elu', 'elu', 'elu', 'sigmoid']",f800f00000f6,228,Adam,MaxAbsoluteDeviation,0.5038101077079773,0.9597511291503906,1.3788971999892965
"[23, 8, 23, 8, 8]","['swish', 'elu', 'elu', 'elu', 'elu']",f800f00000,100,Adam,MaxAbsoluteDeviation,0.5038101077079773,0.7217297554016113,0.8559519000118598
"[23, 8, 23, 8, 8, 23, 11]","['swish', 'elu', 'elu', 'elu', 'elu', 'sigmoid', 'elu']",f800f00000f630,572,Adam,MaxAbsoluteDeviation,0.5789822936058044,0.4071235656738281,2.8884293000446633
"[23, 8, 23, 8, 8, 23, 11]","['swish', 'elu', 'elu', 'elu', 'elu', 'sigmoid', 'elu']",f800f00000f630,700,Adam,MaxAbsoluteDeviation,0.5062950253486633,0.3275289535522461,3.3408326000208035
"[23, 8, 23, 8, 8, 23, 11]","['swish', 'elu', 'elu', 'elu', 'elu', 'sigmoid', 'elu']",f800f00000f630,700,Adam,MaxAbsoluteDeviation,0.4588940739631653,0.810208261013031,3.344494599965401
"[8, 8, 23, 8, 8, 23, 11]","['swish', 'elu', 'elu', 'elu', 'tanh', 'sigmoid', 'elu']",0800f00009f630,700,Adam,MaxAbsoluteDeviation,0.4588940739631653,0.7044751644134521,3.3471373000647873
"[23, 8, 23, 8, 8, 23, 11, 23]","['swish', 'elu', 'elu', 'elu', 'elu', 'sigmoid', 'elu', 'elu']",f800f00000f630f0,700,Adam,MaxAbsoluteDeviation,0.7606700658798218,0.544135570526123,3.545313599985093
"[23, 8, 23, 8, 8, 23, 11, 23]","['swish', 'elu', 'elu', 'elu', 'elu', 'sigmoid', 'elu', 'elu']",f800f00000f630f0,192,Adam,MaxAbsoluteDeviation,0.8659313917160034,1.1258764266967773,1.4423620000015944
"[23, 8, 23, 8, 8, 23, 11, 23, 13]","['swish', 'elu', 'elu', 'elu', 'elu', 'sigmoid', 'elu', 'elu', 'tanh']",f800f00000f630f059,100,Adam,MaxAbsoluteDeviation,0.8659313917160034,4.919101715087891,1.1794040000531822
"[23, 8, 23, 8, 8, 23, 11, 23]","['swish', 'elu', 'elu', 'elu', 'elu', 'sigmoid', 'elu', 'elu']",f800f00000f630f0,192,Adam,MaxAbsoluteDeviation,0.41224974393844604,0.8324928283691406,1.4451413999777287
"[23, 8, 23, 8, 8, 23, 11, 23]","['swish', 'elu', 'elu', 'elu', 'elu', 'sigmoid', 'elu', 'elu']",f800f00000f630f0,192,Adam,MaxAbsoluteDeviation,0.8147833347320557,2.9730758666992188,1.4444128000177443
"[23, 8, 23, 8, 8, 23, 11, 23]","['swish', 'elu', 'elu', 'elu', 'elu', 'sigmoid', 'elu', 'elu']",f800f00000f630f0,700,Adam,MaxAbsoluteDeviation,0.6166691780090332,0.9647569060325623,3.5285010000225157
"[23, 8, 23, 8, 8, 23, 11]","['swish', 'elu', 'elu', 'elu', 'elu', 'sigmoid', 'elu']",f800f00000f630,700,Adam,MaxAbsoluteDeviation,0.6166691780090332,1.5033025741577148,3.2442697999067605
"[23, 8, 23, 8, 8, 23, 11, 23, 12]","['swish', 'elu', 'elu', 'elu', 'elu', 'sigmoid', 'elu', 'elu', 'sigmoid']",f800f00000f630f046,700,Adam,MaxAbsoluteDeviation,0.6166691780090332,2.9293107986450195,3.696770300040953
"[23, 8, 23, 8, 8, 23, 11, 23]","['swish', 'elu', 'elu', 'elu', 'elu', 'sigmoid', 'tanh', 'elu']",f800f00000f639f0,700,Adam,MaxAbsoluteDeviation,0.40301087498664856,0.8426914215087891,3.4819542000768706
"[23, 8, 23, 8, 23, 23, 11, 23]","['swish', 'elu', 'elu', 'elu', 'elu', 'sigmoid', 'tanh', 'elu']",f800f000f0f639f0,700,Adam,MaxAbsoluteDeviation,0.5007233023643494,0.6546287536621094,3.482593600056134
"[23, 8, 23, 8, 23, 23, 11, 23, 17]","['swish', 'elu', 'elu', 'elu', 'elu', 'sigmoid', 'tanh', 'elu', 'tanh']",f800f000f0f639f099,700,Adam,MaxAbsoluteDeviation,0.5007233023643494,2.863862991333008,3.6760248000500724
"[23, 8, 23, 8, 23, 23, 23, 23]","['swish', 'elu', 'elu', 'elu', 'elu', 'sigmoid', 'tanh', 'elu']",f800f000f0f6f9f0,620,Adam,MaxAbsoluteDeviation,0.8806707859039307,0.5786632299423218,3.147037799935788
"[23, 8, 23, 8, 23, 23, 23, 23]","['swish', 'elu', 'elu', 'elu', 'swish', 'sigmoid', 'tanh', 'tanh']",f800f000f8f6f9f9,389,Adam,MaxAbsoluteDeviation,0.49973824620246887,0.36721837520599365,2.221732599893585
"[23, 8, 23, 8, 23, 23, 23, 23]","['swish', 'elu', 'elu', 'elu', 'swish', 'sigmoid', 'tanh', 'tanh']",f800f000f8f6f9f9,389,Adam,MaxAbsoluteDeviation,0.9580302238464355,0.9422836303710938,2.2285430999472737
"[23, 8, 23, 8, 23, 23, 23, 23]","['swish', 'elu', 'elu', 'elu', 'swish', 'sigmoid', 'tanh', 'tanh']",f800f000f8f6f9f9,700,Adam,MaxAbsoluteDeviation,1.2132830619812012,1.4202280044555664,3.5378760000457987
"[23, 8, 23, 8, 23, 23, 23, 23, 16, 22]","['swish', 'elu', 'elu', 'elu', 'swish', 'sigmoid', 'tanh', 'tanh', 'sigmoid', 'sigmoid']",f800f000f8f6f9f986e6,209,Adam,MaxAbsoluteDeviation,1.2132830619812012,5.677762985229492,1.7098268000409007
"[23, 8, 23, 8, 8, 23, 23, 23]","['swish', 'elu', 'elu', 'elu', 'swish', 'sigmoid', 'tanh', 'tanh']",f800f00008f6f9f9,585,Adam,MaxAbsoluteDeviation,1.001632809638977,1.0677080154418945,3.068285599933006
"[23, 8, 23, 8, 8, 23, 23, 23]","['swish', 'elu', 'elu', 'elu', 'swish', 'sigmoid', 'tanh', 'tanh']",f800f00008f6f9f9,700,Adam,MaxAbsoluteDeviation,1.239639401435852,1.4638333320617676,3.5440980000421405
"[23, 8, 23, 8, 8, 23, 23, 23]","['swish', 'elu', 'elu', 'elu', 'swish', 'sigmoid', 'tanh', 'tanh']",f800f00008f6f9f9,700,Adam,MaxAbsoluteDeviation,0.2809974253177643,1.4645098447799683,3.5194493000162765
"[23, 8, 23, 8, 8, 23, 23, 23]","['swish', 'elu', 'elu', 'swish', 'swish', 'sigmoid', 'tanh', 'tanh']",f800f00808f6f9f9,700,Adam,MaxAbsoluteDeviation,0.2809974253177643,0.4655146896839142,3.5384419000474736
"[23, 8, 23, 8, 8, 23, 23, 23]","['swish', 'elu', 'elu', 'elu', 'swish', 'sigmoid', 'tanh', 'tanh']",f800f00008f6f9f9,180,Adam,MaxAbsoluteDeviation,0.2809974253177643,1.1489968299865723,1.3951480999821797
"[23, 8, 23, 8, 8, 23, 23, 23]","['swish', 'elu', 'elu', 'elu', 'swish', 'sigmoid', 'tanh', 'tanh']",f800f00008f6f9f9,700,Adam,MaxAbsoluteDeviation,0.50634765625,0.5812959671020508,3.5520675000734627
"[23, 8, 23, 8, 8, 23, 23, 23]","['swish', 'elu', 'elu', 'elu', 'swish', 'sigmoid', 'tanh', 'tanh']",f800f00008f6f9f9,700,Adam,MaxAbsoluteDeviation,0.9511242508888245,0.7733750343322754,3.5013747999910265
"[23, 8, 23, 8, 8, 23, 23, 8]","['swish', 'elu', 'elu', 'elu', 'swish', 'sigmoid', 'tanh', 'tanh']",f800f00008f6f909,700,Adam,MaxAbsoluteDeviation,0.9511242508888245,8.519460678100586,3.532287899986841
"[23, 8, 23, 8, 8, 23, 23, 23, 20]","['swish', 'elu', 'elu', 'elu', 'swish', 'sigmoid', 'elu', 'tanh', 'tanh']",f800f00008f6f0f9c9,700,Adam,MaxAbsoluteDeviation,1.3790916204452515,1.0037044286727905,3.7440278000431135
"[23, 8, 23, 8, 8, 23, 23, 23, 20]","['swish', 'elu', 'elu', 'elu', 'swish', 'tanh', 'elu', 'tanh', 'tanh']",f800f00008f9f0f9c9,700,Adam,MaxAbsoluteDeviation,1.3790916204452515,3.565972328186035,3.7217237999429926
"[23, 8, 23, 8, 8, 23, 23, 23]","['swish', 'elu', 'elu', 'elu', 'swish', 'sigmoid', 'elu', 'tanh']",f800f00008f6f0f9,700,Adam,MaxAbsoluteDeviation,2.539285182952881,1.8249480724334717,6.32206309994217
"[23, 8, 23, 8, 8, 23, 23, 23]","['swish', 'elu', 'elu', 'elu', 'swish', 'sigmoid', 'elu', 'tanh']",f800f00008f6f0f9,125,Adam,MaxAbsoluteDeviation,1.707520604133606,1.6224784851074219,1.2318137999391183
"[23, 8, 23, 8, 8, 23, 23, 23]","['swish', 'elu', 'elu', 'elu', 'swish', 'sigmoid', 'elu', 'tanh']",f800f00008f6f0f9,700,Adam,MaxAbsoluteDeviation,0.5107388496398926,0.5036497116088867,3.7241407999536023
"[23, 8, 23, 8, 8, 23, 23, 23, 13]","['swish', 'elu', 'elu', 'elu', 'swish', 'sigmoid', 'elu', 'tanh', 'sigmoid']",f800f00008f6f0f956,700,Adam,MaxAbsoluteDeviation,0.5107388496398926,8.534831047058105,3.897072200081311
"[23, 8, 23, 8, 8, 23, 23, 23]","['swish', 'elu', 'elu', 'elu', 'swish', 'sigmoid', 'elu', 'tanh']",f800f00008f6f0f9,700,Adam,MaxAbsoluteDeviation,0.5107388496398926,2.0083818435668945,3.7108153000008315
"[23, 8, 23, 23, 8, 23, 23, 23]","['swish', 'elu', 'elu', 'elu', 'swish', 'sigmoid', 'elu', 'tanh']",f800f0f008f6f0f9,700,Adam,MaxAbsoluteDeviation,0.5107388496398926,3.9421491622924805,3.7239820999093354
"[23, 8, 23, 8, 8, 23, 23, 23, 10]","['swish', 'elu', 'elu', 'elu', 'swish', 'sigmoid', 'elu', 'tanh', 'swish']",f800f00008f6f0f928,700,Adam,MaxAbsoluteDeviation,1.2357304096221924,1.0849761962890625,3.9583031999645755
"[23, 8, 23, 8, 8, 23, 23, 23, 10, 22]","['swish', 'elu', 'elu', 'elu', 'swish', 'sigmoid', 'elu', 'tanh', 'swish', 'sigmoid']",f800f00008f6f0f928e6,547,Adam,MaxAbsoluteDeviation,1.2357304096221924,8.709370613098145,3.3840375000145286
"[23, 8, 23, 8, 8, 23, 23, 23, 10]","['swish', 'elu', 'elu', 'elu', 'swish', 'sigmoid', 'elu', 'tanh', 'swish']",f800f00008f6f0f928,700,Adam,MaxAbsoluteDeviation,1.2357304096221924,1.0557317733764648,3.971864200080745
"[23, 8, 23, 8, 8, 23, 23, 23, 10]","['swish', 'elu', 'elu', 'elu', 'swish', 'sigmoid', 'elu', 'tanh', 'swish']",f800f00008f6f0f928,700,Adam,MaxAbsoluteDeviation,0.9392447471618652,0.8452081084251404,3.920192899997346
"[23, 8, 23, 8, 8, 23, 23, 23, 10]","['swish', 'elu', 'elu', 'elu', 'swish', 'sigmoid', 'elu', 'tanh', 'swish']",f800f00008f6f0f928,130,Adam,MaxAbsoluteDeviation,2.1524081230163574,2.202493667602539,1.3539872999535874
"[23, 8, 23, 8, 8, 23, 23, 23, 10]","['swish', 'elu', 'elu', 'elu', 'swish', 'sigmoid', 'elu', 'tanh', 'swish']",f800f00008f6f0f928,700,Adam,MaxAbsoluteDeviation,1.9679417610168457,1.6705446243286133,3.9213686999864876
"[23, 8, 23, 23, 8, 23, 23, 23, 10]","['swish', 'elu', 'elu', 'elu', 'swish', 'sigmoid', 'elu', 'tanh', 'swish']",f800f0f008f6f0f928,502,Adam,MaxAbsoluteDeviation,0.5121468901634216,0.5986776351928711,3.018303099903278
"[23, 8, 23, 23, 8, 23, 23, 23, 10]","['swish', 'elu', 'elu', 'elu', 'swish', 'sigmoid', 'elu', 'tanh', 'swish']",f800f0f008f6f0f928,700,Adam,MaxAbsoluteDeviation,0.5121468901634216,8.57768440246582,3.9661054000025615
"[23, 8, 23, 23, 8, 23, 23, 23, 10]","['swish', 'elu', 'elu', 'elu', 'swish', 'sigmoid', 'elu', 'tanh', 'swish']",f800f0f008f6f0f928,700,Adam,MaxAbsoluteDeviation,0.5121468901634216,1.1926565170288086,3.895619200076908
"[23, 8, 23, 23, 8, 23, 23]","['swish', 'elu', 'elu', 'elu', 'swish', 'sigmoid', 'elu']",f800f0f008f6f0,502,Adam,MaxAbsoluteDeviation,0.7990615963935852,0.224853515625,2.65221470000688
"[23, 8, 23, 23, 8, 23, 23]","['swish', 'elu', 'elu', 'elu', 'swish', 'sigmoid', 'elu']",f800f0f008f6f0,337,Adam,MaxAbsoluteDeviation,0.5839229822158813,0.09180795401334763,1.9468791000545025
"[23, 8, 23, 23, 23, 23, 23]","['swish', 'elu', 'elu', 'elu', 'swish', 'sigmoid', 'elu']",f800f0f0f8f6f0,337,Adam,MaxAbsoluteDeviation,1.2334612607955933,1.2262592315673828,1.9653076999820769
"[23, 8, 23, 23, 23, 23, 23, 22]","['swish', 'elu', 'elu', 'elu', 'swish', 'sigmoid', 'elu', 'swish']",f800f0f0f8f6f0e8,337,Adam,MaxAbsoluteDeviation,0.6709790825843811,1.2793502807617188,2.100903599988669
"[23, 8, 23, 23, 23, 23, 23, 22]","['swish', 'elu', 'elu', 'elu', 'swish', 'sigmoid', 'elu', 'swish']",f800f0f0f8f6f0e8,700,Adam,MaxAbsoluteDeviation,0.6709790825843811,1.2687263488769531,3.6514302999712527
"[23, 8, 23, 23, 23, 23, 23, 22]","['swish', 'elu', 'elu', 'elu', 'swish', 'sigmoid', 'elu', 'swish']",f800f0f0f8f6f0e8,337,Adam,MaxAbsoluteDeviation,0.6709790825843811,0.831637442111969,2.102413499960676
"[23, 8, 23, 23, 23, 23, 23, 22]","['swish', 'elu', 'elu', 'elu', 'swish', 'sigmoid', 'elu', 'swish']",f800f0f0f8f6f0e8,337,Adam,MaxAbsoluteDeviation,2.149123191833496,1.971160888671875,2.109745700028725
"[23, 8, 23, 23, 23, 23, 23, 22, 8]","['swish', 'elu', 'elu', 'elu', 'swish', 'sigmoid', 'elu', 'elu', 'tanh']",f800f0f0f8f6f0e009,700,Adam,MaxAbsoluteDeviation,2.149123191833496,8.841313362121582,3.844154099933803
"[23, 8, 23, 23, 23, 23, 23]","['swish', 'elu', 'elu', 'elu', 'swish', 'sigmoid', 'elu']",f800f0f0f8f6f0,337,Adam,MaxAbsoluteDeviation,0.6556470394134521,0.5705394744873047,1.9500904999440536
"[23, 8, 23, 23, 23, 23, 23, 8]","['swish', 'elu', 'elu', 'elu', 'swish', 'sigmoid', 'elu', 'tanh']",f800f0f0f8f6f009,337,Adam,MaxAbsoluteDeviation,0.6556470394134521,5.720893383026123,2.110520099988207
"[23, 8, 23, 23, 23, 23, 23]","['swish', 'elu', 'elu', 'elu', 'swish', 'sigmoid', 'elu']",f800f0f0f8f6f0,700,Adam,MaxAbsoluteDeviation,0.6556470394134521,0.8946113586425781,3.346328999963589
"[23, 8, 23, 23, 23, 23, 8]","['swish', 'elu', 'elu', 'elu', 'swish', 'sigmoid', 'elu']",f800f0f0f8f600,337,Adam,MaxAbsoluteDeviation,0.6222498416900635,0.7462072968482971,1.9592354000778869
"[23, 8, 23, 23, 23, 23, 8, 19]","['swish', 'elu', 'elu', 'elu', 'swish', 'sigmoid', 'elu', 'swish']",f800f0f0f8f600b8,337,Adam,MaxAbsoluteDeviation,0.6222498416900635,0.9037428498268127,2.079816499957815
"[23, 8, 23, 23, 23, 23, 8]","['swish', 'elu', 'elu', 'elu', 'swish', 'tanh', 'elu']",f800f0f0f8f900,249,Adam,MaxAbsoluteDeviation,1.4955374002456665,1.4195098876953125,1.567221699981019
"[23, 8, 23, 23, 23, 23, 8]","['swish', 'elu', 'elu', 'elu', 'swish', 'tanh', 'elu']",f800f0f0f8f900,100,Adam,MaxAbsoluteDeviation,1.4955374002456665,8.733330726623535,1.03630240005441
"[23, 8, 23, 23, 23, 23, 8]","['swish', 'tanh', 'elu', 'elu', 'swish', 'tanh', 'elu']",f809f0f0f8f900,242,Adam,MaxAbsoluteDeviation,1.4955374002456665,4.509430885314941,1.5458813000004739
"[23, 8, 23, 23, 23, 23, 23]","['swish', 'elu', 'elu', 'elu', 'swish', 'tanh', 'elu']",f800f0f0f8f9f0,100,Adam,MaxAbsoluteDeviation,1.4955374002456665,1.6985644102096558,1.0296882999828085
"[23, 8, 23, 23, 23, 23]","['swish', 'elu', 'elu', 'elu', 'swish', 'tanh']",f800f0f0f8f9,249,Adam,MaxAbsoluteDeviation,1.4955374002456665,1.6520901918411255,1.4525794999208301
"[23, 8, 23, 23, 23, 23, 8]","['swish', 'elu', 'elu', 'elu', 'swish', 'tanh', 'elu']",f800f0f0f8f900,249,Adam,MaxAbsoluteDeviation,1.4955374002456665,2.2775259017944336,1.572876000078395
"[23, 8, 23, 23, 8, 23, 8]","['swish', 'elu', 'elu', 'elu', 'swish', 'tanh', 'elu']",f800f0f008f900,249,Adam,MaxAbsoluteDeviation,1.4955374002456665,3.489211082458496,1.5496411999920383
"[23, 8, 23, 23, 23, 23, 8]","['swish', 'elu', 'elu', 'elu', 'swish', 'tanh', 'elu']",f800f0f0f8f900,249,Adam,MaxAbsoluteDeviation,1.918492317199707,3.364774703979492,1.5533676999621093
"[23, 8, 23, 23, 23, 23, 23]","['swish', 'elu', 'elu', 'elu', 'swish', 'tanh', 'elu']",f800f0f0f8f9f0,249,Adam,MaxAbsoluteDeviation,0.963549017906189,1.1969881057739258,1.554380499990657
"[23, 8, 23, 23, 23, 23, 23]","['swish', 'elu', 'elu', 'elu', 'swish', 'tanh', 'elu']",f800f0f0f8f9f0,249,Adam,MaxAbsoluteDeviation,0.9664301872253418,1.3306527137756348,1.5581191999372095
"[23, 8, 23, 23, 23, 23, 23]","['swish', 'elu', 'elu', 'elu', 'swish', 'elu', 'elu']",f800f0f0f8f0f0,249,Adam,MaxAbsoluteDeviation,0.3478626012802124,0.44942474365234375,1.5524801999563351
"[23, 8, 8, 23, 23, 23]","['swish', 'elu', 'elu', 'elu', 'swish', 'elu']",f80000f0f8f0,249,Adam,MaxAbsoluteDeviation,0.5072551965713501,0.31354188919067383,1.4290314998943359
"[23, 8, 8, 23, 23, 23]","['swish', 'elu', 'tanh', 'elu', 'swish', 'elu']",f80009f0f8f0,225,Adam,MaxAbsoluteDeviation,0.5072551965713501,0.47716212272644043,1.3522593999514356
"[23, 8, 8, 23, 23]","['swish', 'elu', 'elu', 'elu', 'swish']",f80000f0f8,249,Adam,MaxAbsoluteDeviation,0.5072551965713501,1.2080612182617188,1.3340482000494376
"[23, 8, 23, 23, 23, 23]","['swish', 'elu', 'elu', 'elu', 'swish', 'elu']",f800f0f0f8f0,249,Adam,MaxAbsoluteDeviation,0.5600153207778931,0.7062873840332031,1.442653700010851
"[23, 8, 23, 23, 23, 23]","['swish', 'elu', 'elu', 'elu', 'swish', 'elu']",f800f0f0f8f0,249,Adam,MaxAbsoluteDeviation,0.5600153207778931,0.9467639923095703,1.4392178000416607
"[23, 8, 8, 23, 23, 23]","['swish', 'elu', 'elu', 'elu', 'swish', 'elu']",f80000f0f8f0,249,Adam,MaxAbsoluteDeviation,0.5600153207778931,0.3423442840576172,1.4354326999746263
"[23, 8, 23, 23, 23]","['swish', 'elu', 'elu', 'elu', 'swish']",f800f0f0f8,249,Adam,MaxAbsoluteDeviation,0.5600153207778931,0.38768959045410156,1.31721969996579
"[23, 8, 23, 23, 23, 23]","['sigmoid', 'elu', 'elu', 'elu', 'swish', 'elu']",f600f0f0f8f0,249,Adam,MaxAbsoluteDeviation,0.5600153207778931,0.5390615463256836,1.4061534999636933
"[23, 8, 23, 23, 23, 23]","['swish', 'swish', 'elu', 'elu', 'swish', 'elu']",f808f0f0f8f0,249,Adam,MaxAbsoluteDeviation,1.1672618389129639,1.1711702346801758,1.4300062999827787
"[23, 8, 23, 23, 23]","['swish', 'swish', 'elu', 'elu', 'swish']",f808f0f0f8,249,Adam,MaxAbsoluteDeviation,0.5474391579627991,1.2526206970214844,1.3462528999662027
"[23, 8, 23, 23, 23]","['swish', 'swish', 'elu', 'elu', 'swish']",f808f0f0f8,152,Adam,MaxAbsoluteDeviation,0.8498799204826355,0.8230350017547607,1.0491851000115275
"[23, 8, 23, 23]","['swish', 'swish', 'elu', 'elu']",f808f0f0,100,Adam,MaxAbsoluteDeviation,1.2850195169448853,1.6769427061080933,0.7735807000426576
"[23, 8, 23]","['swish', 'swish', 'elu']",f808f0,100,Adam,MaxAbsoluteDeviation,0.17430517077445984,0.31812524795532227,0.7070531999925151
"[8, 8, 23]","['swish', 'swish', 'elu']",0808f0,100,Adam,MaxAbsoluteDeviation,0.32609793543815613,0.6753607392311096,0.6984073999337852
"[8, 8, 23]","['swish', 'swish', 'elu']",0808f0,100,Adam,MaxAbsoluteDeviation,0.8678244948387146,0.8519715666770935,0.7054464000975713
"[8, 8, 23, 21, 9]","['swish', 'swish', 'elu', 'tanh', 'swish']",0808f0d918,100,Adam,MaxAbsoluteDeviation,0.31179869174957275,1.0061931610107422,0.8882728000171483
"[8, 8, 23, 21, 9]","['swish', 'swish', 'elu', 'tanh', 'swish']",0808f0d918,100,Adam,MaxAbsoluteDeviation,0.31179869174957275,1.1935310363769531,0.8946713999612257
"[8, 8, 23, 21, 9, 18]","['swish', 'swish', 'tanh', 'tanh', 'swish', 'swish']",0808f9d918a8,100,Adam,MaxAbsoluteDeviation,0.5337284207344055,1.0792217254638672,0.9793032000306994
"[8, 8, 23, 21, 9]","['swish', 'swish', 'tanh', 'tanh', 'swish']",0808f9d918,100,Adam,MaxAbsoluteDeviation,0.37737762928009033,0.3387422561645508,0.8894979000324383
"[8, 8, 23, 21, 9]","['tanh', 'swish', 'tanh', 'tanh', 'swish']",0908f9d918,100,Adam,MaxAbsoluteDeviation,0.8424485921859741,0.4195859432220459,0.8612980999751016
"[8, 8, 23, 21, 9]","['tanh', 'swish', 'tanh', 'tanh', 'swish']",0908f9d918,100,Adam,MaxAbsoluteDeviation,0.7187886238098145,1.0557422637939453,0.8595474000321701
"[8, 8, 23, 21, 9, 14]","['tanh', 'swish', 'tanh', 'tanh', 'swish', 'sigmoid']",0908f9d91866,100,Adam,MaxAbsoluteDeviation,0.7187886238098145,3.116485834121704,0.9460617000004277
"[8, 8, 23, 23, 9]","['tanh', 'swish', 'tanh', 'tanh', 'swish']",0908f9f918,100,Adam,MaxAbsoluteDeviation,0.515067458152771,1.1191492080688477,0.8638463999377564
"[8, 8, 23, 23, 9, 21]","['tanh', 'swish', 'tanh', 'tanh', 'swish', 'swish']",0908f9f918d8,100,Adam,MaxAbsoluteDeviation,1.1071573495864868,0.8363437652587891,0.9593806000193581
"[8, 8, 23, 23, 9, 21]","['tanh', 'swish', 'tanh', 'tanh', 'swish', 'swish']",0908f9f918d8,100,Adam,MaxAbsoluteDeviation,0.7670696973800659,1.0267295837402344,0.9637785000959411
"[8, 8, 23, 23, 23, 21]","['tanh', 'swish', 'tanh', 'tanh', 'swish', 'swish']",0908f9f9f8d8,100,Adam,MaxAbsoluteDeviation,0.7670696973800659,2.8787336349487305,0.9656885999720544
"[8, 23, 23, 23, 8, 21]","['tanh', 'swish', 'tanh', 'tanh', 'swish', 'swish']",09f8f9f908d8,100,Adam,MaxAbsoluteDeviation,0.7670696973800659,0.9903244972229004,0.962801199988462
"[8, 8, 23, 23, 9, 21]","['tanh', 'swish', 'tanh', 'tanh', 'swish', 'swish']",0908f9f918d8,100,Adam,MaxAbsoluteDeviation,0.41783061623573303,0.21026134490966797,0.959472700022161
"[8, 8, 23, 23, 9, 21, 10]","['tanh', 'swish', 'tanh', 'tanh', 'swish', 'swish', 'sigmoid']",0908f9f918d826,100,Adam,MaxAbsoluteDeviation,0.41783061623573303,8.581872940063477,1.0389108998933807
"[8, 8, 23, 23, 9, 21]","['tanh', 'swish', 'tanh', 'tanh', 'swish', 'swish']",0908f9f918d8,700,Adam,MaxAbsoluteDeviation,1.0680339336395264,1.5018386840820312,3.139569799997844
"[8, 8, 23, 23, 9, 21]","['tanh', 'swish', 'tanh', 'tanh', 'elu', 'swish']",0908f9f910d8,700,Adam,MaxAbsoluteDeviation,0.6985713243484497,0.3552485704421997,3.1028498000232503
"[8, 8, 23, 23, 9, 8]","['tanh', 'swish', 'tanh', 'tanh', 'elu', 'swish']",0908f9f91008,700,Adam,MaxAbsoluteDeviation,0.353596955537796,0.8883285522460938,3.081929999985732
"[8, 8, 23, 23, 9, 8]","['tanh', 'swish', 'tanh', 'tanh', 'elu', 'swish']",0908f9f91008,700,Adam,MaxAbsoluteDeviation,0.7945131063461304,0.5455050468444824,3.0950957000022754
"[8, 8, 23, 23, 9, 8]","['tanh', 'swish', 'tanh', 'tanh', 'elu', 'swish']",0908f9f91008,443,Adam,MaxAbsoluteDeviation,0.5224825143814087,0.5198283195495605,2.119992300053127
"[8, 8, 23, 23, 9]","['tanh', 'swish', 'tanh', 'tanh', 'elu']",0908f9f910,443,Adam,MaxAbsoluteDeviation,0.782101571559906,0.34962037205696106,1.958312000031583
"[8, 8, 23, 23]","['tanh', 'swish', 'tanh', 'tanh']",0908f9f9,443,Adam,MaxAbsoluteDeviation,0.1833885908126831,0.1685619354248047,1.8350538000231609
"[8, 8, 23, 23]","['tanh', 'swish', 'tanh', 'tanh']",0908f9f9,443,Adam,MaxAbsoluteDeviation,0.5307224988937378,1.0162372589111328,1.7932977000018582
"[8, 8, 23, 23]","['tanh', 'swish', 'tanh', 'tanh']",0908f9f9,443,Adam,MaxAbsoluteDeviation,0.4940145015716553,0.3248172104358673,1.8166483999229968
"[8, 8, 23, 23]","['tanh', 'swish', 'swish', 'tanh']",0908f8f9,443,Adam,MaxAbsoluteDeviation,0.4574136435985565,0.5706501007080078,1.8288278999971226
"[8, 8, 23, 23]","['tanh', 'swish', 'swish', 'sigmoid']",0908f8f6,443,Adam,MaxAbsoluteDeviation,0.19719231128692627,0.1655726432800293,1.8225720999762416
"[8, 8, 23, 23]","['tanh', 'tanh', 'swish', 'sigmoid']",0909f8f6,700,Adam,MaxAbsoluteDeviation,0.5217422246932983,0.22556495666503906,2.627783600008115
"[8, 8, 23, 23, 13]","['tanh', 'tanh', 'swish', 'sigmoid', 'sigmoid']",0909f8f656,700,Adam,MaxAbsoluteDeviation,0.2269928753376007,0.3404121398925781,2.815275799948722
"[8, 8, 23, 23, 23]","['tanh', 'tanh', 'swish', 'sigmoid', 'sigmoid']",0909f8f6f6,700,Adam,MaxAbsoluteDeviation,0.19314786791801453,0.1761646270751953,2.788105700048618
"[8, 8, 23, 23, 23, 20]","['tanh', 'tanh', 'swish', 'sigmoid', 'tanh', 'swish']",0909f8f6f9c8,700,Adam,MaxAbsoluteDeviation,0.19314786791801453,1.099313735961914,2.9732041000388563
"[8, 17, 23, 23, 23]","['tanh', 'tanh', 'swish', 'sigmoid', 'sigmoid']",0999f8f6f6,700,Adam,MaxAbsoluteDeviation,0.38740453124046326,0.29013824462890625,2.794053600053303
"[8, 17, 23, 23, 23]","['tanh', 'tanh', 'swish', 'sigmoid', 'sigmoid']",0999f8f6f6,700,Adam,MaxAbsoluteDeviation,0.2711915969848633,0.18658733367919922,2.728663899935782
"[8, 17, 23, 23, 23]","['tanh', 'tanh', 'swish', 'sigmoid', 'sigmoid']",0999f8f6f6,670,Adam,MaxAbsoluteDeviation,0.27148398756980896,0.45786476135253906,2.6528811000753194
"[8, 17, 23, 23, 23]","['tanh', 'tanh', 'swish', 'sigmoid', 'sigmoid']",0999f8f6f6,700,Adam,MaxAbsoluteDeviation,0.4232560694217682,0.5247058868408203,2.7465500000398606
"[8, 17, 23, 23, 23]","['tanh', 'tanh', 'swish', 'sigmoid', 'sigmoid']",0999f8f6f6,700,Adam,MaxAbsoluteDeviation,0.380967378616333,0.16820526123046875,2.7512054999824613
"[8, 17, 23, 23]","['tanh', 'tanh', 'swish', 'sigmoid']",0999f8f6,700,Adam,MaxAbsoluteDeviation,0.6774169206619263,0.5400829315185547,2.575874499976635
"[8, 17, 23, 8, 9]","['tanh', 'tanh', 'swish', 'sigmoid', 'sigmoid']",0999f80616,700,Adam,MaxAbsoluteDeviation,0.2840120196342468,0.1566777229309082,2.695955600007437
"[8, 17, 8, 8, 9]","['tanh', 'tanh', 'swish', 'sigmoid', 'sigmoid']",0999080616,700,Adam,MaxAbsoluteDeviation,0.2753056287765503,0.3352479934692383,2.689598400029354
"[8, 17, 8, 8, 9, 13]","['tanh', 'tanh', 'swish', 'sigmoid', 'sigmoid', 'tanh']",099908061659,700,Adam,MaxAbsoluteDeviation,0.316944420337677,0.2791978120803833,2.8039495000848547
"[8, 17, 8, 8, 9, 13]","['tanh', 'tanh', 'swish', 'sigmoid', 'sigmoid', 'tanh']",099908061659,700,Adam,MaxAbsoluteDeviation,0.316944420337677,1.12432861328125,2.8340583998942748
"[8, 17, 8, 8, 9, 13]","['tanh', 'tanh', 'swish', 'sigmoid', 'tanh', 'tanh']",099908061959,700,Adam,MaxAbsoluteDeviation,0.2938397228717804,0.8504199981689453,2.815201099961996
"[8, 17, 8, 8, 9, 13]","['tanh', 'tanh', 'swish', 'sigmoid', 'tanh', 'tanh']",099908061959,700,Adam,MaxAbsoluteDeviation,0.6133437156677246,0.5168571472167969,2.760405799956061
"[8, 17, 8, 8, 9, 13]","['tanh', 'tanh', 'swish', 'sigmoid', 'tanh', 'tanh']",099908061959,700,Adam,MaxAbsoluteDeviation,0.3354641795158386,0.5064907073974609,2.7899547000415623
"[8, 17, 8, 8, 9, 23]","['tanh', 'tanh', 'swish', 'sigmoid', 'tanh', 'tanh']",0999080619f9,700,Adam,MaxAbsoluteDeviation,0.2876025140285492,0.2512773275375366,2.800398499937728
"[8, 17, 8, 8, 9, 23]","['tanh', 'tanh', 'swish', 'sigmoid', 'tanh', 'tanh']",0999080619f9,100,Adam,MaxAbsoluteDeviation,0.6105223894119263,1.9600542783737183,0.8760945999529213
"[8, 17, 8, 8, 9]","['tanh', 'tanh', 'swish', 'sigmoid', 'tanh']",0999080619,100,Adam,MaxAbsoluteDeviation,0.6105223894119263,2.9220399856567383,0.806930800084956
"[8, 17, 8, 8, 9, 23]","['tanh', 'tanh', 'swish', 'sigmoid', 'tanh', 'tanh']",0999080619f9,100,Adam,MaxAbsoluteDeviation,0.6105223894119263,1.038583755493164,0.8721289000241086
"[8, 17, 8, 8, 23, 23]","['tanh', 'tanh', 'swish', 'sigmoid', 'tanh', 'tanh']",09990806f9f9,100,Adam,MaxAbsoluteDeviation,0.6105223894119263,1.6078001260757446,0.8736632999498397
"[8, 17, 8, 8, 9, 23]","['tanh', 'tanh', 'swish', 'tanh', 'tanh', 'tanh']",0999080919f9,700,Adam,MaxAbsoluteDeviation,0.6137601733207703,1.0189685821533203,2.753937099943869
"[8, 17, 8, 8, 9, 23]","['tanh', 'tanh', 'swish', 'tanh', 'tanh', 'swish']",0999080919f8,700,Adam,MaxAbsoluteDeviation,0.3969816565513611,0.512498140335083,2.743952799937688
"[8, 17, 8, 8, 9, 23]","['tanh', 'tanh', 'swish', 'tanh', 'tanh', 'swish']",0999080919f8,700,Adam,MaxAbsoluteDeviation,0.2524305582046509,0.5024662017822266,2.772550900001079
"[8, 17, 8, 8, 9, 23, 16]","['tanh', 'tanh', 'swish', 'tanh', 'tanh', 'swish', 'sigmoid']",0999080919f886,700,Adam,MaxAbsoluteDeviation,0.2524305582046509,0.7472934722900391,2.8450411000521854
"[8, 17, 8, 8, 9, 23]","['tanh', 'tanh', 'swish', 'tanh', 'tanh', 'swish']",0999080919f8,135,Adam,MaxAbsoluteDeviation,0.2524305582046509,0.9003767967224121,0.9889477000106126
"[23, 17, 8, 8, 9, 23]","['tanh', 'tanh', 'swish', 'tanh', 'tanh', 'swish']",f999080919f8,700,Adam,MaxAbsoluteDeviation,0.33183959126472473,0.39108753204345703,2.7436148000415415
"[23, 17, 8, 8, 9, 23]","['tanh', 'tanh', 'swish', 'tanh', 'tanh', 'swish']",f999080919f8,700,Adam,MaxAbsoluteDeviation,0.42753249406814575,0.8630428314208984,2.7181676999898627
"[23, 17, 8, 8, 9, 23]","['tanh', 'tanh', 'swish', 'tanh', 'tanh', 'swish']",f999080919f8,700,Adam,MaxAbsoluteDeviation,0.3753921389579773,0.30360984802246094,2.7429722000379115
"[23, 17, 8, 8, 9, 23]","['tanh', 'tanh', 'swish', 'tanh', 'tanh', 'swish']",f999080919f8,700,Adam,MaxAbsoluteDeviation,0.47343429923057556,0.5169010162353516,2.746428200043738
"[23, 17, 8, 8, 9, 23]","['tanh', 'tanh', 'swish', 'tanh', 'tanh', 'swish']",f999080919f8,700,Adam,MaxAbsoluteDeviation,0.4565984010696411,1.2096710205078125,2.7303519000997767
"[23, 17, 8, 8, 9, 23]","['tanh', 'tanh', 'swish', 'tanh', 'sigmoid', 'swish']",f999080916f8,700,Adam,MaxAbsoluteDeviation,0.6343021988868713,1.0089492797851562,5.8842617000918835
"[23, 17, 8, 8, 9, 23, 17]","['tanh', 'sigmoid', 'swish', 'tanh', 'sigmoid', 'swish', 'swish']",f996080916f898,700,Adam,MaxAbsoluteDeviation,0.9229074120521545,0.8298282623291016,3.427288999897428
"[23, 17, 8, 8, 9, 23, 17]","['tanh', 'sigmoid', 'swish', 'tanh', 'sigmoid', 'swish', 'swish']",f996080916f898,700,Adam,MaxAbsoluteDeviation,1.0957890748977661,1.2590999603271484,3.523059800034389
"[23, 17, 8, 8, 9, 23, 17]","['tanh', 'sigmoid', 'swish', 'tanh', 'sigmoid', 'swish', 'swish']",f996080916f898,700,Adam,MaxAbsoluteDeviation,0.185745507478714,0.3567044734954834,3.4929702000226825
"[23, 8, 8, 8, 9, 23, 17]","['tanh', 'sigmoid', 'swish', 'tanh', 'sigmoid', 'swish', 'swish']",f906080916f898,700,Adam,MaxAbsoluteDeviation,0.28952503204345703,0.1739978790283203,3.489802800002508
"[23, 8, 8, 8, 9, 23, 17]","['tanh', 'sigmoid', 'swish', 'tanh', 'sigmoid', 'swish', 'swish']",f906080916f898,309,Adam,MaxAbsoluteDeviation,0.21802616119384766,0.3525972366333008,1.848674300010316
"[23, 8, 8, 8, 23, 23]","['tanh', 'sigmoid', 'swish', 'tanh', 'sigmoid', 'swish']",f9060809f6f8,309,Adam,MaxAbsoluteDeviation,0.2907909154891968,0.3607940673828125,1.6830215000081807
"[23, 8, 8, 8, 23, 23]","['tanh', 'sigmoid', 'swish', 'tanh', 'sigmoid', 'swish']",f9060809f6f8,168,Adam,MaxAbsoluteDeviation,0.8020526170730591,0.1987152099609375,1.1959190999623388
"[23, 8, 8, 8, 23, 8]","['tanh', 'sigmoid', 'swish', 'tanh', 'sigmoid', 'swish']",f9060809f608,168,Adam,MaxAbsoluteDeviation,0.41846218705177307,0.33816102147102356,1.182114899973385
"[23, 8, 8, 8, 23, 8]","['tanh', 'sigmoid', 'swish', 'tanh', 'sigmoid', 'swish']",f9060809f608,100,Adam,MaxAbsoluteDeviation,0.7917605638504028,0.39975833892822266,0.9602582000661641
"[23, 8, 8, 8, 23, 8]","['tanh', 'sigmoid', 'swish', 'tanh', 'sigmoid', 'swish']",f9060809f608,100,Adam,MaxAbsoluteDeviation,0.9060721397399902,0.7510533332824707,0.9465714999241754
"[23, 8, 8, 8, 23]","['tanh', 'sigmoid', 'swish', 'tanh', 'sigmoid']",f9060809f6,100,Adam,MaxAbsoluteDeviation,1.3512531518936157,0.8701210021972656,0.8484076999593526
"[23, 8, 8, 8, 23]","['tanh', 'sigmoid', 'swish', 'tanh', 'sigmoid']",f9060809f6,100,Adam,MaxAbsoluteDeviation,1.3600162267684937,1.4455431699752808,0.8539993000449613
"[23, 8, 8, 8, 23]","['tanh', 'sigmoid', 'swish', 'tanh', 'elu']",f9060809f0,100,Adam,MaxAbsoluteDeviation,0.9602434039115906,1.4335136413574219,0.856127499951981
"[23, 8, 8, 8, 23]","['tanh', 'sigmoid', 'swish', 'tanh', 'elu']",f9060809f0,100,Adam,MaxAbsoluteDeviation,0.9602434039115906,1.5915193557739258,0.8493094999575987
"[23, 23, 8, 8, 23]","['tanh', 'sigmoid', 'swish', 'tanh', 'elu']",f9f60809f0,100,Adam,MaxAbsoluteDeviation,0.4826611578464508,0.6608505249023438,0.8529093000106514
"[23, 23, 8, 8, 8]","['tanh', 'sigmoid', 'swish', 'tanh', 'elu']",f9f6080900,100,Adam,MaxAbsoluteDeviation,0.9675112962722778,1.03302001953125,0.8529412999050692
"[23, 23, 8, 8, 8]","['tanh', 'sigmoid', 'swish', 'tanh', 'elu']",f9f6080900,700,Adam,MaxAbsoluteDeviation,0.48632606863975525,0.8252849578857422,2.929643700015731
"[23, 23, 8, 8, 8]","['tanh', 'sigmoid', 'swish', 'tanh', 'elu']",f9f6080900,700,Adam,MaxAbsoluteDeviation,0.212978795170784,0.1641208976507187,2.8952468000352383
"[23, 23, 8, 8, 8]","['elu', 'sigmoid', 'swish', 'tanh', 'elu']",f0f6080900,607,Adam,MaxAbsoluteDeviation,0.45019814372062683,0.35909271240234375,2.561665100045502
"[23, 23, 8, 8, 8]","['elu', 'sigmoid', 'swish', 'tanh', 'sigmoid']",f0f6080906,117,Adam,MaxAbsoluteDeviation,0.45019814372062683,1.3681658506393433,0.8985323999077082
"[23, 23, 8, 8, 8]","['elu', 'sigmoid', 'swish', 'tanh', 'elu']",f0f6080900,607,Adam,MaxAbsoluteDeviation,0.31498226523399353,0.4614439010620117,2.542234499938786
"[23, 23, 8, 8, 8]","['elu', 'sigmoid', 'swish', 'tanh', 'elu']",f0f6080900,607,Adam,MaxAbsoluteDeviation,0.43143585324287415,0.3589146137237549,2.5566385000711307
"[23, 23, 8, 8]","['elu', 'sigmoid', 'swish', 'tanh']",f0f60809,607,Adam,MaxAbsoluteDeviation,0.15669792890548706,0.1785106658935547,2.39575100003276
"[23, 23, 8, 8]","['elu', 'sigmoid', 'swish', 'tanh']",f0f60809,535,Adam,MaxAbsoluteDeviation,0.2560120224952698,0.2971479892730713,2.124124300084077
"[23, 23, 8]","['elu', 'sigmoid', 'swish']",f0f608,535,Adam,MaxAbsoluteDeviation,0.4563642144203186,0.06810188293457031,1.9883262999355793
"[23, 23, 8, 15]","['elu', 'sigmoid', 'swish', 'elu']",f0f60870,535,Adam,MaxAbsoluteDeviation,0.16465996205806732,0.26170921325683594,2.1549076999071985
"[23, 23, 8, 15, 14]","['elu', 'sigmoid', 'swish', 'sigmoid', 'tanh']",f0f6087669,535,Adam,MaxAbsoluteDeviation,0.24352484941482544,0.2685546875,2.262794400099665
"[23, 23, 23, 15, 14]","['elu', 'sigmoid', 'swish', 'sigmoid', 'tanh']",f0f6f87669,535,Adam,MaxAbsoluteDeviation,0.24352484941482544,0.26564860343933105,2.2475170000689104
"[23, 23, 8, 15, 14]","['elu', 'sigmoid', 'swish', 'sigmoid', 'tanh']",f0f6087669,100,Adam,MaxAbsoluteDeviation,0.24352484941482544,2.0996861457824707,0.8417357000289485
"[23, 23, 8, 15]","['elu', 'sigmoid', 'swish', 'sigmoid']",f0f60876,535,Adam,MaxAbsoluteDeviation,0.26673775911331177,0.19535064697265625,2.097721799975261
"[23, 23, 8, 15]","['elu', 'sigmoid', 'swish', 'swish']",f0f60878,535,Adam,MaxAbsoluteDeviation,0.340038537979126,0.3014678955078125,2.1239051000447944
"[23, 23, 8, 15]","['elu', 'tanh', 'swish', 'swish']",f0f90878,700,Adam,MaxAbsoluteDeviation,0.5124806761741638,0.48633766174316406,2.7093025000067428
"[23, 23, 8, 15]","['elu', 'tanh', 'swish', 'swish']",f0f90878,700,Adam,MaxAbsoluteDeviation,0.38256922364234924,0.22042083740234375,2.6880356000037864
"[23, 23, 8, 15]","['elu', 'tanh', 'swish', 'swish']",f0f90878,700,Adam,MaxAbsoluteDeviation,0.22104714810848236,0.3344383239746094,2.6491658999584615
"[23, 23, 8]","['elu', 'tanh', 'swish']",f0f908,700,Adam,MaxAbsoluteDeviation,0.2438383847475052,0.6413040161132812,2.462084300001152
"[23, 23, 8]","['elu', 'tanh', 'swish']",f0f908,700,Adam,MaxAbsoluteDeviation,0.14504916965961456,0.06550025939941406,2.4545045999111608
"[23, 23, 8]","['elu', 'tanh', 'swish']",f0f908,700,Adam,MaxAbsoluteDeviation,0.25805461406707764,0.25216102600097656,2.4171019000932574
"[23, 23, 8]","['elu', 'tanh', 'swish']",f0f908,311,Adam,MaxAbsoluteDeviation,0.25805461406707764,0.7291698455810547,1.2593219999689609
"[23, 23]","['elu', 'tanh']",f0f9,700,Adam,MaxAbsoluteDeviation,0.45213669538497925,0.20595169067382812,2.2612168999621645
[23],['elu'],f0,700,Adam,MaxAbsoluteDeviation,0.45213669538497925,2.262071132659912,2.1114348000846803
"[23, 23]","['elu', 'swish']",f0f8,700,Adam,MaxAbsoluteDeviation,0.1365891546010971,0.19403839111328125,2.291476699989289
"[23, 23, 21]","['elu', 'swish', 'sigmoid']",f0f8d6,700,Adam,MaxAbsoluteDeviation,0.176204115152359,0.5791568756103516,2.372206400032155
"[23, 23, 21, 20]","['elu', 'swish', 'sigmoid', 'sigmoid']",f0f8d6c6,700,Adam,MaxAbsoluteDeviation,0.462387353181839,0.35141849517822266,2.5421371998963878
"[23, 23, 21, 20]","['elu', 'swish', 'sigmoid', 'tanh']",f0f8d6c9,700,Adam,MaxAbsoluteDeviation,0.23534752428531647,1.0833206176757812,2.589443500037305
"[23, 23, 21, 20]","['elu', 'swish', 'sigmoid', 'tanh']",f0f8d6c9,700,Adam,MaxAbsoluteDeviation,0.19312526285648346,0.2515702247619629,2.5388407999416813
"[8, 23, 21, 20]","['elu', 'swish', 'sigmoid', 'tanh']",00f8d6c9,100,Adam,MaxAbsoluteDeviation,0.5713922381401062,0.9011940956115723,0.7404042000416666
"[8, 23, 21, 20]","['elu', 'swish', 'sigmoid', 'tanh']",00f8d6c9,100,Adam,MaxAbsoluteDeviation,0.5713922381401062,2.4356813430786133,0.737433800008148
"[8, 23, 21, 20]","['elu', 'swish', 'sigmoid', 'tanh']",00f8d6c9,700,Adam,MaxAbsoluteDeviation,0.3045668303966522,0.8659839630126953,2.5420089999679476
"[8, 23, 21, 20, 8]","['elu', 'swish', 'sigmoid', 'tanh', 'sigmoid']",00f8d6c906,700,Adam,MaxAbsoluteDeviation,0.1756344586610794,0.22593475878238678,2.6175634999526665
"[8, 23, 21, 8, 8]","['elu', 'swish', 'sigmoid', 'tanh', 'sigmoid']",00f8d60906,700,Adam,MaxAbsoluteDeviation,0.3443261682987213,0.12276172637939453,2.6013161999871954
"[8, 23, 21, 8]","['elu', 'swish', 'sigmoid', 'tanh']",00f8d609,700,Adam,MaxAbsoluteDeviation,0.7491832971572876,0.33861255645751953,2.5014432999305427
"[8, 23, 21, 8]","['elu', 'swish', 'sigmoid', 'tanh']",00f8d609,700,Adam,MaxAbsoluteDeviation,0.35939329862594604,0.2817411422729492,2.4627912000287324
"[8, 23, 21, 23]","['elu', 'swish', 'sigmoid', 'tanh']",00f8d6f9,700,Adam,MaxAbsoluteDeviation,0.2871561348438263,0.6074867248535156,2.4898480999981984
"[8, 23, 21]","['elu', 'swish', 'sigmoid']",00f8d6,700,Adam,MaxAbsoluteDeviation,0.1710122674703598,0.06546223163604736,2.3347614998929203
"[8, 23, 21]","['elu', 'swish', 'sigmoid']",00f8d6,351,Adam,MaxAbsoluteDeviation,0.527303159236908,0.2751436233520508,1.335760400048457
"[8, 23, 21]","['tanh', 'swish', 'sigmoid']",09f8d6,351,Adam,MaxAbsoluteDeviation,0.20161321759223938,0.26697826385498047,1.3189524000044912
"[8, 23, 21]","['tanh', 'swish', 'sigmoid']",09f8d6,700,Adam,MaxAbsoluteDeviation,0.12951210141181946,0.06240081787109375,2.335179999936372
"[8, 23, 23]","['tanh', 'swish', 'sigmoid']",09f8f6,700,Adam,MaxAbsoluteDeviation,0.10866829007863998,0.16832542419433594,2.314487099996768
"[8, 23, 23, 15]","['tanh', 'swish', 'sigmoid', 'tanh']",09f8f679,609,Adam,MaxAbsoluteDeviation,0.5835974216461182,0.5558395385742188,2.1802318999543786
"[8, 23, 23, 12]","['tanh', 'swish', 'sigmoid', 'sigmoid']",09f8f646,609,Adam,MaxAbsoluteDeviation,0.17560745775699615,0.2233724594116211,2.2060803999193013
"[8, 23, 23, 12]","['tanh', 'swish', 'sigmoid', 'sigmoid']",09f8f646,700,Adam,MaxAbsoluteDeviation,0.16559936106204987,0.2307901382446289,2.438341800007038
"[8, 23, 23, 12, 19]","['tanh', 'swish', 'sigmoid', 'sigmoid', 'elu']",09f8f646b0,700,Adam,MaxAbsoluteDeviation,0.1325616091489792,0.3212013244628906,2.574425600003451
"[8, 23, 23, 12]","['tanh', 'swish', 'sigmoid', 'sigmoid']",09f8f646,443,Adam,MaxAbsoluteDeviation,0.1296309232711792,0.11197471618652344,1.6940808999352157
"[8, 23, 23, 12]","['tanh', 'swish', 'sigmoid', 'sigmoid']",09f8f646,700,Adam,MaxAbsoluteDeviation,0.1296309232711792,0.3828601837158203,2.415468299994245
"[8, 23, 23, 12]","['tanh', 'swish', 'sigmoid', 'sigmoid']",09f8f646,443,Adam,MaxAbsoluteDeviation,0.47302186489105225,0.6198177337646484,1.6824102000100538
"[8, 23, 23, 12]","['tanh', 'swish', 'sigmoid', 'sigmoid']",09f8f646,100,Adam,MaxAbsoluteDeviation,0.47302186489105225,5.182826042175293,0.7175742000108585
"[23, 23, 23, 12]","['tanh', 'swish', 'sigmoid', 'sigmoid']",f9f8f646,443,Adam,MaxAbsoluteDeviation,0.22400452196598053,0.31787681579589844,1.6686953000025824
"[23, 23, 23, 12]","['tanh', 'swish', 'sigmoid', 'sigmoid']",f9f8f646,443,Adam,MaxAbsoluteDeviation,0.16433246433734894,0.19267845153808594,4.571893199929036
"[23, 23, 8, 12]","['tanh', 'swish', 'sigmoid', 'sigmoid']",f9f80646,443,Adam,MaxAbsoluteDeviation,0.16433246433734894,0.6276206970214844,1.9063605000264943
"[23, 23, 23]","['tanh', 'swish', 'sigmoid']",f9f8f6,443,Adam,MaxAbsoluteDeviation,0.17073993384838104,0.13337767124176025,1.7496245000511408
"[23, 23, 23]","['tanh', 'swish', 'swish']",f9f8f8,443,Adam,MaxAbsoluteDeviation,0.35854607820510864,0.3704109191894531,1.7528391000814736
"[8, 23, 8]","['tanh', 'swish', 'swish']",09f808,700,Adam,MaxAbsoluteDeviation,0.5042169690132141,0.5917606353759766,2.633585200062953
"[8, 23, 8]","['tanh', 'swish', 'swish']",09f808,433,Adam,MaxAbsoluteDeviation,0.2676001787185669,0.200272336602211,1.6928416000446305
"[23, 23, 8]","['tanh', 'swish', 'swish']",f9f808,433,Adam,MaxAbsoluteDeviation,0.3043396770954132,0.6710319519042969,1.7030264999484643
"[8, 23]","['tanh', 'swish']",09f8,433,Adam,MaxAbsoluteDeviation,0.1302708387374878,0.0762481689453125,1.5277768999803811
"[8, 23]","['tanh', 'swish']",09f8,700,Adam,MaxAbsoluteDeviation,0.17340198159217834,0.09375143051147461,2.3756915000267327
"[8, 23]","['tanh', 'swish']",09f8,700,Adam,MaxAbsoluteDeviation,0.6165233254432678,0.35781097412109375,2.348076800000854
"[8, 23]","['tanh', 'swish']",09f8,700,Adam,MaxAbsoluteDeviation,0.36201804876327515,0.3460521697998047,2.332037499989383
"[8, 23]","['tanh', 'swish']",09f8,700,Adam,MaxAbsoluteDeviation,0.6949493288993835,0.12250709533691406,2.3722975000273436
"[8, 8]","['tanh', 'swish']",0908,700,Adam,MaxAbsoluteDeviation,0.2566315531730652,0.37365055084228516,2.3216266999952495
"[8, 8, 21]","['tanh', 'swish', 'elu']",0908d0,700,Adam,MaxAbsoluteDeviation,0.18532806634902954,0.1250438690185547,2.5286181999836117
"[8, 8, 23]","['tanh', 'swish', 'elu']",0908f0,700,Adam,MaxAbsoluteDeviation,0.18487563729286194,0.07425355911254883,2.5186828000005335
"[8, 8, 23]","['tanh', 'swish', 'elu']",0908f0,700,Adam,MaxAbsoluteDeviation,0.1788230538368225,0.10015308111906052,2.525028400006704
"[8, 8, 23]","['tanh', 'swish', 'elu']",0908f0,700,Adam,MaxAbsoluteDeviation,0.16338524222373962,0.2768535614013672,2.5072611999930814
"[8, 8, 23]","['tanh', 'tanh', 'elu']",0909f0,700,Adam,MaxAbsoluteDeviation,0.11813047528266907,0.14800262451171875,2.458594399970025
"[8, 8, 23]","['tanh', 'tanh', 'elu']",0909f0,542,Adam,MaxAbsoluteDeviation,0.22877487540245056,0.47571563720703125,1.985840699984692
"[8, 8, 23, 12]","['tanh', 'tanh', 'elu', 'tanh']",0909f049,141,Adam,MaxAbsoluteDeviation,0.9743785262107849,1.1736602783203125,0.8557634999742731
"[8, 8, 23, 12, 15]","['tanh', 'tanh', 'elu', 'tanh', 'elu']",0909f04970,141,Adam,MaxAbsoluteDeviation,0.9743785262107849,1.2496814727783203,0.9481631000526249
"[8, 8, 23, 12]","['tanh', 'sigmoid', 'elu', 'tanh']",0906f049,141,Adam,MaxAbsoluteDeviation,1.4706577062606812,1.5141534805297852,0.8671339000575244
"[8, 8, 23, 12, 13]","['tanh', 'sigmoid', 'elu', 'tanh', 'elu']",0906f04950,141,Adam,MaxAbsoluteDeviation,1.1131302118301392,1.2968711853027344,0.9451567999785766
"[8, 8, 23, 12]","['tanh', 'sigmoid', 'elu', 'tanh']",0906f049,100,Adam,MaxAbsoluteDeviation,2.045776605606079,1.3202409744262695,0.7372870000544935
"[8, 8, 23, 12]","['tanh', 'sigmoid', 'elu', 'tanh']",0906f049,700,Adam,MaxAbsoluteDeviation,0.35804176330566406,0.3991885483264923,2.606757999979891
"[8, 8, 23, 23]","['tanh', 'sigmoid', 'elu', 'tanh']",0906f0f9,700,Adam,MaxAbsoluteDeviation,0.3340259790420532,0.46693992614746094,2.620624399976805
"[8, 8, 23, 8]","['tanh', 'sigmoid', 'elu', 'tanh']",0906f009,700,Adam,MaxAbsoluteDeviation,0.3970077633857727,0.38206958770751953,2.569015800021589
"[8, 8, 23, 8]","['tanh', 'sigmoid', 'elu', 'tanh']",0906f009,524,Adam,MaxAbsoluteDeviation,1.116545557975769,0.3725109100341797,2.032413800014183
"[8, 8, 23, 8]","['tanh', 'sigmoid', 'sigmoid', 'tanh']",0906f609,524,Adam,MaxAbsoluteDeviation,1.153089165687561,0.7504367828369141,2.0161418000934646
"[8, 8, 23, 8, 11, 14]","['tanh', 'sigmoid', 'sigmoid', 'tanh', 'swish', 'tanh']",0906f6093869,524,Adam,MaxAbsoluteDeviation,0.3991306722164154,0.6615820527076721,2.249731400050223
"[8, 8, 23, 8, 11, 14]","['tanh', 'sigmoid', 'sigmoid', 'tanh', 'swish', 'tanh']",0906f6093869,524,Adam,MaxAbsoluteDeviation,0.6393151879310608,0.39983874559402466,2.238530300091952
"[8, 8, 23, 8, 11, 14]","['tanh', 'sigmoid', 'sigmoid', 'tanh', 'swish', 'tanh']",0906f6093869,524,Adam,MaxAbsoluteDeviation,0.8286610245704651,0.8592205047607422,2.2540076998993754
"[8, 8, 23, 8, 11, 14]","['tanh', 'sigmoid', 'sigmoid', 'tanh', 'swish', 'elu']",0906f6093860,524,Adam,MaxAbsoluteDeviation,0.8271057605743408,1.1252193450927734,2.246331000002101
"[8, 8, 23, 8, 11]","['tanh', 'sigmoid', 'sigmoid', 'tanh', 'swish']",0906f60938,524,Adam,MaxAbsoluteDeviation,0.22552715241909027,0.18476486206054688,2.121178300003521
"[23, 8, 23, 8, 11]","['tanh', 'sigmoid', 'sigmoid', 'tanh', 'swish']",f906f60938,524,Adam,MaxAbsoluteDeviation,0.27938133478164673,0.4063301086425781,2.0923876999877393
"[23, 8, 23, 8, 11]","['tanh', 'sigmoid', 'sigmoid', 'tanh', 'swish']",f906f60938,524,Adam,MaxAbsoluteDeviation,0.27938133478164673,0.6343317031860352,2.105930700083263
"[23, 8, 8, 8, 11]","['tanh', 'sigmoid', 'sigmoid', 'tanh', 'swish']",f906060938,524,Adam,MaxAbsoluteDeviation,0.47488364577293396,0.3364992141723633,2.093507400015369
"[23, 8, 8, 8, 11, 21]","['tanh', 'sigmoid', 'sigmoid', 'tanh', 'swish', 'elu']",f906060938d0,483,Adam,MaxAbsoluteDeviation,0.22436824440956116,0.3943372964859009,2.0916542999912053
"[23, 8, 8, 8, 11, 21]","['tanh', 'sigmoid', 'sigmoid', 'tanh', 'swish', 'elu']",f906060938d0,483,Adam,MaxAbsoluteDeviation,0.22436824440956116,0.3139505386352539,2.0351839000359178
"[23, 8, 8, 8, 8, 21]","['tanh', 'sigmoid', 'sigmoid', 'tanh', 'swish', 'elu']",f906060908d0,700,Adam,MaxAbsoluteDeviation,0.33264756202697754,0.9454860687255859,2.773387100081891
"[23, 8, 8, 8, 8, 21]","['tanh', 'sigmoid', 'sigmoid', 'tanh', 'swish', 'elu']",f906060908d0,700,Adam,MaxAbsoluteDeviation,0.4568917751312256,0.6659336090087891,2.780691499938257
"[23, 8, 23, 8, 8, 21]","['tanh', 'swish', 'sigmoid', 'tanh', 'swish', 'elu']",f908f60908d0,700,Adam,MaxAbsoluteDeviation,0.3279176354408264,0.24883460998535156,2.792487099999562
"[23, 8, 23, 8, 8, 21]","['tanh', 'swish', 'sigmoid', 'tanh', 'swish', 'elu']",f908f60908d0,700,Adam,MaxAbsoluteDeviation,0.36573541164398193,0.5155391693115234,2.7984859999269247
"[23, 8, 23, 8, 8, 21]","['tanh', 'swish', 'sigmoid', 'tanh', 'swish', 'elu']",f908f60908d0,700,Adam,MaxAbsoluteDeviation,0.4576381742954254,1.0363883972167969,2.763681499985978
"[23, 8, 23, 8, 8, 21]","['tanh', 'swish', 'sigmoid', 'tanh', 'swish', 'elu']",f908f60908d0,700,Adam,MaxAbsoluteDeviation,0.26891663670539856,0.4868302047252655,2.760803099954501
"[23, 8, 23, 8, 8]","['tanh', 'swish', 'sigmoid', 'tanh', 'swish']",f908f60908,700,Adam,MaxAbsoluteDeviation,0.4698963463306427,0.3227720260620117,2.646775700035505
"[23, 8, 23, 8, 23]","['tanh', 'swish', 'sigmoid', 'tanh', 'swish']",f908f609f8,100,Adam,MaxAbsoluteDeviation,0.439069926738739,0.43375396728515625,0.8170195000711828
"[23, 8, 23, 8]","['tanh', 'swish', 'sigmoid', 'tanh']",f908f609,100,Adam,MaxAbsoluteDeviation,1.7046308517456055,1.2062158584594727,0.7338879000162706
"[23, 8, 23, 8, 17]","['tanh', 'swish', 'sigmoid', 'tanh', 'elu']",f908f60990,100,Adam,MaxAbsoluteDeviation,0.6820206642150879,1.5614538192749023,0.808115900028497
"[23, 8, 23, 8, 23]","['tanh', 'swish', 'sigmoid', 'tanh', 'elu']",f908f609f0,100,Adam,MaxAbsoluteDeviation,0.9147551655769348,0.7425441741943359,0.8005571999819949
"[23, 8, 23, 8, 23]","['tanh', 'swish', 'sigmoid', 'tanh', 'elu']",f908f609f0,100,Adam,MaxAbsoluteDeviation,0.524461567401886,0.4216632843017578,0.7940066000446677
"[23, 8, 23, 23]","['tanh', 'swish', 'sigmoid', 'tanh']",f908f6f9,100,Adam,MaxAbsoluteDeviation,0.8773858547210693,0.5218486785888672,0.7327278000302613
"[23, 23, 23, 23]","['tanh', 'swish', 'sigmoid', 'tanh']",f9f8f6f9,100,Adam,MaxAbsoluteDeviation,0.40838873386383057,0.3524198532104492,0.727065599989146
"[23, 23, 8, 23]","['tanh', 'swish', 'sigmoid', 'tanh']",f9f806f9,100,Adam,MaxAbsoluteDeviation,0.40838873386383057,1.0091431140899658,0.7276936999987811
"[23, 23, 23]","['tanh', 'swish', 'sigmoid']",f9f8f6,100,Adam,MaxAbsoluteDeviation,1.0199116468429565,1.3004350662231445,0.6474286000011489
"[8, 23, 23, 10]","['tanh', 'swish', 'sigmoid', 'elu']",09f8f620,700,Adam,MaxAbsoluteDeviation,1.0199116468429565,0.197845458984375,2.4975371999898925
"[23, 23, 23]","['tanh', 'swish', 'sigmoid']",f9f8f6,100,Adam,MaxAbsoluteDeviation,0.35934364795684814,0.28074169158935547,0.6527666999027133
"[23, 23, 23]","['tanh', 'swish', 'sigmoid']",f9f8f6,100,Adam,MaxAbsoluteDeviation,0.35934364795684814,0.32189273834228516,0.6528259000042453
"[23, 23, 23, 13]","['tanh', 'swish', 'sigmoid', 'elu']",f9f8f650,100,Adam,MaxAbsoluteDeviation,0.8029460310935974,0.1712665557861328,0.7362847999902442
"[23, 23, 23, 13]","['tanh', 'swish', 'sigmoid', 'elu']",f9f8f650,100,Adam,MaxAbsoluteDeviation,1.3267065286636353,0.36832618713378906,0.7190961000742391
"[23, 23, 23]","['tanh', 'swish', 'sigmoid']",f9f8f6,100,Adam,MaxAbsoluteDeviation,0.7688525915145874,1.132497787475586,0.6511109999846667
"[23, 23, 23]","['tanh', 'swish', 'sigmoid']",f9f8f6,700,Adam,MaxAbsoluteDeviation,0.26973459124565125,0.2594485282897949,2.2955458000069484
"[23, 23, 23]","['tanh', 'swish', 'sigmoid']",f9f8f6,100,Adam,MaxAbsoluteDeviation,0.26973459124565125,0.5900478363037109,0.6541921000462025
"[23, 23]","['tanh', 'swish']",f9f8,700,Adam,MaxAbsoluteDeviation,0.20475280284881592,0.24712419509887695,2.193591099930927
"[23, 8]","['tanh', 'swish']",f908,593,Adam,MaxAbsoluteDeviation,0.41479024291038513,0.22273635864257812,1.8654364000540227
"[23, 8]","['tanh', 'swish']",f908,700,Adam,MaxAbsoluteDeviation,0.6347684264183044,0.4442918300628662,2.211317399982363
"[23, 8]","['tanh', 'swish']",f908,700,Adam,MaxAbsoluteDeviation,0.17804376780986786,0.170196533203125,2.195849800016731
"[23, 8, 8]","['tanh', 'swish', 'tanh']",f90809,700,Adam,MaxAbsoluteDeviation,0.17804376780986786,0.31295204162597656,2.298869099933654
"[23, 8, 16]","['tanh', 'swish', 'elu']",f90880,700,Adam,MaxAbsoluteDeviation,0.17804376780986786,0.28542447090148926,2.296269099926576
"[23, 8]","['elu', 'swish']",f008,700,Adam,MaxAbsoluteDeviation,0.17804376780986786,0.5222032070159912,2.212852399912663
"[23, 8, 10]","['tanh', 'swish', 'sigmoid']",f90826,700,Adam,MaxAbsoluteDeviation,0.18306130170822144,0.1661396026611328,2.2888895000796765
"[23, 8, 10]","['tanh', 'swish', 'sigmoid']",f90826,628,Adam,MaxAbsoluteDeviation,0.3366977572441101,0.1413431167602539,5.022215600009076
"[23, 8, 10]","['tanh', 'swish', 'sigmoid']",f90826,628,Adam,MaxAbsoluteDeviation,0.09185348451137543,0.3143596649169922,2.3573636000510305
