"[21, 14]","['tanh', 'tanh']",d969,317,Adam,MaxAbsoluteDeviation,0.21112605929374695,0.26649153232574463,1.186316600011196
"[21, 14]","['sigmoid', 'tanh']",d969,317,Adam,MaxAbsoluteDeviation,0.21112605929374695,1.1357685327529907,1.2044893999991473
"[23, 14]","['tanh', 'tanh']",f969,317,Adam,MaxAbsoluteDeviation,0.5031150579452515,0.5367735624313354,1.2152477000199724
"[23, 14, 23]","['elu', 'tanh', 'elu']",f069f0,208,Adam,MaxAbsoluteDeviation,0.5567781329154968,0.7884762287139893,0.9938381000247318
"[23, 14]","['elu', 'tanh']",f069,208,Adam,MaxAbsoluteDeviation,0.40438488125801086,0.42336875200271606,0.8835630999819841
"[23, 14]","['sigmoid', 'tanh']",f669,208,Adam,MaxAbsoluteDeviation,0.9786832928657532,1.1125125885009766,0.8976880999980494
"[8, 14]","['sigmoid', 'tanh']",0669,208,Adam,MaxAbsoluteDeviation,1.0086075067520142,1.1207776069641113,0.867480799992336
"[23, 14]","['sigmoid', 'tanh']",f669,208,Adam,MaxAbsoluteDeviation,0.8897514343261719,0.9382136464118958,0.8812005999789108
"[23, 14, 18]","['sigmoid', 'tanh', 'elu']",f669a0,208,Adam,MaxAbsoluteDeviation,0.8766645193099976,0.9533644318580627,0.9848778999876231
"[23, 14, 18]","['sigmoid', 'tanh', 'elu']",f669a0,700,Adam,MaxAbsoluteDeviation,0.2663974463939667,0.3935048282146454,2.5515820999862626
"[23, 14]","['sigmoid', 'sigmoid']",f669a0,700,Adam,MaxAbsoluteDeviation,0.2663974463939667,0.962893545627594,2.314285300002666
"[8, 14, 18]","['sigmoid', 'tanh', 'elu']",f669a0,700,Adam,MaxAbsoluteDeviation,0.2663974463939667,0.860370397567749,2.092623200005619
"[23, 8, 18]","['sigmoid', 'tanh', 'elu']",f669a0,700,Adam,MaxAbsoluteDeviation,0.2663974463939667,1.1011152267456055,0.6722236000059638
"[23, 14, 18]","['sigmoid', 'tanh', 'elu']",f669a0,700,Adam,MaxAbsoluteDeviation,0.2663974463939667,0.7758578658103943,1.5070069000066724
"[23, 14, 8]","['sigmoid', 'tanh', 'elu']",f66900,700,Adam,MaxAbsoluteDeviation,0.912228524684906,0.9673961400985718,2.5209348000062164
"[23, 14, 8]","['sigmoid', 'tanh', 'elu']",f66900,700,Adam,MaxAbsoluteDeviation,0.741298496723175,0.992633581161499,2.5246639999968465
"[23, 14, 10, 8]","['sigmoid', 'tanh', 'elu', 'elu']",f6692000,700,Adam,MaxAbsoluteDeviation,0.3189147412776947,0.43241751194000244,2.689560300001176
"[23, 23, 10, 8, 15]","['sigmoid', 'tanh', 'elu', 'elu', 'tanh']",f6f9200079,700,Adam,MaxAbsoluteDeviation,0.9776498675346375,1.0448598861694336,2.8630750000011176
"[23, 23, 10, 8, 15]","['sigmoid', 'tanh', 'elu', 'elu', 'tanh']",f6f9200079,639,Adam,MaxAbsoluteDeviation,0.989145040512085,1.0765724182128906,2.6145055000088178
"[8, 23, 10, 8, 15]","['sigmoid', 'tanh', 'elu', 'elu', 'tanh']",06f9200079,639,Adam,MaxAbsoluteDeviation,0.9842920899391174,1.0473077297210693,2.5967400999797974
"[8, 23, 10, 8, 15]","['sigmoid', 'tanh', 'elu', 'elu', 'tanh']",06f9200079,224,Adam,MaxAbsoluteDeviation,0.9745672345161438,1.0281331539154053,1.20729650001158
"[8, 23, 10, 8, 15, 18]","['sigmoid', 'tanh', 'elu', 'elu', 'tanh', 'sigmoid']",06f9200079a6,224,Adam,MaxAbsoluteDeviation,0.9520483613014221,1.1211755275726318,1.3081113999942318
"[23, 23, 10, 8, 15, 18]","['sigmoid', 'tanh', 'elu', 'elu', 'tanh', 'sigmoid']",f6f9200079a6,224,Adam,MaxAbsoluteDeviation,0.9729835987091064,1.132472038269043,1.3135393999982625
"[23, 23, 10, 8, 15]","['sigmoid', 'tanh', 'elu', 'elu', 'tanh']",f6f9200079,100,Adam,MaxAbsoluteDeviation,0.960002601146698,1.0491187572479248,0.8210271999996621
"[23, 23, 10, 8, 15]","['sigmoid', 'tanh', 'elu', 'elu', 'tanh']",f6f9200079,700,Adam,MaxAbsoluteDeviation,0.9832896590232849,1.0351660251617432,2.7846281999954954
"[23, 23, 10, 8, 15]","['sigmoid', 'tanh', 'elu', 'elu', 'tanh']",f6f9200079,383,Adam,MaxAbsoluteDeviation,1.0169053077697754,1.017197608947754,1.714966600004118
"[23, 23, 10, 8, 15]","['sigmoid', 'tanh', 'elu', 'elu', 'tanh']",f6f9200079,383,Adam,MaxAbsoluteDeviation,1.004188060760498,1.0309324264526367,1.6990079999959562
"[23, 23, 10, 8]","['sigmoid', 'tanh', 'elu', 'elu']",f6f92000,383,Adam,MaxAbsoluteDeviation,0.7630271315574646,0.8010326623916626,1.5825902999786194
"[23, 23, 10, 8, 18]","['sigmoid', 'tanh', 'elu', 'elu', 'swish']",f6f92000a8,383,Adam,MaxAbsoluteDeviation,0.960041344165802,1.060416579246521,1.7053946000232827
"[23, 8, 10, 8, 18]","['sigmoid', 'tanh', 'elu', 'elu', 'swish']",f6092000a8,383,Adam,MaxAbsoluteDeviation,0.775200366973877,0.7463881969451904,1.7209486999781802
"[23, 8, 10, 8, 18, 10]","['sigmoid', 'tanh', 'swish', 'elu', 'swish', 'sigmoid']",f6092800a826,700,Adam,MaxAbsoluteDeviation,0.9679235816001892,1.032076358795166,2.940166800020961
"[23, 23, 10, 8, 18, 10]","['sigmoid', 'tanh', 'swish', 'elu', 'swish', 'sigmoid']",f6f92800a826,700,Adam,MaxAbsoluteDeviation,0.32064804434776306,0.24706847965717316,2.922601600002963
"[23, 23, 8, 8, 18, 10]","['sigmoid', 'tanh', 'swish', 'elu', 'swish', 'sigmoid']",f6f92800a826,700,Adam,MaxAbsoluteDeviation,0.32064804434776306,1.0453662872314453,2.9203938000136986
"[23, 23, 23, 8, 18, 10]","['sigmoid', 'tanh', 'swish', 'elu', 'swish', 'sigmoid']",f6f92800a826,700,Adam,MaxAbsoluteDeviation,0.32064804434776306,1.0386608839035034,2.9338479000143707
"[23, 23, 10, 8, 18, 10]","['sigmoid', 'tanh', 'swish', 'elu', 'swish', 'sigmoid']",f6f92800a826,700,Adam,MaxAbsoluteDeviation,0.32064804434776306,1.0565569400787354,2.8802820999990217
"[23, 23, 10, 8, 18, 10]","['sigmoid', 'tanh', 'swish', 'elu', 'swish', 'sigmoid']",f6f92800a826,700,Adam,MaxAbsoluteDeviation,0.42881378531455994,0.19841402769088745,2.87925830000313
"[23, 23, 10, 8, 18]","['sigmoid', 'tanh', 'swish', 'elu', 'swish']",f6f92800a8,700,Adam,MaxAbsoluteDeviation,0.49692508578300476,0.5642940998077393,2.7046231999993324
"[23, 8, 10, 8, 18]","['sigmoid', 'tanh', 'swish', 'elu', 'swish']",f6092800a8,700,Adam,MaxAbsoluteDeviation,0.998067319393158,1.011319875717163,2.726638699998148
"[23, 8, 10, 8]","['sigmoid', 'tanh', 'swish', 'elu']",f6092800,700,Adam,MaxAbsoluteDeviation,0.7139543294906616,0.7290804386138916,2.5688183000020217
"[23, 8, 10, 8, 21]","['sigmoid', 'tanh', 'swish', 'elu', 'swish']",f6092800d8,700,Adam,MaxAbsoluteDeviation,0.974006712436676,1.0262422561645508,2.7362214000022504
"[23, 8, 10, 8, 21]","['sigmoid', 'tanh', 'swish', 'elu', 'swish']",f6092800d8,700,Adam,MaxAbsoluteDeviation,0.12592381238937378,0.1652601957321167,2.6904191999929026
"[23, 8, 10, 23, 21]","['sigmoid', 'tanh', 'swish', 'elu', 'swish']",f60928f0d8,700,Adam,MaxAbsoluteDeviation,0.3063202202320099,0.40757396817207336,2.7149002000223845
"[23, 8, 10, 23]","['sigmoid', 'tanh', 'swish', 'elu']",f60928f0,461,Adam,MaxAbsoluteDeviation,1.0152398347854614,1.0157779455184937,1.8240587000036612
"[23, 8, 10, 23, 20]","['sigmoid', 'tanh', 'swish', 'elu', 'sigmoid']",f60928f0c6,461,Adam,MaxAbsoluteDeviation,1.0305981636047363,1.058476209640503,1.8817141999898013
"[23, 8, 10, 23, 20, 13]","['sigmoid', 'tanh', 'swish', 'elu', 'sigmoid', 'swish']",f60928f0c658,461,Adam,MaxAbsoluteDeviation,0.9621919393539429,1.0585365295410156,2.0178556000173558
"[23, 8, 10, 23, 20, 13, 18]","['sigmoid', 'tanh', 'swish', 'elu', 'sigmoid', 'swish', 'elu']",f60928f0c658a0,461,Adam,MaxAbsoluteDeviation,0.44736313819885254,0.3673321604728699,2.126888200000394
"[23, 8, 10, 23, 20, 13, 18]","['sigmoid', 'tanh', 'swish', 'elu', 'sigmoid', 'tanh', 'elu']",f60928f0c658a0,461,Adam,MaxAbsoluteDeviation,0.44736313819885254,1.2452785968780518,2.1193169999751262
"[23, 8, 10, 23, 20, 13, 18, 11]","['sigmoid', 'tanh', 'swish', 'elu', 'sigmoid', 'swish', 'elu', 'elu']",f60928f0c658a030,100,Adam,MaxAbsoluteDeviation,1.002318024635315,1.0304787158966064,1.0225515000056475
"[23, 8, 23, 23, 23, 13, 18, 11]","['sigmoid', 'tanh', 'swish', 'elu', 'sigmoid', 'swish', 'elu', 'elu']",f609f8f0f658a030,100,Adam,MaxAbsoluteDeviation,1.0385425090789795,1.0166902542114258,1.0817631999962032
"[23, 8, 23, 23, 23, 8, 18, 11]","['sigmoid', 'tanh', 'swish', 'elu', 'sigmoid', 'swish', 'elu', 'elu']",f609f8f0f608a030,700,Adam,MaxAbsoluteDeviation,0.9529122710227966,1.0731562376022339,3.0141579000046477
"[23, 8, 23, 23, 23, 8, 18, 11, 15, 8]","['sigmoid', 'tanh', 'swish', 'elu', 'sigmoid', 'swish', 'elu', 'elu', 'sigmoid', 'sigmoid']",f609f8f0f608a0307606,700,Adam,MaxAbsoluteDeviation,0.9740803241729736,1.073288917541504,9.174723399977665
"[23, 8, 23, 23, 23, 8, 18, 8, 15, 8]","['sigmoid', 'tanh', 'swish', 'elu', 'sigmoid', 'swish', 'elu', 'elu', 'sigmoid', 'sigmoid']",f609f8f0f608a0007606,700,Adam,MaxAbsoluteDeviation,0.9660580158233643,1.0536301136016846,5.092566400009673
"[23, 8, 23, 23, 23, 8, 18, 8, 15, 8]","['sigmoid', 'tanh', 'swish', 'elu', 'sigmoid', 'swish', 'elu', 'elu', 'sigmoid', 'sigmoid']",f609f8f0f608a0007606,700,Adam,MaxAbsoluteDeviation,0.9720094203948975,1.0780290365219116,5.023881599976448
"[23, 8, 23, 23, 23, 8, 18, 8, 15]","['sigmoid', 'tanh', 'swish', 'elu', 'sigmoid', 'swish', 'elu', 'elu', 'swish']",f609f8f0f608a00078,700,Adam,MaxAbsoluteDeviation,0.9679518938064575,1.0005204677581787,4.713825299986638
"[23, 8, 23, 23, 23, 8, 8, 8, 8]","['sigmoid', 'tanh', 'swish', 'elu', 'sigmoid', 'swish', 'elu', 'elu', 'swish']",f609f8f0f608000008,100,Adam,MaxAbsoluteDeviation,0.9624156355857849,1.089087963104248,1.369063099991763
"[23, 8, 23, 23, 23, 8, 8, 8, 8]","['sigmoid', 'tanh', 'swish', 'elu', 'sigmoid', 'swish', 'elu', 'elu', 'swish']",f609f8f0f608000008,700,Adam,MaxAbsoluteDeviation,0.9669309854507446,1.061461329460144,4.64875610001036
"[23, 8, 23, 23, 23, 8, 8, 8, 8, 20]","['sigmoid', 'tanh', 'swish', 'elu', 'sigmoid', 'swish', 'elu', 'elu', 'swish', 'elu']",f609f8f0f608000008c0,700,Adam,MaxAbsoluteDeviation,1.040583848953247,1.2044003009796143,4.983466400008183
"[23, 8, 23, 23, 23, 8, 8, 8, 8, 20]","['sigmoid', 'tanh', 'swish', 'elu', 'sigmoid', 'swish', 'elu', 'elu', 'swish', 'elu']",f609f8f0f608000008c0,250,Adam,MaxAbsoluteDeviation,0.9589731097221375,1.1394857168197632,2.3015889000089373
"[23, 8, 23, 23, 23, 8, 8, 8, 8, 20, 8]","['sigmoid', 'tanh', 'swish', 'elu', 'sigmoid', 'swish', 'elu', 'elu', 'swish', 'elu', 'elu']",f609f8f0f608000008c000,250,Adam,MaxAbsoluteDeviation,0.9662028551101685,1.0497984886169434,2.4280157999892253
"[23, 8, 23, 23, 23, 8, 8, 8, 8, 20, 8]","['sigmoid', 'tanh', 'swish', 'elu', 'sigmoid', 'swish', 'elu', 'elu', 'swish', 'elu', 'elu']",f609f8f0f608000008c000,117,Adam,MaxAbsoluteDeviation,0.9835682511329651,1.3041164875030518,1.6476388000010047
"[23, 8, 23, 23, 23, 8, 8, 8, 8, 20, 8, 13]","['sigmoid', 'tanh', 'swish', 'elu', 'sigmoid', 'swish', 'elu', 'elu', 'swish', 'elu', 'elu', 'sigmoid']",f609f8f0f608000008c00056,700,Adam,MaxAbsoluteDeviation,0.967357873916626,1.047311544418335,5.5586395999998786
"[23, 8, 23, 23, 23, 8, 8, 8, 8, 20, 8, 13]","['sigmoid', 'tanh', 'swish', 'elu', 'sigmoid', 'swish', 'elu', 'elu', 'swish', 'elu', 'elu', 'sigmoid']",f609f8f0f608000008c00056,700,Adam,MaxAbsoluteDeviation,0.9669172763824463,1.054936408996582,5.49350240000058
"[23, 8, 23, 23, 23, 8, 8, 8, 8, 20, 8, 13, 22, 21]","['sigmoid', 'tanh', 'swish', 'elu', 'sigmoid', 'swish', 'elu', 'elu', 'swish', 'elu', 'elu', 'sigmoid', 'swish', 'sigmoid']",f609f8f0f608000008c00056e8d6,700,Adam,MaxAbsoluteDeviation,0.9749478697776794,1.0652233362197876,6.235131200024625
"[23, 8, 23, 23, 23, 8, 8, 8, 8, 20, 8, 13, 22, 8]","['sigmoid', 'tanh', 'swish', 'elu', 'sigmoid', 'swish', 'elu', 'elu', 'swish', 'elu', 'elu', 'sigmoid', 'swish', 'sigmoid']",f609f8f0f608000008c00056e806,700,Adam,MaxAbsoluteDeviation,0.9623783826828003,1.0705697536468506,6.189169699995546
"[23, 8, 23, 23, 23, 8, 8, 8, 8, 20, 8, 13, 22, 8, 20]","['sigmoid', 'tanh', 'swish', 'elu', 'sigmoid', 'swish', 'elu', 'elu', 'swish', 'elu', 'elu', 'sigmoid', 'swish', 'sigmoid', 'swish']",f609f8f0f608000008c00056e806c8,700,Adam,MaxAbsoluteDeviation,0.9583709836006165,1.0624170303344727,6.492875900003128
"[23, 8, 23, 23, 23, 8, 8, 8, 8, 20, 8, 13, 22, 8, 20]","['sigmoid', 'tanh', 'swish', 'elu', 'sigmoid', 'swish', 'elu', 'elu', 'swish', 'elu', 'sigmoid', 'sigmoid', 'swish', 'sigmoid', 'swish']",f609f8f0f608000008c00656e806c8,700,Adam,MaxAbsoluteDeviation,0.9776049852371216,1.0251857042312622,6.453471500019077
"[23, 8, 23, 23, 23, 8, 8, 8, 8, 20, 8, 13, 22, 8]","['sigmoid', 'tanh', 'swish', 'elu', 'sigmoid', 'swish', 'elu', 'elu', 'swish', 'elu', 'sigmoid', 'sigmoid', 'swish', 'sigmoid']",f609f8f0f608000008c00656e806,700,Adam,MaxAbsoluteDeviation,0.9556336998939514,1.0375587940216064,6.186761199991452
"[23, 8, 23, 23, 23, 8, 8, 8, 8, 20, 8, 13, 22]","['sigmoid', 'tanh', 'swish', 'elu', 'sigmoid', 'swish', 'elu', 'elu', 'swish', 'elu', 'sigmoid', 'sigmoid', 'swish']",f609f8f0f608000008c00656e8,700,Adam,MaxAbsoluteDeviation,0.9678047299385071,1.035977840423584,5.908106199989561
"[23, 8, 23, 23, 23, 8, 8, 8, 8, 20, 8, 13, 22]","['sigmoid', 'tanh', 'swish', 'elu', 'tanh', 'swish', 'elu', 'elu', 'swish', 'elu', 'sigmoid', 'sigmoid', 'swish']",f609f8f0f908000008c00656e8,700,Adam,MaxAbsoluteDeviation,0.9760292768478394,1.0652633905410767,5.930246000003535
"[23, 8, 23, 23, 23, 8, 8, 23, 8, 20, 8, 13, 22]","['sigmoid', 'tanh', 'swish', 'elu', 'tanh', 'swish', 'elu', 'elu', 'swish', 'elu', 'sigmoid', 'sigmoid', 'swish']",f609f8f0f90800f008c00656e8,700,Adam,MaxAbsoluteDeviation,0.9697134494781494,1.0369423627853394,5.975874299998395
"[23, 8, 23, 23, 23, 8, 8, 23, 8, 20, 8, 13, 22]","['sigmoid', 'tanh', 'swish', 'elu', 'tanh', 'swish', 'elu', 'elu', 'swish', 'elu', 'sigmoid', 'sigmoid', 'swish']",f609f8f0f90800f008c00656e8,700,Adam,MaxAbsoluteDeviation,0.9665462374687195,1.0404261350631714,5.948706499999389
"[23, 8, 23, 23, 23, 8, 8, 23, 8, 20, 8, 13, 22, 19, 10]","['sigmoid', 'tanh', 'swish', 'elu', 'tanh', 'swish', 'elu', 'elu', 'swish', 'elu', 'sigmoid', 'sigmoid', 'swish', 'tanh', 'elu']",f609f8f0f90800f008c00656e8b920,522,Adam,MaxAbsoluteDeviation,0.9838171601295471,1.0304186344146729,5.0685041999968234
"[23, 8, 23, 23, 23, 8, 8, 23, 8, 20, 8, 13, 22, 19, 10]","['sigmoid', 'tanh', 'swish', 'elu', 'tanh', 'swish', 'elu', 'elu', 'swish', 'elu', 'sigmoid', 'sigmoid', 'swish', 'tanh', 'elu']",f609f8f0f90800f008c00656e8b920,505,Adam,MaxAbsoluteDeviation,0.9687386155128479,1.053460955619812,4.9739438999968115
"[23, 8, 23, 23, 23, 8, 8, 23, 8, 20, 8, 13, 22, 19, 10]","['sigmoid', 'tanh', 'swish', 'elu', 'tanh', 'swish', 'elu', 'elu', 'swish', 'elu', 'sigmoid', 'sigmoid', 'swish', 'tanh', 'swish']",f609f8f0f90800f008c00656e8b928,505,Adam,MaxAbsoluteDeviation,0.9563688635826111,1.0707297325134277,5.0207583000010345
"[23, 8, 23, 23, 23, 8, 8, 23, 8, 20, 8, 13, 22, 19, 10, 15]","['sigmoid', 'tanh', 'swish', 'elu', 'tanh', 'swish', 'elu', 'elu', 'swish', 'elu', 'sigmoid', 'sigmoid', 'swish', 'tanh', 'swish', 'tanh']",f609f8f0f90800f008c00656e8b92879,505,Adam,MaxAbsoluteDeviation,1.0797396898269653,1.1567755937576294,5.2260443000122905
"[23, 8, 23, 23, 23, 8, 8, 23, 8, 20, 8, 13, 22, 19, 10, 23]","['sigmoid', 'tanh', 'swish', 'elu', 'tanh', 'swish', 'elu', 'elu', 'swish', 'elu', 'sigmoid', 'sigmoid', 'swish', 'tanh', 'swish', 'elu']",f609f8f0f90800f008c00656e8b928f0,505,Adam,MaxAbsoluteDeviation,1.036411166191101,1.024897575378418,5.210010799986776
"[23, 8, 23, 23, 23, 8, 8, 23, 8, 20, 8, 13, 22, 19, 10]","['sigmoid', 'tanh', 'swish', 'elu', 'tanh', 'swish', 'elu', 'elu', 'swish', 'elu', 'sigmoid', 'sigmoid', 'swish', 'tanh', 'swish']",f609f8f0f90800f008c00656e8b928,505,Adam,MaxAbsoluteDeviation,0.9798436760902405,1.0833814144134521,4.968065300025046
"[23, 8, 23, 23, 23, 8, 8, 23, 8, 23, 8, 13, 22, 19, 10, 9]","['sigmoid', 'tanh', 'swish', 'elu', 'tanh', 'swish', 'elu', 'elu', 'swish', 'elu', 'sigmoid', 'sigmoid', 'swish', 'tanh', 'swish', 'swish']",f609f8f0f90800f008f00656e8b92818,100,Adam,MaxAbsoluteDeviation,1.0392553806304932,1.05842924118042,2.0796501000004355
"[23, 8, 23, 23, 23, 8, 8, 23, 8, 23, 8, 13, 22, 19, 10, 9]","['sigmoid', 'tanh', 'swish', 'elu', 'tanh', 'swish', 'elu', 'elu', 'swish', 'elu', 'sigmoid', 'sigmoid', 'swish', 'tanh', 'swish', 'swish']",f609f8f0f90800f008f00656e8b92818,700,Adam,MaxAbsoluteDeviation,0.9664610028266907,1.040917158126831,6.742998700006865
"[8, 23, 23, 23, 23, 8, 8, 23, 8, 23, 8, 13, 22, 19, 10, 9]","['sigmoid', 'tanh', 'swish', 'elu', 'tanh', 'swish', 'elu', 'elu', 'swish', 'elu', 'sigmoid', 'sigmoid', 'swish', 'tanh', 'swish', 'swish']",06f9f8f0f90800f008f00656e8b92818,700,Adam,MaxAbsoluteDeviation,0.9703044295310974,1.0801175832748413,6.7409730999788735
"[8, 23, 23, 23, 23, 8, 8, 23, 8, 23, 8, 13, 22, 19, 10, 9]","['sigmoid', 'tanh', 'swish', 'elu', 'tanh', 'swish', 'elu', 'elu', 'swish', 'elu', 'sigmoid', 'sigmoid', 'swish', 'tanh', 'swish', 'swish']",06f9f8f0f90800f008f00656e8b92818,545,Adam,MaxAbsoluteDeviation,0.9758659601211548,1.0588340759277344,5.52006569999503
"[8, 23, 23, 23, 23, 8, 8, 23, 8, 23, 8, 13, 22, 19, 10]","['sigmoid', 'tanh', 'swish', 'elu', 'tanh', 'swish', 'elu', 'elu', 'swish', 'elu', 'sigmoid', 'sigmoid', 'swish', 'tanh', 'swish']",06f9f8f0f90800f008f00656e8b928,424,Adam,MaxAbsoluteDeviation,0.9568721055984497,1.0757181644439697,4.28872529999353
"[8, 23, 23, 23, 23, 8, 8, 23, 23, 23, 8, 13, 22, 19, 10]","['sigmoid', 'tanh', 'swish', 'elu', 'tanh', 'swish', 'elu', 'swish', 'swish', 'elu', 'sigmoid', 'sigmoid', 'swish', 'tanh', 'swish']",06f9f8f0f90800f8f8f00656e8b928,424,Adam,MaxAbsoluteDeviation,0.9680250287055969,1.1046886444091797,4.357045699987793
"[8, 23, 23, 23, 23, 8, 8, 23, 23, 23, 8, 13, 22, 19, 10]","['sigmoid', 'tanh', 'swish', 'elu', 'tanh', 'swish', 'elu', 'swish', 'swish', 'elu', 'sigmoid', 'sigmoid', 'swish', 'tanh', 'swish']",06f9f8f0f90800f8f8f00656e8b928,424,Adam,MaxAbsoluteDeviation,1.0162488222122192,1.0145368576049805,4.343063899985282
"[8, 23, 23, 23, 23, 8, 8, 23, 23, 23, 8, 13, 22, 19, 10]","['sigmoid', 'tanh', 'swish', 'elu', 'tanh', 'swish', 'elu', 'swish', 'swish', 'elu', 'sigmoid', 'sigmoid', 'swish', 'tanh', 'swish']",06f9f8f0f90800f8f8f00656e8b928,700,Adam,MaxAbsoluteDeviation,0.9584211707115173,1.035265326499939,6.382761899993056
"[8, 23, 23, 23, 23, 8, 8, 23, 23, 23, 8, 13, 22, 19, 10, 17]","['sigmoid', 'tanh', 'swish', 'sigmoid', 'tanh', 'swish', 'elu', 'swish', 'swish', 'elu', 'sigmoid', 'sigmoid', 'swish', 'tanh', 'swish', 'tanh']",06f9f8f6f90800f8f8f00656e8b92899,700,Adam,MaxAbsoluteDeviation,0.9625169634819031,1.1313424110412598,6.709807200008072
"[8, 23, 23, 23, 23, 8, 8, 23, 23, 23, 8, 13, 22, 19, 10, 17]","['sigmoid', 'tanh', 'swish', 'sigmoid', 'tanh', 'swish', 'elu', 'swish', 'swish', 'elu', 'sigmoid', 'sigmoid', 'swish', 'tanh', 'swish', 'tanh']",06f9f8f6f90800f8f8f00656e8b92899,700,Adam,MaxAbsoluteDeviation,0.9685614109039307,1.110687017440796,6.643263600009959
"[8, 23, 23, 23, 23, 8, 8, 23, 8, 23, 8, 13, 22, 19, 10, 17]","['sigmoid', 'tanh', 'swish', 'sigmoid', 'tanh', 'swish', 'elu', 'swish', 'swish', 'elu', 'sigmoid', 'sigmoid', 'swish', 'tanh', 'swish', 'tanh']",06f9f8f6f90800f808f00656e8b92899,700,Adam,MaxAbsoluteDeviation,0.9876784682273865,1.0288629531860352,6.677597100002458
"[8, 23, 23, 23, 23, 8, 8, 23, 8, 23, 8, 13, 22, 19, 10, 17, 9]","['sigmoid', 'tanh', 'swish', 'sigmoid', 'tanh', 'swish', 'elu', 'swish', 'swish', 'elu', 'sigmoid', 'sigmoid', 'swish', 'tanh', 'swish', 'tanh', 'elu']",06f9f8f6f90800f808f00656e8b9289910,700,Adam,MaxAbsoluteDeviation,0.9840460419654846,1.0210977792739868,6.821639900008449
"[8, 23, 23, 23, 23, 8, 8, 23, 8, 23, 8, 13, 22, 19, 10, 17, 9]","['sigmoid', 'tanh', 'swish', 'sigmoid', 'tanh', 'swish', 'elu', 'swish', 'swish', 'elu', 'sigmoid', 'sigmoid', 'swish', 'tanh', 'swish', 'tanh', 'elu']",06f9f8f6f90800f808f00656e8b9289910,700,Adam,MaxAbsoluteDeviation,0.9492577910423279,1.044334888458252,6.9500717999762855
"[8, 23, 8, 23, 23, 8, 8, 23, 8, 23, 8, 13, 22, 19, 10, 17, 9]","['sigmoid', 'tanh', 'swish', 'sigmoid', 'tanh', 'swish', 'elu', 'swish', 'swish', 'elu', 'sigmoid', 'sigmoid', 'swish', 'tanh', 'swish', 'tanh', 'elu']",06f908f6f90800f808f00656e8b9289910,700,Adam,MaxAbsoluteDeviation,0.9740043878555298,1.0511597394943237,6.871398099989165
"[8, 23, 8, 23, 23, 8, 8, 23, 8, 23, 8, 13, 22, 19, 10, 17, 9]","['sigmoid', 'tanh', 'swish', 'sigmoid', 'tanh', 'swish', 'elu', 'swish', 'elu', 'elu', 'sigmoid', 'sigmoid', 'swish', 'tanh', 'swish', 'tanh', 'elu']",06f908f6f90800f800f00656e8b9289910,700,Adam,MaxAbsoluteDeviation,0.9398386478424072,1.1014021635055542,6.900430699985009
"[8, 23, 8, 23, 23, 8, 8, 23, 8, 23, 8, 13, 22, 19, 10, 17]","['sigmoid', 'tanh', 'swish', 'sigmoid', 'tanh', 'swish', 'elu', 'swish', 'elu', 'elu', 'tanh', 'sigmoid', 'swish', 'tanh', 'swish', 'tanh']",06f908f6f90800f800f00956e8b92899,700,Adam,MaxAbsoluteDeviation,0.9943557977676392,1.104209542274475,6.6538831000216305
"[8, 23, 8, 23, 23, 8, 8, 23, 8, 23, 8, 13, 22, 19, 10, 17]","['sigmoid', 'tanh', 'swish', 'sigmoid', 'tanh', 'swish', 'elu', 'swish', 'elu', 'elu', 'tanh', 'sigmoid', 'swish', 'tanh', 'swish', 'tanh']",06f908f6f90800f800f00956e8b92899,700,Adam,MaxAbsoluteDeviation,1.0234606266021729,1.0914210081100464,6.489482100005262
"[8, 23, 8, 23, 23, 8, 8, 23, 8, 23, 8, 13, 22, 19, 10, 17]","['sigmoid', 'tanh', 'swish', 'sigmoid', 'tanh', 'swish', 'elu', 'swish', 'elu', 'elu', 'tanh', 'sigmoid', 'swish', 'tanh', 'swish', 'tanh']",06f908f6f90800f800f00956e8b92899,700,Adam,MaxAbsoluteDeviation,0.9762231707572937,1.0876970291137695,6.553794800012838
"[8, 23, 23, 23, 23, 8, 8, 23, 8, 23, 8, 13, 22, 19, 10, 17]","['sigmoid', 'tanh', 'swish', 'sigmoid', 'tanh', 'swish', 'elu', 'swish', 'elu', 'elu', 'tanh', 'sigmoid', 'swish', 'tanh', 'swish', 'tanh']",06f9f8f6f90800f800f00956e8b92899,700,Adam,MaxAbsoluteDeviation,1.0143537521362305,1.0994828939437866,6.501182800013339
"[8, 23, 23, 23, 23, 8, 8, 23, 8, 23, 8, 13, 22, 19, 10, 17]","['sigmoid', 'tanh', 'swish', 'sigmoid', 'tanh', 'swish', 'elu', 'swish', 'elu', 'elu', 'tanh', 'sigmoid', 'swish', 'tanh', 'swish', 'tanh']",06f9f8f6f90800f800f00956e8b92899,700,Adam,MaxAbsoluteDeviation,1.0211879014968872,1.0066232681274414,6.575958500005072
"[23, 23, 23, 23, 23, 8, 8, 23, 8, 23, 8, 13, 22, 19, 10, 17]","['sigmoid', 'tanh', 'swish', 'sigmoid', 'tanh', 'swish', 'elu', 'swish', 'elu', 'elu', 'tanh', 'sigmoid', 'swish', 'tanh', 'swish', 'tanh']",f6f9f8f6f90800f800f00956e8b92899,700,Adam,MaxAbsoluteDeviation,0.9595994353294373,1.0754249095916748,10.912671700003557
"[23, 23, 23, 23, 23, 8, 8, 23, 8, 23, 8, 23, 22, 19, 10, 17]","['sigmoid', 'tanh', 'swish', 'sigmoid', 'tanh', 'swish', 'elu', 'swish', 'elu', 'elu', 'tanh', 'sigmoid', 'swish', 'tanh', 'swish', 'tanh']",f6f9f8f6f90800f800f009f6e8b92899,641,Adam,MaxAbsoluteDeviation,0.9625810384750366,1.0981404781341553,6.410714600002393
"[23, 23, 23, 23, 23, 8, 8, 23, 8, 23, 8, 23, 22, 19, 10, 8]","['sigmoid', 'tanh', 'swish', 'sigmoid', 'tanh', 'swish', 'elu', 'swish', 'elu', 'elu', 'tanh', 'sigmoid', 'swish', 'tanh', 'swish', 'tanh']",f6f9f8f6f90800f800f009f6e8b92809,641,Adam,MaxAbsoluteDeviation,0.9779134392738342,1.0563929080963135,6.498022199986735
"[23, 23, 23, 23, 23, 8, 8, 23, 8, 23, 8, 23, 22, 19, 10, 8]","['sigmoid', 'tanh', 'swish', 'sigmoid', 'tanh', 'swish', 'elu', 'swish', 'elu', 'elu', 'tanh', 'sigmoid', 'swish', 'tanh', 'swish', 'tanh']",f6f9f8f6f90800f800f009f6e8b92809,641,Adam,MaxAbsoluteDeviation,1.013716220855713,1.0987048149108887,6.412022700009402
"[23, 23, 23, 23, 23, 8, 8, 23, 8, 23, 8, 23, 22, 19, 10, 23]","['sigmoid', 'tanh', 'swish', 'sigmoid', 'tanh', 'swish', 'elu', 'swish', 'elu', 'elu', 'tanh', 'sigmoid', 'swish', 'tanh', 'swish', 'tanh']",f6f9f8f6f90800f800f009f6e8b928f9,641,Adam,MaxAbsoluteDeviation,0.9751251339912415,1.0948902368545532,6.401251900009811
"[23, 23, 23, 8, 23, 8, 8, 23, 8, 23, 8, 23, 22, 19, 10, 23]","['sigmoid', 'tanh', 'swish', 'sigmoid', 'tanh', 'swish', 'elu', 'swish', 'elu', 'elu', 'tanh', 'sigmoid', 'swish', 'tanh', 'swish', 'tanh']",f6f9f806f90800f800f009f6e8b928f9,641,Adam,MaxAbsoluteDeviation,0.9713519215583801,1.0068223476409912,6.422437700006412
"[23, 23, 23, 8, 23, 8, 8, 23, 8, 23, 23, 23, 22, 19, 10, 23]","['sigmoid', 'tanh', 'swish', 'sigmoid', 'tanh', 'swish', 'elu', 'swish', 'elu', 'elu', 'tanh', 'sigmoid', 'swish', 'tanh', 'swish', 'tanh']",f6f9f806f90800f800f0f9f6e8b928f9,641,Adam,MaxAbsoluteDeviation,0.9820592999458313,1.001952886581421,6.326758000010159
"[23, 23, 23, 8, 23, 8, 8, 23, 8, 23, 23, 23, 22, 19, 10, 23]","['sigmoid', 'tanh', 'swish', 'sigmoid', 'tanh', 'swish', 'elu', 'swish', 'elu', 'elu', 'tanh', 'sigmoid', 'swish', 'tanh', 'swish', 'tanh']",f6f9f806f90800f800f0f9f6e8b928f9,316,Adam,MaxAbsoluteDeviation,1.0280675888061523,1.185509443283081,3.787005699996371
"[23, 23, 23, 8, 23, 8, 8, 23, 8, 23, 23, 23, 22, 19, 10, 23]","['sigmoid', 'sigmoid', 'swish', 'sigmoid', 'tanh', 'swish', 'elu', 'swish', 'elu', 'elu', 'tanh', 'sigmoid', 'swish', 'tanh', 'swish', 'tanh']",f6f6f806f90800f800f0f9f6e8b928f9,700,Adam,MaxAbsoluteDeviation,1.0036380290985107,1.1115533113479614,6.8664131999830715
"[23, 23, 23, 8, 23, 8, 8, 23, 8, 23, 23, 23, 22, 19, 10, 23]","['sigmoid', 'sigmoid', 'swish', 'sigmoid', 'tanh', 'swish', 'elu', 'swish', 'elu', 'elu', 'tanh', 'sigmoid', 'swish', 'tanh', 'swish', 'tanh']",f6f6f806f90800f800f0f9f6e8b928f9,318,Adam,MaxAbsoluteDeviation,0.9943490028381348,1.075556993484497,3.80561020001187
"[23, 23, 23, 8, 23, 8, 8, 23, 8, 23, 8, 23, 22, 19, 10, 23]","['sigmoid', 'sigmoid', 'swish', 'sigmoid', 'tanh', 'swish', 'elu', 'swish', 'elu', 'elu', 'tanh', 'sigmoid', 'swish', 'tanh', 'swish', 'tanh']",f6f6f806f90800f800f009f6e8b928f9,318,Adam,MaxAbsoluteDeviation,0.9589268565177917,1.0448644161224365,3.764732100011315
"[23, 23, 23, 8, 23, 8, 8, 23, 8, 23, 8, 23, 22, 19, 10]","['sigmoid', 'sigmoid', 'swish', 'sigmoid', 'tanh', 'swish', 'elu', 'swish', 'elu', 'elu', 'tanh', 'sigmoid', 'swish', 'tanh', 'swish']",f6f6f806f90800f800f009f6e8b928,318,Adam,MaxAbsoluteDeviation,0.9827213883399963,1.053743600845337,3.5884751999983564
"[23, 23, 23, 8, 23, 8, 8, 23, 8, 23, 8, 23, 22, 19, 10, 19]","['sigmoid', 'sigmoid', 'swish', 'sigmoid', 'tanh', 'swish', 'elu', 'swish', 'elu', 'elu', 'tanh', 'sigmoid', 'swish', 'tanh', 'swish', 'elu']",f6f6f806f90800f800f009f6e8b928,318,Adam,MaxAbsoluteDeviation,0.9827213883399963,1.000618577003479,3.7472647999820765
"[23, 23, 23, 8, 23, 8, 8, 23, 8, 23, 8, 23, 22, 19, 10]","['sigmoid', 'sigmoid', 'swish', 'sigmoid', 'tanh', 'swish', 'elu', 'swish', 'elu', 'elu', 'tanh', 'sigmoid', 'swish', 'tanh', 'swish']",f6f6f806f90800f800f009f6e8b928,318,Adam,MaxAbsoluteDeviation,0.9767316579818726,1.0525765419006348,3.5854925999883562
"[23, 23, 23, 8, 23, 8, 8, 23, 8, 23, 8, 23, 22, 19, 10]","['sigmoid', 'sigmoid', 'swish', 'sigmoid', 'tanh', 'swish', 'elu', 'swish', 'elu', 'elu', 'tanh', 'sigmoid', 'swish', 'tanh', 'swish']",f6f6f806f90800f800f009f6e8b928,306,Adam,MaxAbsoluteDeviation,0.9919312000274658,1.076904296875,3.497813699999824
"[23, 23, 23, 8, 23, 8, 8, 23, 8, 23, 8, 23, 22, 19, 10]","['sigmoid', 'sigmoid', 'swish', 'sigmoid', 'tanh', 'swish', 'elu', 'swish', 'elu', 'elu', 'tanh', 'sigmoid', 'swish', 'tanh', 'swish']",f6f6f806f90800f800f009f6e8b928,700,Adam,MaxAbsoluteDeviation,0.9646496772766113,1.039628505706787,6.525037400017027
"[23, 23, 23, 8, 23, 8, 8, 23, 8, 23, 8, 23, 22, 19, 10, 8, 10]","['sigmoid', 'sigmoid', 'swish', 'sigmoid', 'tanh', 'swish', 'elu', 'swish', 'elu', 'elu', 'tanh', 'sigmoid', 'swish', 'tanh', 'swish', 'elu', 'sigmoid']",f6f6f806f90800f800f009f6e8b9280026,700,Adam,MaxAbsoluteDeviation,0.9624229669570923,1.0982826948165894,7.06336889998056
"[23, 23, 23, 8, 23, 8, 8, 23, 8, 23, 8, 23, 22, 19, 10, 8]","['sigmoid', 'sigmoid', 'swish', 'sigmoid', 'tanh', 'swish', 'elu', 'swish', 'elu', 'elu', 'tanh', 'sigmoid', 'sigmoid', 'tanh', 'swish', 'elu']",f6f6f806f90800f800f009f6e6b92800,315,Adam,MaxAbsoluteDeviation,0.9655523896217346,1.0608129501342773,3.7013312999915797
"[23, 23, 23, 8, 23, 8, 8, 23, 8, 23, 8, 23, 22, 19, 10, 8]","['sigmoid', 'sigmoid', 'swish', 'sigmoid', 'tanh', 'swish', 'elu', 'swish', 'elu', 'elu', 'tanh', 'sigmoid', 'sigmoid', 'tanh', 'swish', 'tanh']",f6f6f806f90800f800f009f6e6b92809,315,Adam,MaxAbsoluteDeviation,0.9922636151313782,1.0342553853988647,3.7153942000004463
"[23, 23, 23, 8, 23, 8, 8, 23, 8, 23, 8, 23, 22, 19, 10, 8, 22, 21, 14]","['sigmoid', 'sigmoid', 'swish', 'sigmoid', 'tanh', 'swish', 'elu', 'swish', 'elu', 'elu', 'tanh', 'sigmoid', 'sigmoid', 'tanh', 'swish', 'tanh', 'sigmoid', 'elu', 'swish']",f6f6f806f90800f800f009f6e6b92809e6d068,315,Adam,MaxAbsoluteDeviation,0.9438757300376892,1.0119354724884033,4.2615396000037435
"[23, 23, 23, 8, 23, 8, 8, 23, 8, 23, 8, 23, 22, 19, 10, 8, 22, 21]","['sigmoid', 'sigmoid', 'swish', 'sigmoid', 'tanh', 'swish', 'elu', 'swish', 'elu', 'elu', 'tanh', 'sigmoid', 'sigmoid', 'tanh', 'swish', 'tanh', 'sigmoid', 'elu']",f6f6f806f90800f800f009f6e6b92809e6d0,315,Adam,MaxAbsoluteDeviation,0.9854493141174316,1.2498466968536377,4.029554100008681
"[8, 23, 23, 8, 23, 8, 8, 23, 8, 23, 8, 23, 22, 19, 10, 8, 22, 21]","['sigmoid', 'sigmoid', 'swish', 'sigmoid', 'tanh', 'swish', 'elu', 'swish', 'elu', 'elu', 'tanh', 'sigmoid', 'sigmoid', 'tanh', 'swish', 'tanh', 'sigmoid', 'elu']",06f6f806f90800f800f009f6e6b92809e6d0,700,Adam,MaxAbsoluteDeviation,1.070690631866455,1.1343399286270142,7.332520399999339
"[8, 23, 23, 8, 23, 8, 8, 23, 8, 23, 8, 23, 22, 19, 10, 8, 22, 21]","['sigmoid', 'sigmoid', 'swish', 'sigmoid', 'tanh', 'swish', 'elu', 'swish', 'elu', 'elu', 'tanh', 'sigmoid', 'sigmoid', 'tanh', 'swish', 'tanh', 'sigmoid', 'elu']",06f6f806f90800f800f009f6e6b92809e6d0,325,Adam,MaxAbsoluteDeviation,1.0204780101776123,1.0581083297729492,4.115375299996231
"[8, 23, 23, 8, 23, 8, 8, 23, 8, 23, 8, 23, 22, 19, 10, 8, 22, 21]","['sigmoid', 'sigmoid', 'swish', 'sigmoid', 'tanh', 'swish', 'elu', 'swish', 'elu', 'elu', 'tanh', 'sigmoid', 'sigmoid', 'tanh', 'swish', 'tanh', 'sigmoid', 'elu']",06f6f806f90800f800f009f6e6b92809e6d0,700,Adam,MaxAbsoluteDeviation,0.9617793560028076,1.0138278007507324,7.362721600016812
"[8, 23, 23, 8, 23, 8, 8, 23, 8, 23, 8, 23, 22, 19, 10, 8, 23, 21]","['sigmoid', 'elu', 'swish', 'sigmoid', 'tanh', 'swish', 'elu', 'swish', 'elu', 'elu', 'tanh', 'sigmoid', 'sigmoid', 'tanh', 'swish', 'tanh', 'sigmoid', 'elu']",06f0f806f90800f800f009f6e6b92809f6d0,700,Adam,MaxAbsoluteDeviation,1.0141555070877075,1.0361156463623047,7.3092476000019815
"[8, 23, 23, 8, 23, 8, 8, 23, 8, 23, 8, 23, 22, 19, 10, 11, 23, 21]","['sigmoid', 'elu', 'swish', 'sigmoid', 'tanh', 'swish', 'elu', 'swish', 'elu', 'elu', 'tanh', 'sigmoid', 'sigmoid', 'tanh', 'swish', 'tanh', 'sigmoid', 'elu']",06f0f806f90800f800f009f6e6b92839f6d0,700,Adam,MaxAbsoluteDeviation,0.9961269497871399,1.0268683433532715,7.310490200005006
"[8, 23, 23, 23, 23, 8, 8, 23, 8, 23, 8, 23, 22, 19, 10, 11, 23, 21, 12]","['sigmoid', 'elu', 'swish', 'sigmoid', 'tanh', 'swish', 'elu', 'swish', 'elu', 'elu', 'tanh', 'sigmoid', 'sigmoid', 'tanh', 'swish', 'tanh', 'sigmoid', 'elu', 'swish']",06f0f8f6f90800f800f009f6e6b92839f6d048,700,Adam,MaxAbsoluteDeviation,0.9655104279518127,1.0443848371505737,7.568304399988847
"[8, 23, 23, 23, 23, 8, 8, 23, 8, 23, 8, 23, 22, 19, 10, 11, 23, 21, 12, 22]","['sigmoid', 'elu', 'swish', 'sigmoid', 'tanh', 'swish', 'elu', 'swish', 'elu', 'elu', 'tanh', 'sigmoid', 'sigmoid', 'tanh', 'swish', 'tanh', 'sigmoid', 'elu', 'swish', 'sigmoid']",06f0f8f6f90800f800f009f6e6b92839f6d048e6,700,Adam,MaxAbsoluteDeviation,0.962909460067749,1.077894687652588,7.900434899987886
"[8, 23, 23, 23, 23, 8, 8, 23, 8, 23, 8, 23, 22, 19, 8, 11, 23, 21]","['sigmoid', 'elu', 'swish', 'sigmoid', 'tanh', 'swish', 'elu', 'swish', 'elu', 'elu', 'tanh', 'sigmoid', 'sigmoid', 'tanh', 'swish', 'tanh', 'sigmoid', 'elu']",06f0f8f6f90800f800f009f6e6b90839f6d0,700,Adam,MaxAbsoluteDeviation,1.0159052610397339,1.1192792654037476,7.320993200002704
"[8, 23, 23, 23, 23, 8, 8, 23, 8, 23, 8, 23, 22, 19, 8, 11, 23, 21]","['sigmoid', 'elu', 'swish', 'sigmoid', 'tanh', 'swish', 'elu', 'swish', 'elu', 'elu', 'tanh', 'sigmoid', 'sigmoid', 'tanh', 'swish', 'tanh', 'sigmoid', 'elu']",06f0f8f6f90800f800f009f6e6b90839f6d0,700,Adam,MaxAbsoluteDeviation,0.9730294942855835,1.1657160520553589,7.285505200008629
"[8, 23, 23, 23, 23, 8, 8, 23, 8, 23, 8, 23, 22, 19, 8, 11, 23, 21]","['sigmoid', 'elu', 'swish', 'sigmoid', 'tanh', 'swish', 'elu', 'swish', 'elu', 'elu', 'tanh', 'sigmoid', 'sigmoid', 'tanh', 'swish', 'tanh', 'sigmoid', 'elu']",06f0f8f6f90800f800f009f6e6b90839f6d0,700,Adam,MaxAbsoluteDeviation,1.0028172731399536,1.034894585609436,7.2122603000025265
"[8, 23, 23, 23, 23, 8, 8, 23, 8, 23, 8, 23, 22, 19, 8, 11, 23, 21]","['sigmoid', 'elu', 'swish', 'sigmoid', 'tanh', 'swish', 'elu', 'swish', 'sigmoid', 'elu', 'tanh', 'sigmoid', 'sigmoid', 'tanh', 'swish', 'tanh', 'sigmoid', 'elu']",06f0f8f6f90800f806f009f6e6b90839f6d0,700,Adam,MaxAbsoluteDeviation,0.9680998921394348,1.1605916023254395,7.258737700001802
"[8, 23, 23, 23, 23, 8, 8, 23, 8, 23, 8, 23, 8, 19, 8, 11, 23, 21]","['sigmoid', 'elu', 'swish', 'sigmoid', 'tanh', 'swish', 'elu', 'swish', 'sigmoid', 'elu', 'tanh', 'sigmoid', 'sigmoid', 'tanh', 'swish', 'tanh', 'sigmoid', 'elu']",06f0f8f6f90800f806f009f606b90839f6d0,700,Adam,MaxAbsoluteDeviation,1.2057604789733887,1.0913524627685547,7.1928432999993674
"[8, 23, 23, 23, 23, 8, 8, 23, 8, 23, 8, 23, 8, 19, 8, 11, 23, 21]","['sigmoid', 'elu', 'swish', 'sigmoid', 'tanh', 'swish', 'swish', 'swish', 'sigmoid', 'elu', 'tanh', 'sigmoid', 'sigmoid', 'tanh', 'swish', 'tanh', 'sigmoid', 'elu']",06f0f8f6f90808f806f009f606b90839f6d0,700,Adam,MaxAbsoluteDeviation,1.0844913721084595,1.1852390766143799,7.277903000009246
"[8, 23, 23, 23, 23, 8, 8, 23, 8, 23, 8, 23, 8, 19, 8, 11, 23, 21]","['sigmoid', 'elu', 'swish', 'sigmoid', 'tanh', 'swish', 'swish', 'swish', 'sigmoid', 'elu', 'tanh', 'sigmoid', 'sigmoid', 'tanh', 'swish', 'tanh', 'sigmoid', 'elu']",06f0f8f6f90808f806f009f606b90839f6d0,700,Adam,MaxAbsoluteDeviation,0.9908890724182129,1.007938027381897,7.263386500009801
"[8, 23, 23, 23, 23, 8, 8, 23, 8, 23, 8, 23, 8, 19, 8, 11, 23, 21]","['sigmoid', 'elu', 'swish', 'sigmoid', 'tanh', 'swish', 'swish', 'swish', 'sigmoid', 'elu', 'tanh', 'sigmoid', 'sigmoid', 'tanh', 'swish', 'tanh', 'sigmoid', 'elu']",06f0f8f6f90808f806f009f606b90839f6d0,700,Adam,MaxAbsoluteDeviation,0.9706790447235107,1.1889126300811768,7.297053700021934
"[8, 23, 23, 23, 23, 8, 8, 23, 8, 23, 8, 23, 8, 19, 8, 11, 23]","['sigmoid', 'elu', 'swish', 'sigmoid', 'tanh', 'swish', 'swish', 'swish', 'sigmoid', 'elu', 'tanh', 'sigmoid', 'sigmoid', 'tanh', 'swish', 'tanh', 'sigmoid']",06f0f8f6f90808f806f009f606b90839f6,700,Adam,MaxAbsoluteDeviation,0.989793062210083,1.0360831022262573,6.939769799995702
"[8, 23, 23, 23, 23, 8, 8, 23, 8, 23, 23, 23, 8, 19, 8, 11, 23]","['sigmoid', 'elu', 'swish', 'sigmoid', 'tanh', 'tanh', 'swish', 'swish', 'sigmoid', 'elu', 'tanh', 'sigmoid', 'sigmoid', 'tanh', 'swish', 'tanh', 'sigmoid']",06f0f8f6f90908f806f0f9f606b90839f6,179,Adam,MaxAbsoluteDeviation,0.9620891809463501,1.0603976249694824,2.7393492000119295
"[8, 23, 23, 23, 23, 8, 8, 23, 8, 8, 23, 23, 8, 19, 8, 11, 23]","['sigmoid', 'elu', 'swish', 'sigmoid', 'tanh', 'tanh', 'swish', 'swish', 'sigmoid', 'elu', 'tanh', 'sigmoid', 'sigmoid', 'tanh', 'swish', 'tanh', 'sigmoid']",06f0f8f6f90908f80600f9f606b90839f6,179,Adam,MaxAbsoluteDeviation,0.9659973978996277,1.0860881805419922,2.720070899988059
"[8, 23, 23, 23, 23, 8, 8, 23, 8, 8, 23, 23, 8, 19, 8, 11, 23]","['sigmoid', 'elu', 'swish', 'sigmoid', 'tanh', 'swish', 'swish', 'swish', 'sigmoid', 'elu', 'tanh', 'sigmoid', 'sigmoid', 'tanh', 'swish', 'tanh', 'sigmoid']",06f0f8f6f90808f80600f9f606b90839f6,700,Adam,MaxAbsoluteDeviation,0.9555709958076477,1.0597598552703857,6.848272400005953
"[8, 23, 23, 23, 23, 8, 8, 23, 8, 8, 23, 23, 8, 19, 8, 11, 23]","['sigmoid', 'elu', 'swish', 'sigmoid', 'tanh', 'swish', 'swish', 'swish', 'sigmoid', 'elu', 'tanh', 'sigmoid', 'sigmoid', 'tanh', 'swish', 'tanh', 'sigmoid']",06f0f8f6f90808f80600f9f606b90839f6,700,Adam,MaxAbsoluteDeviation,0.978484570980072,1.0177160501480103,6.7666581999801565
"[8, 23, 23, 23, 23, 8, 8, 23, 8, 8, 23, 23, 8, 19, 8, 11, 23]","['sigmoid', 'elu', 'swish', 'sigmoid', 'tanh', 'swish', 'swish', 'swish', 'sigmoid', 'elu', 'sigmoid', 'sigmoid', 'sigmoid', 'tanh', 'swish', 'tanh', 'sigmoid']",06f0f8f6f90808f80600f6f606b90839f6,700,Adam,MaxAbsoluteDeviation,0.9832404255867004,1.0460200309753418,6.868941599997925
"[8, 23, 23, 23, 23, 8, 8, 23, 8, 8, 23, 23, 8, 19, 8, 11, 23]","['sigmoid', 'elu', 'swish', 'sigmoid', 'tanh', 'swish', 'swish', 'swish', 'sigmoid', 'elu', 'sigmoid', 'sigmoid', 'sigmoid', 'tanh', 'swish', 'tanh', 'sigmoid']",06f0f8f6f90808f80600f6f606b90839f6,700,Adam,MaxAbsoluteDeviation,0.9729330539703369,1.0400993824005127,11.319513399997959
"[8, 23, 23, 23, 23, 8, 8, 23, 8, 8, 23, 23, 8, 23, 8, 11, 23]","['sigmoid', 'elu', 'swish', 'sigmoid', 'tanh', 'swish', 'swish', 'swish', 'sigmoid', 'elu', 'sigmoid', 'sigmoid', 'sigmoid', 'tanh', 'swish', 'tanh', 'sigmoid']",06f0f8f6f90808f80600f6f606f90839f6,271,Adam,MaxAbsoluteDeviation,0.9657385349273682,1.084897756576538,3.520107899996219
"[8, 23, 23, 23, 23, 8, 8, 23, 8, 8, 23, 23, 8, 23, 8, 11, 23]","['sigmoid', 'elu', 'swish', 'sigmoid', 'tanh', 'swish', 'swish', 'swish', 'sigmoid', 'elu', 'sigmoid', 'sigmoid', 'sigmoid', 'tanh', 'swish', 'tanh', 'sigmoid']",06f0f8f6f90808f80600f6f606f90839f6,228,Adam,MaxAbsoluteDeviation,0.9754331111907959,1.042696237564087,3.1659453000174835
"[8, 23, 23, 23, 23, 8, 8, 23, 8, 8, 23, 23, 8, 23, 8, 11, 23, 16]","['sigmoid', 'elu', 'swish', 'sigmoid', 'tanh', 'swish', 'swish', 'swish', 'sigmoid', 'elu', 'sigmoid', 'sigmoid', 'sigmoid', 'tanh', 'swish', 'tanh', 'sigmoid', 'swish']",06f0f8f6f90808f80600f6f606f90839f688,228,Adam,MaxAbsoluteDeviation,0.9554254412651062,1.004709005355835,3.35764349999954
"[8, 23, 23, 23, 23, 8, 8, 23, 8, 23, 23, 23, 8, 23, 8, 11, 23, 16]","['sigmoid', 'elu', 'swish', 'sigmoid', 'tanh', 'swish', 'swish', 'swish', 'sigmoid', 'elu', 'sigmoid', 'sigmoid', 'sigmoid', 'tanh', 'swish', 'tanh', 'sigmoid', 'swish']",06f0f8f6f90808f806f0f6f606f90839f688,228,Adam,MaxAbsoluteDeviation,0.9785870909690857,1.0475623607635498,3.3763541000080295
"[8, 23, 23, 23, 23, 8, 8, 23, 8, 23, 8, 23, 8, 23, 8, 11, 23, 16]","['sigmoid', 'elu', 'swish', 'sigmoid', 'tanh', 'swish', 'swish', 'swish', 'sigmoid', 'elu', 'sigmoid', 'sigmoid', 'sigmoid', 'tanh', 'swish', 'tanh', 'sigmoid', 'swish']",06f0f8f6f90808f806f006f606f90839f688,228,Adam,MaxAbsoluteDeviation,0.9548243880271912,1.1104061603546143,3.389844899997115
"[8, 23, 23, 23, 23, 8, 8, 23, 8, 23, 8, 23, 8, 23, 8, 11, 23, 16]","['sigmoid', 'elu', 'swish', 'sigmoid', 'tanh', 'swish', 'swish', 'swish', 'sigmoid', 'elu', 'sigmoid', 'sigmoid', 'elu', 'tanh', 'swish', 'tanh', 'sigmoid', 'swish']",06f0f8f6f90808f806f006f600f90839f688,228,Adam,MaxAbsoluteDeviation,0.9676205515861511,1.0385370254516602,3.364129599998705
"[8, 23, 23, 23, 23, 8, 8, 23, 8, 23, 8, 23, 8, 23, 8, 11, 23, 16]","['sigmoid', 'elu', 'swish', 'sigmoid', 'tanh', 'swish', 'sigmoid', 'swish', 'sigmoid', 'elu', 'sigmoid', 'sigmoid', 'elu', 'tanh', 'swish', 'tanh', 'sigmoid', 'swish']",06f0f8f6f90806f806f006f600f90839f688,700,Adam,MaxAbsoluteDeviation,0.9645570516586304,1.0681777000427246,7.5191931000154
"[8, 23, 23, 23, 23, 8, 8, 23, 8, 23, 8, 23, 8, 23, 8, 11, 23, 16]","['swish', 'elu', 'swish', 'sigmoid', 'tanh', 'swish', 'sigmoid', 'swish', 'sigmoid', 'elu', 'sigmoid', 'sigmoid', 'elu', 'tanh', 'swish', 'tanh', 'sigmoid', 'swish']",08f0f8f6f90806f806f006f600f90839f688,700,Adam,MaxAbsoluteDeviation,0.9691786766052246,1.0409185886383057,7.563337500003399
"[8, 23, 23, 23, 23, 8, 8, 23, 8, 23, 8, 23, 8, 23, 8, 11, 23, 16, 14]","['swish', 'elu', 'swish', 'sigmoid', 'tanh', 'swish', 'sigmoid', 'swish', 'sigmoid', 'elu', 'sigmoid', 'sigmoid', 'elu', 'tanh', 'swish', 'tanh', 'sigmoid', 'swish', 'elu']",08f0f8f6f90806f806f006f600f90839f68860,700,Adam,MaxAbsoluteDeviation,0.963207483291626,1.0049571990966797,7.954914699977962
"[8, 23, 23, 23, 23, 8, 8, 23, 8, 23, 8, 23, 8, 23, 8, 11, 23, 16, 14]","['swish', 'elu', 'swish', 'sigmoid', 'tanh', 'swish', 'sigmoid', 'swish', 'sigmoid', 'elu', 'sigmoid', 'sigmoid', 'elu', 'tanh', 'swish', 'tanh', 'sigmoid', 'swish', 'elu']",08f0f8f6f90806f806f006f600f90839f68860,700,Adam,MaxAbsoluteDeviation,0.9462939500808716,1.0863759517669678,7.774807399982819
"[8, 23, 23, 23, 23, 8, 8, 23, 8, 23, 8, 23, 8, 23, 8, 11, 23, 16, 14, 20]","['swish', 'elu', 'swish', 'sigmoid', 'tanh', 'swish', 'sigmoid', 'swish', 'sigmoid', 'elu', 'sigmoid', 'sigmoid', 'elu', 'tanh', 'swish', 'tanh', 'sigmoid', 'swish', 'elu', 'elu']",08f0f8f6f90806f806f006f600f90839f68860c0,700,Adam,MaxAbsoluteDeviation,0.9718673229217529,1.1237255334854126,8.060584000020754
"[8, 23, 23, 23, 23, 8, 8, 23, 8, 23, 8, 23, 8, 23, 8, 23, 23, 16, 14]","['swish', 'elu', 'swish', 'sigmoid', 'tanh', 'swish', 'sigmoid', 'swish', 'sigmoid', 'elu', 'sigmoid', 'sigmoid', 'elu', 'tanh', 'swish', 'tanh', 'sigmoid', 'swish', 'elu']",08f0f8f6f90806f806f006f600f908f9f68860,700,Adam,MaxAbsoluteDeviation,0.9951351881027222,1.0470176935195923,7.854082800011383
"[8, 23, 23, 23, 23, 8, 8, 23, 8, 23, 8, 23, 8, 23, 8, 23, 23, 16, 14]","['swish', 'elu', 'swish', 'sigmoid', 'tanh', 'swish', 'sigmoid', 'swish', 'sigmoid', 'elu', 'sigmoid', 'sigmoid', 'elu', 'tanh', 'tanh', 'tanh', 'sigmoid', 'swish', 'elu']",08f0f8f6f90806f806f006f600f909f9f68860,700,Adam,MaxAbsoluteDeviation,0.9737051129341125,1.042589783668518,7.643240999983391
"[8, 23, 23, 23, 23, 8, 8, 23, 8, 23, 8, 23, 8, 23, 8, 23, 23, 16, 14]","['swish', 'elu', 'swish', 'sigmoid', 'tanh', 'swish', 'sigmoid', 'swish', 'sigmoid', 'elu', 'sigmoid', 'sigmoid', 'sigmoid', 'tanh', 'tanh', 'tanh', 'sigmoid', 'swish', 'elu']",08f0f8f6f90806f806f006f606f909f9f68860,700,Adam,MaxAbsoluteDeviation,0.9736749529838562,1.0425317287445068,7.7421918000036385
"[8, 23, 23, 23, 23, 8, 8, 23, 8, 23, 8, 23, 8, 23, 8, 23, 23, 16, 22]","['swish', 'elu', 'swish', 'sigmoid', 'tanh', 'swish', 'sigmoid', 'swish', 'sigmoid', 'elu', 'sigmoid', 'sigmoid', 'sigmoid', 'tanh', 'tanh', 'tanh', 'sigmoid', 'swish', 'sigmoid']",08f0f8f6f90806f806f006f606f909f9f688e6,700,Adam,MaxAbsoluteDeviation,0.9382282495498657,1.0890141725540161,7.7314481000066735
"[8, 23, 23, 23, 23, 8, 8, 23, 8, 23, 8, 23, 8, 23, 8, 23, 23, 16, 22]","['swish', 'elu', 'swish', 'sigmoid', 'tanh', 'swish', 'sigmoid', 'swish', 'sigmoid', 'elu', 'sigmoid', 'sigmoid', 'sigmoid', 'tanh', 'tanh', 'tanh', 'sigmoid', 'swish', 'sigmoid']",08f0f8f6f90806f806f006f606f909f9f688e6,700,Adam,MaxAbsoluteDeviation,0.963063657283783,1.0647003650665283,7.706239799998002
"[8, 23, 23, 23, 23, 8, 8, 23, 8, 23, 8, 23, 8, 23, 8, 23, 23, 23, 22]","['swish', 'elu', 'swish', 'sigmoid', 'tanh', 'swish', 'sigmoid', 'swish', 'sigmoid', 'elu', 'sigmoid', 'sigmoid', 'sigmoid', 'tanh', 'tanh', 'tanh', 'sigmoid', 'swish', 'sigmoid']",08f0f8f6f90806f806f006f606f909f9f6f8e6,700,Adam,MaxAbsoluteDeviation,0.9814125299453735,1.0110352039337158,7.74481829997967
"[8, 23, 23, 23, 23, 8, 8, 23, 8, 23, 8, 23, 8, 23, 8, 23, 23, 23]","['swish', 'elu', 'swish', 'sigmoid', 'tanh', 'swish', 'sigmoid', 'swish', 'sigmoid', 'elu', 'sigmoid', 'sigmoid', 'sigmoid', 'tanh', 'tanh', 'tanh', 'sigmoid', 'swish']",08f0f8f6f90806f806f006f606f909f9f6f8,362,Adam,MaxAbsoluteDeviation,0.9688374400138855,1.049356460571289,4.493768200016348
"[8, 23, 23, 23, 23, 8, 8, 23, 8, 23, 8, 23, 8, 23, 8, 23, 23, 23, 23, 23]","['swish', 'elu', 'swish', 'sigmoid', 'tanh', 'swish', 'sigmoid', 'swish', 'sigmoid', 'elu', 'elu', 'sigmoid', 'sigmoid', 'tanh', 'tanh', 'tanh', 'sigmoid', 'swish', 'elu', 'sigmoid']",08f0f8f6f90806f806f000f606f909f9f6f8f0f6,700,Adam,MaxAbsoluteDeviation,0.9774467349052429,1.0644912719726562,8.015815799997654
"[8, 23, 23, 23, 23, 8, 8, 23, 8, 23, 8, 23, 8, 23, 8, 23, 23, 23, 23]","['swish', 'elu', 'swish', 'sigmoid', 'tanh', 'swish', 'sigmoid', 'swish', 'sigmoid', 'elu', 'elu', 'sigmoid', 'sigmoid', 'tanh', 'tanh', 'tanh', 'sigmoid', 'swish', 'elu']",08f0f8f6f90806f806f000f606f909f9f6f8f0,700,Adam,MaxAbsoluteDeviation,0.9924885630607605,1.0083640813827515,7.651709899975685
"[8, 23, 23, 23, 23, 8, 8, 23, 8, 23, 8, 23, 8, 23, 8, 23, 23, 23, 23]","['swish', 'elu', 'swish', 'sigmoid', 'tanh', 'swish', 'sigmoid', 'swish', 'sigmoid', 'elu', 'elu', 'sigmoid', 'sigmoid', 'tanh', 'tanh', 'tanh', 'sigmoid', 'swish', 'elu']",08f0f8f6f90806f806f000f606f909f9f6f8f0,700,Adam,MaxAbsoluteDeviation,1.0537220239639282,1.10064697265625,7.7150587999785785
"[8, 23, 23, 23, 23, 8, 8, 23, 8, 23, 8, 23, 8, 23, 8, 23, 23, 23, 23]","['swish', 'elu', 'swish', 'sigmoid', 'tanh', 'swish', 'sigmoid', 'swish', 'sigmoid', 'elu', 'elu', 'sigmoid', 'sigmoid', 'tanh', 'tanh', 'tanh', 'sigmoid', 'swish', 'elu']",08f0f8f6f90806f806f000f606f909f9f6f8f0,398,Adam,MaxAbsoluteDeviation,0.9617034792900085,1.022870659828186,4.955378599988762
"[8, 23, 23, 23, 23, 8, 8, 23, 8, 23, 8, 23, 8, 23, 8, 23, 23, 23, 23]","['swish', 'elu', 'swish', 'sigmoid', 'tanh', 'swish', 'sigmoid', 'swish', 'sigmoid', 'elu', 'elu', 'sigmoid', 'sigmoid', 'tanh', 'tanh', 'tanh', 'sigmoid', 'swish', 'elu']",08f0f8f6f90806f806f000f606f909f9f6f8f0,205,Adam,MaxAbsoluteDeviation,0.959108293056488,1.2194056510925293,3.2808720000030007
"[8, 23, 23, 23, 23, 8, 8, 23, 8, 23, 8, 23, 8, 23, 8, 23, 23, 23, 23]","['swish', 'elu', 'swish', 'sigmoid', 'tanh', 'swish', 'sigmoid', 'swish', 'sigmoid', 'elu', 'elu', 'sigmoid', 'sigmoid', 'tanh', 'tanh', 'tanh', 'sigmoid', 'swish', 'elu']",08f0f8f6f90806f806f000f606f909f9f6f8f0,700,Adam,MaxAbsoluteDeviation,0.9776982069015503,1.2225899696350098,7.611549499997636
"[8, 23, 23, 23, 23, 8, 8, 23, 8, 23, 8, 23, 8, 23, 8, 23, 23, 23]","['swish', 'elu', 'swish', 'sigmoid', 'tanh', 'swish', 'sigmoid', 'swish', 'sigmoid', 'elu', 'elu', 'sigmoid', 'sigmoid', 'tanh', 'tanh', 'tanh', 'sigmoid', 'swish']",08f0f8f6f90806f806f000f606f909f9f6f8,700,Adam,MaxAbsoluteDeviation,0.9646287560462952,1.0449283123016357,7.357886600017082
"[8, 23, 23, 23, 23, 8, 8, 23, 8, 23, 8, 23, 8, 23, 8, 23, 23]","['swish', 'elu', 'swish', 'sigmoid', 'tanh', 'swish', 'sigmoid', 'swish', 'sigmoid', 'elu', 'elu', 'sigmoid', 'sigmoid', 'tanh', 'tanh', 'tanh', 'sigmoid']",08f0f8f6f90806f806f000f606f909f9f6,700,Adam,MaxAbsoluteDeviation,0.9685930013656616,1.0408607721328735,7.120666399976471
"[8, 23, 23, 23, 23, 8, 8, 23, 8, 23, 8, 23, 8, 23, 8, 23, 23]","['swish', 'elu', 'swish', 'sigmoid', 'tanh', 'swish', 'sigmoid', 'swish', 'sigmoid', 'elu', 'elu', 'sigmoid', 'sigmoid', 'tanh', 'tanh', 'tanh', 'sigmoid']",08f0f8f6f90806f806f000f606f909f9f6,158,Adam,MaxAbsoluteDeviation,1.008646845817566,1.107339859008789,2.588195700023789
"[8, 23, 23, 23, 23, 8, 8, 23, 8, 23, 8, 23, 8, 23, 8, 23, 13]","['swish', 'elu', 'swish', 'sigmoid', 'tanh', 'swish', 'sigmoid', 'swish', 'sigmoid', 'elu', 'elu', 'sigmoid', 'sigmoid', 'tanh', 'tanh', 'tanh', 'sigmoid']",08f0f8f6f90806f806f000f606f909f956,100,Adam,MaxAbsoluteDeviation,0.9543342590332031,1.045041799545288,2.150223399978131
"[8, 23, 23, 23, 23, 8, 8, 23, 8, 23, 8, 23, 8, 23, 8, 23, 13]","['swish', 'elu', 'swish', 'sigmoid', 'tanh', 'swish', 'sigmoid', 'swish', 'sigmoid', 'elu', 'elu', 'sigmoid', 'sigmoid', 'tanh', 'tanh', 'tanh', 'sigmoid']",08f0f8f6f90806f806f000f606f909f956,100,Adam,MaxAbsoluteDeviation,0.9631589651107788,1.0784046649932861,2.1416481000196654
"[8, 23, 23, 23, 8, 8, 8, 23, 8, 23, 8, 23, 8, 23, 8, 23, 13]","['swish', 'elu', 'swish', 'sigmoid', 'tanh', 'swish', 'sigmoid', 'swish', 'sigmoid', 'elu', 'elu', 'sigmoid', 'sigmoid', 'tanh', 'tanh', 'tanh', 'sigmoid']",08f0f8f6090806f806f000f606f909f956,100,Adam,MaxAbsoluteDeviation,0.9615254402160645,1.2162314653396606,2.139125999994576
"[8, 23, 23, 23, 8, 8, 8, 23, 8, 23, 8, 23, 8, 23, 8, 23, 13]","['swish', 'elu', 'swish', 'sigmoid', 'tanh', 'swish', 'sigmoid', 'swish', 'sigmoid', 'elu', 'elu', 'sigmoid', 'sigmoid', 'tanh', 'tanh', 'tanh', 'sigmoid']",08f0f8f6090806f806f000f606f909f956,700,Adam,MaxAbsoluteDeviation,0.9754996299743652,1.0266324281692505,6.914081900002202
"[8, 23, 23, 23, 8, 8, 8, 23, 8, 23, 8, 23, 8, 23, 8, 23, 13, 19]","['swish', 'elu', 'swish', 'sigmoid', 'tanh', 'swish', 'sigmoid', 'swish', 'sigmoid', 'elu', 'elu', 'sigmoid', 'sigmoid', 'tanh', 'tanh', 'tanh', 'sigmoid', 'sigmoid']",08f0f8f6090806f806f000f606f909f956b6,700,Adam,MaxAbsoluteDeviation,0.9715701341629028,1.088612675666809,7.279633500002092
"[8, 23, 23, 23, 8, 8, 8, 23, 8, 23, 8, 23, 8, 23, 8, 23, 13, 19, 9]","['swish', 'elu', 'swish', 'sigmoid', 'tanh', 'swish', 'sigmoid', 'swish', 'sigmoid', 'elu', 'elu', 'sigmoid', 'sigmoid', 'tanh', 'tanh', 'tanh', 'sigmoid', 'sigmoid', 'tanh']",08f0f8f6090806f806f000f606f909f956b619,173,Adam,MaxAbsoluteDeviation,1.0118458271026611,1.010218858718872,2.9338582000054885
"[8, 23, 23, 23, 8, 8, 8, 23, 8, 16, 8, 23, 8, 23, 8, 23, 13, 19, 9]","['swish', 'elu', 'swish', 'sigmoid', 'tanh', 'swish', 'sigmoid', 'swish', 'sigmoid', 'elu', 'elu', 'sigmoid', 'sigmoid', 'tanh', 'tanh', 'tanh', 'sigmoid', 'sigmoid', 'tanh']",08f0f8f6090806f8068000f606f909f956b619,173,Adam,MaxAbsoluteDeviation,0.9858264327049255,1.1210520267486572,2.995747599983588
"[8, 23, 23, 23, 8, 8, 8, 23, 8, 16, 8, 23, 8, 23, 8, 23, 13, 19, 9]","['swish', 'elu', 'swish', 'sigmoid', 'tanh', 'swish', 'sigmoid', 'swish', 'sigmoid', 'elu', 'elu', 'sigmoid', 'sigmoid', 'tanh', 'tanh', 'tanh', 'sigmoid', 'sigmoid', 'tanh']",08f0f8f6090806f8068000f606f909f956b619,173,Adam,MaxAbsoluteDeviation,0.9742767810821533,1.037977933883667,2.9169489000050817
"[8, 23, 23, 23, 8, 8, 8, 23, 8, 16, 8, 23, 8, 23, 8, 23, 13, 19, 9]","['swish', 'elu', 'swish', 'sigmoid', 'tanh', 'swish', 'sigmoid', 'swish', 'sigmoid', 'elu', 'elu', 'sigmoid', 'sigmoid', 'tanh', 'tanh', 'tanh', 'sigmoid', 'sigmoid', 'tanh']",08f0f8f6090806f8068000f606f909f956b619,700,Adam,MaxAbsoluteDeviation,0.9699548482894897,1.055669903755188,7.599185099999886
"[8, 23, 23, 23, 8, 8, 8, 23, 8, 16, 8, 23, 8, 23, 8, 23, 13, 19]","['swish', 'elu', 'swish', 'sigmoid', 'tanh', 'swish', 'sigmoid', 'swish', 'sigmoid', 'elu', 'elu', 'sigmoid', 'sigmoid', 'tanh', 'tanh', 'tanh', 'sigmoid', 'sigmoid']",08f0f8f6090806f8068000f606f909f956b6,700,Adam,MaxAbsoluteDeviation,0.980660617351532,1.0265822410583496,7.320277499995427
"[8, 23, 23, 23, 8, 8, 8, 23, 8, 16, 8, 23, 8, 23, 8, 23, 13, 19]","['swish', 'elu', 'swish', 'sigmoid', 'tanh', 'swish', 'sigmoid', 'swish', 'sigmoid', 'elu', 'elu', 'sigmoid', 'sigmoid', 'tanh', 'tanh', 'tanh', 'sigmoid', 'sigmoid']",08f0f8f6090806f8068000f606f909f956b6,119,Adam,MaxAbsoluteDeviation,0.9832077026367188,1.0814449787139893,2.351622399990447
"[8, 23, 23, 23, 8, 8, 8, 23, 8, 16, 8, 23, 8, 23, 8, 23]","['swish', 'elu', 'swish', 'sigmoid', 'tanh', 'swish', 'sigmoid', 'swish', 'sigmoid', 'elu', 'elu', 'sigmoid', 'sigmoid', 'tanh', 'tanh', 'tanh']",08f0f8f6090806f8068000f606f909f9,700,Adam,MaxAbsoluteDeviation,0.9935548901557922,1.0367317199707031,6.63591969999834
"[8, 23, 23, 23, 8, 8, 8, 23, 8, 16, 8, 23, 8, 23, 8]","['swish', 'elu', 'swish', 'sigmoid', 'tanh', 'swish', 'sigmoid', 'swish', 'sigmoid', 'elu', 'elu', 'sigmoid', 'sigmoid', 'tanh', 'tanh']",08f0f8f6090806f8068000f606f909,700,Adam,MaxAbsoluteDeviation,0.9578709602355957,1.0698349475860596,6.359332899999572
"[8, 23, 23, 23, 8, 8, 8, 23, 8, 16, 8, 23, 8, 23, 8, 16, 15]","['swish', 'elu', 'swish', 'sigmoid', 'tanh', 'swish', 'sigmoid', 'swish', 'sigmoid', 'elu', 'elu', 'sigmoid', 'sigmoid', 'tanh', 'tanh', 'swish', 'tanh']",08f0f8f6090806f8068000f606f9098879,700,Adam,MaxAbsoluteDeviation,0.964673638343811,1.046600341796875,11.442605099990033
"[8, 23, 23, 23, 8, 8, 8, 23, 8, 16, 8, 23, 8, 23, 8, 16, 15]","['swish', 'elu', 'swish', 'sigmoid', 'tanh', 'swish', 'sigmoid', 'swish', 'sigmoid', 'elu', 'elu', 'sigmoid', 'sigmoid', 'tanh', 'tanh', 'swish', 'tanh']",08f0f8f6090806f8068000f606f9098879,574,Adam,MaxAbsoluteDeviation,0.9413145184516907,1.1224732398986816,6.051092999987304
"[8, 23, 23, 23, 8, 8, 8, 23, 8, 16, 8, 23, 8, 23, 8, 16, 15]","['swish', 'elu', 'swish', 'sigmoid', 'tanh', 'swish', 'sigmoid', 'swish', 'sigmoid', 'elu', 'elu', 'sigmoid', 'sigmoid', 'tanh', 'tanh', 'swish', 'tanh']",08f0f8f6090806f8068000f606f9098879,700,Adam,MaxAbsoluteDeviation,0.9805042743682861,1.0100294351577759,7.204972799983807
"[8, 23, 23, 23, 8, 8, 8, 23, 8, 16, 8, 23, 8, 23, 8, 16, 15]","['swish', 'elu', 'swish', 'sigmoid', 'tanh', 'swish', 'sigmoid', 'swish', 'sigmoid', 'elu', 'elu', 'sigmoid', 'sigmoid', 'tanh', 'tanh', 'swish', 'tanh']",08f0f8f6090806f8068000f606f9098879,515,Adam,MaxAbsoluteDeviation,0.9426462054252625,1.0618369579315186,5.558939200011082
"[8, 23, 23, 23, 8, 8, 8, 23, 8, 16, 8, 23, 8, 23, 8, 16]","['swish', 'elu', 'swish', 'sigmoid', 'tanh', 'swish', 'sigmoid', 'swish', 'sigmoid', 'elu', 'elu', 'sigmoid', 'sigmoid', 'tanh', 'tanh', 'swish']",08f0f8f6090806f8068000f606f90988,700,Adam,MaxAbsoluteDeviation,0.9845477342605591,1.069029688835144,6.826770399988163
"[8, 23, 23, 23, 8, 8, 8, 23, 8, 16, 8, 23, 8, 23, 8, 16]","['swish', 'elu', 'swish', 'sigmoid', 'tanh', 'swish', 'sigmoid', 'swish', 'sigmoid', 'elu', 'elu', 'sigmoid', 'sigmoid', 'tanh', 'tanh', 'swish']",08f0f8f6090806f8068000f606f90988,700,Adam,MaxAbsoluteDeviation,0.9820823073387146,1.0286542177200317,6.945006099995226
"[8, 23, 23, 23, 8, 8, 8, 23, 8, 16, 8, 23, 8, 23, 8, 16]","['swish', 'elu', 'swish', 'sigmoid', 'tanh', 'swish', 'sigmoid', 'swish', 'sigmoid', 'elu', 'elu', 'sigmoid', 'sigmoid', 'tanh', 'tanh', 'swish']",08f0f8f6090806f8068000f606f90988,700,Adam,MaxAbsoluteDeviation,0.9553433060646057,1.0141067504882812,6.937714600004256
"[23, 23, 23, 23, 8, 8, 8, 23, 8, 16, 8, 23, 8, 23, 8, 16]","['swish', 'elu', 'swish', 'sigmoid', 'tanh', 'swish', 'sigmoid', 'swish', 'sigmoid', 'elu', 'elu', 'sigmoid', 'sigmoid', 'tanh', 'tanh', 'swish']",f8f0f8f6090806f8068000f606f90988,700,Adam,MaxAbsoluteDeviation,1.0046788454055786,1.0207051038742065,6.975541699997848
"[23, 23, 23, 23, 8, 8, 8, 23, 8, 16, 8, 23, 8, 23, 8, 16]","['swish', 'elu', 'swish', 'sigmoid', 'tanh', 'swish', 'sigmoid', 'swish', 'sigmoid', 'elu', 'elu', 'sigmoid', 'sigmoid', 'tanh', 'tanh', 'swish']",f8f0f8f6090806f8068000f606f90988,700,Adam,MaxAbsoluteDeviation,1.1669092178344727,1.2375890016555786,6.961999299994204
"[23, 23, 23, 23, 8, 8, 8, 23, 8, 16, 8, 23, 8, 23, 8, 16, 14, 21]","['swish', 'elu', 'swish', 'sigmoid', 'tanh', 'swish', 'sigmoid', 'swish', 'sigmoid', 'elu', 'elu', 'sigmoid', 'sigmoid', 'tanh', 'tanh', 'swish', 'tanh', 'swish']",f8f0f8f6090806f8068000f606f9098869d8,700,Adam,MaxAbsoluteDeviation,0.9686647057533264,1.032713532447815,7.504354700009571
"[23, 23, 23, 23, 8, 8, 8, 23, 8, 16, 8, 23, 8, 23, 8, 16, 14, 21, 15]","['swish', 'elu', 'swish', 'sigmoid', 'tanh', 'swish', 'sigmoid', 'swish', 'sigmoid', 'elu', 'elu', 'sigmoid', 'sigmoid', 'tanh', 'tanh', 'swish', 'tanh', 'swish', 'swish']",f8f0f8f6090806f8068000f606f9098869d878,700,Adam,MaxAbsoluteDeviation,0.9529410600662231,1.0653455257415771,7.851301600021543
"[23, 23, 23, 23, 8, 8, 8, 23, 8, 16, 8, 23, 8, 23, 8, 16, 14, 21, 15]","['swish', 'elu', 'swish', 'sigmoid', 'elu', 'swish', 'sigmoid', 'swish', 'sigmoid', 'elu', 'elu', 'sigmoid', 'sigmoid', 'tanh', 'tanh', 'swish', 'tanh', 'swish', 'swish']",f8f0f8f6000806f8068000f606f9098869d878,700,Adam,MaxAbsoluteDeviation,0.9570935964584351,1.0874183177947998,7.746923099999549
"[23, 23, 23, 23, 8, 8, 8, 23, 8, 16, 8, 23, 8, 23, 8, 16, 14, 21, 15]","['swish', 'elu', 'swish', 'sigmoid', 'elu', 'swish', 'sigmoid', 'swish', 'sigmoid', 'elu', 'elu', 'sigmoid', 'sigmoid', 'tanh', 'tanh', 'swish', 'tanh', 'swish', 'swish']",f8f0f8f6000806f8068000f606f9098869d878,700,Adam,MaxAbsoluteDeviation,0.9687631130218506,1.0405610799789429,7.6721985999902245
"[23, 23, 23, 23, 8, 8, 8, 23, 8, 16, 8, 23, 8, 23, 8, 16, 14, 21, 15]","['swish', 'elu', 'swish', 'sigmoid', 'elu', 'swish', 'sigmoid', 'swish', 'sigmoid', 'elu', 'elu', 'sigmoid', 'sigmoid', 'tanh', 'tanh', 'swish', 'tanh', 'swish', 'swish']",f8f0f8f6000806f8068000f606f9098869d878,367,Adam,MaxAbsoluteDeviation,0.9932023882865906,1.0498459339141846,4.715890899999067
"[23, 23, 23, 23, 8, 8, 8, 23, 8, 16, 8, 23, 8, 23, 8, 16, 14, 8, 15]","['swish', 'elu', 'swish', 'sigmoid', 'elu', 'swish', 'sigmoid', 'swish', 'swish', 'elu', 'elu', 'sigmoid', 'sigmoid', 'tanh', 'tanh', 'swish', 'tanh', 'swish', 'swish']",f8f0f8f6000806f8088000f606f90988690878,367,Adam,MaxAbsoluteDeviation,0.986968457698822,1.0627024173736572,4.715308299986646
"[23, 23, 23, 23, 8, 8, 8, 23, 8, 16, 8, 23, 8, 23, 8, 16, 14, 8]","['swish', 'elu', 'swish', 'sigmoid', 'elu', 'swish', 'sigmoid', 'swish', 'swish', 'elu', 'elu', 'sigmoid', 'sigmoid', 'tanh', 'tanh', 'swish', 'tanh', 'swish']",f8f0f8f6000806f8088000f606f909886908,367,Adam,MaxAbsoluteDeviation,0.9767268300056458,1.073553442955017,4.587766100012232
"[23, 23, 23, 23, 8, 8, 8, 23, 8, 16, 8, 23, 8, 23, 8, 16, 14, 8, 19]","['swish', 'elu', 'swish', 'sigmoid', 'elu', 'swish', 'sigmoid', 'swish', 'swish', 'elu', 'elu', 'sigmoid', 'sigmoid', 'tanh', 'tanh', 'swish', 'tanh', 'swish', 'sigmoid']",f8f0f8f6000806f8088000f606f909886908b6,367,Adam,MaxAbsoluteDeviation,0.9574941992759705,1.0644190311431885,4.720672600000398
"[23, 23, 23, 23, 8, 8, 8, 23, 8, 16, 8, 23, 8, 23, 8, 16, 14, 8, 19]","['swish', 'elu', 'swish', 'sigmoid', 'elu', 'swish', 'sigmoid', 'swish', 'swish', 'elu', 'elu', 'tanh', 'sigmoid', 'tanh', 'tanh', 'swish', 'tanh', 'swish', 'sigmoid']",f8f0f8f6000806f8088000f906f909886908b6,263,Adam,MaxAbsoluteDeviation,0.9819725155830383,1.095284342765808,3.7945315999968443
"[23, 23, 23, 23, 8, 8, 8, 23, 8, 16, 8, 23, 8, 23, 8, 16, 14, 8, 19]","['swish', 'elu', 'swish', 'sigmoid', 'elu', 'swish', 'sigmoid', 'swish', 'swish', 'elu', 'elu', 'tanh', 'sigmoid', 'tanh', 'tanh', 'swish', 'tanh', 'swish', 'sigmoid']",f8f0f8f6000806f8088000f906f909886908b6,100,Adam,MaxAbsoluteDeviation,0.9877167344093323,1.0390070676803589,2.4417007000010926
"[23, 23, 23, 23, 8, 8, 8, 23, 8, 16, 8, 23, 8, 23, 8, 16, 14, 8, 19]","['swish', 'elu', 'swish', 'sigmoid', 'elu', 'swish', 'sigmoid', 'swish', 'swish', 'elu', 'elu', 'tanh', 'sigmoid', 'tanh', 'tanh', 'swish', 'tanh', 'swish', 'sigmoid']",f8f0f8f6000806f8088000f906f909886908b6,100,Adam,MaxAbsoluteDeviation,0.9646325707435608,1.1094292402267456,2.4102898000273854
"[23, 23, 23, 23, 8, 8, 8, 23, 8, 16, 8, 23, 8, 23, 8, 16, 14, 8, 19]","['swish', 'elu', 'swish', 'sigmoid', 'elu', 'swish', 'sigmoid', 'swish', 'swish', 'elu', 'elu', 'tanh', 'sigmoid', 'tanh', 'tanh', 'swish', 'tanh', 'swish', 'sigmoid']",f8f0f8f6000806f8088000f906f909886908b6,100,Adam,MaxAbsoluteDeviation,0.9769913554191589,1.1544822454452515,2.4060529000125825
"[23, 23, 23, 23, 8, 8, 8, 23, 8, 16, 8, 23, 8, 23, 8, 16, 14, 8, 19]","['swish', 'elu', 'swish', 'sigmoid', 'elu', 'swish', 'sigmoid', 'swish', 'swish', 'elu', 'elu', 'tanh', 'sigmoid', 'tanh', 'tanh', 'swish', 'tanh', 'swish', 'sigmoid']",f8f0f8f6000806f8088000f906f909886908b6,100,Adam,MaxAbsoluteDeviation,0.9709823727607727,1.0584415197372437,2.4044967999798246
"[23, 23, 23, 23, 8, 8, 8, 23, 8, 16, 8, 23, 8, 23, 8, 16, 14, 8]","['swish', 'elu', 'swish', 'sigmoid', 'elu', 'swish', 'sigmoid', 'swish', 'swish', 'elu', 'elu', 'tanh', 'sigmoid', 'tanh', 'tanh', 'swish', 'tanh', 'swish']",f8f0f8f6000806f8088000f906f909886908,100,Adam,MaxAbsoluteDeviation,0.9662249684333801,1.092290997505188,2.296791500004474
"[23, 23, 23, 23, 8, 8, 8, 23, 8, 16, 8, 23, 8, 23, 8, 16, 14, 8, 10]","['swish', 'elu', 'swish', 'sigmoid', 'elu', 'swish', 'sigmoid', 'swish', 'swish', 'elu', 'elu', 'tanh', 'sigmoid', 'tanh', 'tanh', 'swish', 'tanh', 'swish', 'elu']",f8f0f8f6000806f8088000f906f90988690820,100,Adam,MaxAbsoluteDeviation,1.0070987939834595,1.0035042762756348,2.373939799988875
"[23, 23, 23, 23, 8, 8, 8, 23, 8, 16, 8, 23, 8, 23, 8, 16, 14, 8, 10]","['swish', 'elu', 'swish', 'sigmoid', 'elu', 'swish', 'sigmoid', 'swish', 'swish', 'elu', 'elu', 'tanh', 'sigmoid', 'tanh', 'tanh', 'swish', 'tanh', 'swish', 'elu']",f8f0f8f6000806f8088000f906f90988690820,100,Adam,MaxAbsoluteDeviation,0.9786379933357239,1.179179072380066,2.372824699996272
"[23, 23, 8, 23, 8, 8, 8, 23, 8, 16, 8, 23, 8, 23, 8, 16, 14, 8, 10]","['swish', 'elu', 'swish', 'sigmoid', 'elu', 'swish', 'sigmoid', 'swish', 'swish', 'elu', 'elu', 'tanh', 'sigmoid', 'tanh', 'tanh', 'swish', 'tanh', 'swish', 'elu']",f8f008f6000806f8088000f906f90988690820,100,Adam,MaxAbsoluteDeviation,0.9881616234779358,1.0519744157791138,2.378523599996697
"[23, 23, 8, 23, 8, 8, 8, 23, 8, 16, 8, 23, 8, 23, 8, 16, 14, 8, 10]","['swish', 'elu', 'swish', 'sigmoid', 'elu', 'swish', 'sigmoid', 'swish', 'swish', 'elu', 'elu', 'tanh', 'sigmoid', 'tanh', 'sigmoid', 'swish', 'tanh', 'swish', 'elu']",f8f008f6000806f8088000f906f90688690820,100,Adam,MaxAbsoluteDeviation,0.9993707537651062,1.233662724494934,2.3831663000164554
"[23, 23, 8, 23, 8, 8, 8, 23, 8, 16, 8, 23, 8, 23, 8, 16, 14, 8, 10]","['swish', 'elu', 'swish', 'sigmoid', 'sigmoid', 'swish', 'sigmoid', 'swish', 'swish', 'elu', 'elu', 'tanh', 'sigmoid', 'tanh', 'sigmoid', 'swish', 'tanh', 'swish', 'elu']",f8f008f6060806f8088000f906f90688690820,100,Adam,MaxAbsoluteDeviation,0.964310884475708,1.0890320539474487,2.3786946999898646
"[23, 23, 8, 23, 8, 8, 8, 23, 8, 16, 8, 23, 8, 23, 8, 16, 14, 8, 10]","['swish', 'elu', 'swish', 'sigmoid', 'sigmoid', 'swish', 'sigmoid', 'swish', 'swish', 'elu', 'elu', 'tanh', 'sigmoid', 'tanh', 'sigmoid', 'swish', 'tanh', 'swish', 'elu']",f8f008f6060806f8088000f906f90688690820,100,Adam,MaxAbsoluteDeviation,0.9847961664199829,1.0147392749786377,2.3593522000010125
"[23, 23, 8, 23, 8, 8, 8, 23, 8, 16, 8, 23, 8, 23, 8, 16, 14, 8, 10]","['swish', 'elu', 'swish', 'sigmoid', 'sigmoid', 'swish', 'sigmoid', 'swish', 'swish', 'elu', 'elu', 'tanh', 'sigmoid', 'tanh', 'sigmoid', 'swish', 'tanh', 'swish', 'elu']",f8f008f6060806f8088000f906f90688690820,100,Adam,MaxAbsoluteDeviation,0.9849850535392761,1.1505473852157593,2.379731399996672
"[23, 23, 8, 23, 8, 8, 23, 23, 8, 16, 8, 23, 8, 23, 8, 16, 14, 8, 10]","['swish', 'elu', 'swish', 'sigmoid', 'sigmoid', 'swish', 'sigmoid', 'swish', 'swish', 'elu', 'elu', 'tanh', 'sigmoid', 'tanh', 'sigmoid', 'swish', 'tanh', 'swish', 'elu']",f8f008f60608f6f8088000f906f90688690820,100,Adam,MaxAbsoluteDeviation,1.0130667686462402,1.0149791240692139,2.349738199991407
"[23, 23, 8, 23, 8, 8, 23, 23, 8, 16, 8, 23, 8, 23, 8, 16, 14, 8]","['swish', 'elu', 'swish', 'sigmoid', 'sigmoid', 'swish', 'sigmoid', 'swish', 'swish', 'elu', 'elu', 'tanh', 'sigmoid', 'tanh', 'sigmoid', 'swish', 'tanh', 'swish']",f8f008f60608f6f8088000f906f906886908,100,Adam,MaxAbsoluteDeviation,0.9793657064437866,1.0949138402938843,2.2644521000038367
"[23, 23, 23, 23, 8, 8, 23, 23, 8, 16, 8, 23, 8, 23, 8, 16, 14, 8]","['swish', 'elu', 'swish', 'sigmoid', 'sigmoid', 'swish', 'sigmoid', 'swish', 'swish', 'elu', 'elu', 'tanh', 'sigmoid', 'tanh', 'sigmoid', 'swish', 'tanh', 'swish']",f8f0f8f60608f6f8088000f906f906886908,100,Adam,MaxAbsoluteDeviation,0.9573516249656677,1.0202953815460205,2.2590760000166483
"[23, 23, 23, 23, 8, 8, 23, 23, 8, 16, 8, 23, 8, 23, 8, 16, 14]","['swish', 'elu', 'swish', 'sigmoid', 'sigmoid', 'swish', 'sigmoid', 'swish', 'swish', 'elu', 'elu', 'tanh', 'sigmoid', 'tanh', 'sigmoid', 'swish', 'tanh']",f8f0f8f60608f6f8088000f906f9068869,100,Adam,MaxAbsoluteDeviation,0.9517438411712646,0.9995814561843872,2.146289299998898
"[23, 23, 23, 23, 8, 8, 23, 23, 8, 16, 8, 23, 8, 23, 8, 16, 14, 23]","['swish', 'elu', 'swish', 'sigmoid', 'sigmoid', 'swish', 'sigmoid', 'swish', 'swish', 'elu', 'elu', 'tanh', 'sigmoid', 'tanh', 'sigmoid', 'swish', 'tanh', 'tanh']",f8f0f8f60608f6f8088000f906f9068869f9,100,Adam,MaxAbsoluteDeviation,0.9878824353218079,1.043644905090332,2.248312599986093
"[23, 23, 23, 23, 8, 8, 23, 23, 8, 16, 8, 23, 8, 23, 8, 16, 14, 23, 8]","['swish', 'elu', 'swish', 'sigmoid', 'sigmoid', 'swish', 'sigmoid', 'swish', 'swish', 'elu', 'elu', 'tanh', 'sigmoid', 'tanh', 'sigmoid', 'swish', 'tanh', 'tanh', 'sigmoid']",f8f0f8f60608f6f8088000f906f9068869f906,100,Adam,MaxAbsoluteDeviation,0.9714665412902832,1.0382404327392578,2.3398032000113744
"[23, 23, 23, 23, 23, 8, 23, 23, 8, 16, 8, 23, 8, 23, 8, 16, 14, 23, 8]","['swish', 'elu', 'swish', 'sigmoid', 'sigmoid', 'swish', 'sigmoid', 'swish', 'swish', 'elu', 'elu', 'tanh', 'sigmoid', 'tanh', 'sigmoid', 'swish', 'tanh', 'tanh', 'sigmoid']",f8f0f8f6f608f6f8088000f906f9068869f906,100,Adam,MaxAbsoluteDeviation,0.9663949608802795,1.0364893674850464,2.337734000000637
"[23, 23, 23, 23, 23, 8, 23, 23, 8, 16, 8, 23, 8, 23, 8, 16, 14, 23, 8, 8]","['swish', 'elu', 'swish', 'sigmoid', 'sigmoid', 'swish', 'sigmoid', 'swish', 'swish', 'elu', 'elu', 'tanh', 'sigmoid', 'tanh', 'sigmoid', 'swish', 'tanh', 'tanh', 'sigmoid', 'tanh']",f8f0f8f6f608f6f8088000f906f9068869f90609,700,Adam,MaxAbsoluteDeviation,0.9779611229896545,1.0963951349258423,7.740601500001503
"[23, 23, 23, 23, 23, 8, 23, 23, 8, 16, 8, 23, 8, 23, 8, 16, 14, 23, 8, 8]","['swish', 'elu', 'swish', 'sigmoid', 'sigmoid', 'swish', 'sigmoid', 'swish', 'swish', 'elu', 'elu', 'tanh', 'sigmoid', 'tanh', 'sigmoid', 'swish', 'tanh', 'tanh', 'sigmoid', 'tanh']",f8f0f8f6f608f6f8088000f906f9068869f90609,515,Adam,MaxAbsoluteDeviation,0.99163419008255,1.163793921470642,6.045345999998972
"[23, 23, 23, 23, 23, 8, 23, 23, 8, 16, 8, 23, 8, 23, 8, 16, 14, 23, 8, 8]","['swish', 'elu', 'swish', 'sigmoid', 'sigmoid', 'swish', 'sigmoid', 'swish', 'swish', 'elu', 'elu', 'tanh', 'sigmoid', 'tanh', 'sigmoid', 'swish', 'tanh', 'tanh', 'sigmoid', 'tanh']",f8f0f8f6f608f6f8088000f906f9068869f90609,343,Adam,MaxAbsoluteDeviation,0.94063401222229,1.0273202657699585,4.4803059000114445
"[23, 23, 23, 23, 23, 8, 23, 23, 8, 16, 8, 23, 8, 23, 8, 16, 23, 23, 8, 8]","['swish', 'elu', 'swish', 'sigmoid', 'sigmoid', 'swish', 'sigmoid', 'swish', 'swish', 'elu', 'elu', 'tanh', 'sigmoid', 'tanh', 'sigmoid', 'swish', 'tanh', 'tanh', 'sigmoid', 'tanh']",f8f0f8f6f608f6f8088000f906f90688f9f90609,343,Adam,MaxAbsoluteDeviation,0.9561808109283447,1.056565284729004,9.024492899974575
"[23, 23, 23, 23, 23, 8, 23, 8, 8, 16, 8, 23, 8, 23, 8, 16, 23, 23, 8, 8]","['swish', 'elu', 'swish', 'sigmoid', 'sigmoid', 'swish', 'sigmoid', 'swish', 'swish', 'elu', 'elu', 'tanh', 'sigmoid', 'tanh', 'sigmoid', 'swish', 'tanh', 'tanh', 'sigmoid', 'tanh']",f8f0f8f6f608f608088000f906f90688f9f90609,343,Adam,MaxAbsoluteDeviation,0.9677334427833557,1.0375694036483765,4.664692499994999
"[23, 23, 23, 23, 23, 8, 23, 8, 8, 16, 8, 23, 8, 23, 8, 16, 23, 23, 8, 8]","['swish', 'elu', 'swish', 'sigmoid', 'sigmoid', 'swish', 'sigmoid', 'swish', 'swish', 'elu', 'elu', 'tanh', 'sigmoid', 'tanh', 'sigmoid', 'swish', 'tanh', 'tanh', 'sigmoid', 'tanh']",f8f0f8f6f608f608088000f906f90688f9f90609,343,Adam,MaxAbsoluteDeviation,0.9568530917167664,1.0639939308166504,4.665914099983638
"[23, 23, 23, 23, 23, 23, 23, 8, 8, 16, 8, 23, 8, 23, 8, 16, 23, 23, 8, 8]","['swish', 'elu', 'swish', 'sigmoid', 'sigmoid', 'swish', 'sigmoid', 'swish', 'swish', 'elu', 'elu', 'tanh', 'sigmoid', 'tanh', 'sigmoid', 'swish', 'tanh', 'tanh', 'sigmoid', 'tanh']",f8f0f8f6f6f8f608088000f906f90688f9f90609,343,Adam,MaxAbsoluteDeviation,0.9729838371276855,1.0528661012649536,4.633649499999592
"[23, 23, 23, 23, 23, 23, 23, 8, 8, 16, 8, 23, 8, 23, 8, 16, 23, 23, 8, 8]","['swish', 'elu', 'swish', 'sigmoid', 'sigmoid', 'swish', 'sigmoid', 'swish', 'swish', 'elu', 'elu', 'tanh', 'sigmoid', 'tanh', 'sigmoid', 'swish', 'tanh', 'tanh', 'sigmoid', 'tanh']",f8f0f8f6f6f8f608088000f906f90688f9f90609,343,Adam,MaxAbsoluteDeviation,0.9724771976470947,1.0294673442840576,4.634946900012437
"[23, 23, 23, 23, 23, 23, 23, 8, 8, 20, 8, 23, 8, 23, 8, 16, 23, 23, 8, 8]","['swish', 'elu', 'swish', 'sigmoid', 'sigmoid', 'swish', 'sigmoid', 'swish', 'swish', 'elu', 'elu', 'tanh', 'sigmoid', 'tanh', 'sigmoid', 'swish', 'tanh', 'tanh', 'sigmoid', 'tanh']",f8f0f8f6f6f8f60808c000f906f90688f9f90609,343,Adam,MaxAbsoluteDeviation,0.9772441387176514,1.128473162651062,4.631269100005738
"[23, 23, 23, 23, 23, 23, 23, 8, 8, 20, 8, 23, 8, 23, 8, 16, 23, 23, 8, 8]","['swish', 'elu', 'swish', 'sigmoid', 'sigmoid', 'swish', 'sigmoid', 'swish', 'swish', 'elu', 'elu', 'tanh', 'sigmoid', 'tanh', 'sigmoid', 'swish', 'tanh', 'tanh', 'sigmoid', 'tanh']",f8f0f8f6f6f8f60808c000f906f90688f9f90609,343,Adam,MaxAbsoluteDeviation,0.9669411182403564,1.022778034210205,4.666249000001699
"[23, 23, 23, 23, 23, 23, 23, 8, 8, 20, 8, 23, 8, 23, 8, 16, 23, 23, 8, 8]","['swish', 'elu', 'swish', 'sigmoid', 'sigmoid', 'swish', 'sigmoid', 'swish', 'swish', 'elu', 'elu', 'tanh', 'sigmoid', 'tanh', 'sigmoid', 'swish', 'tanh', 'tanh', 'sigmoid', 'tanh']",f8f0f8f6f6f8f60808c000f906f90688f9f90609,243,Adam,MaxAbsoluteDeviation,0.9542844295501709,1.0820231437683105,3.7288242999929935
"[23, 23, 23, 23, 23, 23, 23, 8, 8, 20, 8, 23, 8, 23, 8, 16, 23, 23, 8, 8, 12]","['swish', 'elu', 'swish', 'sigmoid', 'sigmoid', 'swish', 'sigmoid', 'swish', 'swish', 'elu', 'elu', 'tanh', 'sigmoid', 'tanh', 'sigmoid', 'swish', 'tanh', 'tanh', 'sigmoid', 'tanh', 'sigmoid']",f8f0f8f6f6f8f60808c000f906f90688f9f9060946,243,Adam,MaxAbsoluteDeviation,0.9587187170982361,1.0880626440048218,3.8999822000041604
"[23, 23, 23, 23, 23, 23, 23, 8, 8, 20, 8, 23, 8, 23, 8, 16, 23, 23, 8, 8, 12]","['swish', 'elu', 'sigmoid', 'sigmoid', 'sigmoid', 'swish', 'sigmoid', 'swish', 'swish', 'elu', 'elu', 'tanh', 'sigmoid', 'tanh', 'sigmoid', 'swish', 'tanh', 'tanh', 'sigmoid', 'tanh', 'sigmoid']",f8f0f6f6f6f8f60808c000f906f90688f9f9060946,243,Adam,MaxAbsoluteDeviation,0.9920820593833923,1.0996840000152588,3.838076300016837
"[23, 23, 23, 23, 23, 23, 23, 8, 8, 20, 8, 23, 8, 23, 8, 16, 23, 23, 8, 8, 12]","['swish', 'elu', 'sigmoid', 'sigmoid', 'sigmoid', 'swish', 'sigmoid', 'swish', 'swish', 'elu', 'elu', 'tanh', 'sigmoid', 'tanh', 'sigmoid', 'swish', 'tanh', 'tanh', 'sigmoid', 'tanh', 'sigmoid']",f8f0f6f6f6f8f60808c000f906f90688f9f9060946,700,Adam,MaxAbsoluteDeviation,0.9753605127334595,1.1000854969024658,8.18023520000861
"[23, 23, 23, 23, 23, 23, 23, 8, 8, 20, 8, 23, 8, 23, 8, 16, 23, 23, 8, 8, 12, 17]","['swish', 'elu', 'sigmoid', 'sigmoid', 'sigmoid', 'swish', 'sigmoid', 'swish', 'swish', 'elu', 'elu', 'tanh', 'sigmoid', 'tanh', 'sigmoid', 'swish', 'tanh', 'tanh', 'sigmoid', 'tanh', 'sigmoid', 'sigmoid']",f8f0f6f6f6f8f60808c000f906f90688f9f906094696,700,Adam,MaxAbsoluteDeviation,0.9733429551124573,1.0048727989196777,8.352840100007597
"[23, 23, 23, 23, 23, 23, 23, 8, 8, 20, 8, 23, 8, 23, 8, 16, 23, 23, 8, 23, 12, 17, 17]","['swish', 'elu', 'sigmoid', 'sigmoid', 'sigmoid', 'swish', 'sigmoid', 'swish', 'swish', 'elu', 'elu', 'tanh', 'sigmoid', 'tanh', 'sigmoid', 'swish', 'tanh', 'tanh', 'sigmoid', 'tanh', 'sigmoid', 'sigmoid', 'tanh']",f8f0f6f6f6f8f60808c000f906f90688f9f906f9469699,700,Adam,MaxAbsoluteDeviation,0.97160804271698,1.0515375137329102,8.714888899994548
"[23, 23, 23, 23, 23, 23, 23, 8, 8, 20, 8, 23, 8, 23, 8, 16, 23, 19, 8, 23, 12, 17, 17, 17]","['swish', 'elu', 'sigmoid', 'sigmoid', 'sigmoid', 'swish', 'sigmoid', 'swish', 'swish', 'elu', 'elu', 'tanh', 'sigmoid', 'tanh', 'sigmoid', 'swish', 'tanh', 'tanh', 'sigmoid', 'tanh', 'sigmoid', 'sigmoid', 'tanh', 'sigmoid']",f8f0f6f6f6f8f60808c000f906f90688f9b906f946969996,700,Adam,MaxAbsoluteDeviation,0.970522940158844,1.0714783668518066,8.870349900011206
"[23, 23, 23, 23, 23, 23, 23, 8, 8, 20, 8, 23, 8, 23, 8, 16, 23, 19, 8, 23, 12, 17, 17]","['swish', 'elu', 'sigmoid', 'sigmoid', 'sigmoid', 'swish', 'sigmoid', 'swish', 'swish', 'elu', 'elu', 'tanh', 'sigmoid', 'tanh', 'sigmoid', 'swish', 'tanh', 'tanh', 'sigmoid', 'tanh', 'sigmoid', 'sigmoid', 'tanh']",f8f0f6f6f6f8f60808c000f906f90688f9b906f9469699,700,Adam,MaxAbsoluteDeviation,0.95527184009552,1.067627191543579,8.589155599998776
"[23, 23, 23, 23, 23, 23, 23, 8, 8, 8, 8, 23, 8, 23, 8, 16, 23, 19, 8, 23, 12, 17, 17]","['swish', 'elu', 'sigmoid', 'sigmoid', 'sigmoid', 'swish', 'sigmoid', 'swish', 'swish', 'elu', 'elu', 'tanh', 'sigmoid', 'tanh', 'sigmoid', 'swish', 'tanh', 'tanh', 'sigmoid', 'tanh', 'sigmoid', 'sigmoid', 'tanh']",f8f0f6f6f6f8f608080000f906f90688f9b906f9469699,700,Adam,MaxAbsoluteDeviation,0.9836503863334656,1.1025316715240479,8.698383200011449
"[23, 23, 23, 23, 23, 23, 23, 8, 8, 8, 8, 23, 8, 23, 8, 16, 23, 19, 8, 23, 12, 17]","['swish', 'elu', 'sigmoid', 'sigmoid', 'sigmoid', 'swish', 'sigmoid', 'swish', 'swish', 'elu', 'elu', 'tanh', 'sigmoid', 'tanh', 'sigmoid', 'swish', 'tanh', 'tanh', 'sigmoid', 'tanh', 'sigmoid', 'sigmoid']",f8f0f6f6f6f8f608080000f906f90688f9b906f94696,700,Adam,MaxAbsoluteDeviation,0.967192530632019,1.0613330602645874,8.357270200009225
"[23, 23, 23, 23, 23, 23, 23, 8, 8, 8, 8, 23, 8, 23, 8, 16, 23, 19, 8, 23, 12]","['swish', 'elu', 'sigmoid', 'sigmoid', 'sigmoid', 'swish', 'sigmoid', 'swish', 'swish', 'elu', 'elu', 'tanh', 'sigmoid', 'tanh', 'sigmoid', 'swish', 'tanh', 'tanh', 'sigmoid', 'tanh', 'sigmoid']",f8f0f6f6f6f8f608080000f906f90688f9b906f94696,700,Adam,MaxAbsoluteDeviation,0.967192530632019,1.1015493869781494,5.406849799997872
"[23, 23, 23, 23, 23, 23, 23, 8, 8, 8, 8, 23, 8, 23, 8, 16, 23, 19, 8, 23, 12, 17, 20]","['swish', 'elu', 'sigmoid', 'sigmoid', 'sigmoid', 'swish', 'sigmoid', 'swish', 'swish', 'elu', 'elu', 'tanh', 'sigmoid', 'tanh', 'sigmoid', 'swish', 'tanh', 'tanh', 'sigmoid', 'tanh', 'sigmoid', 'sigmoid', 'swish']",f8f0f6f6f6f8f608080000f906f90688f9b906f94696c8,700,Adam,MaxAbsoluteDeviation,0.9727734327316284,1.0203728675842285,8.613264199986588
"[23, 23, 23, 23, 23, 23, 23, 8, 8, 8, 8, 23, 8, 23, 8, 16, 23, 19, 8, 23, 12, 17, 20]","['swish', 'elu', 'sigmoid', 'sigmoid', 'sigmoid', 'swish', 'sigmoid', 'swish', 'swish', 'elu', 'elu', 'tanh', 'sigmoid', 'tanh', 'sigmoid', 'swish', 'tanh', 'tanh', 'sigmoid', 'tanh', 'sigmoid', 'sigmoid', 'swish']",f8f0f6f6f6f8f608080000f906f90688f9b906f94696c8,700,Adam,MaxAbsoluteDeviation,1.0437073707580566,1.002271294593811,8.5937455999956
"[23, 23, 23, 23, 23, 23, 23, 8, 8, 8, 8, 23, 8, 23, 8, 16, 23, 19, 8, 23, 12, 17, 20]","['swish', 'elu', 'tanh', 'sigmoid', 'sigmoid', 'swish', 'sigmoid', 'swish', 'swish', 'elu', 'elu', 'tanh', 'sigmoid', 'tanh', 'sigmoid', 'swish', 'tanh', 'tanh', 'sigmoid', 'tanh', 'sigmoid', 'sigmoid', 'swish']",f8f0f9f6f6f8f608080000f906f90688f9b906f94696c8,700,Adam,MaxAbsoluteDeviation,0.958710789680481,1.1495568752288818,8.549405800004024
"[23, 23, 23, 23, 23, 23, 23, 8, 8, 8, 8, 23, 8, 23, 8, 16, 23, 19, 8, 23, 12, 17, 20]","['swish', 'elu', 'tanh', 'sigmoid', 'sigmoid', 'swish', 'sigmoid', 'swish', 'swish', 'elu', 'elu', 'tanh', 'sigmoid', 'tanh', 'sigmoid', 'swish', 'tanh', 'tanh', 'sigmoid', 'sigmoid', 'sigmoid', 'sigmoid', 'swish']",f8f0f9f6f6f8f608080000f906f90688f9b906f64696c8,700,Adam,MaxAbsoluteDeviation,0.9616198539733887,1.0400876998901367,8.409746899997117
"[23, 23, 23, 23, 23, 23, 23, 8, 8, 8, 8, 23, 8, 23, 8, 16, 23, 19, 8, 23, 12, 17, 20, 21]","['swish', 'elu', 'tanh', 'sigmoid', 'sigmoid', 'swish', 'sigmoid', 'swish', 'swish', 'elu', 'elu', 'tanh', 'sigmoid', 'tanh', 'sigmoid', 'swish', 'tanh', 'tanh', 'sigmoid', 'sigmoid', 'sigmoid', 'sigmoid', 'swish', 'tanh']",f8f0f9f6f6f8f608080000f906f90688f9b906f64696c8d9,700,Adam,MaxAbsoluteDeviation,0.9645434617996216,1.0828173160552979,8.82583329998306
"[23, 23, 23, 23, 23, 23, 23, 8, 8, 8, 8, 23, 8, 23, 8, 16, 23, 19, 8, 23, 12, 17, 20, 21]","['swish', 'elu', 'tanh', 'sigmoid', 'sigmoid', 'swish', 'sigmoid', 'swish', 'swish', 'elu', 'elu', 'tanh', 'sigmoid', 'tanh', 'sigmoid', 'swish', 'tanh', 'tanh', 'sigmoid', 'sigmoid', 'sigmoid', 'sigmoid', 'swish', 'tanh']",f8f0f9f6f6f8f608080000f906f90688f9b906f64696c8d9,526,Adam,MaxAbsoluteDeviation,0.9641865491867065,1.0468089580535889,7.004898099985439
"[23, 23, 23, 23, 23, 23, 23, 8, 8, 8, 8, 23, 8, 23, 8, 16, 23, 19, 8, 23, 12, 17, 20]","['swish', 'elu', 'tanh', 'sigmoid', 'sigmoid', 'swish', 'sigmoid', 'swish', 'swish', 'elu', 'elu', 'tanh', 'sigmoid', 'tanh', 'sigmoid', 'swish', 'tanh', 'tanh', 'sigmoid', 'sigmoid', 'sigmoid', 'sigmoid', 'swish']",f8f0f9f6f6f8f608080000f906f90688f9b906f64696c8,411,Adam,MaxAbsoluteDeviation,0.9958807229995728,1.2158231735229492,5.645536500000162
"[23, 23, 23, 8, 23, 23, 23, 8, 8, 8, 8, 23, 8, 23, 8, 16, 23, 19, 8, 23, 12, 17, 20]","['swish', 'elu', 'tanh', 'sigmoid', 'sigmoid', 'swish', 'sigmoid', 'swish', 'swish', 'elu', 'elu', 'tanh', 'sigmoid', 'tanh', 'sigmoid', 'swish', 'tanh', 'tanh', 'sigmoid', 'sigmoid', 'sigmoid', 'sigmoid', 'swish']",f8f0f906f6f8f608080000f906f90688f9b906f64696c8,411,Adam,MaxAbsoluteDeviation,0.9703060984611511,1.0460114479064941,5.641158199985512
"[23, 23, 23, 8, 23, 23, 23, 8, 8, 8, 8, 23, 8, 23, 8, 16, 23, 19, 8, 23, 12, 17, 20]","['swish', 'elu', 'tanh', 'sigmoid', 'sigmoid', 'swish', 'sigmoid', 'swish', 'swish', 'elu', 'elu', 'tanh', 'sigmoid', 'tanh', 'sigmoid', 'swish', 'tanh', 'tanh', 'sigmoid', 'sigmoid', 'sigmoid', 'sigmoid', 'swish']",f8f0f906f6f8f608080000f906f90688f9b906f64696c8,700,Adam,MaxAbsoluteDeviation,0.9813099503517151,1.0318963527679443,8.535556399991037
"[23, 23, 23, 8, 23, 23, 23, 8, 8, 8, 8, 23, 8, 23, 8, 16, 23, 19, 8, 23, 12, 17, 20]","['swish', 'elu', 'tanh', 'sigmoid', 'sigmoid', 'swish', 'sigmoid', 'swish', 'swish', 'elu', 'elu', 'tanh', 'sigmoid', 'tanh', 'sigmoid', 'swish', 'tanh', 'tanh', 'sigmoid', 'sigmoid', 'sigmoid', 'sigmoid', 'swish']",f8f0f906f6f8f608080000f906f90688f9b906f64696c8,700,Adam,MaxAbsoluteDeviation,0.9600726366043091,1.042751431465149,8.925943900016136
"[23, 23, 23, 8, 23, 23, 23, 8, 8, 8, 8, 23, 8, 23, 8, 16, 23, 19, 8, 23, 12, 17]","['swish', 'elu', 'tanh', 'sigmoid', 'sigmoid', 'swish', 'sigmoid', 'swish', 'swish', 'elu', 'elu', 'tanh', 'sigmoid', 'tanh', 'sigmoid', 'swish', 'tanh', 'tanh', 'sigmoid', 'sigmoid', 'sigmoid', 'sigmoid']",f8f0f906f6f8f608080000f906f90688f9b906f64696,700,Adam,MaxAbsoluteDeviation,0.9381101727485657,1.0985360145568848,8.371262800006662
"[23, 23, 23, 8, 23, 23, 23, 8, 8, 8, 8, 23, 8, 23, 8, 16, 23, 19, 8, 23, 12, 17]","['swish', 'elu', 'tanh', 'sigmoid', 'sigmoid', 'swish', 'sigmoid', 'swish', 'swish', 'elu', 'elu', 'tanh', 'sigmoid', 'tanh', 'sigmoid', 'swish', 'tanh', 'tanh', 'sigmoid', 'sigmoid', 'sigmoid', 'sigmoid']",f8f0f906f6f8f608080000f906f90688f9b906f64696,700,Adam,MaxAbsoluteDeviation,0.9731295704841614,1.0852293968200684,8.05954269997892
"[23, 23, 23, 8, 23, 23, 23, 8, 8, 8, 8, 23, 8, 23, 8, 16, 23, 19, 8, 23, 12, 17]","['swish', 'elu', 'tanh', 'sigmoid', 'sigmoid', 'swish', 'sigmoid', 'swish', 'swish', 'elu', 'elu', 'tanh', 'sigmoid', 'tanh', 'sigmoid', 'swish', 'tanh', 'tanh', 'sigmoid', 'sigmoid', 'sigmoid', 'sigmoid']",f8f0f906f6f8f608080000f906f90688f9b906f64696,401,Adam,MaxAbsoluteDeviation,0.9572514295578003,1.1015348434448242,5.250563699984923
"[23, 23, 23, 8, 23, 23, 23, 8, 8, 8, 8, 23, 8, 23, 8, 16, 23, 19, 8, 23, 23, 17]","['swish', 'elu', 'tanh', 'sigmoid', 'sigmoid', 'swish', 'sigmoid', 'swish', 'swish', 'elu', 'elu', 'tanh', 'sigmoid', 'tanh', 'sigmoid', 'swish', 'tanh', 'tanh', 'sigmoid', 'sigmoid', 'sigmoid', 'sigmoid']",f8f0f906f6f8f608080000f906f90688f9b906f6f696,401,Adam,MaxAbsoluteDeviation,0.9577849507331848,1.0681864023208618,5.229083000012906
"[23, 23, 23, 8, 23, 23, 23, 8, 8, 8, 8, 23, 8, 23, 8, 16, 23, 19, 8, 23, 23, 17]","['swish', 'elu', 'tanh', 'sigmoid', 'sigmoid', 'swish', 'sigmoid', 'swish', 'swish', 'elu', 'elu', 'tanh', 'sigmoid', 'tanh', 'sigmoid', 'swish', 'tanh', 'tanh', 'sigmoid', 'sigmoid', 'sigmoid', 'sigmoid']",f8f0f906f6f8f608080000f906f90688f9b906f6f696,401,Adam,MaxAbsoluteDeviation,1.0114985704421997,1.1925691366195679,5.282634899980621
"[23, 23, 23, 8, 23, 23, 23, 8, 8, 8, 8, 23, 8, 23, 8, 16, 23, 19, 8, 23, 23, 17]","['swish', 'elu', 'tanh', 'sigmoid', 'sigmoid', 'swish', 'sigmoid', 'swish', 'swish', 'elu', 'elu', 'tanh', 'sigmoid', 'tanh', 'sigmoid', 'swish', 'tanh', 'tanh', 'sigmoid', 'sigmoid', 'sigmoid', 'sigmoid']",f8f0f906f6f8f608080000f906f90688f9b906f6f696,100,Adam,MaxAbsoluteDeviation,0.9486580491065979,1.0030455589294434,2.5347117999917828
"[23, 23, 23, 8, 23, 23, 23, 8, 8, 8, 8, 23, 8, 23, 8, 16, 23, 19, 8, 23, 23, 17]","['swish', 'elu', 'tanh', 'sigmoid', 'sigmoid', 'swish', 'sigmoid', 'swish', 'swish', 'elu', 'elu', 'tanh', 'sigmoid', 'tanh', 'sigmoid', 'swish', 'tanh', 'tanh', 'sigmoid', 'sigmoid', 'sigmoid', 'sigmoid']",f8f0f906f6f8f608080000f906f90688f9b906f6f696,100,Adam,MaxAbsoluteDeviation,0.962704598903656,1.0858734846115112,2.525786700018216
"[23, 23, 23, 8, 23, 23, 23, 8, 8, 8, 8, 23, 8, 23, 8, 23, 23, 19, 8, 23, 23, 17]","['swish', 'elu', 'tanh', 'sigmoid', 'sigmoid', 'swish', 'sigmoid', 'swish', 'swish', 'elu', 'elu', 'tanh', 'sigmoid', 'tanh', 'sigmoid', 'swish', 'tanh', 'tanh', 'sigmoid', 'sigmoid', 'sigmoid', 'sigmoid']",f8f0f906f6f8f608080000f906f906f8f9b906f6f696,100,Adam,MaxAbsoluteDeviation,0.9601179361343384,1.1270813941955566,2.532009399990784
"[23, 23, 23, 8, 23, 23, 23, 8, 8, 8, 23, 23, 8, 23, 8, 23, 23, 19, 8, 23, 23]","['swish', 'elu', 'tanh', 'sigmoid', 'sigmoid', 'swish', 'sigmoid', 'swish', 'swish', 'elu', 'elu', 'tanh', 'sigmoid', 'tanh', 'sigmoid', 'swish', 'tanh', 'tanh', 'sigmoid', 'sigmoid', 'sigmoid']",f8f0f906f6f8f6080800f0f906f906f8f9b906f6f6,100,Adam,MaxAbsoluteDeviation,1.0309538841247559,1.0300463438034058,6.779201199999079
"[23, 23, 23, 8, 23, 23, 23, 23, 8, 8, 23, 23, 8, 23, 8, 23, 23, 19, 8, 23, 23]","['swish', 'elu', 'tanh', 'sigmoid', 'sigmoid', 'swish', 'sigmoid', 'swish', 'swish', 'elu', 'elu', 'tanh', 'sigmoid', 'tanh', 'sigmoid', 'swish', 'tanh', 'tanh', 'sigmoid', 'sigmoid', 'sigmoid']",f8f0f906f6f8f6f80800f0f906f906f8f9b906f6f6,100,Adam,MaxAbsoluteDeviation,0.9813719391822815,1.1066292524337769,2.541591500019422
"[23, 23, 23, 8, 23, 23, 23, 23, 8, 8, 23, 23, 8, 23, 8, 23, 23, 19, 8, 23, 23, 12]","['swish', 'elu', 'tanh', 'sigmoid', 'sigmoid', 'swish', 'sigmoid', 'swish', 'swish', 'elu', 'elu', 'tanh', 'sigmoid', 'tanh', 'sigmoid', 'swish', 'tanh', 'tanh', 'sigmoid', 'sigmoid', 'sigmoid', 'swish']",f8f0f906f6f8f6f80800f0f906f906f8f9b906f6f648,100,Adam,MaxAbsoluteDeviation,1.0306836366653442,1.0607935190200806,2.64458670001477
"[23, 23, 23, 8, 23, 23, 23, 23, 8, 8, 23, 23, 8, 23, 8, 23, 23, 19, 8, 23, 23, 12]","['swish', 'elu', 'tanh', 'sigmoid', 'sigmoid', 'swish', 'sigmoid', 'swish', 'swish', 'elu', 'elu', 'tanh', 'sigmoid', 'tanh', 'sigmoid', 'swish', 'tanh', 'tanh', 'sigmoid', 'sigmoid', 'sigmoid', 'swish']",f8f0f906f6f8f6f80800f0f906f906f8f9b906f6f648,100,Adam,MaxAbsoluteDeviation,0.9900108575820923,1.0290766954421997,2.6536522999813315
"[23, 23, 23, 8, 23, 23, 23, 23, 8, 8, 23, 23, 8, 23, 8, 23, 23, 19, 8, 23, 23, 12]","['swish', 'elu', 'tanh', 'sigmoid', 'sigmoid', 'swish', 'sigmoid', 'swish', 'swish', 'elu', 'elu', 'tanh', 'sigmoid', 'tanh', 'sigmoid', 'swish', 'tanh', 'tanh', 'sigmoid', 'sigmoid', 'sigmoid', 'swish']",f8f0f906f6f8f6f80800f0f906f906f8f9b906f6f648,100,Adam,MaxAbsoluteDeviation,0.9482923746109009,1.136386513710022,2.656359600019641
"[23, 23, 23, 8, 23, 23, 23, 23, 8, 8, 23, 23, 8, 23, 8, 23, 23, 19, 8, 23, 23, 12, 12]","['swish', 'elu', 'tanh', 'sigmoid', 'sigmoid', 'swish', 'sigmoid', 'swish', 'swish', 'elu', 'elu', 'tanh', 'sigmoid', 'tanh', 'sigmoid', 'swish', 'tanh', 'tanh', 'sigmoid', 'sigmoid', 'sigmoid', 'swish', 'swish']",f8f0f906f6f8f6f80800f0f906f906f8f9b906f6f64848,100,Adam,MaxAbsoluteDeviation,0.9637906551361084,1.0287177562713623,2.744281699997373
"[23, 23, 23, 8, 23, 23, 23, 23, 8, 8, 23, 23, 8, 23, 8, 23, 23, 19, 8, 23, 23]","['swish', 'elu', 'tanh', 'sigmoid', 'sigmoid', 'swish', 'sigmoid', 'swish', 'swish', 'elu', 'elu', 'tanh', 'sigmoid', 'tanh', 'sigmoid', 'swish', 'tanh', 'tanh', 'sigmoid', 'sigmoid', 'sigmoid']",f8f0f906f6f8f6f80800f0f906f906f8f9b906f6f6,100,Adam,MaxAbsoluteDeviation,0.9608762860298157,1.0640521049499512,2.5427247999759857
"[23, 23, 23, 8, 23, 23, 23, 23, 8, 8, 23, 23, 8, 23, 8, 23, 23, 19, 8, 23, 23, 12]","['swish', 'elu', 'tanh', 'sigmoid', 'sigmoid', 'swish', 'sigmoid', 'swish', 'swish', 'elu', 'elu', 'tanh', 'sigmoid', 'tanh', 'sigmoid', 'swish', 'tanh', 'elu', 'sigmoid', 'sigmoid', 'sigmoid', 'elu']",f8f0f906f6f8f6f80800f0f906f906f8f9b006f6f640,100,Adam,MaxAbsoluteDeviation,0.9224749207496643,1.183794379234314,2.6340873999870382
"[23, 8, 23, 8, 23, 23, 23, 23, 8, 8, 23, 23, 8, 23, 8, 23, 23, 19, 8, 23, 23, 12]","['swish', 'elu', 'tanh', 'sigmoid', 'sigmoid', 'swish', 'sigmoid', 'swish', 'swish', 'elu', 'elu', 'tanh', 'sigmoid', 'tanh', 'sigmoid', 'swish', 'tanh', 'elu', 'sigmoid', 'sigmoid', 'sigmoid', 'elu']",f800f906f6f8f6f80800f0f906f906f8f9b006f6f640,100,Adam,MaxAbsoluteDeviation,1.0491024255752563,1.1394771337509155,2.6223080000199843
"[23, 8, 23, 8, 23, 23, 23, 23, 8, 8, 23, 23, 8, 23, 8, 23, 23, 19, 8, 23, 23, 12]","['swish', 'elu', 'tanh', 'sigmoid', 'sigmoid', 'swish', 'sigmoid', 'swish', 'swish', 'elu', 'elu', 'tanh', 'sigmoid', 'tanh', 'sigmoid', 'swish', 'tanh', 'elu', 'sigmoid', 'sigmoid', 'sigmoid', 'elu']",f800f906f6f8f6f80800f0f906f906f8f9b006f6f640,100,Adam,MaxAbsoluteDeviation,1.0491024255752563,1.465122938156128,2.6487227999896277
"[23, 8, 23, 8, 23, 23, 23, 23, 8, 8, 23, 23, 8, 23, 8, 23, 23, 19, 8, 23, 23, 12, 9]","['swish', 'elu', 'tanh', 'sigmoid', 'sigmoid', 'swish', 'sigmoid', 'swish', 'swish', 'elu', 'elu', 'tanh', 'sigmoid', 'elu', 'sigmoid', 'swish', 'tanh', 'elu', 'sigmoid', 'sigmoid', 'sigmoid', 'elu', 'swish']",f800f906f6f8f6f80800f0f906f006f8f9b006f6f64018,100,Adam,MaxAbsoluteDeviation,1.0120431184768677,1.113508939743042,2.737333800003398
"[23, 8, 23, 8, 23, 23, 23, 23, 8, 8, 23, 23, 8, 23, 8, 23, 23, 19, 8, 23, 23, 12, 23]","['swish', 'elu', 'tanh', 'sigmoid', 'sigmoid', 'swish', 'sigmoid', 'swish', 'swish', 'elu', 'elu', 'tanh', 'sigmoid', 'elu', 'sigmoid', 'swish', 'tanh', 'elu', 'sigmoid', 'sigmoid', 'sigmoid', 'elu', 'swish']",f800f906f6f8f6f80800f0f906f006f8f9b006f6f640f8,100,Adam,MaxAbsoluteDeviation,1.0113459825515747,1.245875358581543,2.7490583999897353
"[23, 8, 23, 8, 23, 23, 23, 23, 8, 23, 23, 23, 8, 23, 8, 23, 23, 19, 8, 23, 23, 12, 23]","['swish', 'elu', 'tanh', 'sigmoid', 'sigmoid', 'swish', 'sigmoid', 'swish', 'swish', 'elu', 'elu', 'tanh', 'sigmoid', 'elu', 'sigmoid', 'swish', 'tanh', 'elu', 'sigmoid', 'sigmoid', 'sigmoid', 'elu', 'swish']",f800f906f6f8f6f808f0f0f906f006f8f9b006f6f640f8,100,Adam,MaxAbsoluteDeviation,1.0231801271438599,1.060624361038208,2.7741809000144713
"[23, 8, 23, 8, 8, 23, 23, 23, 8, 23, 23, 23, 8, 23, 8, 23, 23, 19, 8, 23, 23, 12, 23]","['swish', 'elu', 'tanh', 'sigmoid', 'sigmoid', 'swish', 'sigmoid', 'swish', 'swish', 'elu', 'elu', 'tanh', 'sigmoid', 'elu', 'sigmoid', 'swish', 'tanh', 'elu', 'sigmoid', 'sigmoid', 'sigmoid', 'elu', 'swish']",f800f90606f8f6f808f0f0f906f006f8f9b006f6f640f8,100,Adam,MaxAbsoluteDeviation,1.0143976211547852,1.1596758365631104,2.72762099999818
"[23, 8, 23, 8, 8, 23, 23, 23, 8, 23, 23, 23, 8, 23, 8, 23, 23, 19, 8, 23, 23, 12, 23]","['swish', 'elu', 'tanh', 'sigmoid', 'sigmoid', 'swish', 'sigmoid', 'swish', 'swish', 'elu', 'elu', 'tanh', 'sigmoid', 'elu', 'sigmoid', 'swish', 'tanh', 'elu', 'sigmoid', 'sigmoid', 'sigmoid', 'elu', 'swish']",f800f90606f8f6f808f0f0f906f006f8f9b006f6f640f8,700,Adam,MaxAbsoluteDeviation,0.9663679003715515,1.0535144805908203,8.639843399985693
"[23, 8, 23, 8, 8, 23, 23, 23, 8, 23, 23, 23, 8, 23, 8, 23, 23, 19, 8, 23, 23, 12, 23]","['swish', 'elu', 'tanh', 'sigmoid', 'sigmoid', 'swish', 'sigmoid', 'swish', 'swish', 'elu', 'elu', 'tanh', 'sigmoid', 'elu', 'sigmoid', 'swish', 'tanh', 'elu', 'sigmoid', 'sigmoid', 'sigmoid', 'elu', 'swish']",f800f90606f8f6f808f0f0f906f006f8f9b006f6f640f8,700,Adam,MaxAbsoluteDeviation,0.9522405862808228,1.0829919576644897,8.674958700023126
"[23, 8, 23, 8, 8, 23, 23, 23, 8, 23, 23, 23, 8, 23, 8, 23, 23, 19, 8, 23, 23, 23, 23]","['swish', 'elu', 'tanh', 'sigmoid', 'sigmoid', 'swish', 'sigmoid', 'swish', 'swish', 'elu', 'elu', 'tanh', 'sigmoid', 'elu', 'sigmoid', 'swish', 'tanh', 'elu', 'sigmoid', 'sigmoid', 'sigmoid', 'elu', 'swish']",f800f90606f8f6f808f0f0f906f006f8f9b006f6f6f0f8,700,Adam,MaxAbsoluteDeviation,1.0758908987045288,1.0463330745697021,8.622730400005821
"[23, 8, 23, 8, 8, 23, 23, 23, 8, 23, 23, 23, 8, 23, 8, 23, 23, 19, 8, 23, 23, 23, 23]","['swish', 'elu', 'tanh', 'sigmoid', 'sigmoid', 'swish', 'sigmoid', 'swish', 'swish', 'elu', 'elu', 'tanh', 'sigmoid', 'elu', 'sigmoid', 'swish', 'tanh', 'elu', 'sigmoid', 'sigmoid', 'sigmoid', 'elu', 'swish']",f800f90606f8f6f808f0f0f906f006f8f9b006f6f6f0f8,700,Adam,MaxAbsoluteDeviation,0.9712005853652954,1.047269344329834,8.53857699999935
"[23, 8, 23, 8, 8, 23, 23, 23, 8, 23, 23, 23, 8, 23, 8, 23, 23, 19, 8, 23, 23, 23, 23]","['swish', 'elu', 'tanh', 'sigmoid', 'sigmoid', 'swish', 'sigmoid', 'swish', 'swish', 'elu', 'elu', 'tanh', 'sigmoid', 'elu', 'sigmoid', 'swish', 'tanh', 'elu', 'sigmoid', 'sigmoid', 'sigmoid', 'elu', 'swish']",f800f90606f8f6f808f0f0f906f006f8f9b006f6f6f0f8,700,Adam,MaxAbsoluteDeviation,1.0106757879257202,1.108202338218689,8.553350100002717
"[23, 8, 23, 8, 8, 23, 23, 23, 8, 23, 23, 23, 8, 23, 8, 23, 23, 19, 8, 23, 23, 23, 23]","['swish', 'elu', 'tanh', 'elu', 'sigmoid', 'swish', 'sigmoid', 'swish', 'swish', 'elu', 'elu', 'tanh', 'sigmoid', 'elu', 'sigmoid', 'swish', 'tanh', 'elu', 'sigmoid', 'sigmoid', 'sigmoid', 'elu', 'swish']",f800f90006f8f6f808f0f0f906f006f8f9b006f6f6f0f8,700,Adam,MaxAbsoluteDeviation,0.9665725827217102,1.1190226078033447,8.551527500007069
"[8, 8, 23, 8, 8, 23, 23, 23, 23, 23, 23, 23, 8, 23, 8, 23, 23, 19, 8, 23, 23, 23, 23]","['swish', 'elu', 'tanh', 'elu', 'sigmoid', 'swish', 'sigmoid', 'swish', 'swish', 'elu', 'elu', 'tanh', 'sigmoid', 'elu', 'sigmoid', 'swish', 'tanh', 'elu', 'sigmoid', 'sigmoid', 'sigmoid', 'elu', 'swish']",0800f90006f8f6f8f8f0f0f906f006f8f9b006f6f6f0f8,700,Adam,MaxAbsoluteDeviation,0.9772742390632629,1.024221658706665,8.533498300006613
"[8, 8, 23, 8, 8, 23, 23, 23, 23, 23, 23, 23, 8, 23, 8, 23, 23, 19, 8, 23, 23, 23]","['swish', 'elu', 'tanh', 'elu', 'sigmoid', 'swish', 'sigmoid', 'swish', 'swish', 'elu', 'elu', 'tanh', 'sigmoid', 'elu', 'sigmoid', 'swish', 'tanh', 'elu', 'sigmoid', 'sigmoid', 'sigmoid', 'elu']",0800f90006f8f6f8f8f0f0f906f006f8f9b006f6f6f0,700,Adam,MaxAbsoluteDeviation,1.0085104703903198,1.0820095539093018,8.279368399991654
"[8, 8, 23, 8, 8, 23, 23, 23, 23, 23, 23, 23, 8, 23, 8, 23, 23, 19, 8, 23, 23]","['swish', 'elu', 'tanh', 'elu', 'sigmoid', 'swish', 'sigmoid', 'swish', 'swish', 'elu', 'elu', 'tanh', 'sigmoid', 'elu', 'sigmoid', 'swish', 'tanh', 'elu', 'sigmoid', 'sigmoid', 'sigmoid']",0800f90006f8f6f8f8f0f0f906f006f8f9b006f6f6,700,Adam,MaxAbsoluteDeviation,0.9701038599014282,1.0671632289886475,7.948858400020981
"[8, 8, 23, 8, 8, 23, 23, 23, 23, 23, 23, 23, 8, 23, 8, 23, 23, 19, 8, 23, 23]","['swish', 'elu', 'tanh', 'elu', 'sigmoid', 'swish', 'sigmoid', 'swish', 'swish', 'elu', 'elu', 'tanh', 'sigmoid', 'elu', 'sigmoid', 'swish', 'tanh', 'elu', 'sigmoid', 'sigmoid', 'sigmoid']",0800f90006f8f6f8f8f0f0f906f006f8f9b006f6f6,700,Adam,MaxAbsoluteDeviation,0.9750738739967346,1.0426937341690063,7.987899200001266
"[8, 8, 23, 8, 8, 23, 23, 23, 23, 23, 23, 23, 8, 23, 8, 23, 23, 19, 8, 23, 23]","['swish', 'elu', 'tanh', 'elu', 'sigmoid', 'swish', 'sigmoid', 'swish', 'swish', 'elu', 'elu', 'tanh', 'sigmoid', 'elu', 'sigmoid', 'swish', 'tanh', 'elu', 'sigmoid', 'sigmoid', 'sigmoid']",0800f90006f8f6f8f8f0f0f906f006f8f9b006f6f6,700,Adam,MaxAbsoluteDeviation,0.9789006114006042,1.066503882408142,8.004859500011662
"[8, 8, 23, 8, 8, 23, 23, 23, 23, 23, 23, 23, 8, 23, 8, 23, 23, 19, 8, 23, 23]","['swish', 'elu', 'tanh', 'elu', 'sigmoid', 'swish', 'sigmoid', 'swish', 'swish', 'elu', 'elu', 'tanh', 'sigmoid', 'elu', 'sigmoid', 'swish', 'tanh', 'elu', 'sigmoid', 'sigmoid', 'sigmoid']",0800f90006f8f6f8f8f0f0f906f006f8f9b006f6f6,100,Adam,MaxAbsoluteDeviation,0.9992838501930237,1.0469374656677246,2.5028333000082057
"[8, 8, 23, 8, 8, 23, 23, 23, 23, 23, 23, 23, 8, 23, 8, 23, 23, 19, 8, 23]","['swish', 'elu', 'tanh', 'elu', 'sigmoid', 'swish', 'sigmoid', 'swish', 'swish', 'elu', 'elu', 'tanh', 'sigmoid', 'elu', 'sigmoid', 'swish', 'tanh', 'elu', 'sigmoid', 'sigmoid']",0800f90006f8f6f8f8f0f0f906f006f8f9b006f6,700,Adam,MaxAbsoluteDeviation,1.0493903160095215,1.0317922830581665,7.571928600023966
"[8, 8, 23, 8, 8, 23, 23, 23, 23, 23, 23, 23, 8, 23, 8, 23, 23, 19, 8]","['swish', 'elu', 'tanh', 'elu', 'sigmoid', 'swish', 'sigmoid', 'swish', 'swish', 'elu', 'elu', 'tanh', 'sigmoid', 'elu', 'sigmoid', 'swish', 'tanh', 'elu', 'sigmoid']",0800f90006f8f6f8f8f0f0f906f006f8f9b006,700,Adam,MaxAbsoluteDeviation,0.9537394046783447,1.062199592590332,7.344121799978893
"[8, 8, 23, 8, 8, 23, 23, 23, 23, 23, 23, 23, 8, 23, 8, 23, 23, 19, 8, 12]","['swish', 'elu', 'tanh', 'elu', 'sigmoid', 'swish', 'sigmoid', 'swish', 'swish', 'elu', 'elu', 'tanh', 'sigmoid', 'elu', 'sigmoid', 'swish', 'tanh', 'elu', 'sigmoid', 'elu']",0800f90006f8f6f8f8f0f0f906f006f8f9b00640,700,Adam,MaxAbsoluteDeviation,0.9820814728736877,1.078783631324768,7.613131299993256
"[8, 8, 23, 8, 8, 23, 23, 23, 23, 23, 23, 23, 8, 23, 8, 23, 23, 19, 8, 12]","['swish', 'elu', 'tanh', 'elu', 'sigmoid', 'swish', 'sigmoid', 'swish', 'swish', 'elu', 'elu', 'tanh', 'sigmoid', 'elu', 'sigmoid', 'swish', 'tanh', 'elu', 'sigmoid', 'elu']",0800f90006f8f6f8f8f0f0f906f006f8f9b00640,700,Adam,MaxAbsoluteDeviation,1.0385849475860596,1.1679128408432007,7.5264714999939315
"[8, 8, 23, 8, 8, 23, 23, 23, 23, 23, 23, 23, 8, 23, 8, 23, 23, 19, 23, 12]","['swish', 'elu', 'tanh', 'elu', 'sigmoid', 'swish', 'sigmoid', 'swish', 'swish', 'elu', 'elu', 'tanh', 'sigmoid', 'elu', 'sigmoid', 'swish', 'tanh', 'elu', 'sigmoid', 'elu']",0800f90006f8f6f8f8f0f0f906f006f8f9b0f640,700,Adam,MaxAbsoluteDeviation,1.0339490175247192,1.043013334274292,7.610248699988006
"[8, 8, 23, 8, 8, 23, 23, 23, 23, 23, 23, 23, 8, 23, 8, 23, 23, 19, 23, 12]","['swish', 'elu', 'tanh', 'elu', 'sigmoid', 'swish', 'sigmoid', 'swish', 'swish', 'elu', 'elu', 'tanh', 'sigmoid', 'elu', 'sigmoid', 'swish', 'tanh', 'elu', 'sigmoid', 'elu']",0800f90006f8f6f8f8f0f0f906f006f8f9b0f640,700,Adam,MaxAbsoluteDeviation,0.979678213596344,1.0099903345108032,7.538084900006652
"[8, 8, 23, 8, 8, 23, 23, 23, 23, 23, 23, 23, 8, 23, 8, 23, 23, 19, 23, 12, 8]","['swish', 'elu', 'tanh', 'elu', 'sigmoid', 'swish', 'sigmoid', 'swish', 'swish', 'elu', 'elu', 'tanh', 'sigmoid', 'elu', 'sigmoid', 'swish', 'tanh', 'elu', 'sigmoid', 'elu', 'elu']",0800f90006f8f6f8f8f0f0f906f006f8f9b0f64000,700,Adam,MaxAbsoluteDeviation,1.1016912460327148,1.2146905660629272,7.820445599994855
"[8, 8, 23, 8, 8, 23, 23, 23, 23, 23, 23, 23, 8, 23, 8, 23, 23, 19, 23, 12, 8, 11]","['swish', 'elu', 'tanh', 'elu', 'sigmoid', 'swish', 'sigmoid', 'swish', 'swish', 'elu', 'elu', 'tanh', 'sigmoid', 'elu', 'sigmoid', 'swish', 'tanh', 'elu', 'sigmoid', 'elu', 'elu', 'tanh']",0800f90006f8f6f8f8f0f0f906f006f8f9b0f6400039,700,Adam,MaxAbsoluteDeviation,0.9591086506843567,1.0787310600280762,8.035384799994063
"[8, 8, 23, 8, 8, 23, 23, 23, 23, 23, 23, 23, 8, 23, 8, 23, 23, 19, 23, 23]","['swish', 'elu', 'tanh', 'elu', 'swish', 'swish', 'sigmoid', 'swish', 'swish', 'elu', 'elu', 'tanh', 'sigmoid', 'elu', 'sigmoid', 'swish', 'tanh', 'elu', 'sigmoid', 'elu']",0800f90008f8f6f8f8f0f0f906f006f8f9b0f6f0,700,Adam,MaxAbsoluteDeviation,0.9568552374839783,1.0765901803970337,7.52991209999891
"[8, 8, 23, 8, 23, 23, 23, 23, 23, 23, 23, 23, 8, 23, 8, 23, 23, 8, 23, 8, 8]","['swish', 'elu', 'tanh', 'elu', 'swish', 'swish', 'sigmoid', 'swish', 'swish', 'elu', 'elu', 'tanh', 'sigmoid', 'elu', 'sigmoid', 'swish', 'tanh', 'elu', 'sigmoid', 'elu', 'swish']",0800f900f8f8f6f8f8f0f0f906f006f8f900f60008,700,Adam,MaxAbsoluteDeviation,0.9692943096160889,1.0632143020629883,7.65003250000882
"[8, 8, 23, 8, 23, 23, 23, 23, 23, 23, 23, 23, 8, 23, 8, 23, 23, 23, 23, 8, 8]","['swish', 'elu', 'tanh', 'elu', 'swish', 'swish', 'sigmoid', 'swish', 'swish', 'elu', 'elu', 'tanh', 'sigmoid', 'elu', 'sigmoid', 'swish', 'tanh', 'elu', 'sigmoid', 'elu', 'swish']",0800f900f8f8f6f8f8f0f0f906f006f8f9f0f60008,700,Adam,MaxAbsoluteDeviation,0.9665078520774841,1.032132863998413,12.716288800002076
"[8, 8, 23, 8, 23, 23, 23, 23, 23, 23, 23, 23, 8, 23, 8, 23, 23, 23, 23, 8, 8]","['swish', 'elu', 'tanh', 'elu', 'swish', 'elu', 'sigmoid', 'swish', 'swish', 'elu', 'elu', 'tanh', 'sigmoid', 'elu', 'sigmoid', 'swish', 'tanh', 'elu', 'sigmoid', 'elu', 'swish']",0800f900f8f0f6f8f8f0f0f906f006f8f9f0f60008,700,Adam,MaxAbsoluteDeviation,0.9546707272529602,1.0558332204818726,8.408060399990063
"[8, 8, 23, 8, 23, 23, 23, 23, 23, 23, 23, 23, 8, 23, 8, 23, 23, 23, 23, 8, 8]","['swish', 'elu', 'tanh', 'elu', 'swish', 'elu', 'sigmoid', 'swish', 'elu', 'elu', 'elu', 'tanh', 'sigmoid', 'elu', 'sigmoid', 'swish', 'tanh', 'elu', 'sigmoid', 'elu', 'swish']",0800f900f8f0f6f8f0f0f0f906f006f8f9f0f60008,700,Adam,MaxAbsoluteDeviation,0.9681503176689148,1.0581238269805908,8.260541299998295
"[8, 8, 23, 8, 23, 23, 23, 23, 23, 23, 23, 23, 8, 23, 8, 23, 23, 23, 23, 8, 8]","['swish', 'elu', 'tanh', 'elu', 'swish', 'elu', 'sigmoid', 'swish', 'elu', 'elu', 'elu', 'tanh', 'sigmoid', 'elu', 'sigmoid', 'swish', 'tanh', 'elu', 'tanh', 'elu', 'swish']",0800f900f8f0f6f8f0f0f0f906f006f8f9f0f90008,700,Adam,MaxAbsoluteDeviation,0.9742541313171387,1.0601762533187866,8.32088179999846
"[8, 8, 23, 8, 23, 23, 23, 23, 23, 23, 23, 23, 8, 23, 8, 23, 23, 23, 23, 8]","['swish', 'elu', 'tanh', 'elu', 'swish', 'elu', 'sigmoid', 'swish', 'elu', 'elu', 'elu', 'tanh', 'sigmoid', 'elu', 'sigmoid', 'swish', 'tanh', 'elu', 'tanh', 'elu']",0800f900f8f0f6f8f0f0f0f906f006f8f9f0f900,700,Adam,MaxAbsoluteDeviation,0.9772791862487793,1.0162618160247803,7.987729999993462
"[8, 8, 23, 8, 23, 23, 23, 23, 23, 23, 23, 23, 8, 23, 8, 23, 23, 23, 23, 8]","['swish', 'elu', 'tanh', 'elu', 'swish', 'elu', 'sigmoid', 'swish', 'elu', 'elu', 'elu', 'tanh', 'sigmoid', 'elu', 'sigmoid', 'swish', 'tanh', 'elu', 'tanh', 'elu']",0800f900f8f0f6f8f0f0f0f906f006f8f9f0f900,700,Adam,MaxAbsoluteDeviation,1.0162289142608643,1.1538892984390259,7.959101299988106
"[8, 8, 23, 8, 23, 23, 23, 23, 23, 23, 23, 23, 8, 23, 8, 23, 23, 23, 23, 8]","['swish', 'elu', 'tanh', 'elu', 'swish', 'elu', 'sigmoid', 'swish', 'elu', 'elu', 'elu', 'tanh', 'sigmoid', 'elu', 'sigmoid', 'swish', 'tanh', 'tanh', 'tanh', 'elu']",0800f900f8f0f6f8f0f0f0f906f006f8f9f9f900,700,Adam,MaxAbsoluteDeviation,1.0227878093719482,1.0946781635284424,7.931117900006939
"[8, 8, 23, 8, 23, 23, 23, 23, 23, 23, 23, 23, 8, 23, 8, 23, 23, 23, 23, 8]","['swish', 'elu', 'tanh', 'elu', 'swish', 'elu', 'sigmoid', 'swish', 'elu', 'elu', 'elu', 'tanh', 'sigmoid', 'elu', 'sigmoid', 'swish', 'tanh', 'tanh', 'tanh', 'elu']",0800f900f8f0f6f8f0f0f0f906f006f8f9f9f900,700,Adam,MaxAbsoluteDeviation,0.970966637134552,1.0532870292663574,7.9567517999967095
"[8, 8, 23, 8, 23, 23, 23, 23, 23, 23, 23, 23, 8, 23, 8, 23, 23, 23, 23, 8]","['swish', 'elu', 'tanh', 'elu', 'swish', 'elu', 'sigmoid', 'swish', 'elu', 'elu', 'elu', 'tanh', 'sigmoid', 'elu', 'sigmoid', 'swish', 'tanh', 'tanh', 'tanh', 'elu']",0800f900f8f0f6f8f0f0f0f906f006f8f9f9f900,700,Adam,MaxAbsoluteDeviation,0.9823622107505798,1.1258419752120972,7.869624000013573
"[8, 8, 23, 8, 23, 23, 23, 23, 23, 23, 23, 23, 8, 23, 8, 23, 23, 23, 23]","['swish', 'elu', 'tanh', 'elu', 'swish', 'elu', 'sigmoid', 'swish', 'elu', 'elu', 'elu', 'tanh', 'sigmoid', 'elu', 'sigmoid', 'swish', 'tanh', 'tanh', 'tanh']",0800f900f8f0f6f8f0f0f0f906f006f8f9f9f9,700,Adam,MaxAbsoluteDeviation,0.977811336517334,1.1211154460906982,7.571003400022164
"[8, 8, 23, 8, 23, 23, 23, 23, 23, 23, 23, 23, 8, 23, 8, 23, 23, 23]","['swish', 'elu', 'tanh', 'elu', 'swish', 'elu', 'sigmoid', 'swish', 'elu', 'elu', 'elu', 'tanh', 'sigmoid', 'elu', 'sigmoid', 'swish', 'tanh', 'tanh']",0800f900f8f0f6f8f0f0f0f906f006f8f9f9,418,Adam,MaxAbsoluteDeviation,1.0147167444229126,1.0882325172424316,4.921736499993131
"[8, 8, 23, 8, 23, 23, 23, 23, 23, 23, 23, 23, 8, 23, 8, 23, 23]","['swish', 'elu', 'tanh', 'elu', 'swish', 'elu', 'sigmoid', 'swish', 'elu', 'elu', 'elu', 'tanh', 'sigmoid', 'elu', 'sigmoid', 'swish', 'tanh']",0800f900f8f0f6f8f0f0f0f906f006f8f9,418,Adam,MaxAbsoluteDeviation,0.9670079946517944,1.0832443237304688,4.694971199991414
"[8, 8, 23, 8, 23, 23, 23, 23, 23, 23, 23, 23, 8, 23, 8, 23, 23]","['swish', 'elu', 'tanh', 'elu', 'swish', 'elu', 'sigmoid', 'swish', 'elu', 'elu', 'elu', 'tanh', 'sigmoid', 'elu', 'sigmoid', 'swish', 'tanh']",0800f900f8f0f6f8f0f0f0f906f006f8f9,700,Adam,MaxAbsoluteDeviation,0.9686077833175659,1.116369605064392,6.974067700008163
"[8, 8, 23, 8, 23, 23, 23, 23, 23, 23, 23, 23, 8, 23, 8, 23]","['swish', 'elu', 'tanh', 'elu', 'swish', 'elu', 'sigmoid', 'swish', 'elu', 'elu', 'elu', 'tanh', 'sigmoid', 'elu', 'sigmoid', 'swish']",0800f900f8f0f6f8f0f0f0f906f006f8,700,Adam,MaxAbsoluteDeviation,0.9744364023208618,1.1064128875732422,6.749817900010385
"[8, 8, 23, 8, 23, 23, 23, 23, 23, 23, 23, 23, 8, 23, 8, 23]","['sigmoid', 'elu', 'tanh', 'elu', 'swish', 'elu', 'sigmoid', 'swish', 'elu', 'elu', 'elu', 'tanh', 'sigmoid', 'elu', 'sigmoid', 'swish']",0600f900f8f0f6f8f0f0f0f906f006f8,365,Adam,MaxAbsoluteDeviation,0.9758071303367615,1.0781598091125488,4.070919199992204
"[8, 8, 23, 8, 23, 23, 23, 23, 23, 23, 23, 23, 8, 9, 8, 23]","['sigmoid', 'elu', 'tanh', 'elu', 'swish', 'elu', 'sigmoid', 'swish', 'elu', 'elu', 'elu', 'tanh', 'sigmoid', 'elu', 'sigmoid', 'swish']",0600f900f8f0f6f8f0f0f0f9061006f8,334,Adam,MaxAbsoluteDeviation,0.966014564037323,1.0212466716766357,3.881885600014357
"[8, 8, 23, 8, 23, 23, 23, 23, 23, 23, 23, 23, 8, 9, 8, 23]","['sigmoid', 'elu', 'tanh', 'elu', 'elu', 'elu', 'sigmoid', 'swish', 'elu', 'elu', 'elu', 'tanh', 'sigmoid', 'elu', 'sigmoid', 'swish']",0600f900f0f0f6f8f0f0f0f9061006f8,172,Adam,MaxAbsoluteDeviation,0.9654541015625,1.1276742219924927,2.5641700999985915
"[8, 8, 23, 8, 23, 23, 23, 23, 23, 23, 23, 23, 8, 9, 8]","['sigmoid', 'elu', 'tanh', 'elu', 'elu', 'elu', 'sigmoid', 'swish', 'elu', 'elu', 'elu', 'tanh', 'sigmoid', 'elu', 'sigmoid']",0600f900f0f0f6f8f0f0f0f9061006,172,Adam,MaxAbsoluteDeviation,0.9776473045349121,1.0371425151824951,2.427867199992761
"[8, 8, 23, 8, 23, 23, 23, 23, 23, 23, 23, 23, 8, 9, 8, 23]","['sigmoid', 'elu', 'tanh', 'elu', 'elu', 'elu', 'sigmoid', 'swish', 'elu', 'elu', 'elu', 'tanh', 'sigmoid', 'elu', 'sigmoid', 'swish']",0600f900f0f0f6f8f0f0f0f9061006f8,172,Adam,MaxAbsoluteDeviation,0.9924643039703369,1.2187302112579346,2.5662671999889426
"[8, 8, 23, 8, 23, 23, 23, 23, 23, 23, 23, 23, 8, 9, 8, 23, 10]","['sigmoid', 'elu', 'tanh', 'elu', 'elu', 'elu', 'sigmoid', 'swish', 'elu', 'elu', 'elu', 'tanh', 'sigmoid', 'elu', 'sigmoid', 'swish', 'swish']",0600f900f0f0f6f8f0f0f0f9061006f828,172,Adam,MaxAbsoluteDeviation,0.965618908405304,1.0286728143692017,2.6965840000193566
"[8, 8, 23, 8, 23, 23, 23, 23, 23, 23, 23, 23, 8, 9, 8, 23, 10]","['sigmoid', 'elu', 'tanh', 'elu', 'elu', 'elu', 'sigmoid', 'swish', 'elu', 'elu', 'elu', 'tanh', 'sigmoid', 'elu', 'sigmoid', 'swish', 'swish']",0600f900f0f0f6f8f0f0f0f9061006f828,100,Adam,MaxAbsoluteDeviation,0.9869788289070129,1.1565062999725342,2.146455700014485
"[8, 8, 23, 8, 23, 23, 23, 23, 23, 23, 23, 23, 8, 9, 8, 23, 10, 23]","['sigmoid', 'elu', 'tanh', 'elu', 'elu', 'elu', 'sigmoid', 'swish', 'elu', 'elu', 'elu', 'tanh', 'sigmoid', 'elu', 'sigmoid', 'swish', 'swish', 'swish']",0600f900f0f0f6f8f0f0f0f9061006f828f8,100,Adam,MaxAbsoluteDeviation,0.9815313816070557,1.0100780725479126,2.219034499983536
"[8, 8, 23, 8, 23, 23, 23, 23, 23, 23, 23, 23, 8, 9, 8, 23, 10, 23, 20]","['sigmoid', 'elu', 'tanh', 'elu', 'elu', 'elu', 'sigmoid', 'swish', 'elu', 'elu', 'elu', 'tanh', 'sigmoid', 'elu', 'sigmoid', 'swish', 'swish', 'swish', 'tanh']",0600f900f0f0f6f8f0f0f0f9061006f828f8c9,100,Adam,MaxAbsoluteDeviation,1.0833674669265747,1.1789389848709106,2.329476999992039
"[8, 8, 23, 8, 23, 23, 23, 23, 23, 23, 8, 23, 8, 9, 8, 23, 10, 23, 20]","['sigmoid', 'elu', 'tanh', 'elu', 'swish', 'elu', 'sigmoid', 'swish', 'elu', 'elu', 'elu', 'tanh', 'sigmoid', 'elu', 'sigmoid', 'swish', 'swish', 'swish', 'tanh']",0600f900f8f0f6f8f0f000f9061006f828f8c9,100,Adam,MaxAbsoluteDeviation,1.049180269241333,1.0763940811157227,2.3434249999991152
"[8, 8, 23, 8, 23, 23, 23, 23, 23, 23, 8, 23, 8, 9, 8, 23, 10, 23]","['sigmoid', 'elu', 'tanh', 'elu', 'swish', 'elu', 'sigmoid', 'swish', 'elu', 'elu', 'elu', 'tanh', 'sigmoid', 'elu', 'sigmoid', 'swish', 'swish', 'swish']",0600f900f8f0f6f8f0f000f9061006f828f8,100,Adam,MaxAbsoluteDeviation,1.1592885255813599,1.2503736019134521,2.2546420999860857
"[8, 8, 23, 8, 23, 23, 23, 23, 23, 23, 8, 23, 8, 9, 8, 23, 10, 23, 22]","['sigmoid', 'elu', 'tanh', 'elu', 'swish', 'elu', 'sigmoid', 'swish', 'elu', 'elu', 'elu', 'tanh', 'sigmoid', 'elu', 'sigmoid', 'swish', 'swish', 'swish', 'tanh']",0600f900f8f0f6f8f0f000f9061006f828f8e9,700,Adam,MaxAbsoluteDeviation,0.9803519248962402,1.053014874458313,7.53472250001505
"[8, 8, 23, 8, 23, 23, 23, 23, 23, 23, 8, 23, 8, 9, 8, 23, 10, 23]","['sigmoid', 'elu', 'tanh', 'elu', 'swish', 'elu', 'sigmoid', 'swish', 'elu', 'elu', 'elu', 'tanh', 'sigmoid', 'elu', 'sigmoid', 'swish', 'swish', 'swish']",0600f900f8f0f6f8f0f000f9061006f828f8,700,Adam,MaxAbsoluteDeviation,0.962273120880127,1.0714811086654663,7.350598199991509
"[8, 8, 23, 8, 23, 23, 23, 23, 23, 23, 8, 23, 8, 9, 8, 23, 10]","['sigmoid', 'elu', 'tanh', 'elu', 'swish', 'elu', 'sigmoid', 'swish', 'elu', 'elu', 'elu', 'tanh', 'sigmoid', 'elu', 'sigmoid', 'swish', 'swish']",0600f900f8f0f6f8f0f000f9061006f828,432,Adam,MaxAbsoluteDeviation,0.9686565399169922,1.0248193740844727,4.776877600001171
"[8, 23, 23, 8, 23, 23, 23, 23, 23, 23, 8, 23, 8, 9, 8, 23, 10]","['sigmoid', 'elu', 'tanh', 'elu', 'swish', 'elu', 'sigmoid', 'swish', 'elu', 'elu', 'elu', 'tanh', 'sigmoid', 'elu', 'sigmoid', 'swish', 'swish']",06f0f900f8f0f6f8f0f000f9061006f828,432,Adam,MaxAbsoluteDeviation,0.9708444476127625,1.0465646982192993,4.765676799986977
"[8, 23, 23, 8, 23, 23, 23, 23, 23, 23, 8, 23, 8, 9, 8, 23, 10]","['sigmoid', 'elu', 'tanh', 'elu', 'swish', 'elu', 'sigmoid', 'swish', 'elu', 'elu', 'elu', 'tanh', 'sigmoid', 'elu', 'sigmoid', 'swish', 'swish']",06f0f900f8f0f6f8f0f000f9061006f828,700,Adam,MaxAbsoluteDeviation,0.9761379361152649,1.0738458633422852,6.973563500010641
"[8, 23, 23, 8, 23, 23, 23, 23, 23, 23, 8, 23, 8, 9, 8, 23, 10, 18]","['sigmoid', 'elu', 'tanh', 'elu', 'swish', 'elu', 'sigmoid', 'swish', 'elu', 'elu', 'elu', 'tanh', 'sigmoid', 'elu', 'sigmoid', 'swish', 'swish', 'tanh']",06f0f900f8f0f6f8f0f000f9061006f828a9,700,Adam,MaxAbsoluteDeviation,0.9533851742744446,1.1158205270767212,7.248710499989102
"[8, 23, 23, 8, 23, 23, 23, 23, 23, 23, 8, 23, 8, 8, 8, 23, 10, 18]","['sigmoid', 'elu', 'tanh', 'elu', 'swish', 'elu', 'sigmoid', 'swish', 'elu', 'elu', 'elu', 'tanh', 'sigmoid', 'elu', 'sigmoid', 'swish', 'swish', 'tanh']",06f0f900f8f0f6f8f0f000f9061006f828a9,700,Adam,MaxAbsoluteDeviation,0.9533851742744446,1.1006150245666504,7.146978299977491
"[8, 23, 23, 8, 23, 23, 23, 23, 23, 23, 8, 23, 8, 9, 8, 23, 10, 18]","['sigmoid', 'elu', 'tanh', 'elu', 'swish', 'elu', 'sigmoid', 'swish', 'elu', 'elu', 'elu', 'tanh', 'sigmoid', 'elu', 'sigmoid', 'swish', 'swish', 'tanh']",06f0f900f8f0f6f8f0f000f9061006f828a9,700,Adam,MaxAbsoluteDeviation,0.9828799962997437,1.0698015689849854,7.147358799993526
"[8, 23, 23, 8, 23, 23, 23, 23, 23, 23, 8, 23, 8, 9, 8, 23, 10]","['sigmoid', 'elu', 'tanh', 'elu', 'swish', 'elu', 'sigmoid', 'swish', 'elu', 'elu', 'elu', 'tanh', 'sigmoid', 'elu', 'sigmoid', 'swish', 'swish']",06f0f900f8f0f6f8f0f000f9061006f828,700,Adam,MaxAbsoluteDeviation,0.9595744609832764,1.058368444442749,6.8931225999840535
"[8, 23, 23, 8, 23, 23, 23, 23, 23, 23, 8, 23, 8, 9, 8, 23, 10]","['sigmoid', 'elu', 'swish', 'elu', 'swish', 'elu', 'sigmoid', 'swish', 'elu', 'elu', 'elu', 'tanh', 'sigmoid', 'elu', 'sigmoid', 'swish', 'swish']",06f0f800f8f0f6f8f0f000f9061006f828,700,Adam,MaxAbsoluteDeviation,0.9713620543479919,1.0503137111663818,6.902032899990445
"[23, 23, 23, 8, 23, 23, 23, 23, 23, 23, 8, 23, 8, 9, 8, 23, 10]","['sigmoid', 'elu', 'swish', 'elu', 'swish', 'elu', 'sigmoid', 'swish', 'elu', 'elu', 'elu', 'tanh', 'sigmoid', 'elu', 'sigmoid', 'swish', 'swish']",f6f0f800f8f0f6f8f0f000f9061006f828,700,Adam,MaxAbsoluteDeviation,0.9724887013435364,1.0415529012680054,6.879898000013782
"[23, 23, 23, 8, 23, 23, 23, 23, 23, 23, 8, 23, 8, 9, 8, 23, 10]","['sigmoid', 'elu', 'swish', 'elu', 'swish', 'elu', 'sigmoid', 'swish', 'elu', 'elu', 'elu', 'tanh', 'sigmoid', 'elu', 'sigmoid', 'swish', 'swish']",f6f0f800f8f0f6f8f0f000f9061006f828,700,Adam,MaxAbsoluteDeviation,0.9614554047584534,1.054448127746582,6.9511466000112705
"[23, 23, 23, 8, 23, 23, 23, 23, 23, 23, 8, 23, 8, 9, 8, 23]","['sigmoid', 'elu', 'swish', 'elu', 'swish', 'elu', 'sigmoid', 'swish', 'elu', 'elu', 'elu', 'tanh', 'sigmoid', 'elu', 'sigmoid', 'swish']",f6f0f800f8f0f6f8f0f000f9061006f8,314,Adam,MaxAbsoluteDeviation,0.979544997215271,1.060150384902954,3.5889065000228584
"[23, 23, 23, 8, 23, 23, 23, 23, 23, 23, 8, 23, 8, 9, 8]","['sigmoid', 'elu', 'swish', 'elu', 'swish', 'elu', 'sigmoid', 'swish', 'elu', 'elu', 'elu', 'tanh', 'sigmoid', 'elu', 'sigmoid']",f6f0f800f8f0f6f8f0f000f9061006,314,Adam,MaxAbsoluteDeviation,0.9549154043197632,1.084277868270874,3.4133353999932297
"[23, 23, 23, 8, 23, 23, 23, 23, 23, 23, 8, 23, 8, 9, 8]","['sigmoid', 'elu', 'swish', 'elu', 'swish', 'elu', 'sigmoid', 'swish', 'elu', 'elu', 'elu', 'tanh', 'sigmoid', 'elu', 'sigmoid']",f6f0f800f8f0f6f8f0f000f9061006,700,Adam,MaxAbsoluteDeviation,0.9594269394874573,1.0607807636260986,6.255500400002347
"[23, 23, 23, 8, 23, 23, 23, 23, 23, 23, 8, 23, 8, 9, 8]","['sigmoid', 'elu', 'swish', 'elu', 'swish', 'elu', 'sigmoid', 'swish', 'elu', 'elu', 'elu', 'tanh', 'elu', 'elu', 'sigmoid']",f6f0f800f8f0f6f8f0f000f9001006,700,Adam,MaxAbsoluteDeviation,0.9607928991317749,1.061445713043213,6.2829233999946155
"[23, 23, 23, 8, 23, 23, 23, 23, 23, 23, 8, 23, 8]","['sigmoid', 'elu', 'swish', 'elu', 'swish', 'elu', 'sigmoid', 'swish', 'elu', 'elu', 'elu', 'tanh', 'elu']",f6f0f800f8f0f6f8f0f000f900,700,Adam,MaxAbsoluteDeviation,1.0182888507843018,1.1730740070343018,5.7607285999984015
"[23, 23, 23, 8, 23, 23, 23, 23, 23, 23, 8, 23, 8]","['sigmoid', 'elu', 'swish', 'elu', 'swish', 'elu', 'sigmoid', 'swish', 'elu', 'elu', 'elu', 'tanh', 'elu']",f6f0f800f8f0f6f8f0f000f900,700,Adam,MaxAbsoluteDeviation,0.9600321054458618,1.101232886314392,5.736732599994866
"[23, 23, 23, 8, 23, 23, 23, 23, 23, 23, 8, 23]","['sigmoid', 'elu', 'swish', 'elu', 'swish', 'elu', 'sigmoid', 'swish', 'elu', 'elu', 'elu', 'tanh']",f6f0f800f8f0f6f8f0f000f9,700,Adam,MaxAbsoluteDeviation,0.9861065745353699,1.0097832679748535,5.419712899980368
"[23, 23, 23, 8, 23, 23, 23, 23, 23, 23, 8, 23, 13]","['sigmoid', 'elu', 'swish', 'elu', 'swish', 'elu', 'sigmoid', 'swish', 'elu', 'elu', 'elu', 'tanh', 'tanh']",f6f0f800f8f0f6f8f0f000f959,700,Adam,MaxAbsoluteDeviation,0.9796310663223267,1.028717041015625,10.34398350000265
"[23, 23, 23, 8, 23, 23, 23, 23, 23, 23, 8, 23, 13]","['sigmoid', 'elu', 'swish', 'elu', 'swish', 'elu', 'sigmoid', 'swish', 'elu', 'elu', 'elu', 'tanh', 'tanh']",f6f0f800f8f0f6f8f0f000f959,700,Adam,MaxAbsoluteDeviation,0.9555214047431946,1.0767676830291748,6.021424999984447
"[23, 23, 23, 8, 23, 23, 23, 23, 23, 23, 8, 23]","['sigmoid', 'elu', 'swish', 'elu', 'swish', 'elu', 'sigmoid', 'swish', 'elu', 'elu', 'elu', 'tanh']",f6f0f800f8f0f6f8f0f000f9,700,Adam,MaxAbsoluteDeviation,1.0070178508758545,1.0529098510742188,5.756589700002223
"[23, 23, 23, 8, 23, 23, 23, 23, 23, 23, 8, 23]","['sigmoid', 'elu', 'swish', 'elu', 'swish', 'elu', 'sigmoid', 'swish', 'elu', 'elu', 'elu', 'tanh']",f6f0f800f8f0f6f8f0f000f9,700,Adam,MaxAbsoluteDeviation,1.1702680587768555,1.2434921264648438,5.716345399996499
"[23, 8, 23, 8, 23, 23, 23, 23, 23, 23, 8, 23]","['sigmoid', 'elu', 'swish', 'elu', 'swish', 'elu', 'sigmoid', 'swish', 'elu', 'elu', 'elu', 'tanh']",f600f800f8f0f6f8f0f000f9,248,Adam,MaxAbsoluteDeviation,1.014290452003479,1.0474112033843994,2.62990929998341
"[23, 8, 23, 8, 23, 23, 23, 23, 23, 23, 8, 23]","['sigmoid', 'elu', 'swish', 'elu', 'swish', 'elu', 'sigmoid', 'swish', 'elu', 'elu', 'elu', 'tanh']",f600f800f8f0f6f8f0f000f9,700,Adam,MaxAbsoluteDeviation,0.9652653336524963,1.1172820329666138,5.690763999999035
"[23, 8, 23, 8, 23, 23, 23, 23, 23, 23, 8, 23, 23]","['sigmoid', 'elu', 'swish', 'elu', 'swish', 'elu', 'sigmoid', 'swish', 'elu', 'elu', 'elu', 'tanh', 'tanh']",f600f800f8f0f6f8f0f000f9f9,700,Adam,MaxAbsoluteDeviation,1.0590242147445679,1.1579031944274902,6.05589359998703
"[23, 8, 23, 8, 23, 23, 23, 23, 23, 23, 8, 23]","['sigmoid', 'elu', 'swish', 'elu', 'swish', 'elu', 'sigmoid', 'swish', 'elu', 'elu', 'elu', 'tanh']",f600f800f8f0f6f8f0f000f9,700,Adam,MaxAbsoluteDeviation,1.0366021394729614,1.0534043312072754,5.7584700000006706
"[23, 8, 23, 8, 23, 8, 23, 23, 23, 23, 8, 23]","['sigmoid', 'elu', 'swish', 'elu', 'swish', 'elu', 'sigmoid', 'swish', 'elu', 'elu', 'elu', 'tanh']",f600f800f800f6f8f0f000f9,700,Adam,MaxAbsoluteDeviation,0.9508203268051147,1.092980146408081,5.7764768000051845
"[23, 8, 23, 8, 23, 8, 23, 23, 23, 23, 8, 23]","['sigmoid', 'elu', 'swish', 'elu', 'swish', 'elu', 'sigmoid', 'swish', 'elu', 'elu', 'elu', 'tanh']",f600f800f800f6f8f0f000f9,700,Adam,MaxAbsoluteDeviation,0.9847719073295593,1.116792917251587,5.678947699983837
"[23, 8, 23, 8, 23, 8, 23, 23, 8, 23, 8, 23, 19]","['sigmoid', 'elu', 'swish', 'elu', 'tanh', 'elu', 'sigmoid', 'swish', 'elu', 'elu', 'elu', 'tanh', 'swish']",f600f800f900f6f800f000f9b8,700,Adam,MaxAbsoluteDeviation,0.9615832567214966,1.073317289352417,6.112616099999286
"[23, 8, 23, 8, 23, 8, 23, 23, 8, 23, 8, 23, 19]","['sigmoid', 'elu', 'swish', 'elu', 'tanh', 'elu', 'sigmoid', 'swish', 'elu', 'elu', 'elu', 'tanh', 'swish']",f600f800f900f6f800f000f9b8,479,Adam,MaxAbsoluteDeviation,0.9771569967269897,1.0225629806518555,4.462057900003856
"[23, 8, 23, 8, 23, 8, 23, 23, 8, 23, 8, 23]","['sigmoid', 'elu', 'swish', 'elu', 'tanh', 'elu', 'sigmoid', 'swish', 'elu', 'elu', 'elu', 'tanh']",f600f800f900f6f800f000f9,479,Adam,MaxAbsoluteDeviation,0.9669281244277954,1.0812478065490723,4.066447299992433
"[23, 8, 23, 8, 23, 8, 23, 23, 8, 23, 8]","['sigmoid', 'elu', 'swish', 'elu', 'tanh', 'elu', 'sigmoid', 'swish', 'elu', 'elu', 'elu']",f600f800f900f6f800f000,479,Adam,MaxAbsoluteDeviation,1.094009518623352,1.2507741451263428,3.8938079999934416
"[23, 8, 23, 8, 23, 8, 23, 23, 8, 23]","['sigmoid', 'elu', 'swish', 'elu', 'tanh', 'elu', 'sigmoid', 'swish', 'elu', 'elu']",f600f800f900f6f800f0,479,Adam,MaxAbsoluteDeviation,1.0012948513031006,1.0820236206054688,3.6828166999912355
"[23, 8, 23, 8, 23, 8, 23, 23, 8]","['sigmoid', 'elu', 'swish', 'elu', 'tanh', 'elu', 'sigmoid', 'swish', 'elu']",f600f800f900f6f800,479,Adam,MaxAbsoluteDeviation,0.9649900794029236,1.1340579986572266,3.3994410000159405
"[23, 8, 23, 8, 23, 8, 23, 23, 8]","['sigmoid', 'elu', 'swish', 'elu', 'tanh', 'elu', 'sigmoid', 'swish', 'elu']",f600f800f900f6f800,246,Adam,MaxAbsoluteDeviation,0.9710221886634827,1.0983145236968994,2.1178213999955915
"[23, 8, 23, 8, 23, 8, 23, 23, 8, 19]","['sigmoid', 'elu', 'swish', 'elu', 'tanh', 'elu', 'sigmoid', 'swish', 'elu', 'swish']",f600f800f900f6f800b8,246,Adam,MaxAbsoluteDeviation,1.1072405576705933,1.1718623638153076,2.2920146000105888
"[23, 8, 23, 8, 23, 8, 23, 23, 8, 19]","['sigmoid', 'elu', 'sigmoid', 'elu', 'tanh', 'swish', 'sigmoid', 'swish', 'elu', 'swish']",f600f600f908f6f800b8,167,Adam,MaxAbsoluteDeviation,0.9734359979629517,1.2191855907440186,1.8354157000139821
"[23, 8, 23, 8, 23, 8, 23, 23, 8, 19]","['sigmoid', 'elu', 'sigmoid', 'elu', 'tanh', 'swish', 'sigmoid', 'swish', 'elu', 'swish']",f600f600f908f6f800b8,100,Adam,MaxAbsoluteDeviation,0.9656751155853271,1.1081993579864502,1.4594661000010092
"[23, 8, 23, 8, 23, 8, 23, 23, 8, 19, 17]","['sigmoid', 'elu', 'sigmoid', 'elu', 'tanh', 'swish', 'sigmoid', 'swish', 'elu', 'swish', 'tanh']",f600f600f908f6f800b899,700,Adam,MaxAbsoluteDeviation,0.9818235039710999,1.093284010887146,5.331798200000776
"[23, 8, 23, 8, 23, 8, 23, 23, 8, 23, 17]","['sigmoid', 'elu', 'sigmoid', 'elu', 'tanh', 'swish', 'sigmoid', 'swish', 'elu', 'swish', 'tanh']",f600f600f908f6f800f899,700,Adam,MaxAbsoluteDeviation,1.028868556022644,1.0657843351364136,5.3375318000034895
"[23, 8, 23, 8, 23, 8, 23, 23, 8, 23, 17]","['sigmoid', 'elu', 'sigmoid', 'elu', 'tanh', 'swish', 'sigmoid', 'swish', 'elu', 'swish', 'tanh']",f600f600f908f6f800f899,700,Adam,MaxAbsoluteDeviation,0.9934634566307068,1.0731970071792603,5.289990099990973
"[23, 8, 23, 8, 23, 8, 23, 23, 8, 23, 17]","['sigmoid', 'elu', 'sigmoid', 'elu', 'tanh', 'swish', 'sigmoid', 'swish', 'elu', 'swish', 'tanh']",f600f600f908f6f800f899,467,Adam,MaxAbsoluteDeviation,0.9674739241600037,1.0448641777038574,3.8256908000039402
"[23, 8, 23, 8, 8, 8, 23, 23, 8, 23, 17]","['sigmoid', 'elu', 'sigmoid', 'elu', 'tanh', 'swish', 'sigmoid', 'swish', 'elu', 'swish', 'tanh']",f600f6000908f6f800f899,700,Adam,MaxAbsoluteDeviation,0.9747437834739685,1.1069388389587402,5.242805399990175
"[23, 8, 23, 8, 8, 8, 23, 23, 8]","['sigmoid', 'elu', 'sigmoid', 'elu', 'tanh', 'swish', 'sigmoid', 'swish', 'elu']",f600f6000908f6f800,700,Adam,MaxAbsoluteDeviation,0.9620205760002136,1.04071843624115,4.68676620000042
"[23, 8, 23, 8, 8, 8, 23, 23, 8]","['sigmoid', 'elu', 'sigmoid', 'elu', 'tanh', 'swish', 'sigmoid', 'swish', 'elu']",f600f6000908f6f800,226,Adam,MaxAbsoluteDeviation,0.9730429649353027,1.0805765390396118,2.0005558999837376
"[23, 8, 23, 8, 8, 8, 23, 23, 8, 23, 9]","['sigmoid', 'elu', 'sigmoid', 'elu', 'tanh', 'swish', 'sigmoid', 'swish', 'elu', 'swish', 'tanh']",f600f6000908f6f800f819,226,Adam,MaxAbsoluteDeviation,0.967549204826355,1.0683990716934204,2.304583699995419
"[23, 8, 23, 8, 8, 8, 23, 23, 8, 23]","['sigmoid', 'elu', 'sigmoid', 'elu', 'tanh', 'swish', 'sigmoid', 'swish', 'elu', 'swish']",f600f6000908f6f800f8,226,Adam,MaxAbsoluteDeviation,0.9879516363143921,1.1437838077545166,2.1648658999765757
"[23, 8, 23, 8, 8, 23, 23, 23, 8, 23]","['sigmoid', 'elu', 'sigmoid', 'elu', 'tanh', 'swish', 'sigmoid', 'swish', 'elu', 'swish']",f600f60009f8f6f800f8,226,Adam,MaxAbsoluteDeviation,1.056553602218628,1.073457956314087,2.163306799979182
"[23, 8, 23, 8, 8, 23, 23, 23, 8, 23]","['sigmoid', 'elu', 'sigmoid', 'elu', 'tanh', 'swish', 'sigmoid', 'swish', 'elu', 'swish']",f600f60009f8f6f800f8,100,Adam,MaxAbsoluteDeviation,1.0186271667480469,1.137810468673706,1.4652059999934863
"[23, 8, 23, 8, 8, 23, 23, 23, 8, 23]","['sigmoid', 'elu', 'sigmoid', 'elu', 'tanh', 'swish', 'sigmoid', 'swish', 'elu', 'swish']",f600f60009f8f6f800f8,700,Adam,MaxAbsoluteDeviation,0.9678826332092285,1.0317373275756836,4.947766999976011
"[23, 8, 23, 8, 8, 23, 23, 23, 8, 23, 14]","['sigmoid', 'elu', 'sigmoid', 'elu', 'tanh', 'swish', 'sigmoid', 'swish', 'elu', 'swish', 'swish']",f600f60009f8f6f800f868,700,Adam,MaxAbsoluteDeviation,0.9673272967338562,1.0409291982650757,5.305203199997777
"[23, 8, 23, 8, 8, 23, 23, 23, 8, 23, 14]","['sigmoid', 'elu', 'sigmoid', 'elu', 'tanh', 'swish', 'sigmoid', 'swish', 'elu', 'swish', 'swish']",f600f60009f8f6f800f868,100,Adam,MaxAbsoluteDeviation,0.9843510389328003,1.0487103462219238,1.5701014999940526
"[23, 8, 23, 8, 8, 23, 8, 23, 23, 23, 14]","['sigmoid', 'elu', 'sigmoid', 'elu', 'tanh', 'swish', 'sigmoid', 'swish', 'elu', 'swish', 'swish']",f600f60009f8f6f800f868,100,Adam,MaxAbsoluteDeviation,0.9843510389328003,1.3984577655792236,1.5876167000096757
"[23, 8, 23, 8, 23, 23, 23, 23, 8, 23, 14]","['sigmoid', 'elu', 'sigmoid', 'elu', 'tanh', 'swish', 'sigmoid', 'swish', 'elu', 'swish', 'swish']",f600f600f9f8f6f800f868,100,Adam,MaxAbsoluteDeviation,0.9865201711654663,1.3216300010681152,1.5656754999945406
"[23, 8, 23, 8, 23, 23, 23, 8, 8, 23, 14]","['sigmoid', 'elu', 'sigmoid', 'elu', 'tanh', 'swish', 'sigmoid', 'swish', 'elu', 'swish', 'swish']",f600f600f9f8f60800f868,100,Adam,MaxAbsoluteDeviation,1.0658025741577148,1.1717373132705688,1.5699764000019059
"[23, 8, 23, 8, 23, 23, 23, 8, 8, 23]","['sigmoid', 'elu', 'sigmoid', 'elu', 'tanh', 'swish', 'sigmoid', 'swish', 'elu', 'swish']",f600f600f9f8f60800f8,100,Adam,MaxAbsoluteDeviation,0.9608789086341858,1.0638494491577148,1.4435844999970868
"[23, 8, 23, 8, 23, 23, 23, 8, 8, 23]","['sigmoid', 'elu', 'sigmoid', 'elu', 'tanh', 'swish', 'sigmoid', 'swish', 'elu', 'swish']",f600f600f9f8f60800f8,100,Adam,MaxAbsoluteDeviation,1.0070509910583496,1.0661299228668213,1.4536494000058156
"[23, 8, 23, 8, 23, 23, 23, 8, 8, 23]","['sigmoid', 'elu', 'sigmoid', 'elu', 'tanh', 'swish', 'sigmoid', 'swish', 'elu', 'swish']",f600f600f9f8f60800f8,100,Adam,MaxAbsoluteDeviation,1.0834970474243164,1.016671061515808,1.4373480000067502
"[23, 8, 23, 8, 23, 23, 23, 8, 8, 23]","['sigmoid', 'elu', 'sigmoid', 'elu', 'tanh', 'swish', 'sigmoid', 'swish', 'elu', 'swish']",f600f600f9f8f60800f8,100,Adam,MaxAbsoluteDeviation,1.0172319412231445,1.0661497116088867,1.4531149999820627
"[23, 8, 23, 8, 23, 23, 23, 8, 8, 23]","['sigmoid', 'elu', 'sigmoid', 'elu', 'tanh', 'swish', 'sigmoid', 'swish', 'elu', 'swish']",f600f600f9f8f60800f8,700,Adam,MaxAbsoluteDeviation,0.9677209258079529,1.0563442707061768,4.957776499999454
"[23, 8, 23, 8, 23, 23, 23, 8, 8, 23, 22]","['sigmoid', 'elu', 'sigmoid', 'elu', 'tanh', 'swish', 'sigmoid', 'swish', 'elu', 'swish', 'sigmoid']",f600f600f9f8f60800f8e6,700,Adam,MaxAbsoluteDeviation,0.9733094573020935,1.0538482666015625,5.246671700006118
"[23, 8, 23, 23, 23, 23, 23, 8, 8, 23, 22]","['sigmoid', 'elu', 'sigmoid', 'elu', 'tanh', 'swish', 'sigmoid', 'swish', 'elu', 'swish', 'sigmoid']",f600f6f0f9f8f60800f8e6,100,Adam,MaxAbsoluteDeviation,0.9547176957130432,1.132596731185913,1.5477193999977317
"[23, 8, 23, 23, 23, 23, 23, 8, 8, 23]","['sigmoid', 'elu', 'sigmoid', 'elu', 'tanh', 'swish', 'sigmoid', 'swish', 'elu', 'swish']",f600f6f0f9f8f60800f8,100,Adam,MaxAbsoluteDeviation,0.9666579961776733,1.0555968284606934,1.4455242000112776
"[23, 8, 23, 23, 23, 23, 23, 8, 8, 23]","['sigmoid', 'elu', 'sigmoid', 'elu', 'tanh', 'swish', 'sigmoid', 'swish', 'elu', 'swish']",f600f6f0f9f8f60800f8,700,Adam,MaxAbsoluteDeviation,1.0554336309432983,1.076420783996582,5.008350799995242
"[23, 8, 23, 23, 23, 23, 23, 8, 8, 23]","['sigmoid', 'elu', 'sigmoid', 'elu', 'tanh', 'swish', 'sigmoid', 'swish', 'elu', 'swish']",f600f6f0f9f8f60800f8,700,Adam,MaxAbsoluteDeviation,0.9964913129806519,1.0981875658035278,5.0085774999752175
"[23, 8, 23, 23, 23, 23, 23, 8, 8, 23, 16]","['sigmoid', 'elu', 'sigmoid', 'elu', 'tanh', 'swish', 'sigmoid', 'swish', 'elu', 'swish', 'swish']",f600f6f0f9f8f60800f888,700,Adam,MaxAbsoluteDeviation,0.9705589413642883,1.0206764936447144,5.274108500016155
"[23, 8, 23, 23, 23, 23, 23, 8, 8, 23]","['sigmoid', 'elu', 'sigmoid', 'elu', 'tanh', 'swish', 'sigmoid', 'swish', 'elu', 'swish']",f600f6f0f9f8f60800f8,700,Adam,MaxAbsoluteDeviation,0.9637868404388428,1.0741147994995117,4.868071699980646
"[23, 8, 23, 23, 23, 23, 23, 8, 8, 23]","['sigmoid', 'elu', 'sigmoid', 'elu', 'tanh', 'swish', 'sigmoid', 'swish', 'elu', 'swish']",f600f6f0f9f8f60800f8,700,Adam,MaxAbsoluteDeviation,0.9655027985572815,1.0422614812850952,4.908312099985778
"[23, 8, 23, 23, 23, 23, 23, 8, 8, 23]","['sigmoid', 'elu', 'sigmoid', 'elu', 'tanh', 'swish', 'sigmoid', 'swish', 'elu', 'swish']",f600f6f0f9f8f60800f8,700,Adam,MaxAbsoluteDeviation,1.0098875761032104,1.1001628637313843,4.949074600008316
"[23, 8, 23, 23, 23, 23, 23, 8, 8]","['sigmoid', 'elu', 'sigmoid', 'swish', 'tanh', 'swish', 'sigmoid', 'swish', 'elu']",f600f6f8f9f8f60800,700,Adam,MaxAbsoluteDeviation,0.9565961956977844,1.0703409910202026,4.618955899990397
"[23, 8, 8, 23, 23, 23, 23, 8, 8]","['sigmoid', 'elu', 'sigmoid', 'swish', 'tanh', 'swish', 'sigmoid', 'swish', 'elu']",f60006f8f9f8f60800,700,Adam,MaxAbsoluteDeviation,0.9771888852119446,1.083169937133789,4.584190100023989
"[23, 8, 8, 8, 23, 23, 23, 8, 8]","['sigmoid', 'elu', 'sigmoid', 'swish', 'tanh', 'swish', 'sigmoid', 'swish', 'elu']",f6000608f9f8f60800,700,Adam,MaxAbsoluteDeviation,0.9812537431716919,1.097306489944458,4.643491099996027
"[23, 8, 8, 8, 23, 23, 23, 8]","['elu', 'elu', 'tanh', 'swish', 'tanh', 'swish', 'sigmoid', 'swish']",f0000908f9f8f608,700,Adam,MaxAbsoluteDeviation,0.6723954677581787,0.6754788160324097,4.36366229999112
"[23, 8, 8, 8, 23, 23, 23, 8]","['elu', 'elu', 'tanh', 'swish', 'tanh', 'swish', 'sigmoid', 'swish']",f0000908f9f8f608,167,Adam,MaxAbsoluteDeviation,0.9975863099098206,1.0452600717544556,1.5614982999977656
"[23, 8, 8, 8, 23, 23, 23, 8]","['elu', 'elu', 'tanh', 'swish', 'tanh', 'swish', 'sigmoid', 'swish']",f0000908f9f8f608,100,Adam,MaxAbsoluteDeviation,0.9789128303527832,1.0760595798492432,1.2391498000069987
"[23, 8, 8, 23, 23, 23, 23, 8]","['elu', 'elu', 'tanh', 'swish', 'tanh', 'swish', 'sigmoid', 'swish']",f00009f8f9f8f608,100,Adam,MaxAbsoluteDeviation,0.50697922706604,0.5396580696105957,1.2362757000082638
"[23, 8, 8, 23, 23, 23, 23]","['elu', 'elu', 'tanh', 'swish', 'tanh', 'swish', 'sigmoid']",f00009f8f9f8f608,100,Adam,MaxAbsoluteDeviation,0.50697922706604,1.0572046041488647,1.1255497999954969
"[23, 8, 8, 23, 23, 23, 23, 8]","['elu', 'elu', 'tanh', 'swish', 'tanh', 'swish', 'sigmoid', 'swish']",f00009f8f9f8f608,100,Adam,MaxAbsoluteDeviation,0.50697922706604,1.0473836660385132,1.251162199972896
"[23, 8, 8, 23, 23, 23, 23, 8]","['elu', 'elu', 'tanh', 'swish', 'tanh', 'swish', 'sigmoid', 'swish']",f00009f8f9f8f608,100,Adam,MaxAbsoluteDeviation,0.50697922706604,1.2930032014846802,1.2430197000212502
"[23, 8, 8, 23, 23, 23, 23, 8]","['elu', 'elu', 'tanh', 'swish', 'tanh', 'swish', 'sigmoid', 'swish']",f00009f8f9f8f608,700,Adam,MaxAbsoluteDeviation,0.6924440264701843,0.7499906420707703,4.339999100018758
"[23, 8, 8, 8, 23, 23, 23, 8]","['elu', 'elu', 'tanh', 'swish', 'tanh', 'swish', 'sigmoid', 'swish']",f0000908f9f8f608,700,Adam,MaxAbsoluteDeviation,0.6255010366439819,0.6755353808403015,4.373838100000285
"[8, 8, 8, 8, 23, 23, 23, 8, 12]","['elu', 'elu', 'tanh', 'swish', 'tanh', 'swish', 'sigmoid', 'swish', 'sigmoid']",f0000908f9f8f608,700,Adam,MaxAbsoluteDeviation,0.6255010366439819,1.043944239616394,4.07270379998954
"[23, 23, 8, 8, 23, 23, 23, 8]","['elu', 'elu', 'tanh', 'swish', 'tanh', 'swish', 'sigmoid', 'swish']",f0f00908f9f8f608,700,Adam,MaxAbsoluteDeviation,0.785804033279419,0.850223183631897,4.295340999990003
"[23, 23, 8, 8, 23, 23, 23, 8]","['elu', 'elu', 'tanh', 'swish', 'tanh', 'swish', 'sigmoid', 'swish']",f0f00908f9f8f608,700,Adam,MaxAbsoluteDeviation,0.9617529511451721,1.0324037075042725,8.89408800000092
"[23, 23, 8, 8, 23, 23, 8, 8]","['elu', 'elu', 'tanh', 'swish', 'tanh', 'swish', 'sigmoid', 'swish']",f0f00908f9f80608,700,Adam,MaxAbsoluteDeviation,0.9665400981903076,1.0348289012908936,4.495451299997512
"[23, 23, 8, 8, 23, 23, 8, 8]","['elu', 'elu', 'tanh', 'swish', 'tanh', 'swish', 'sigmoid', 'swish']",f0f00908f9f80608,700,Adam,MaxAbsoluteDeviation,0.9634988903999329,1.0370911359786987,4.428883599990513
"[23, 23, 8, 8, 23, 23, 8]","['elu', 'elu', 'tanh', 'swish', 'tanh', 'swish', 'sigmoid']",f0f00908f9f806,700,Adam,MaxAbsoluteDeviation,0.967643678188324,1.0339319705963135,4.142461399984313
"[23, 23, 8, 8, 23, 23, 8]","['elu', 'elu', 'tanh', 'swish', 'tanh', 'swish', 'sigmoid']",f0f00908f9f806,700,Adam,MaxAbsoluteDeviation,0.9689581394195557,1.0130927562713623,4.122641299996758
"[23, 23, 8, 8, 23, 23]","['elu', 'elu', 'tanh', 'swish', 'tanh', 'swish']",f0f00908f9f8,700,Adam,MaxAbsoluteDeviation,0.6739318370819092,0.69199538230896,3.786063599982299
"[23, 23, 8, 8, 23, 23]","['elu', 'elu', 'tanh', 'swish', 'tanh', 'swish']",f0f00908f9f8,549,Adam,MaxAbsoluteDeviation,0.6127252578735352,0.5943175554275513,3.074458799994318
"[23, 23, 8, 8, 23, 23, 17]","['elu', 'elu', 'tanh', 'swish', 'tanh', 'swish', 'swish']",f0f00908f9f8,549,Adam,MaxAbsoluteDeviation,0.6127252578735352,1.0529766082763672,3.3485662000020966
"[23, 23, 8, 8, 23, 23]","['elu', 'elu', 'tanh', 'swish', 'tanh', 'swish']",f0f00908f9f8,549,Adam,MaxAbsoluteDeviation,0.3172782063484192,0.27289244532585144,3.046405200002482
"[23, 23, 8, 8, 23]","['elu', 'elu', 'tanh', 'swish', 'tanh']",f0f00908f9f8,549,Adam,MaxAbsoluteDeviation,0.3172782063484192,1.0989106893539429,2.773264300019946
"[23, 23, 8, 8, 23, 23]","['elu', 'elu', 'tanh', 'swish', 'tanh', 'swish']",f0f00908f9f8,700,Adam,MaxAbsoluteDeviation,0.4780704379081726,0.37964576482772827,3.7634420999966096
"[23, 23, 8, 8, 23, 23]","['elu', 'elu', 'tanh', 'swish', 'tanh', 'swish']",f0f00908f9f8,700,Adam,MaxAbsoluteDeviation,1.041223406791687,1.015857219696045,3.752554299979238
"[23, 23, 8, 8, 23, 23]","['elu', 'elu', 'tanh', 'swish', 'tanh', 'swish']",f0f00908f9f8,700,Adam,MaxAbsoluteDeviation,1.0193414688110352,1.164092779159546,3.721481999993557
"[8, 23, 8, 8, 23, 23]","['elu', 'elu', 'tanh', 'swish', 'tanh', 'swish']",00f00908f9f8,700,Adam,MaxAbsoluteDeviation,0.2691069543361664,0.19299834966659546,3.713151799980551
"[8, 23, 8, 8, 23, 23]","['elu', 'elu', 'tanh', 'swish', 'tanh', 'swish']",00f00908f9f8,700,Adam,MaxAbsoluteDeviation,0.2117631733417511,0.26445502042770386,3.7495494000031613
"[8, 23, 8, 8, 23, 23]","['elu', 'elu', 'tanh', 'swish', 'tanh', 'swish']",00f00908f9f8,700,Adam,MaxAbsoluteDeviation,0.3920403718948364,0.4730314016342163,3.6966603999899235
"[8, 23, 8, 8, 23, 23]","['elu', 'elu', 'tanh', 'swish', 'tanh', 'swish']",00f00908f9f8,462,Adam,MaxAbsoluteDeviation,0.47443488240242004,0.4008457064628601,2.606941199977882
"[8, 23, 8, 8, 23, 23]","['elu', 'elu', 'tanh', 'swish', 'tanh', 'swish']",00f00908f9f8,254,Adam,MaxAbsoluteDeviation,0.46551406383514404,0.3965832591056824,1.6855822000070475
"[8, 23, 8, 8, 23, 23]","['elu', 'elu', 'tanh', 'swish', 'tanh', 'swish']",00f00908f9f8,254,Adam,MaxAbsoluteDeviation,0.3772578537464142,0.4424141049385071,1.6722577000036836
"[8, 23, 8, 8, 23, 23]","['elu', 'elu', 'tanh', 'swish', 'tanh', 'swish']",00f00908f9f8,700,Adam,MaxAbsoluteDeviation,0.32208991050720215,0.23770597577095032,3.6924198000051547
"[8, 23, 8, 8, 23, 23, 21]","['elu', 'elu', 'tanh', 'swish', 'tanh', 'swish', 'tanh']",00f00908f9f8d9,465,Adam,MaxAbsoluteDeviation,1.0184118747711182,1.0958861112594604,2.8313325000053737
"[8, 23, 8, 8, 23, 23, 21]","['elu', 'elu', 'tanh', 'swish', 'tanh', 'swish', 'tanh']",00f00908f9f8d9,700,Adam,MaxAbsoluteDeviation,0.9886538982391357,1.1942477226257324,3.9771540999936406
"[8, 23, 8, 8, 23, 23, 21]","['elu', 'elu', 'tanh', 'swish', 'tanh', 'swish', 'tanh']",00f00908f9f8d9,700,Adam,MaxAbsoluteDeviation,0.692772388458252,0.7273867130279541,3.952762900007656
"[8, 23, 8, 8, 23]","['elu', 'elu', 'tanh', 'swish', 'tanh']",00f00908f9,700,Adam,MaxAbsoluteDeviation,0.15709252655506134,0.16076089441776276,3.3378617000125814
"[8, 23, 8, 8, 23]","['elu', 'elu', 'tanh', 'swish', 'tanh']",00f00908f9,700,Adam,MaxAbsoluteDeviation,0.16430671513080597,0.29248785972595215,3.348398100002669
"[8, 23, 23, 8, 23]","['elu', 'elu', 'tanh', 'swish', 'tanh']",00f0f908f9,700,Adam,MaxAbsoluteDeviation,0.29258015751838684,0.2564306855201721,3.3207420999824535
"[8, 23, 23, 8, 23]","['elu', 'elu', 'tanh', 'swish', 'tanh']",00f0f908f9,700,Adam,MaxAbsoluteDeviation,0.19702377915382385,0.2133023589849472,3.328277500026161
"[8, 23, 23, 8, 23]","['elu', 'elu', 'tanh', 'swish', 'tanh']",00f0f908f9,700,Adam,MaxAbsoluteDeviation,0.18462581932544708,0.22769445180892944,3.3221160999964923
"[15, 23, 23, 8, 23, 10]","['elu', 'elu', 'tanh', 'swish', 'tanh', 'swish']",70f0f908f928,700,Adam,MaxAbsoluteDeviation,0.4576922357082367,0.3955432176589966,3.5552453999989666
"[8, 23, 23, 8, 23, 10]","['elu', 'elu', 'tanh', 'swish', 'tanh', 'swish']",00f0f908f928,700,Adam,MaxAbsoluteDeviation,0.28832268714904785,0.2276812195777893,3.586244500009343
"[8, 23, 23, 8, 23, 10]","['elu', 'elu', 'tanh', 'swish', 'tanh', 'swish']",00f0f908f928,700,Adam,MaxAbsoluteDeviation,0.28832268714904785,0.42635124921798706,1.1770818999793846
"[8, 23, 23, 8, 23, 10]","['elu', 'elu', 'tanh', 'swish', 'tanh', 'swish']",00f0f908f928,700,Adam,MaxAbsoluteDeviation,0.21341091394424438,0.20864972472190857,3.5407393999921624
"[8, 23, 23, 8, 23, 10]","['elu', 'elu', 'tanh', 'swish', 'tanh', 'swish']",00f0f908f928,700,Adam,MaxAbsoluteDeviation,0.21341091394424438,0.2900429368019104,3.526278600009391
"[8, 23, 23, 8, 23, 10]","['elu', 'elu', 'tanh', 'swish', 'tanh', 'swish']",00f0f908f928,700,Adam,MaxAbsoluteDeviation,0.21341091394424438,1.0516090393066406,3.374754100019345
"[8, 23, 23, 8, 23, 12]","['elu', 'elu', 'tanh', 'swish', 'tanh', 'elu']",00f0f908f940,700,Adam,MaxAbsoluteDeviation,0.23332764208316803,0.3468693494796753,3.5484894999826793
"[8, 23, 23, 8, 23, 12]","['elu', 'elu', 'tanh', 'elu', 'tanh', 'elu']",00f0f900f940,700,Adam,MaxAbsoluteDeviation,0.16681475937366486,0.19159024953842163,3.5011693999986164
"[8, 23, 23, 8, 23, 12]","['elu', 'elu', 'tanh', 'elu', 'tanh', 'elu']",00f0f900f940,700,Adam,MaxAbsoluteDeviation,0.16681475937366486,0.7397845387458801,2.7965747000125702
"[8, 23, 23, 8, 23]","['elu', 'elu', 'tanh', 'elu', 'tanh']",00f0f900f9,527,Adam,MaxAbsoluteDeviation,0.21894870698451996,0.2883266508579254,2.5366004000243265
"[8, 23, 23, 8]","['elu', 'elu', 'tanh', 'elu']",00f0f900,278,Adam,MaxAbsoluteDeviation,0.15190917253494263,0.13865965604782104,1.4031309999991208
"[8, 23, 23, 8]","['elu', 'elu', 'elu', 'elu']",00f0f000,278,Adam,MaxAbsoluteDeviation,0.7632784247398376,0.6499496698379517,1.3964219000190496
"[8, 23, 23, 8, 21]","['elu', 'elu', 'elu', 'elu', 'sigmoid']",00f0f000d6,100,Adam,MaxAbsoluteDeviation,0.5411418080329895,0.6332994699478149,0.8842547000094783
"[8, 23, 23, 8]","['elu', 'elu', 'elu', 'elu']",00f0f000,100,Adam,MaxAbsoluteDeviation,0.7349869608879089,0.5124312043190002,0.7976443000079598
"[8, 8, 23, 8]","['elu', 'elu', 'elu', 'elu']",00f0f000,100,Adam,MaxAbsoluteDeviation,0.7349869608879089,0.9725643992424011,0.7960925000079442
"[8, 23, 23, 8, 19]","['elu', 'elu', 'elu', 'elu', 'tanh']",00f0f000b9,100,Adam,MaxAbsoluteDeviation,1.0193957090377808,1.0169460773468018,0.8842718999949284
"[8, 23, 23, 8, 19]","['elu', 'elu', 'elu', 'elu', 'tanh']",00f0f000b9,100,Adam,MaxAbsoluteDeviation,1.0705363750457764,1.1729755401611328,0.8864285000017844
"[8, 23, 23, 8, 19]","['elu', 'elu', 'elu', 'elu', 'tanh']",00f0f000b9,700,Adam,MaxAbsoluteDeviation,0.9671555161476135,1.159511685371399,3.1655185000272468
"[8, 23, 23, 8]","['elu', 'elu', 'elu', 'elu']",00f0f000,700,Adam,MaxAbsoluteDeviation,0.18903177976608276,0.18606330454349518,2.932653299998492
"[8, 23, 18, 8]","['elu', 'elu', 'elu', 'elu']",00f0a000,700,Adam,MaxAbsoluteDeviation,0.15409381687641144,0.16564632952213287,2.927923399984138
"[8, 8, 18, 8]","['elu', 'elu', 'elu', 'elu']",0000a000,700,Adam,MaxAbsoluteDeviation,0.31475135684013367,0.25251954793930054,2.915364100015722
"[8, 8, 18, 8]","['elu', 'tanh', 'elu', 'elu']",0009a000,700,Adam,MaxAbsoluteDeviation,0.14621643722057343,0.3282451629638672,2.8744718999951147
"[8, 8, 18, 8, 12]","['elu', 'tanh', 'swish', 'elu', 'tanh']",0009a80049,700,Adam,MaxAbsoluteDeviation,0.09693560749292374,0.15160641074180603,3.1043113000050653
