"[23, 13, 20, 12]","['elu', 'swish', 'elu', 'sigmoid']",f058c046,581,Adam,MaxAbsoluteDeviation,0.13561296463012695,0.22444352507591248,2.867278999998234
"[23, 13, 20]","['elu', 'swish', 'elu']",f058c0,581,Adam,MaxAbsoluteDeviation,0.2233530879020691,0.13327276706695557,2.6063142999773845
"[23, 13, 8]","['elu', 'swish', 'elu']",f05800,581,Adam,MaxAbsoluteDeviation,0.19384735822677612,0.16799311339855194,2.5107884000171907
"[23, 13, 8, 11]","['elu', 'swish', 'elu', 'tanh']",f0580039,581,Adam,MaxAbsoluteDeviation,0.6988193392753601,0.6813896894454956,2.8065650000353344
"[23, 13, 8, 11]","['elu', 'swish', 'elu', 'tanh']",f0580039,700,Adam,MaxAbsoluteDeviation,1.007808804512024,1.121647596359253,3.3354701999924146
"[23, 13, 8, 11]","['sigmoid', 'swish', 'sigmoid', 'tanh']",f6580639,700,Adam,MaxAbsoluteDeviation,0.9574506282806396,1.1010147333145142,3.307534499967005
"[23, 13, 8, 11]","['sigmoid', 'swish', 'sigmoid', 'tanh']",f6580639,700,Adam,MaxAbsoluteDeviation,0.9690887331962585,1.0357540845870972,3.2879207999794744
"[23, 13, 8, 11, 12, 21, 20]","['sigmoid', 'swish', 'sigmoid', 'tanh', 'tanh', 'tanh', 'tanh']",f658063949d9c9,700,Adam,MaxAbsoluteDeviation,0.9746432304382324,1.0220770835876465,4.297110499988776
"[23, 13, 8, 8, 12, 21, 20]","['sigmoid', 'swish', 'sigmoid', 'tanh', 'tanh', 'tanh', 'tanh']",f658060949d9c9,700,Adam,MaxAbsoluteDeviation,1.0644451379776,0.9998744130134583,4.29735799995251
"[23, 13, 8, 8, 12, 21, 20, 16]","['sigmoid', 'swish', 'sigmoid', 'tanh', 'tanh', 'tanh', 'tanh', 'elu']",f658060949d9c980,700,Adam,MaxAbsoluteDeviation,0.980794370174408,1.0858455896377563,4.6123780000489205
"[23, 13, 8, 8, 12, 21, 20, 16, 23]","['sigmoid', 'swish', 'sigmoid', 'tanh', 'tanh', 'tanh', 'tanh', 'elu', 'swish']",f658060949d9c980f8,700,Adam,MaxAbsoluteDeviation,0.9485102295875549,1.0259418487548828,5.011492200021166
"[23, 13, 8, 8, 12, 21, 20, 16, 23, 11]","['sigmoid', 'swish', 'sigmoid', 'tanh', 'tanh', 'tanh', 'tanh', 'elu', 'swish', 'swish']",f658060949d9c980f838,700,Adam,MaxAbsoluteDeviation,0.9588249325752258,1.067257285118103,5.498677700001281
"[23, 13, 8, 8, 12, 21, 20, 16, 23, 8]","['sigmoid', 'swish', 'sigmoid', 'tanh', 'tanh', 'tanh', 'tanh', 'elu', 'swish', 'swish']",f658060949d9c980f808,700,Adam,MaxAbsoluteDeviation,0.9574353098869324,1.0719945430755615,5.465988800046034
"[23, 13, 8, 8, 12, 21, 20, 16, 23, 8]","['sigmoid', 'swish', 'sigmoid', 'tanh', 'tanh', 'tanh', 'tanh', 'elu', 'swish', 'swish']",f658060949d9c980f808,700,Adam,MaxAbsoluteDeviation,0.9642358422279358,1.0389668941497803,5.465497300028801
"[23, 13, 8, 8, 12, 21, 20, 16, 23, 8]","['sigmoid', 'swish', 'sigmoid', 'tanh', 'tanh', 'tanh', 'tanh', 'elu', 'swish', 'swish']",f658060949d9c980f808,401,Adam,MaxAbsoluteDeviation,1.0004470348358154,1.1009314060211182,3.477008100016974
"[23, 13, 8, 8, 12, 23, 20, 16, 23, 8]","['sigmoid', 'swish', 'sigmoid', 'tanh', 'tanh', 'tanh', 'tanh', 'elu', 'swish', 'swish']",f658060949f9c980f808,700,Adam,MaxAbsoluteDeviation,0.957007884979248,1.0726299285888672,5.447617899975739
"[23, 13, 8, 8, 12, 23, 20, 16]","['sigmoid', 'swish', 'sigmoid', 'tanh', 'tanh', 'tanh', 'tanh', 'elu']",f658060949f9c980,700,Adam,MaxAbsoluteDeviation,1.0655485391616821,1.0922164916992188,4.549766600015573
"[23, 13, 8, 8, 12, 23, 20, 16, 10]","['sigmoid', 'swish', 'sigmoid', 'tanh', 'tanh', 'tanh', 'tanh', 'elu', 'swish']",f658060949f9c98028,700,Adam,MaxAbsoluteDeviation,0.9738868474960327,1.0624140501022339,4.885704100015573
"[23, 13, 8, 8, 12, 23, 20, 16, 10, 21]","['sigmoid', 'swish', 'sigmoid', 'tanh', 'tanh', 'tanh', 'tanh', 'elu', 'swish', 'swish']",f658060949f9c98028d8,291,Adam,MaxAbsoluteDeviation,0.9620859622955322,1.0628948211669922,2.7156215000431985
"[23, 13, 8, 8, 12, 23, 20, 16, 10, 21]","['sigmoid', 'swish', 'sigmoid', 'tanh', 'tanh', 'tanh', 'tanh', 'elu', 'swish', 'swish']",f658060949f9c98028d8,100,Adam,MaxAbsoluteDeviation,1.0739359855651855,1.1382761001586914,1.5349981000181288
"[23, 13, 8, 8, 12, 23, 20, 16, 10, 21, 22]","['sigmoid', 'swish', 'sigmoid', 'tanh', 'tanh', 'tanh', 'tanh', 'elu', 'swish', 'swish', 'tanh']",f658060949f9c98028d8e9,100,Adam,MaxAbsoluteDeviation,1.0012840032577515,1.0766304731369019,1.639093000034336
"[23, 13, 8, 8, 12, 23, 20, 16, 10, 21, 22, 23]","['sigmoid', 'swish', 'sigmoid', 'tanh', 'tanh', 'tanh', 'tanh', 'elu', 'swish', 'swish', 'tanh', 'elu']",f658060949f9c98028d8e9f0,100,Adam,MaxAbsoluteDeviation,1.6495246887207031,1.0899009704589844,1.7263131000217982
"[23, 13, 8, 8, 12, 23, 20, 16, 10, 21, 22, 23, 20]","['sigmoid', 'swish', 'sigmoid', 'tanh', 'tanh', 'tanh', 'tanh', 'elu', 'swish', 'swish', 'tanh', 'elu', 'tanh']",f658060949f9c98028d8e9f0c9,100,Adam,MaxAbsoluteDeviation,0.9849505424499512,1.0127301216125488,1.827702499984298
"[23, 13, 8, 8, 12, 23, 20, 16, 10, 21, 22, 23, 20]","['sigmoid', 'swish', 'sigmoid', 'tanh', 'tanh', 'tanh', 'tanh', 'elu', 'swish', 'elu', 'tanh', 'elu', 'tanh']",f658060949f9c98028d0e9f0c9,100,Adam,MaxAbsoluteDeviation,0.9898641705513,1.1343709230422974,1.8231954000075348
"[23, 13, 8, 8, 12, 23, 20, 16, 10, 23, 22, 23, 20]","['sigmoid', 'swish', 'sigmoid', 'tanh', 'swish', 'tanh', 'tanh', 'elu', 'swish', 'elu', 'tanh', 'elu', 'tanh']",f658060948f9c98028f0e9f0c9,100,Adam,MaxAbsoluteDeviation,0.9691922068595886,1.1116421222686768,1.8510282000061125
"[23, 13, 8, 8, 12, 23, 20, 16, 10, 23, 22, 23, 20]","['sigmoid', 'swish', 'sigmoid', 'tanh', 'swish', 'tanh', 'tanh', 'elu', 'swish', 'elu', 'tanh', 'elu', 'tanh']",f658060948f9c98028f0e9f0c9,700,Adam,MaxAbsoluteDeviation,0.9970101118087769,1.0976550579071045,6.256873800011817
"[23, 13, 8, 8, 12, 23, 20, 16, 10, 23, 22, 8, 23]","['sigmoid', 'swish', 'sigmoid', 'tanh', 'swish', 'tanh', 'tanh', 'elu', 'swish', 'elu', 'tanh', 'elu', 'tanh']",f658060948f9c98028f0e9f0c9,700,Adam,MaxAbsoluteDeviation,0.9970101118087769,1.0736008882522583,2.531407499976922
"[23, 13, 8, 8, 8, 23, 20, 16, 10, 23, 22, 23, 20, 8]","['sigmoid', 'swish', 'sigmoid', 'tanh', 'swish', 'tanh', 'tanh', 'elu', 'swish', 'elu', 'tanh', 'elu', 'tanh', 'elu']",f658060908f9c98028f0e9f0c900,700,Adam,MaxAbsoluteDeviation,1.0986430644989014,1.2205578088760376,6.534778300032485
"[23, 13, 8, 8, 8, 23, 20, 16, 10, 23, 22, 23, 20]","['sigmoid', 'swish', 'sigmoid', 'tanh', 'swish', 'tanh', 'tanh', 'elu', 'swish', 'elu', 'tanh', 'elu', 'tanh']",f658060908f9c98028f0e9f0c9,700,Adam,MaxAbsoluteDeviation,1.008642554283142,1.0949397087097168,6.28044120001141
"[23, 13, 8, 8, 8, 23, 20, 16, 10, 23, 22, 23, 20]","['sigmoid', 'swish', 'sigmoid', 'tanh', 'swish', 'tanh', 'tanh', 'elu', 'swish', 'elu', 'tanh', 'elu', 'tanh']",f658060908f9c98028f0e9f0c9,139,Adam,MaxAbsoluteDeviation,1.093315839767456,1.0516328811645508,2.094851200003177
"[23, 13, 8, 8, 8, 23, 20, 16, 10, 23, 22, 23, 20]","['sigmoid', 'swish', 'sigmoid', 'tanh', 'swish', 'tanh', 'tanh', 'elu', 'swish', 'elu', 'tanh', 'elu', 'tanh']",f658060908f9c98028f0e9f0c9,100,Adam,MaxAbsoluteDeviation,0.9615094065666199,1.0917854309082031,1.8206055000191554
"[23, 13, 23, 8, 8, 23, 20, 16, 10, 23, 22, 23, 20]","['sigmoid', 'swish', 'sigmoid', 'tanh', 'swish', 'tanh', 'tanh', 'elu', 'swish', 'elu', 'tanh', 'elu', 'tanh']",f658f60908f9c98028f0e9f0c9,100,Adam,MaxAbsoluteDeviation,0.9871833324432373,1.1596038341522217,1.829360599978827
"[23, 13, 23, 8, 8, 23, 20, 16, 10, 23, 22, 23, 20, 18]","['sigmoid', 'swish', 'sigmoid', 'tanh', 'swish', 'tanh', 'tanh', 'elu', 'swish', 'elu', 'tanh', 'elu', 'tanh', 'sigmoid']",f658f60908f9c98028f0e9f0c9a6,100,Adam,MaxAbsoluteDeviation,0.9797922372817993,1.0093094110488892,1.9155354999820702
"[23, 13, 23, 8, 8, 23, 20, 16, 10, 23, 22, 23, 20, 18]","['sigmoid', 'swish', 'sigmoid', 'tanh', 'swish', 'tanh', 'tanh', 'elu', 'swish', 'elu', 'tanh', 'elu', 'tanh', 'sigmoid']",f658f60908f9c98028f0e9f0c9a6,700,Adam,MaxAbsoluteDeviation,0.958722710609436,1.0639017820358276,6.531103599991184
"[23, 13, 23, 8, 8, 23, 20, 16, 10, 23, 22, 23, 20, 18]","['sigmoid', 'swish', 'sigmoid', 'tanh', 'swish', 'tanh', 'tanh', 'elu', 'swish', 'elu', 'tanh', 'elu', 'tanh', 'sigmoid']",f658f60908f9c98028f0e9f0c9a6,700,Adam,MaxAbsoluteDeviation,0.9559405446052551,1.0729235410690308,6.5830292999744415
"[23, 13, 23, 8, 8, 23, 20, 8, 10, 23, 22, 23, 20, 18]","['sigmoid', 'swish', 'sigmoid', 'tanh', 'tanh', 'tanh', 'tanh', 'elu', 'swish', 'elu', 'tanh', 'elu', 'tanh', 'sigmoid']",f658f60909f9c90028f0e9f0c9a6,700,Adam,MaxAbsoluteDeviation,0.9564242362976074,0.9997295141220093,6.509500499989372
"[23, 13, 23, 8, 8, 23, 20, 8, 10, 23, 22, 23, 20, 18]","['sigmoid', 'swish', 'sigmoid', 'tanh', 'tanh', 'tanh', 'tanh', 'elu', 'swish', 'elu', 'tanh', 'elu', 'swish', 'sigmoid']",f658f60909f9c90028f0e9f0c8a6,605,Adam,MaxAbsoluteDeviation,0.9709606766700745,1.0449590682983398,5.712786299991421
"[23, 13, 23, 8, 8, 23, 20, 8, 10, 23, 22, 23, 20, 18]","['sigmoid', 'swish', 'sigmoid', 'tanh', 'tanh', 'tanh', 'tanh', 'elu', 'swish', 'elu', 'tanh', 'elu', 'swish', 'sigmoid']",f658f60909f9c90028f0e9f0c8a6,700,Adam,MaxAbsoluteDeviation,0.9679200053215027,1.0728672742843628,6.5262280000024475
"[23, 13, 23, 8, 8, 23, 20, 8, 10, 23, 22, 23, 20, 10]","['sigmoid', 'swish', 'sigmoid', 'tanh', 'tanh', 'tanh', 'tanh', 'elu', 'swish', 'elu', 'tanh', 'elu', 'swish', 'sigmoid']",f658f60909f9c90028f0e9f0c826,700,Adam,MaxAbsoluteDeviation,0.9695446491241455,1.0219014883041382,6.45573190000141
"[23, 13, 23, 8, 8, 23, 20, 8, 10, 23, 22, 23, 20, 10]","['sigmoid', 'swish', 'sigmoid', 'tanh', 'tanh', 'tanh', 'tanh', 'elu', 'swish', 'elu', 'tanh', 'elu', 'swish', 'sigmoid']",f658f60909f9c90028f0e9f0c826,101,Adam,MaxAbsoluteDeviation,0.9605634808540344,1.0450620651245117,1.8976113999960944
"[23, 13, 23, 8, 8, 23, 20, 8, 10, 23, 22, 23, 20, 10, 9]","['sigmoid', 'swish', 'sigmoid', 'tanh', 'tanh', 'tanh', 'tanh', 'elu', 'swish', 'elu', 'tanh', 'elu', 'swish', 'sigmoid', 'swish']",f658f60909f9c90028f0e9f0c82618,101,Adam,MaxAbsoluteDeviation,0.9652602672576904,1.054893970489502,2.0186066000023857
"[23, 13, 23, 8, 8, 23, 20, 8, 10, 23, 22, 23, 20, 10]","['sigmoid', 'swish', 'sigmoid', 'tanh', 'tanh', 'tanh', 'tanh', 'elu', 'swish', 'elu', 'tanh', 'elu', 'swish', 'sigmoid']",f658f60909f9c90028f0e9f0c826,101,Adam,MaxAbsoluteDeviation,0.9778929352760315,1.0888875722885132,1.9026482000481337
"[23, 13, 23, 8, 8, 23, 20, 8, 10, 23, 22, 23, 20, 10, 13]","['sigmoid', 'swish', 'sigmoid', 'tanh', 'tanh', 'tanh', 'tanh', 'elu', 'swish', 'elu', 'tanh', 'elu', 'swish', 'sigmoid', 'sigmoid']",f658f60909f9c90028f0e9f0c82656,101,Adam,MaxAbsoluteDeviation,1.0186020135879517,1.0623126029968262,1.997995899990201
"[23, 13, 23, 8, 8, 23, 20, 8, 10, 23, 22, 23, 20, 10]","['sigmoid', 'swish', 'sigmoid', 'tanh', 'tanh', 'tanh', 'tanh', 'elu', 'swish', 'tanh', 'tanh', 'elu', 'swish', 'sigmoid']",f658f60909f9c90028f9e9f0c826,101,Adam,MaxAbsoluteDeviation,0.9785244464874268,1.071094274520874,1.9042788000078872
"[23, 13, 23, 8, 8, 23, 20, 8, 10, 23, 22, 23, 8, 10]","['sigmoid', 'swish', 'sigmoid', 'tanh', 'tanh', 'tanh', 'tanh', 'elu', 'swish', 'tanh', 'tanh', 'elu', 'swish', 'sigmoid']",f658f60909f9c90028f9e9f00826,101,Adam,MaxAbsoluteDeviation,0.9561566114425659,1.0838565826416016,1.889712700038217
"[23, 13, 23, 8, 8, 23, 20, 8, 10, 23, 22, 23, 8, 10]","['sigmoid', 'swish', 'sigmoid', 'tanh', 'tanh', 'tanh', 'tanh', 'elu', 'swish', 'tanh', 'tanh', 'elu', 'swish', 'sigmoid']",f658f60909f9c90028f9e9f00826,700,Adam,MaxAbsoluteDeviation,0.9658884406089783,1.0357125997543335,6.404152499977499
"[23, 13, 23, 8, 8, 23, 20, 8, 8, 23, 22, 23, 8, 10]","['sigmoid', 'swish', 'sigmoid', 'tanh', 'tanh', 'tanh', 'tanh', 'elu', 'swish', 'tanh', 'tanh', 'elu', 'swish', 'sigmoid']",f658f60909f9c90008f9e9f00826,700,Adam,MaxAbsoluteDeviation,0.9725699424743652,1.0539960861206055,6.405677600007039
"[23, 13, 23, 8, 8, 23, 20, 8, 8, 23, 22, 23, 8, 10, 15]","['sigmoid', 'swish', 'sigmoid', 'tanh', 'tanh', 'tanh', 'tanh', 'elu', 'swish', 'tanh', 'tanh', 'elu', 'swish', 'sigmoid', 'swish']",f658f60909f9c90008f9e9f0082678,700,Adam,MaxAbsoluteDeviation,0.9320780038833618,1.112398624420166,6.740237099991646
"[23, 13, 23, 8, 8, 23, 20, 8, 8, 23, 22, 23, 8, 10, 15]","['sigmoid', 'swish', 'sigmoid', 'tanh', 'tanh', 'tanh', 'tanh', 'elu', 'swish', 'tanh', 'tanh', 'swish', 'swish', 'sigmoid', 'swish']",f658f60909f9c90008f9e9f8082678,700,Adam,MaxAbsoluteDeviation,0.9992372989654541,1.015434741973877,6.705325399991125
"[23, 13, 23, 8, 8, 23, 20, 8, 8, 23, 22, 23, 8, 10, 15]","['sigmoid', 'swish', 'sigmoid', 'tanh', 'tanh', 'tanh', 'tanh', 'elu', 'swish', 'tanh', 'tanh', 'swish', 'swish', 'sigmoid', 'swish']",f658f60909f9c90008f9e9f8082678,152,Adam,MaxAbsoluteDeviation,0.9876083135604858,1.0983461141586304,2.4046145000029355
"[23, 13, 23, 8, 8, 23, 8, 8, 8, 23, 22, 23, 8, 10, 15]","['sigmoid', 'swish', 'sigmoid', 'tanh', 'tanh', 'tanh', 'tanh', 'elu', 'swish', 'tanh', 'tanh', 'swish', 'swish', 'sigmoid', 'swish']",f658f60909f9090008f9e9f8082678,152,Adam,MaxAbsoluteDeviation,0.9570173621177673,1.0523617267608643,2.3796287999721244
"[23, 13, 23, 8, 8, 23, 8, 8, 8, 23, 22, 23, 8, 10, 15]","['sigmoid', 'swish', 'sigmoid', 'tanh', 'tanh', 'tanh', 'tanh', 'elu', 'swish', 'tanh', 'tanh', 'swish', 'swish', 'sigmoid', 'swish']",f658f60909f9090008f9e9f8082678,143,Adam,MaxAbsoluteDeviation,0.961973249912262,1.0683231353759766,2.328277299995534
"[23, 13, 23, 8, 8, 23, 8, 8, 8, 23, 22, 23, 8, 10, 15, 10]","['sigmoid', 'swish', 'sigmoid', 'tanh', 'tanh', 'tanh', 'tanh', 'elu', 'swish', 'tanh', 'tanh', 'swish', 'swish', 'sigmoid', 'swish', 'sigmoid']",f658f60909f9090008f9e9f808267826,143,Adam,MaxAbsoluteDeviation,0.9510958790779114,1.032947063446045,2.4224911000346765
"[23, 13, 23, 8, 8, 23, 8, 8, 8, 23, 22, 23, 8, 10, 15, 10]","['sigmoid', 'swish', 'sigmoid', 'tanh', 'tanh', 'tanh', 'tanh', 'elu', 'swish', 'tanh', 'tanh', 'swish', 'swish', 'sigmoid', 'swish', 'sigmoid']",f658f60909f9090008f9e9f808267826,138,Adam,MaxAbsoluteDeviation,0.9635867476463318,1.024035096168518,2.3680927000241354
"[23, 13, 23, 8, 8, 23, 8, 8, 8, 23, 23, 23, 8, 10, 15, 10, 21]","['sigmoid', 'swish', 'sigmoid', 'tanh', 'tanh', 'tanh', 'tanh', 'elu', 'swish', 'tanh', 'tanh', 'swish', 'swish', 'sigmoid', 'swish', 'sigmoid', 'swish']",f658f60909f9090008f9f9f808267826d8,138,Adam,MaxAbsoluteDeviation,0.9862216114997864,1.0540142059326172,2.4849375000339933
"[23, 13, 23, 8, 8, 23, 8, 8, 8, 23, 23, 23, 8, 10, 15, 10, 21]","['sigmoid', 'swish', 'sigmoid', 'tanh', 'tanh', 'tanh', 'tanh', 'elu', 'swish', 'sigmoid', 'tanh', 'swish', 'swish', 'sigmoid', 'swish', 'sigmoid', 'swish']",f658f60909f9090008f6f9f808267826d8,138,Adam,MaxAbsoluteDeviation,0.9800466895103455,1.0452980995178223,2.495476600015536
"[23, 13, 23, 8, 8, 23, 8, 8, 8, 23, 23, 23, 8, 10, 15, 10]","['sigmoid', 'swish', 'sigmoid', 'tanh', 'tanh', 'tanh', 'tanh', 'elu', 'swish', 'sigmoid', 'tanh', 'swish', 'swish', 'sigmoid', 'swish', 'sigmoid']",f658f60909f9090008f6f9f808267826,138,Adam,MaxAbsoluteDeviation,0.9645376801490784,1.1202170848846436,2.3808976000291295
"[23, 13, 23, 8, 8, 23, 8, 23, 8, 23, 23, 23, 8, 10, 15, 10]","['sigmoid', 'swish', 'sigmoid', 'tanh', 'tanh', 'tanh', 'tanh', 'elu', 'swish', 'sigmoid', 'tanh', 'swish', 'swish', 'sigmoid', 'swish', 'sigmoid']",f658f60909f909f008f6f9f808267826,138,Adam,MaxAbsoluteDeviation,0.982035219669342,1.1017708778381348,2.3514108000090346
"[23, 13, 23, 23, 8, 23, 8, 23, 8, 23, 23, 23, 8, 10, 15, 10, 23]","['sigmoid', 'swish', 'sigmoid', 'tanh', 'tanh', 'tanh', 'tanh', 'elu', 'swish', 'sigmoid', 'tanh', 'swish', 'swish', 'sigmoid', 'swish', 'sigmoid', 'sigmoid']",f658f6f909f909f008f6f9f808267826f6,138,Adam,MaxAbsoluteDeviation,1.01449716091156,1.058634877204895,2.4716024000081234
"[23, 13, 23, 23, 8, 23, 8, 23, 8, 23, 23, 23, 8, 10, 15, 10, 23]","['sigmoid', 'swish', 'sigmoid', 'tanh', 'tanh', 'tanh', 'tanh', 'elu', 'swish', 'sigmoid', 'tanh', 'swish', 'swish', 'sigmoid', 'swish', 'sigmoid', 'sigmoid']",f658f6f909f909f008f6f9f808267826f6,138,Adam,MaxAbsoluteDeviation,0.9867771863937378,1.1267497539520264,2.457308799959719
"[23, 23, 23, 23, 8, 23, 8, 23, 8, 23, 23, 23, 8, 10, 15, 10]","['sigmoid', 'swish', 'sigmoid', 'tanh', 'swish', 'tanh', 'tanh', 'elu', 'swish', 'sigmoid', 'tanh', 'swish', 'swish', 'sigmoid', 'swish', 'sigmoid']",f6f8f6f908f909f008f6f9f808267826,700,Adam,MaxAbsoluteDeviation,0.9814824461936951,1.035917043685913,6.839141300006304
"[23, 23, 23, 23, 8, 23, 8, 23, 8, 23, 23, 23, 8, 10, 15]","['sigmoid', 'swish', 'sigmoid', 'tanh', 'swish', 'tanh', 'tanh', 'elu', 'swish', 'sigmoid', 'tanh', 'swish', 'swish', 'sigmoid', 'swish']",f6f8f6f908f909f008f6f9f808267826,700,Adam,MaxAbsoluteDeviation,0.9814824461936951,1.119920015335083,6.539902099990286
"[23, 23, 23, 23, 8, 23, 8, 23, 8, 23, 23, 23, 8, 10, 15, 10]","['tanh', 'swish', 'sigmoid', 'tanh', 'swish', 'tanh', 'tanh', 'elu', 'swish', 'sigmoid', 'tanh', 'swish', 'swish', 'sigmoid', 'swish', 'sigmoid']",f9f8f6f908f909f008f6f9f808267826,700,Adam,MaxAbsoluteDeviation,0.9547092318534851,1.0219361782073975,6.710754500003532
"[23, 23, 23, 23, 8, 23, 8, 23, 8, 23, 23, 23, 8, 10, 15, 10]","['tanh', 'swish', 'sigmoid', 'tanh', 'swish', 'tanh', 'tanh', 'elu', 'swish', 'sigmoid', 'tanh', 'swish', 'swish', 'sigmoid', 'swish', 'sigmoid']",f9f8f6f908f909f008f6f9f808267826,700,Adam,MaxAbsoluteDeviation,0.963270902633667,1.0666675567626953,6.7492095999768935
"[23, 23, 23, 23, 8, 23, 8, 23, 8, 23, 23, 23, 8, 10, 15, 10]","['tanh', 'swish', 'sigmoid', 'tanh', 'swish', 'tanh', 'tanh', 'elu', 'swish', 'sigmoid', 'tanh', 'swish', 'swish', 'sigmoid', 'swish', 'sigmoid']",f9f8f6f908f909f008f6f9f808267826,700,Adam,MaxAbsoluteDeviation,0.9706396460533142,1.0310102701187134,6.736523400002625
"[23, 23, 23, 23, 8, 23, 8, 23, 8, 23, 23, 23, 8, 10, 15, 10]","['tanh', 'swish', 'sigmoid', 'tanh', 'swish', 'tanh', 'tanh', 'elu', 'swish', 'sigmoid', 'tanh', 'swish', 'swish', 'sigmoid', 'swish', 'sigmoid']",f9f8f6f908f909f008f6f9f808267826,700,Adam,MaxAbsoluteDeviation,0.9583995938301086,1.0928263664245605,6.641849600011483
"[23, 23, 23, 23, 8, 23, 8, 23, 8, 23, 23, 23, 8, 10, 15]","['tanh', 'swish', 'sigmoid', 'tanh', 'swish', 'tanh', 'tanh', 'elu', 'swish', 'sigmoid', 'tanh', 'swish', 'swish', 'sigmoid', 'swish']",f9f8f6f908f909f008f6f9f8082678,700,Adam,MaxAbsoluteDeviation,0.9602718949317932,1.0401417016983032,6.448677000007592
"[23, 23, 23, 23, 8, 23, 8, 23, 8, 23, 23, 23, 8, 10, 15, 14]","['tanh', 'swish', 'sigmoid', 'tanh', 'swish', 'tanh', 'tanh', 'elu', 'swish', 'sigmoid', 'tanh', 'swish', 'swish', 'sigmoid', 'swish', 'elu']",f9f8f6f908f909f008f6f9f808267860,153,Adam,MaxAbsoluteDeviation,0.9537889361381531,1.045233130455017,10.021935399970971
"[23, 23, 23, 23, 8, 23, 8, 23, 8, 23, 23, 23, 8, 10, 15, 14]","['tanh', 'swish', 'sigmoid', 'tanh', 'swish', 'tanh', 'tanh', 'elu', 'swish', 'sigmoid', 'tanh', 'swish', 'swish', 'sigmoid', 'swish', 'elu']",f9f8f6f908f909f008f6f9f808267860,153,Adam,MaxAbsoluteDeviation,1.1322097778320312,1.078160047531128,3.0606296000187285
"[23, 23, 23, 23, 8, 23, 8, 23, 8, 23, 23, 23, 8, 10, 15, 14, 15]","['tanh', 'swish', 'sigmoid', 'tanh', 'swish', 'tanh', 'tanh', 'elu', 'swish', 'sigmoid', 'tanh', 'swish', 'swish', 'sigmoid', 'swish', 'elu', 'sigmoid']",f9f8f6f908f909f008f6f9f80826786076,700,Adam,MaxAbsoluteDeviation,0.9391432404518127,1.0539144277572632,9.771734099951573
"[23, 23, 23, 23, 8, 23, 8, 23, 8, 23, 23, 23, 8, 10, 15, 8, 15]","['tanh', 'swish', 'sigmoid', 'tanh', 'swish', 'tanh', 'tanh', 'elu', 'swish', 'sigmoid', 'tanh', 'swish', 'swish', 'sigmoid', 'swish', 'elu', 'sigmoid']",f9f8f6f908f909f008f6f9f80826780076,700,Adam,MaxAbsoluteDeviation,0.9775996208190918,1.0582115650177002,9.62318569998024
"[23, 8, 23, 23, 8, 23, 8, 23, 8, 23, 23, 23, 8, 10, 15, 8, 15]","['tanh', 'swish', 'sigmoid', 'tanh', 'swish', 'tanh', 'tanh', 'elu', 'swish', 'sigmoid', 'tanh', 'swish', 'swish', 'sigmoid', 'swish', 'elu', 'sigmoid']",f908f6f908f909f008f6f9f80826780076,517,Adam,MaxAbsoluteDeviation,0.9645470976829529,1.0550475120544434,7.457080300024245
"[23, 8, 23, 23, 8, 23, 8, 23, 8, 23, 23, 23, 8, 10, 15, 8]","['tanh', 'swish', 'sigmoid', 'tanh', 'swish', 'tanh', 'tanh', 'elu', 'swish', 'sigmoid', 'tanh', 'swish', 'swish', 'tanh', 'swish', 'elu']",f908f6f908f909f008f6f9f808297800,517,Adam,MaxAbsoluteDeviation,0.9725341796875,1.028022289276123,7.1266636999789625
"[23, 8, 23, 23, 8, 23, 8, 23, 8, 23, 23, 23, 8, 10, 15]","['tanh', 'swish', 'sigmoid', 'tanh', 'swish', 'tanh', 'tanh', 'elu', 'swish', 'sigmoid', 'tanh', 'swish', 'swish', 'tanh', 'swish']",f908f6f908f909f008f6f9f8082978,111,Adam,MaxAbsoluteDeviation,1.034654974937439,1.1826709508895874,2.4733985000057146
"[23, 8, 23, 23, 8, 23, 8, 23, 8, 23, 23, 23, 8, 10, 15]","['tanh', 'swish', 'sigmoid', 'tanh', 'swish', 'tanh', 'tanh', 'elu', 'swish', 'sigmoid', 'tanh', 'swish', 'swish', 'tanh', 'swish']",f908f6f908f909f008f6f9f8082978,100,Adam,MaxAbsoluteDeviation,1.0007081031799316,1.048015832901001,2.367645899998024
"[23, 8, 23, 23, 8, 23, 8, 23, 8, 23, 23, 23, 8, 10, 8]","['tanh', 'swish', 'sigmoid', 'tanh', 'swish', 'tanh', 'tanh', 'elu', 'swish', 'sigmoid', 'tanh', 'swish', 'swish', 'tanh', 'swish']",f908f6f908f909f008f6f9f8082908,100,Adam,MaxAbsoluteDeviation,1.0027393102645874,1.0358442068099976,2.388025899999775
"[23, 8, 23, 23, 8, 23, 8, 23, 8, 23, 23, 23, 8, 10, 20]","['tanh', 'swish', 'sigmoid', 'tanh', 'swish', 'tanh', 'tanh', 'elu', 'swish', 'sigmoid', 'tanh', 'swish', 'swish', 'tanh', 'sigmoid']",f908f6f908f909f008f6f9f80829c6,100,Adam,MaxAbsoluteDeviation,0.9960438013076782,1.0649484395980835,2.3274663999909535
"[23, 8, 23, 23, 8, 23, 8, 23, 8, 23, 23, 23, 8, 10, 20]","['tanh', 'swish', 'sigmoid', 'tanh', 'swish', 'tanh', 'tanh', 'elu', 'swish', 'sigmoid', 'tanh', 'swish', 'swish', 'tanh', 'sigmoid']",f908f6f908f909f008f6f9f80829c6,100,Adam,MaxAbsoluteDeviation,0.9709675312042236,1.088775634765625,2.3135915999882855
"[23, 8, 23, 23, 8, 23, 8, 23, 8, 23, 23, 23, 8, 10, 20]","['tanh', 'elu', 'sigmoid', 'tanh', 'swish', 'tanh', 'tanh', 'elu', 'swish', 'sigmoid', 'tanh', 'swish', 'swish', 'tanh', 'sigmoid']",f900f6f908f909f008f6f9f80829c6,100,Adam,MaxAbsoluteDeviation,0.9777483940124512,1.0182180404663086,2.301079500000924
"[23, 8, 23, 23, 8, 23, 8, 23, 8, 23, 23, 23, 8, 10, 20, 13]","['tanh', 'elu', 'sigmoid', 'tanh', 'swish', 'tanh', 'tanh', 'elu', 'swish', 'sigmoid', 'tanh', 'swish', 'swish', 'tanh', 'sigmoid', 'sigmoid']",f900f6f908f909f008f6f9f80829c656,100,Adam,MaxAbsoluteDeviation,1.0830013751983643,1.161316156387329,2.4196688999654725
"[23, 8, 23, 23, 8, 23, 8, 23, 8, 23, 23, 23, 8, 10, 20, 13]","['tanh', 'elu', 'sigmoid', 'tanh', 'elu', 'tanh', 'tanh', 'elu', 'swish', 'sigmoid', 'tanh', 'swish', 'swish', 'tanh', 'sigmoid', 'sigmoid']",f900f6f900f909f008f6f9f80829c656,100,Adam,MaxAbsoluteDeviation,0.9725505113601685,1.1497714519500732,2.4143301000003703
"[23, 8, 23, 23, 8, 23, 8, 23, 8, 23, 23, 23, 8, 10, 20, 13]","['tanh', 'elu', 'sigmoid', 'tanh', 'elu', 'tanh', 'tanh', 'elu', 'swish', 'sigmoid', 'tanh', 'swish', 'swish', 'tanh', 'sigmoid', 'sigmoid']",f900f6f900f909f008f6f9f80829c656,100,Adam,MaxAbsoluteDeviation,1.0884982347488403,1.2435240745544434,2.3753990000113845
"[23, 8, 23, 23, 8, 23, 8, 23, 8, 23, 23, 23, 8, 10, 8, 13]","['tanh', 'elu', 'sigmoid', 'tanh', 'elu', 'tanh', 'tanh', 'elu', 'swish', 'sigmoid', 'tanh', 'swish', 'swish', 'tanh', 'sigmoid', 'sigmoid']",f900f6f900f909f008f6f9f808290656,100,Adam,MaxAbsoluteDeviation,1.001299262046814,1.0612611770629883,2.3990309000364505
"[23, 8, 23, 8, 8, 23, 8, 8, 8, 23, 23, 23, 8, 10, 8, 13]","['tanh', 'elu', 'sigmoid', 'tanh', 'elu', 'tanh', 'tanh', 'elu', 'swish', 'sigmoid', 'tanh', 'swish', 'swish', 'tanh', 'sigmoid', 'sigmoid']",f900f60900f9090008f6f9f808290656,100,Adam,MaxAbsoluteDeviation,0.977497398853302,1.0442605018615723,2.406168199959211
"[23, 8, 23, 8, 8, 23, 8, 8, 8, 23, 23, 23, 8, 10, 8]","['tanh', 'elu', 'sigmoid', 'tanh', 'elu', 'tanh', 'tanh', 'elu', 'swish', 'sigmoid', 'tanh', 'swish', 'swish', 'tanh', 'sigmoid']",f900f60900f9090008f6f9f8082906,100,Adam,MaxAbsoluteDeviation,0.9626096487045288,1.1523504257202148,2.283930599980522
"[23, 8, 23, 8, 8, 23, 8, 8, 8, 23, 23, 23, 8, 10, 8, 11]","['tanh', 'elu', 'sigmoid', 'tanh', 'elu', 'tanh', 'tanh', 'elu', 'swish', 'sigmoid', 'tanh', 'swish', 'swish', 'tanh', 'sigmoid', 'sigmoid']",f900f60900f9090008f6f9f808290636,100,Adam,MaxAbsoluteDeviation,0.9549802541732788,1.159468412399292,2.3840685000177473
"[23, 8, 23, 8, 8, 23, 8, 8, 8, 23, 23, 8, 8, 10, 8, 11]","['tanh', 'elu', 'sigmoid', 'tanh', 'elu', 'tanh', 'tanh', 'elu', 'swish', 'sigmoid', 'tanh', 'swish', 'swish', 'tanh', 'sigmoid', 'sigmoid']",f900f60900f9090008f6f90808290636,100,Adam,MaxAbsoluteDeviation,0.9734582304954529,1.0957156419754028,2.406519100011792
"[23, 8, 23, 8, 8, 23, 8, 8, 8, 23, 23, 8, 8, 10, 8, 11, 19]","['tanh', 'elu', 'sigmoid', 'tanh', 'elu', 'tanh', 'tanh', 'elu', 'swish', 'sigmoid', 'tanh', 'swish', 'swish', 'tanh', 'sigmoid', 'sigmoid', 'swish']",f900f60900f9090008f6f90808290636b8,100,Adam,MaxAbsoluteDeviation,1.028903841972351,1.1185129880905151,2.507420399982948
"[23, 8, 23, 8, 8, 23, 8, 8, 8, 23, 23, 8, 8, 10, 8, 11, 8]","['tanh', 'elu', 'sigmoid', 'tanh', 'elu', 'tanh', 'tanh', 'elu', 'swish', 'sigmoid', 'tanh', 'swish', 'swish', 'tanh', 'sigmoid', 'sigmoid', 'swish']",f900f60900f9090008f6f9080829063608,100,Adam,MaxAbsoluteDeviation,0.9583801031112671,1.086143970489502,2.5295057999901474
"[23, 8, 23, 8, 8, 23, 8, 8, 8, 23, 23, 8, 8, 10, 8, 11, 8]","['tanh', 'swish', 'sigmoid', 'tanh', 'elu', 'tanh', 'tanh', 'elu', 'swish', 'sigmoid', 'tanh', 'swish', 'swish', 'tanh', 'sigmoid', 'sigmoid', 'swish']",f908f60900f9090008f6f9080829063608,100,Adam,MaxAbsoluteDeviation,1.0240163803100586,1.0492454767227173,2.5270567999687046
"[23, 8, 23, 8, 8, 23, 8, 8, 8, 23, 23, 8, 8, 8, 8, 11, 8]","['tanh', 'swish', 'sigmoid', 'tanh', 'elu', 'tanh', 'tanh', 'elu', 'swish', 'sigmoid', 'tanh', 'swish', 'swish', 'tanh', 'sigmoid', 'sigmoid', 'swish']",f908f60900f9090008f6f9080809063608,100,Adam,MaxAbsoluteDeviation,0.9552857875823975,1.0600731372833252,2.5427308999933302
"[23, 8, 23, 8, 8, 23, 8, 8, 8, 23, 23, 8, 8, 8, 8, 11, 8]","['tanh', 'swish', 'sigmoid', 'tanh', 'elu', 'tanh', 'tanh', 'elu', 'swish', 'sigmoid', 'tanh', 'swish', 'swish', 'tanh', 'sigmoid', 'sigmoid', 'swish']",f908f60900f9090008f6f9080809063608,100,Adam,MaxAbsoluteDeviation,1.0088891983032227,1.1828758716583252,2.541865599981975
"[23, 8, 23, 8, 8, 23, 8, 8, 8, 23, 23, 8, 8, 8, 8]","['tanh', 'swish', 'sigmoid', 'tanh', 'elu', 'tanh', 'tanh', 'elu', 'swish', 'sigmoid', 'tanh', 'swish', 'swish', 'tanh', 'sigmoid']",f908f60900f9090008f6f908080906,100,Adam,MaxAbsoluteDeviation,0.9704704284667969,1.0508044958114624,2.2893454000004567
"[23, 8, 23, 8, 8, 23, 8, 8, 8, 23, 23, 8, 8, 8, 8]","['tanh', 'swish', 'sigmoid', 'tanh', 'elu', 'tanh', 'tanh', 'elu', 'swish', 'sigmoid', 'tanh', 'swish', 'swish', 'tanh', 'sigmoid']",f908f60900f9090008f6f908080906,700,Adam,MaxAbsoluteDeviation,0.9656708240509033,1.0311168432235718,8.303452099964488
"[23, 8, 23, 8, 8, 23, 8, 8, 8, 23, 23, 8, 8, 8, 8]","['tanh', 'swish', 'sigmoid', 'tanh', 'elu', 'tanh', 'tanh', 'elu', 'swish', 'sigmoid', 'tanh', 'swish', 'swish', 'tanh', 'sigmoid']",f908f60900f9090008f6f908080906,700,Adam,MaxAbsoluteDeviation,0.9724278450012207,1.07132887840271,8.480226400017273
"[23, 8, 23, 8, 8, 23, 8, 8, 8, 23, 23, 8, 8, 8, 8]","['tanh', 'swish', 'sigmoid', 'tanh', 'elu', 'tanh', 'tanh', 'elu', 'swish', 'sigmoid', 'tanh', 'swish', 'swish', 'tanh', 'sigmoid']",f908f60900f9090008f6f908080906,579,Adam,MaxAbsoluteDeviation,0.9571084380149841,1.0742409229278564,7.070918100012932
"[23, 8, 23, 8, 8, 8, 8, 8, 8, 23, 23, 8, 8, 8, 8, 12]","['tanh', 'swish', 'sigmoid', 'tanh', 'elu', 'tanh', 'tanh', 'elu', 'swish', 'sigmoid', 'tanh', 'swish', 'swish', 'tanh', 'sigmoid', 'tanh']",f908f6090009090008f6f90808090649,100,Adam,MaxAbsoluteDeviation,0.9677937030792236,1.221422791481018,2.411106999963522
"[23, 8, 23, 8, 8, 8, 8, 8, 8, 23, 23, 8, 8, 8, 8]","['tanh', 'swish', 'sigmoid', 'tanh', 'elu', 'tanh', 'tanh', 'elu', 'swish', 'sigmoid', 'tanh', 'swish', 'swish', 'tanh', 'sigmoid']",f908f6090009090008f6f908080906,100,Adam,MaxAbsoluteDeviation,0.9688491821289062,1.0383093357086182,2.302957400039304
"[23, 8, 23, 8, 8, 8, 8, 8, 8, 23, 23, 8, 8, 8, 8]","['tanh', 'swish', 'sigmoid', 'tanh', 'elu', 'tanh', 'tanh', 'elu', 'swish', 'sigmoid', 'tanh', 'swish', 'swish', 'tanh', 'sigmoid']",f908f6090009090008f6f908080906,700,Adam,MaxAbsoluteDeviation,0.9703671336174011,1.0483890771865845,8.377048199996352
"[23, 8, 23, 8, 8, 8, 8, 8, 8, 23, 23, 8, 8, 8, 8]","['tanh', 'swish', 'sigmoid', 'tanh', 'elu', 'tanh', 'tanh', 'elu', 'swish', 'sigmoid', 'tanh', 'swish', 'swish', 'tanh', 'sigmoid']",f908f6090009090008f6f908080906,700,Adam,MaxAbsoluteDeviation,0.9748709201812744,1.0540577173233032,8.291677400004119
"[23, 8, 23, 8, 8, 8, 8, 8, 8, 23, 23, 23, 8, 8, 8]","['tanh', 'swish', 'sigmoid', 'tanh', 'elu', 'tanh', 'tanh', 'elu', 'swish', 'sigmoid', 'tanh', 'swish', 'swish', 'tanh', 'sigmoid']",f908f6090009090008f6f9f8080906,700,Adam,MaxAbsoluteDeviation,0.9513103365898132,1.060847282409668,8.51751310005784
"[23, 8, 23, 8, 8, 8, 8, 8, 8, 23, 23, 23, 8, 8, 8]","['tanh', 'swish', 'sigmoid', 'tanh', 'elu', 'tanh', 'tanh', 'elu', 'swish', 'sigmoid', 'tanh', 'swish', 'swish', 'tanh', 'sigmoid']",f908f6090009090008f6f9f8080906,526,Adam,MaxAbsoluteDeviation,0.9620050191879272,1.059217095375061,6.606420699972659
"[23, 8, 23, 8, 8, 8, 8, 8, 8, 23, 23, 23, 8, 8, 8]","['tanh', 'swish', 'sigmoid', 'tanh', 'elu', 'tanh', 'tanh', 'elu', 'swish', 'sigmoid', 'tanh', 'swish', 'swish', 'tanh', 'sigmoid']",f908f6090009090008f6f9f8080906,526,Adam,MaxAbsoluteDeviation,0.9551745057106018,1.0315496921539307,6.611781299987342
"[23, 8, 23, 8, 8, 8, 8, 8, 8, 23, 23, 23, 8, 8, 8]","['tanh', 'swish', 'sigmoid', 'tanh', 'elu', 'sigmoid', 'tanh', 'elu', 'swish', 'sigmoid', 'tanh', 'swish', 'swish', 'tanh', 'sigmoid']",f908f6090006090008f6f9f8080906,526,Adam,MaxAbsoluteDeviation,0.9726483821868896,1.1391968727111816,6.577087800018489
"[23, 8, 23, 8, 8, 8, 8, 8, 8, 23, 23, 23, 8, 8, 8]","['tanh', 'swish', 'sigmoid', 'tanh', 'elu', 'sigmoid', 'tanh', 'elu', 'swish', 'sigmoid', 'tanh', 'swish', 'swish', 'tanh', 'sigmoid']",f908f6090006090008f6f9f8080906,700,Adam,MaxAbsoluteDeviation,0.9615609645843506,1.059929609298706,8.355956699990202
"[23, 8, 23, 8, 8, 8, 8, 8, 8, 23, 23, 23, 8, 8, 8, 22, 23]","['tanh', 'swish', 'sigmoid', 'tanh', 'elu', 'sigmoid', 'tanh', 'elu', 'swish', 'sigmoid', 'tanh', 'swish', 'swish', 'tanh', 'sigmoid', 'elu', 'elu']",f908f6090006090008f6f9f8080906e0f0,266,Adam,MaxAbsoluteDeviation,1.0614173412322998,1.032050609588623,4.349617799976841
"[23, 8, 23, 8, 8, 8, 8, 8, 8, 23, 23, 23, 8, 8, 8, 22, 23]","['sigmoid', 'swish', 'sigmoid', 'tanh', 'elu', 'sigmoid', 'tanh', 'elu', 'swish', 'sigmoid', 'tanh', 'swish', 'swish', 'tanh', 'sigmoid', 'elu', 'elu']",f608f6090006090008f6f9f8080906e0f0,266,Adam,MaxAbsoluteDeviation,1.0348302125930786,1.0222065448760986,4.256656399986241
"[23, 8, 23, 8, 8, 8, 8, 8, 8, 23, 23, 23, 8, 8, 8, 22, 23]","['sigmoid', 'swish', 'sigmoid', 'tanh', 'elu', 'sigmoid', 'tanh', 'elu', 'swish', 'sigmoid', 'tanh', 'swish', 'swish', 'tanh', 'sigmoid', 'elu', 'swish']",f608f6090006090008f6f9f8080906e0f8,266,Adam,MaxAbsoluteDeviation,0.9711087942123413,1.0348515510559082,4.309792699990794
"[23, 8, 23, 23, 8, 8, 8, 8, 8, 23, 23, 23, 8, 8, 8, 22, 23]","['sigmoid', 'swish', 'sigmoid', 'tanh', 'elu', 'sigmoid', 'tanh', 'elu', 'swish', 'sigmoid', 'tanh', 'swish', 'swish', 'tanh', 'sigmoid', 'elu', 'swish']",f608f6f90006090008f6f9f8080906e0f8,266,Adam,MaxAbsoluteDeviation,1.0194752216339111,1.0034666061401367,4.271078400022816
"[23, 8, 8, 23, 8, 8, 8, 8, 23, 23, 23, 23, 8, 8, 8, 22, 23]","['sigmoid', 'swish', 'sigmoid', 'tanh', 'elu', 'sigmoid', 'tanh', 'elu', 'swish', 'sigmoid', 'tanh', 'swish', 'swish', 'tanh', 'sigmoid', 'elu', 'swish']",f60806f900060900f8f6f9f8080906e0f8,266,Adam,MaxAbsoluteDeviation,0.960767924785614,1.0522555112838745,4.281005099997856
"[23, 8, 8, 23, 8, 8, 8, 8, 23, 23, 23, 23, 8, 8, 8, 22]","['sigmoid', 'swish', 'sigmoid', 'tanh', 'elu', 'sigmoid', 'tanh', 'elu', 'swish', 'sigmoid', 'tanh', 'swish', 'swish', 'tanh', 'sigmoid', 'elu']",f60806f900060900f8f6f9f8080906e0,167,Adam,MaxAbsoluteDeviation,1.0347814559936523,1.2142688035964966,3.034965399943758
"[23, 8, 8, 23, 8, 8, 8, 8, 23, 23, 23, 23, 8, 8, 23, 22]","['sigmoid', 'swish', 'sigmoid', 'tanh', 'elu', 'sigmoid', 'tanh', 'elu', 'swish', 'sigmoid', 'tanh', 'swish', 'swish', 'tanh', 'sigmoid', 'elu']",f60806f900060900f8f6f9f80809f6e0,167,Adam,MaxAbsoluteDeviation,1.103744387626648,1.0224418640136719,3.047652499983087
"[23, 8, 8, 23, 8, 8, 8, 8, 23, 23, 23, 23, 8, 8, 23, 23]","['sigmoid', 'swish', 'sigmoid', 'tanh', 'elu', 'sigmoid', 'tanh', 'elu', 'swish', 'sigmoid', 'tanh', 'swish', 'swish', 'tanh', 'sigmoid', 'elu']",f60806f900060900f8f6f9f80809f6f0,167,Adam,MaxAbsoluteDeviation,1.1592614650726318,1.2479313611984253,3.0303257000050507
"[23, 8, 8, 23, 8, 8, 8, 8, 23, 23, 23, 23, 8, 8, 23, 23, 10]","['sigmoid', 'swish', 'sigmoid', 'tanh', 'elu', 'sigmoid', 'tanh', 'elu', 'swish', 'sigmoid', 'tanh', 'swish', 'swish', 'tanh', 'sigmoid', 'elu', 'elu']",f60806f900060900f8f6f9f80809f6f020,700,Adam,MaxAbsoluteDeviation,0.9987208843231201,1.0391712188720703,8.9934880999499
"[23, 8, 8, 23, 8, 8, 8, 8, 23, 23, 23, 23, 8, 8, 23, 23, 10]","['sigmoid', 'swish', 'sigmoid', 'tanh', 'elu', 'sigmoid', 'tanh', 'elu', 'swish', 'sigmoid', 'tanh', 'swish', 'swish', 'tanh', 'sigmoid', 'elu', 'elu']",f60806f900060900f8f6f9f80809f6f020,365,Adam,MaxAbsoluteDeviation,1.0076526403427124,1.0037033557891846,5.27110910002375
"[23, 8, 8, 23, 8, 8, 8, 8, 23, 23, 23, 23, 8, 8, 23, 23, 10]","['sigmoid', 'swish', 'sigmoid', 'tanh', 'elu', 'sigmoid', 'tanh', 'elu', 'swish', 'sigmoid', 'tanh', 'swish', 'swish', 'tanh', 'sigmoid', 'elu', 'elu']",f60806f900060900f8f6f9f80809f6f020,700,Adam,MaxAbsoluteDeviation,0.9644249677658081,1.041188359260559,9.057678100012708
"[23, 8, 8, 23, 8, 8, 8, 8, 23, 23, 23, 23, 8, 8, 23, 23, 10]","['sigmoid', 'swish', 'sigmoid', 'tanh', 'elu', 'sigmoid', 'elu', 'elu', 'swish', 'sigmoid', 'tanh', 'swish', 'swish', 'tanh', 'sigmoid', 'elu', 'elu']",f60806f900060000f8f6f9f80809f6f020,700,Adam,MaxAbsoluteDeviation,1.0043753385543823,1.1180031299591064,8.99167859996669
"[23, 8, 8, 23, 8, 8, 8, 8, 23, 23, 23, 23, 8, 8, 23, 23, 10]","['sigmoid', 'swish', 'sigmoid', 'tanh', 'elu', 'sigmoid', 'elu', 'elu', 'swish', 'sigmoid', 'tanh', 'swish', 'swish', 'tanh', 'sigmoid', 'elu', 'elu']",f60806f900060000f8f6f9f80809f6f020,700,Adam,MaxAbsoluteDeviation,0.9871347546577454,1.0101306438446045,9.02364100003615
"[23, 8, 8, 23, 8, 8, 8, 8, 23, 23, 23, 23, 8, 8, 23, 23, 10]","['sigmoid', 'swish', 'sigmoid', 'tanh', 'elu', 'sigmoid', 'elu', 'elu', 'swish', 'sigmoid', 'tanh', 'swish', 'swish', 'tanh', 'sigmoid', 'elu', 'elu']",f60806f900060000f8f6f9f80809f6f020,414,Adam,MaxAbsoluteDeviation,0.9782418608665466,1.1141762733459473,5.7717051999643445
"[23, 8, 8, 23, 8, 8, 8, 8, 23, 23, 23, 23, 8, 8, 23, 23]","['sigmoid', 'swish', 'sigmoid', 'tanh', 'elu', 'sigmoid', 'elu', 'elu', 'swish', 'sigmoid', 'tanh', 'swish', 'swish', 'tanh', 'sigmoid', 'elu']",f60806f900060000f8f6f9f80809f6f0,414,Adam,MaxAbsoluteDeviation,0.9905993938446045,1.0210214853286743,5.587618899997324
"[23, 8, 8, 23, 8, 8, 8, 8, 23, 23, 23, 23, 8, 8, 23, 23]","['sigmoid', 'swish', 'sigmoid', 'tanh', 'elu', 'sigmoid', 'elu', 'elu', 'swish', 'sigmoid', 'tanh', 'swish', 'swish', 'tanh', 'sigmoid', 'elu']",f60806f900060000f8f6f9f80809f6f0,414,Adam,MaxAbsoluteDeviation,1.027825117111206,1.245579719543457,5.580736999982037
"[23, 8, 8, 23, 8, 8, 8, 8, 23, 23, 23, 23, 8, 8, 23, 23, 15]","['sigmoid', 'sigmoid', 'sigmoid', 'tanh', 'elu', 'sigmoid', 'elu', 'elu', 'swish', 'sigmoid', 'tanh', 'swish', 'swish', 'tanh', 'sigmoid', 'elu', 'elu']",f60606f900060000f8f6f9f80809f6f070,700,Adam,MaxAbsoluteDeviation,0.9787724018096924,1.0933208465576172,8.955119899997953
"[23, 8, 8, 23, 8, 8, 8, 8, 23, 23, 23, 23, 8, 8, 23, 23, 15]","['sigmoid', 'sigmoid', 'sigmoid', 'tanh', 'elu', 'sigmoid', 'elu', 'elu', 'swish', 'sigmoid', 'tanh', 'swish', 'swish', 'tanh', 'sigmoid', 'elu', 'elu']",f60606f900060000f8f6f9f80809f6f070,700,Adam,MaxAbsoluteDeviation,1.0251076221466064,1.0222736597061157,8.840416599996388
"[23, 8, 8, 23, 8, 8, 8, 8, 23, 23, 23, 23, 8, 8, 23, 23, 15, 23]","['sigmoid', 'sigmoid', 'sigmoid', 'tanh', 'elu', 'sigmoid', 'elu', 'elu', 'swish', 'sigmoid', 'tanh', 'swish', 'swish', 'tanh', 'sigmoid', 'elu', 'elu', 'sigmoid']",f60606f900060000f8f6f9f80809f6f070f6,700,Adam,MaxAbsoluteDeviation,0.9420186877250671,1.056972861289978,9.30242260004161
"[23, 8, 8, 23, 8, 8, 8, 8, 23, 23, 23, 23, 8, 8, 23, 23, 15, 23, 17]","['sigmoid', 'sigmoid', 'sigmoid', 'swish', 'elu', 'sigmoid', 'elu', 'elu', 'swish', 'sigmoid', 'tanh', 'swish', 'swish', 'tanh', 'sigmoid', 'elu', 'elu', 'sigmoid', 'tanh']",f60606f800060000f8f6f9f80809f6f070f699,700,Adam,MaxAbsoluteDeviation,1.1031535863876343,1.2390668392181396,9.657153000007384
"[23, 8, 8, 23, 8, 8, 8, 8, 23, 23, 23, 23, 8, 8, 23, 23, 15, 23, 17]","['sigmoid', 'sigmoid', 'sigmoid', 'swish', 'elu', 'sigmoid', 'elu', 'elu', 'swish', 'sigmoid', 'tanh', 'swish', 'swish', 'tanh', 'sigmoid', 'elu', 'elu', 'sigmoid', 'tanh']",f60606f800060000f8f6f9f80809f6f070f699,700,Adam,MaxAbsoluteDeviation,0.9755145907402039,1.0498549938201904,9.778935699956492
"[23, 8, 8, 23, 8, 8, 8, 8, 23, 23, 23, 23, 8, 8, 23, 23, 15, 23, 17]","['sigmoid', 'sigmoid', 'sigmoid', 'swish', 'elu', 'sigmoid', 'elu', 'elu', 'swish', 'sigmoid', 'tanh', 'swish', 'swish', 'tanh', 'sigmoid', 'elu', 'elu', 'sigmoid', 'tanh']",f60606f800060000f8f6f9f80809f6f070f699,700,Adam,MaxAbsoluteDeviation,0.9948866367340088,1.1260485649108887,9.784635100048035
"[23, 8, 8, 23, 8, 8, 8, 8, 23, 23, 23, 23, 8, 8, 23, 23, 15, 23, 17]","['sigmoid', 'sigmoid', 'sigmoid', 'swish', 'elu', 'sigmoid', 'elu', 'elu', 'swish', 'sigmoid', 'tanh', 'swish', 'swish', 'tanh', 'sigmoid', 'elu', 'elu', 'sigmoid', 'tanh']",f60606f800060000f8f6f9f80809f6f070f699,700,Adam,MaxAbsoluteDeviation,0.9793651103973389,1.0569899082183838,9.657561399973929
"[23, 8, 8, 23, 8, 8, 8, 8, 23, 23, 23, 23, 8, 8, 23, 23, 15, 23]","['sigmoid', 'sigmoid', 'sigmoid', 'swish', 'elu', 'sigmoid', 'elu', 'elu', 'swish', 'sigmoid', 'tanh', 'swish', 'swish', 'tanh', 'sigmoid', 'elu', 'elu', 'sigmoid']",f60606f800060000f8f6f9f80809f6f070f6,700,Adam,MaxAbsoluteDeviation,1.0120713710784912,1.0062037706375122,9.366062799992505
"[23, 8, 8, 23, 8, 8, 8, 8, 23, 23, 23, 23, 8, 8, 23, 23, 15, 23]","['sigmoid', 'sigmoid', 'sigmoid', 'swish', 'elu', 'sigmoid', 'elu', 'elu', 'swish', 'sigmoid', 'tanh', 'swish', 'swish', 'tanh', 'sigmoid', 'elu', 'elu', 'sigmoid']",f60606f800060000f8f6f9f80809f6f070f6,700,Adam,MaxAbsoluteDeviation,0.9743853807449341,1.090146541595459,9.20951050001895
"[23, 8, 8, 23, 8, 8, 8, 8, 23, 23, 23, 23, 8, 8, 23, 23, 15, 23]","['sigmoid', 'sigmoid', 'sigmoid', 'swish', 'elu', 'sigmoid', 'elu', 'elu', 'swish', 'sigmoid', 'tanh', 'swish', 'swish', 'tanh', 'sigmoid', 'elu', 'elu', 'sigmoid']",f60606f800060000f8f6f9f80809f6f070f6,700,Adam,MaxAbsoluteDeviation,0.9580172896385193,1.152147650718689,9.161707799998112
"[23, 8, 8, 23, 8, 8, 8, 8, 23, 23, 23, 23, 8, 8, 23, 23, 15]","['sigmoid', 'sigmoid', 'sigmoid', 'swish', 'elu', 'sigmoid', 'elu', 'elu', 'swish', 'sigmoid', 'tanh', 'swish', 'swish', 'tanh', 'sigmoid', 'elu', 'elu']",f60606f800060000f8f6f9f80809f6f070f6,700,Adam,MaxAbsoluteDeviation,0.9580172896385193,1.0080556869506836,8.866364200017415
"[23, 8, 8, 23, 8, 8, 8, 8, 23, 23, 23, 23, 8, 8, 23, 23, 15, 23, 9]","['sigmoid', 'sigmoid', 'sigmoid', 'swish', 'elu', 'sigmoid', 'elu', 'elu', 'swish', 'sigmoid', 'tanh', 'swish', 'swish', 'tanh', 'sigmoid', 'elu', 'elu', 'sigmoid', 'sigmoid']",f60606f800060000f8f6f9f80809f6f070f616,700,Adam,MaxAbsoluteDeviation,0.973124086856842,1.0548923015594482,9.464948099979665
"[23, 8, 8, 23, 8, 8, 8, 8, 23, 23, 23, 23, 8, 8, 23, 23, 15, 23, 9]","['sigmoid', 'sigmoid', 'sigmoid', 'swish', 'elu', 'sigmoid', 'elu', 'elu', 'swish', 'sigmoid', 'tanh', 'swish', 'swish', 'tanh', 'sigmoid', 'elu', 'elu', 'sigmoid', 'sigmoid']",f60606f800060000f8f6f9f80809f6f070f616,700,Adam,MaxAbsoluteDeviation,0.9655352830886841,1.05442476272583,9.74278480000794
"[23, 8, 8, 23, 8, 8, 8, 8, 23, 23, 23, 23, 8, 8, 23, 23, 15, 23, 9]","['sigmoid', 'sigmoid', 'sigmoid', 'swish', 'elu', 'sigmoid', 'elu', 'elu', 'swish', 'sigmoid', 'tanh', 'swish', 'swish', 'tanh', 'sigmoid', 'elu', 'elu', 'sigmoid', 'sigmoid']",f60606f800060000f8f6f9f80809f6f070f616,700,Adam,MaxAbsoluteDeviation,0.9615088105201721,1.0515077114105225,9.660220900026616
"[23, 8, 8, 23, 8, 8, 8, 8, 23, 23, 23, 23, 8, 8, 23, 23, 15, 23, 9]","['sigmoid', 'sigmoid', 'sigmoid', 'swish', 'elu', 'sigmoid', 'elu', 'elu', 'swish', 'sigmoid', 'tanh', 'swish', 'swish', 'tanh', 'sigmoid', 'elu', 'elu', 'sigmoid', 'sigmoid']",f60606f800060000f8f6f9f80809f6f070f616,595,Adam,MaxAbsoluteDeviation,0.9667707681655884,1.0511845350265503,8.388510000018869
"[23, 8, 8, 23, 23, 8, 8, 8, 23, 23, 23, 23, 8, 8, 23, 23, 15, 23, 9]","['sigmoid', 'sigmoid', 'sigmoid', 'swish', 'elu', 'sigmoid', 'elu', 'elu', 'swish', 'sigmoid', 'tanh', 'swish', 'swish', 'tanh', 'sigmoid', 'elu', 'elu', 'sigmoid', 'sigmoid']",f60606f8f0060000f8f6f9f80809f6f070f616,595,Adam,MaxAbsoluteDeviation,0.9667111039161682,1.062058687210083,16.033046399999876
"[23, 8, 8, 23, 23, 8, 8, 8, 23, 23, 23, 23, 8, 8, 23, 23, 15, 23, 9]","['sigmoid', 'sigmoid', 'sigmoid', 'swish', 'elu', 'sigmoid', 'elu', 'elu', 'swish', 'sigmoid', 'tanh', 'swish', 'swish', 'tanh', 'sigmoid', 'elu', 'elu', 'sigmoid', 'sigmoid']",f60606f8f0060000f8f6f9f80809f6f070f616,595,Adam,MaxAbsoluteDeviation,0.959063708782196,1.0632747411727905,8.971990399993956
"[23, 8, 8, 23, 23, 8, 8, 8, 23, 23, 23, 23, 8, 8, 23, 23, 15, 23, 9, 17, 19]","['sigmoid', 'sigmoid', 'sigmoid', 'swish', 'elu', 'sigmoid', 'elu', 'elu', 'swish', 'sigmoid', 'tanh', 'swish', 'swish', 'tanh', 'sigmoid', 'elu', 'elu', 'sigmoid', 'sigmoid', 'tanh', 'sigmoid']",f60606f8f0060000f8f6f9f80809f6f070f61699b6,595,Adam,MaxAbsoluteDeviation,0.9807021617889404,1.1408779621124268,9.684092100011185
"[23, 8, 8, 23, 8, 8, 8, 8, 23, 23, 23, 23, 8, 8, 23, 23, 15, 23, 9, 17, 19]","['sigmoid', 'sigmoid', 'sigmoid', 'swish', 'elu', 'sigmoid', 'elu', 'elu', 'swish', 'sigmoid', 'tanh', 'swish', 'swish', 'tanh', 'sigmoid', 'elu', 'elu', 'sigmoid', 'sigmoid', 'tanh', 'sigmoid']",f60606f800060000f8f6f9f80809f6f070f61699b6,100,Adam,MaxAbsoluteDeviation,1.0082294940948486,1.0712761878967285,3.0102419999893755
"[23, 8, 8, 23, 8, 8, 8, 8, 23, 23, 23, 23, 8, 8, 23, 23, 15, 23, 9, 17, 19]","['sigmoid', 'sigmoid', 'sigmoid', 'swish', 'elu', 'sigmoid', 'elu', 'elu', 'swish', 'sigmoid', 'tanh', 'swish', 'swish', 'tanh', 'sigmoid', 'elu', 'elu', 'sigmoid', 'sigmoid', 'tanh', 'tanh']",f60606f800060000f8f6f9f80809f6f070f61699b9,100,Adam,MaxAbsoluteDeviation,0.9983426928520203,1.2019847631454468,3.0116372000193223
"[23, 8, 8, 23, 8, 8, 8, 8, 23, 23, 23, 23, 8, 8, 23, 23, 15, 23, 9, 17, 19]","['sigmoid', 'sigmoid', 'sigmoid', 'swish', 'elu', 'sigmoid', 'elu', 'elu', 'swish', 'sigmoid', 'tanh', 'swish', 'elu', 'tanh', 'sigmoid', 'elu', 'elu', 'sigmoid', 'sigmoid', 'tanh', 'tanh']",f60606f800060000f8f6f9f80009f6f070f61699b9,100,Adam,MaxAbsoluteDeviation,0.9814526438713074,1.0344388484954834,3.001672300044447
"[23, 8, 8, 23, 8, 8, 8, 8, 23, 23, 23, 23, 8, 8, 23, 23, 15, 23, 9, 17, 19]","['sigmoid', 'sigmoid', 'sigmoid', 'swish', 'elu', 'sigmoid', 'elu', 'elu', 'swish', 'sigmoid', 'tanh', 'swish', 'elu', 'tanh', 'sigmoid', 'elu', 'elu', 'sigmoid', 'sigmoid', 'tanh', 'tanh']",f60606f800060000f8f6f9f80009f6f070f61699b9,100,Adam,MaxAbsoluteDeviation,1.0013647079467773,1.1272414922714233,3.0056649000034668
"[23, 8, 8, 23, 8, 8, 8, 8, 23, 23, 23, 23, 8, 8, 23, 23, 15, 23, 9, 17, 19, 10]","['sigmoid', 'sigmoid', 'sigmoid', 'swish', 'elu', 'sigmoid', 'elu', 'elu', 'swish', 'sigmoid', 'tanh', 'swish', 'elu', 'tanh', 'sigmoid', 'elu', 'elu', 'sigmoid', 'sigmoid', 'tanh', 'tanh', 'tanh']",f60606f800060000f8f6f9f80009f6f070f61699b929,100,Adam,MaxAbsoluteDeviation,0.9887056946754456,1.117415428161621,3.1149084999924526
"[23, 8, 8, 23, 8, 8, 8, 8, 23, 23, 23, 23, 8, 23, 23, 23, 15, 23, 9, 17, 19, 10]","['sigmoid', 'sigmoid', 'sigmoid', 'swish', 'elu', 'sigmoid', 'elu', 'elu', 'swish', 'sigmoid', 'tanh', 'swish', 'elu', 'tanh', 'sigmoid', 'elu', 'elu', 'sigmoid', 'sigmoid', 'tanh', 'tanh', 'tanh']",f60606f800060000f8f6f9f800f9f6f070f61699b929,100,Adam,MaxAbsoluteDeviation,1.0230231285095215,1.115547776222229,3.1480322999996133
"[23, 8, 8, 23, 8, 8, 8, 8, 23, 23, 23, 23, 8, 23, 23, 23, 15, 23, 9, 17, 19, 10, 11, 19]","['sigmoid', 'sigmoid', 'sigmoid', 'swish', 'elu', 'sigmoid', 'elu', 'elu', 'swish', 'sigmoid', 'tanh', 'swish', 'elu', 'tanh', 'sigmoid', 'elu', 'elu', 'sigmoid', 'sigmoid', 'tanh', 'tanh', 'tanh', 'sigmoid', 'elu']",f60606f800060000f8f6f9f800f9f6f070f61699b92936b0,100,Adam,MaxAbsoluteDeviation,1.0114307403564453,1.0898463726043701,3.377538500004448
"[23, 8, 8, 23, 8, 23, 8, 8, 23, 23, 23, 23, 8, 23, 23, 23, 15, 23, 9, 17, 19, 10, 11, 19, 22]","['sigmoid', 'sigmoid', 'sigmoid', 'swish', 'elu', 'sigmoid', 'elu', 'elu', 'swish', 'sigmoid', 'tanh', 'swish', 'elu', 'tanh', 'sigmoid', 'elu', 'elu', 'sigmoid', 'sigmoid', 'tanh', 'tanh', 'tanh', 'sigmoid', 'elu', 'tanh']",f60606f800f60000f8f6f9f800f9f6f070f61699b92936b0e9,100,Adam,MaxAbsoluteDeviation,0.9685016870498657,1.0353868007659912,3.4718458999996074
"[23, 8, 8, 23, 8, 23, 8, 8, 23, 23, 23, 23, 8, 23, 23, 23, 15, 23, 9, 17, 19, 10, 11, 19]","['sigmoid', 'sigmoid', 'sigmoid', 'swish', 'elu', 'sigmoid', 'elu', 'elu', 'swish', 'sigmoid', 'tanh', 'swish', 'elu', 'tanh', 'sigmoid', 'elu', 'elu', 'sigmoid', 'sigmoid', 'tanh', 'tanh', 'tanh', 'sigmoid', 'elu']",f60606f800f60000f8f6f9f800f9f6f070f61699b92936b0,100,Adam,MaxAbsoluteDeviation,0.953533411026001,1.0274020433425903,3.377221099974122
"[23, 8, 8, 23, 8, 8, 8, 8, 23, 23, 23, 23, 8, 23, 23, 23, 15, 23, 9, 17, 19, 10, 11, 19]","['sigmoid', 'sigmoid', 'sigmoid', 'swish', 'elu', 'sigmoid', 'elu', 'elu', 'swish', 'sigmoid', 'tanh', 'swish', 'elu', 'tanh', 'sigmoid', 'elu', 'elu', 'sigmoid', 'sigmoid', 'tanh', 'tanh', 'tanh', 'sigmoid', 'elu']",f60606f800060000f8f6f9f800f9f6f070f61699b92936b0,100,Adam,MaxAbsoluteDeviation,0.9716920256614685,1.1734988689422607,3.354214699997101
"[23, 8, 8, 23, 8, 8, 8, 8, 23, 23, 23, 23, 8, 23, 23, 23, 15, 23, 9, 17, 19, 10, 11, 19, 16]","['sigmoid', 'sigmoid', 'sigmoid', 'swish', 'elu', 'sigmoid', 'elu', 'elu', 'swish', 'sigmoid', 'tanh', 'swish', 'elu', 'tanh', 'sigmoid', 'elu', 'elu', 'sigmoid', 'sigmoid', 'tanh', 'tanh', 'tanh', 'sigmoid', 'elu', 'elu']",f60606f800060000f8f6f9f800f9f6f070f61699b92936b080,700,Adam,MaxAbsoluteDeviation,0.9653783440589905,1.0297385454177856,12.335388100007549
"[23, 8, 8, 23, 8, 8, 8, 8, 23, 23, 23, 23, 8, 23, 23, 23, 15, 23, 9, 17, 19, 10, 11, 19, 23]","['sigmoid', 'sigmoid', 'sigmoid', 'swish', 'elu', 'sigmoid', 'elu', 'elu', 'swish', 'sigmoid', 'tanh', 'swish', 'elu', 'tanh', 'sigmoid', 'elu', 'elu', 'sigmoid', 'sigmoid', 'tanh', 'tanh', 'tanh', 'sigmoid', 'elu', 'elu']",f60606f800060000f8f6f9f800f9f6f070f61699b92936b080,700,Adam,MaxAbsoluteDeviation,0.9653783440589905,1.235729455947876,5.265829099982511
"[23, 8, 8, 23, 8, 8, 8, 8, 23, 23, 23, 23, 8, 23, 23, 23, 15, 23, 9, 17, 8, 10, 11, 19, 16]","['sigmoid', 'sigmoid', 'sigmoid', 'swish', 'elu', 'sigmoid', 'elu', 'elu', 'swish', 'sigmoid', 'tanh', 'swish', 'elu', 'tanh', 'sigmoid', 'elu', 'elu', 'sigmoid', 'sigmoid', 'tanh', 'tanh', 'tanh', 'sigmoid', 'elu', 'elu']",f60606f800060000f8f6f9f800f9f6f070f61699092936b080,700,Adam,MaxAbsoluteDeviation,1.013061761856079,1.1346018314361572,12.34474329999648
"[23, 8, 8, 23, 8, 8, 8, 8, 23, 23, 23, 23, 8, 23, 23, 23, 15, 23, 9, 17, 8, 10, 11, 19]","['sigmoid', 'sigmoid', 'sigmoid', 'swish', 'elu', 'sigmoid', 'elu', 'elu', 'swish', 'sigmoid', 'tanh', 'swish', 'elu', 'tanh', 'sigmoid', 'elu', 'elu', 'sigmoid', 'sigmoid', 'tanh', 'tanh', 'tanh', 'sigmoid', 'elu']",f60606f800060000f8f6f9f800f9f6f070f61699092936b0,700,Adam,MaxAbsoluteDeviation,0.9913170337677002,1.1160228252410889,12.184080999984872
"[23, 8, 8, 23, 8, 8, 8, 8, 23, 23, 23, 23, 8, 23, 23, 23, 15, 23, 9, 17, 8, 10, 11, 19, 22]","['sigmoid', 'sigmoid', 'sigmoid', 'swish', 'elu', 'sigmoid', 'elu', 'elu', 'swish', 'sigmoid', 'tanh', 'swish', 'elu', 'tanh', 'sigmoid', 'elu', 'elu', 'sigmoid', 'sigmoid', 'tanh', 'tanh', 'tanh', 'sigmoid', 'elu', 'tanh']",f60606f800060000f8f6f9f800f9f6f070f61699092936b0e9,700,Adam,MaxAbsoluteDeviation,1.2516075372695923,1.3368852138519287,12.34659400000237
"[23, 8, 8, 23, 8, 8, 8, 8, 23, 23, 23, 23, 8, 23, 23, 23, 15, 23, 9, 17, 8, 8, 11, 19, 22]","['elu', 'sigmoid', 'sigmoid', 'swish', 'elu', 'sigmoid', 'elu', 'elu', 'swish', 'sigmoid', 'tanh', 'swish', 'elu', 'tanh', 'sigmoid', 'elu', 'elu', 'sigmoid', 'sigmoid', 'tanh', 'tanh', 'tanh', 'sigmoid', 'elu', 'tanh']",f00606f800060000f8f6f9f800f9f6f070f61699090936b0e9,700,Adam,MaxAbsoluteDeviation,0.9755102396011353,1.1565865278244019,12.63584229996195
"[23, 8, 8, 23, 8, 8, 8, 8, 23, 23, 23, 23, 8, 23, 23, 23, 15, 23, 9, 17, 8, 8, 11, 19, 22, 12, 20]","['elu', 'sigmoid', 'sigmoid', 'swish', 'elu', 'sigmoid', 'elu', 'elu', 'swish', 'sigmoid', 'tanh', 'swish', 'elu', 'tanh', 'sigmoid', 'elu', 'elu', 'sigmoid', 'sigmoid', 'tanh', 'tanh', 'tanh', 'sigmoid', 'elu', 'tanh', 'tanh', 'tanh']",f00606f800060000f8f6f9f800f9f6f070f61699090936b0e949c9,700,Adam,MaxAbsoluteDeviation,0.9715597629547119,1.1091469526290894,13.265534899954218
"[23, 8, 8, 23, 8, 8, 8, 8, 23, 23, 23, 23, 8, 23, 23, 23, 15, 23, 9, 17, 8, 8, 11, 19, 22, 12, 20]","['elu', 'sigmoid', 'sigmoid', 'swish', 'elu', 'sigmoid', 'elu', 'elu', 'swish', 'sigmoid', 'tanh', 'swish', 'elu', 'tanh', 'sigmoid', 'elu', 'elu', 'sigmoid', 'sigmoid', 'tanh', 'tanh', 'tanh', 'sigmoid', 'elu', 'tanh', 'tanh', 'tanh']",f00606f800060000f8f6f9f800f9f6f070f61699090936b0e949c9,434,Adam,MaxAbsoluteDeviation,1.0610600709915161,1.139661431312561,8.976829699997324
"[23, 8, 8, 23, 8, 8, 8, 8, 23, 23, 23, 23, 8, 23, 23, 23, 8, 23, 9, 17, 8, 8, 11, 19, 22, 12, 20]","['elu', 'sigmoid', 'sigmoid', 'swish', 'elu', 'sigmoid', 'elu', 'elu', 'swish', 'sigmoid', 'tanh', 'swish', 'elu', 'tanh', 'sigmoid', 'elu', 'elu', 'sigmoid', 'sigmoid', 'tanh', 'tanh', 'tanh', 'sigmoid', 'elu', 'tanh', 'tanh', 'tanh']",f00606f800060000f8f6f9f800f9f6f000f61699090936b0e949c9,434,Adam,MaxAbsoluteDeviation,1.0547568798065186,1.0584704875946045,8.898153599991929
"[23, 8, 8, 23, 8, 8, 8, 8, 23, 23, 23, 23, 8, 23, 23, 23, 8, 23, 9, 17, 8, 8, 11, 19, 22, 12, 20, 22]","['elu', 'sigmoid', 'sigmoid', 'swish', 'elu', 'sigmoid', 'elu', 'elu', 'swish', 'sigmoid', 'tanh', 'swish', 'elu', 'tanh', 'sigmoid', 'elu', 'elu', 'sigmoid', 'sigmoid', 'tanh', 'tanh', 'tanh', 'sigmoid', 'elu', 'tanh', 'tanh', 'tanh', 'swish']",f00606f800060000f8f6f9f800f9f6f000f61699090936b0e949c9e8,434,Adam,MaxAbsoluteDeviation,0.975605845451355,1.0695829391479492,9.130068800004665
"[23, 8, 8, 23, 8, 8, 8, 8, 23, 23, 23, 23, 8, 23, 23, 23, 8, 23, 9, 17, 8, 8, 11, 19, 22, 12, 20, 22]","['elu', 'sigmoid', 'sigmoid', 'swish', 'elu', 'sigmoid', 'elu', 'elu', 'swish', 'sigmoid', 'tanh', 'swish', 'elu', 'tanh', 'sigmoid', 'elu', 'elu', 'sigmoid', 'sigmoid', 'tanh', 'tanh', 'tanh', 'sigmoid', 'elu', 'tanh', 'tanh', 'tanh', 'swish']",f00606f800060000f8f6f9f800f9f6f000f61699090936b0e949c9e8,434,Adam,MaxAbsoluteDeviation,0.9790973663330078,1.0138224363327026,9.107169899973087
"[23, 8, 8, 23, 8, 8, 8, 8, 23, 23, 23, 23, 8, 23, 23, 23, 8, 23, 9, 17, 8, 8, 11, 19, 22, 12, 20, 22]","['elu', 'sigmoid', 'sigmoid', 'swish', 'elu', 'sigmoid', 'elu', 'elu', 'swish', 'sigmoid', 'tanh', 'swish', 'elu', 'tanh', 'sigmoid', 'elu', 'elu', 'sigmoid', 'tanh', 'tanh', 'tanh', 'tanh', 'sigmoid', 'elu', 'tanh', 'tanh', 'tanh', 'swish']",f00606f800060000f8f6f9f800f9f6f000f61999090936b0e949c9e8,434,Adam,MaxAbsoluteDeviation,0.9862747192382812,1.0979069471359253,8.96792840003036
"[23, 8, 8, 8, 8, 8, 8, 8, 23, 23, 23, 23, 8, 23, 23, 23, 8, 23, 9, 17, 8, 8, 11, 19, 22, 12, 20, 22]","['elu', 'sigmoid', 'sigmoid', 'swish', 'elu', 'sigmoid', 'elu', 'elu', 'swish', 'sigmoid', 'tanh', 'swish', 'elu', 'tanh', 'sigmoid', 'elu', 'elu', 'sigmoid', 'tanh', 'tanh', 'tanh', 'tanh', 'sigmoid', 'elu', 'tanh', 'tanh', 'tanh', 'swish']",f006060800060000f8f6f9f800f9f6f000f61999090936b0e949c9e8,434,Adam,MaxAbsoluteDeviation,1.0407166481018066,1.1537387371063232,8.916150000004563
"[23, 8, 8, 8, 8, 8, 8, 8, 23, 23, 23, 23, 8, 23, 23, 23, 8, 23, 9, 17, 8, 8, 11, 19, 22, 12, 20]","['elu', 'sigmoid', 'sigmoid', 'swish', 'elu', 'sigmoid', 'elu', 'elu', 'swish', 'sigmoid', 'tanh', 'swish', 'elu', 'tanh', 'sigmoid', 'elu', 'elu', 'sigmoid', 'tanh', 'tanh', 'tanh', 'tanh', 'sigmoid', 'elu', 'tanh', 'tanh', 'tanh']",f006060800060000f8f6f9f800f9f6f000f61999090936b0e949c9,434,Adam,MaxAbsoluteDeviation,0.9608843922615051,1.0926322937011719,8.712255100021139
"[23, 8, 21, 8, 8, 8, 8, 8, 23, 23, 23, 23, 8, 23, 23, 23, 8, 23, 9, 17, 8, 8, 11, 19, 22, 12, 20]","['elu', 'sigmoid', 'sigmoid', 'swish', 'elu', 'sigmoid', 'elu', 'elu', 'swish', 'sigmoid', 'tanh', 'swish', 'elu', 'tanh', 'sigmoid', 'elu', 'elu', 'sigmoid', 'tanh', 'tanh', 'tanh', 'tanh', 'sigmoid', 'elu', 'tanh', 'tanh', 'tanh']",f006d60800060000f8f6f9f800f9f6f000f61999090936b0e949c9,434,Adam,MaxAbsoluteDeviation,0.9736940264701843,1.0459986925125122,8.64670689997729
"[23, 8, 21, 8, 8, 8, 8, 8, 23, 23, 23, 23, 8, 23, 23, 23, 8, 23, 9, 17, 8, 8, 11, 19, 22, 12, 20, 8]","['elu', 'sigmoid', 'sigmoid', 'swish', 'elu', 'sigmoid', 'elu', 'elu', 'swish', 'sigmoid', 'tanh', 'swish', 'elu', 'tanh', 'sigmoid', 'elu', 'elu', 'sigmoid', 'tanh', 'tanh', 'tanh', 'tanh', 'sigmoid', 'elu', 'tanh', 'tanh', 'tanh', 'elu']",f006d60800060000f8f6f9f800f9f6f000f61999090936b0e949c900,434,Adam,MaxAbsoluteDeviation,0.9818975925445557,1.1663448810577393,9.337129899999127
"[23, 8, 21, 8, 8, 8, 8, 8, 23, 23, 23, 23, 8, 23, 23, 23, 8, 23, 9, 17, 8, 8, 11, 19, 22, 12, 20, 8]","['elu', 'sigmoid', 'sigmoid', 'swish', 'elu', 'sigmoid', 'elu', 'elu', 'swish', 'sigmoid', 'tanh', 'swish', 'elu', 'tanh', 'sigmoid', 'elu', 'elu', 'sigmoid', 'tanh', 'tanh', 'tanh', 'tanh', 'sigmoid', 'elu', 'tanh', 'tanh', 'tanh', 'elu']",f006d60800060000f8f6f9f800f9f6f000f61999090936b0e949c900,700,Adam,MaxAbsoluteDeviation,0.9853068590164185,1.0364612340927124,12.966375900025014
"[23, 8, 21, 8, 8, 8, 8, 8, 23, 23, 23, 23, 8, 23, 8, 23, 8, 23, 9, 17, 8, 8, 11, 19, 22, 12, 20]","['elu', 'sigmoid', 'sigmoid', 'swish', 'elu', 'sigmoid', 'elu', 'elu', 'swish', 'sigmoid', 'tanh', 'swish', 'elu', 'tanh', 'sigmoid', 'elu', 'elu', 'sigmoid', 'tanh', 'tanh', 'tanh', 'tanh', 'sigmoid', 'elu', 'tanh', 'tanh', 'tanh']",f006d60800060000f8f6f9f800f906f000f61999090936b0e949c9,348,Adam,MaxAbsoluteDeviation,0.9703793525695801,1.0038094520568848,7.285289899969939
"[23, 8, 8, 8, 8, 8, 8, 8, 23, 23, 23, 23, 8, 23, 8, 23, 8, 23, 9, 17, 8, 8, 11, 19, 22, 12, 20]","['elu', 'sigmoid', 'sigmoid', 'swish', 'elu', 'sigmoid', 'elu', 'elu', 'swish', 'sigmoid', 'tanh', 'swish', 'elu', 'tanh', 'sigmoid', 'elu', 'elu', 'sigmoid', 'tanh', 'tanh', 'tanh', 'tanh', 'sigmoid', 'elu', 'tanh', 'tanh', 'tanh']",f006060800060000f8f6f9f800f906f000f61999090936b0e949c9,348,Adam,MaxAbsoluteDeviation,0.9628598690032959,1.058725357055664,7.983631399984006
"[23, 8, 8, 8, 8, 8, 8, 8, 23, 23, 23, 23, 8, 23, 8, 23, 8, 23, 9, 17, 8, 8, 11, 19, 22, 12]","['elu', 'sigmoid', 'sigmoid', 'swish', 'elu', 'sigmoid', 'elu', 'elu', 'swish', 'sigmoid', 'tanh', 'swish', 'elu', 'tanh', 'sigmoid', 'elu', 'elu', 'sigmoid', 'tanh', 'tanh', 'tanh', 'tanh', 'sigmoid', 'elu', 'tanh', 'tanh']",f006060800060000f8f6f9f800f906f000f61999090936b0e949,348,Adam,MaxAbsoluteDeviation,0.980083167552948,1.0170406103134155,7.069773699971847
"[23, 8, 8, 8, 8, 8, 8, 8, 23, 23, 23, 23, 8, 23, 8, 23, 8, 23, 9, 17, 8, 8, 11, 19, 22, 12]","['elu', 'sigmoid', 'sigmoid', 'swish', 'elu', 'sigmoid', 'elu', 'elu', 'swish', 'elu', 'tanh', 'swish', 'elu', 'tanh', 'sigmoid', 'elu', 'elu', 'sigmoid', 'tanh', 'tanh', 'tanh', 'tanh', 'sigmoid', 'elu', 'tanh', 'tanh']",f006060800060000f8f0f9f800f906f000f61999090936b0e949,348,Adam,MaxAbsoluteDeviation,1.026602029800415,1.012978196144104,6.9173469000379555
"[23, 8, 8, 8, 8, 8, 8, 8, 23, 23, 23, 23, 8, 23, 8, 23, 8, 23, 9, 17, 8, 8, 11, 19, 22, 12]","['elu', 'sigmoid', 'sigmoid', 'swish', 'elu', 'sigmoid', 'elu', 'elu', 'swish', 'elu', 'tanh', 'swish', 'elu', 'tanh', 'sigmoid', 'elu', 'elu', 'sigmoid', 'tanh', 'tanh', 'tanh', 'tanh', 'sigmoid', 'elu', 'tanh', 'tanh']",f006060800060000f8f0f9f800f906f000f61999090936b0e949,348,Adam,MaxAbsoluteDeviation,0.9793678522109985,1.0818581581115723,7.047652600042056
"[23, 8, 8, 8, 8, 8, 8, 8, 23, 23, 23, 23, 8, 23, 8, 23, 8, 23, 9, 17, 8, 8, 11, 19, 22, 12, 15]","['elu', 'sigmoid', 'sigmoid', 'swish', 'elu', 'sigmoid', 'elu', 'elu', 'swish', 'elu', 'tanh', 'swish', 'elu', 'tanh', 'sigmoid', 'elu', 'elu', 'sigmoid', 'tanh', 'tanh', 'tanh', 'tanh', 'sigmoid', 'elu', 'tanh', 'tanh', 'swish']",f006060800060000f8f0f9f800f906f000f61999090936b0e94978,348,Adam,MaxAbsoluteDeviation,1.06267511844635,1.131917953491211,7.1025174999958836
"[23, 8, 8, 8, 8, 8, 8, 8, 23, 23, 23, 23, 8, 23, 8, 23, 8, 23, 9, 17, 8, 8, 11, 19, 22, 12]","['elu', 'sigmoid', 'sigmoid', 'swish', 'elu', 'sigmoid', 'elu', 'elu', 'swish', 'elu', 'tanh', 'swish', 'elu', 'tanh', 'sigmoid', 'elu', 'elu', 'sigmoid', 'tanh', 'tanh', 'tanh', 'tanh', 'sigmoid', 'elu', 'tanh', 'tanh']",f006060800060000f8f0f9f800f906f000f61999090936b0e949,348,Adam,MaxAbsoluteDeviation,0.9811972975730896,1.082038164138794,6.851396800018847
"[23, 8, 8, 8, 8, 8, 8, 8, 23, 23, 23, 23, 8, 23, 8, 23, 8, 23, 9, 17, 8, 8, 11, 19, 22, 12, 23]","['elu', 'sigmoid', 'sigmoid', 'swish', 'elu', 'sigmoid', 'elu', 'elu', 'swish', 'elu', 'tanh', 'swish', 'elu', 'tanh', 'sigmoid', 'elu', 'elu', 'sigmoid', 'tanh', 'tanh', 'tanh', 'tanh', 'sigmoid', 'elu', 'tanh', 'tanh', 'tanh']",f006060800060000f8f0f9f800f906f000f61999090936b0e949f9,348,Adam,MaxAbsoluteDeviation,1.0385921001434326,1.166144609451294,7.049648399988655
"[23, 8, 8, 8, 8, 8, 8, 8, 23, 23, 23, 23, 8, 23, 8, 23, 8, 23, 9, 17, 8, 8, 11, 19, 22, 12, 23]","['elu', 'sigmoid', 'sigmoid', 'swish', 'elu', 'sigmoid', 'elu', 'elu', 'swish', 'elu', 'tanh', 'swish', 'elu', 'tanh', 'sigmoid', 'elu', 'elu', 'sigmoid', 'tanh', 'tanh', 'tanh', 'tanh', 'sigmoid', 'elu', 'tanh', 'sigmoid', 'tanh']",f006060800060000f8f0f9f800f906f000f61999090936b0e946f9,348,Adam,MaxAbsoluteDeviation,0.9823498725891113,1.125980257987976,7.083469299948774
"[23, 8, 8, 8, 8, 8, 8, 8, 23, 23, 23, 23, 8, 23, 8, 23, 8, 23, 9, 17, 8, 8, 11, 19, 22, 12]","['elu', 'sigmoid', 'sigmoid', 'swish', 'elu', 'sigmoid', 'elu', 'elu', 'swish', 'elu', 'tanh', 'swish', 'elu', 'tanh', 'sigmoid', 'elu', 'elu', 'sigmoid', 'tanh', 'tanh', 'tanh', 'tanh', 'sigmoid', 'elu', 'tanh', 'sigmoid']",f006060800060000f8f0f9f800f906f000f61999090936b0e946,348,Adam,MaxAbsoluteDeviation,0.9618290662765503,1.0687363147735596,6.873590699979104
"[23, 8, 8, 8, 8, 8, 8, 8, 8, 23, 23, 23, 8, 23, 8, 23, 8, 23, 9, 17, 8, 8, 11, 19, 22, 12]","['elu', 'sigmoid', 'sigmoid', 'swish', 'elu', 'sigmoid', 'elu', 'elu', 'swish', 'elu', 'tanh', 'swish', 'elu', 'tanh', 'sigmoid', 'elu', 'elu', 'sigmoid', 'tanh', 'tanh', 'tanh', 'tanh', 'sigmoid', 'elu', 'tanh', 'sigmoid']",f00606080006000008f0f9f800f906f000f61999090936b0e946,348,Adam,MaxAbsoluteDeviation,0.9830418229103088,1.0144038200378418,6.803613000025507
"[23, 8, 8, 8, 8, 8, 8, 8, 8, 23, 23, 23, 8, 23, 8, 23, 8, 23, 9, 17, 8, 8, 11, 19, 22, 12, 15]","['elu', 'sigmoid', 'sigmoid', 'swish', 'elu', 'sigmoid', 'elu', 'elu', 'swish', 'elu', 'tanh', 'swish', 'elu', 'tanh', 'sigmoid', 'elu', 'elu', 'sigmoid', 'tanh', 'tanh', 'tanh', 'tanh', 'sigmoid', 'elu', 'tanh', 'sigmoid', 'elu']",f00606080006000008f0f9f800f906f000f61999090936b0e94670,348,Adam,MaxAbsoluteDeviation,0.9970725774765015,1.0550624132156372,6.965160999970976
"[23, 8, 8, 8, 8, 8, 8, 8, 8, 23, 23, 23, 8, 23, 8, 23, 8, 23, 9, 17, 8, 8, 11, 19, 22, 12, 15]","['elu', 'sigmoid', 'sigmoid', 'swish', 'elu', 'sigmoid', 'elu', 'elu', 'swish', 'elu', 'tanh', 'swish', 'elu', 'tanh', 'sigmoid', 'elu', 'elu', 'sigmoid', 'tanh', 'tanh', 'tanh', 'tanh', 'sigmoid', 'elu', 'tanh', 'sigmoid', 'elu']",f00606080006000008f0f9f800f906f000f61999090936b0e94670,208,Adam,MaxAbsoluteDeviation,0.9752516150474548,1.1042397022247314,4.961317300039809
"[23, 8, 8, 8, 8, 8, 8, 8, 8, 23, 23, 23, 8, 23, 8, 23, 8, 23, 9, 17, 8, 8, 11, 19, 22, 12]","['elu', 'sigmoid', 'sigmoid', 'swish', 'elu', 'sigmoid', 'elu', 'elu', 'swish', 'elu', 'tanh', 'swish', 'elu', 'tanh', 'sigmoid', 'elu', 'elu', 'sigmoid', 'tanh', 'tanh', 'tanh', 'tanh', 'sigmoid', 'elu', 'tanh', 'sigmoid']",f00606080006000008f0f9f800f906f000f61999090936b0e946,208,Adam,MaxAbsoluteDeviation,0.959912121295929,1.1212735176086426,4.797978300019167
"[23, 8, 8, 8, 8, 8, 8, 8, 8, 23, 8, 23, 8, 23, 8, 23, 8, 23, 9, 17, 8, 8, 11, 19, 22, 12]","['elu', 'sigmoid', 'sigmoid', 'swish', 'elu', 'sigmoid', 'elu', 'elu', 'swish', 'elu', 'tanh', 'swish', 'elu', 'tanh', 'sigmoid', 'elu', 'elu', 'sigmoid', 'tanh', 'tanh', 'tanh', 'tanh', 'sigmoid', 'elu', 'tanh', 'sigmoid']",f00606080006000008f009f800f906f000f61999090936b0e946,700,Adam,MaxAbsoluteDeviation,0.9726865887641907,1.0312933921813965,11.51588520000223
"[23, 8, 8, 8, 8, 8, 8, 8, 8, 23, 8, 23, 8, 23, 8, 23, 8, 23, 9, 17, 8, 8, 11, 19, 22, 12, 15]","['sigmoid', 'sigmoid', 'sigmoid', 'swish', 'elu', 'sigmoid', 'elu', 'elu', 'swish', 'elu', 'tanh', 'swish', 'elu', 'tanh', 'sigmoid', 'elu', 'elu', 'sigmoid', 'tanh', 'tanh', 'tanh', 'tanh', 'sigmoid', 'elu', 'tanh', 'sigmoid', 'elu']",f60606080006000008f009f800f906f000f61999090936b0e94670,700,Adam,MaxAbsoluteDeviation,0.9651310443878174,1.0108139514923096,11.83335710002575
"[23, 8, 8, 8, 8, 8, 8, 8, 8, 23, 8, 23, 8, 23, 8, 23, 8, 23, 9, 17, 8, 8, 11, 19, 22, 12, 15, 11]","['sigmoid', 'sigmoid', 'sigmoid', 'swish', 'elu', 'sigmoid', 'elu', 'elu', 'swish', 'elu', 'tanh', 'swish', 'elu', 'tanh', 'sigmoid', 'elu', 'elu', 'sigmoid', 'tanh', 'tanh', 'tanh', 'tanh', 'sigmoid', 'elu', 'tanh', 'sigmoid', 'elu', 'swish']",f60606080006000008f009f800f906f000f61999090936b0e9467038,700,Adam,MaxAbsoluteDeviation,0.9774851202964783,1.0217556953430176,12.348679799993988
"[23, 8, 8, 8, 8, 8, 8, 8, 8, 23, 8, 23, 8, 23, 8, 23, 8, 23, 9, 17, 8, 8, 11, 19, 22, 12, 15, 11]","['sigmoid', 'sigmoid', 'sigmoid', 'swish', 'elu', 'sigmoid', 'elu', 'elu', 'swish', 'elu', 'tanh', 'swish', 'elu', 'tanh', 'sigmoid', 'elu', 'elu', 'sigmoid', 'tanh', 'tanh', 'tanh', 'tanh', 'sigmoid', 'elu', 'tanh', 'sigmoid', 'elu', 'swish']",f60606080006000008f009f800f906f000f61999090936b0e9467038,125,Adam,MaxAbsoluteDeviation,0.9744791388511658,1.0177667140960693,3.8344151999917813
"[23, 8, 8, 8, 8, 8, 8, 8, 8, 23, 8, 23, 8, 23, 8, 23, 8, 23, 9, 17, 8, 8, 11, 19, 22, 12, 15, 11]","['sigmoid', 'sigmoid', 'sigmoid', 'swish', 'elu', 'sigmoid', 'elu', 'elu', 'swish', 'elu', 'tanh', 'swish', 'elu', 'tanh', 'sigmoid', 'elu', 'elu', 'sigmoid', 'tanh', 'tanh', 'tanh', 'tanh', 'sigmoid', 'elu', 'tanh', 'sigmoid', 'elu', 'swish']",f60606080006000008f009f800f906f000f61999090936b0e9467038,125,Adam,MaxAbsoluteDeviation,1.0062472820281982,1.004357099533081,3.894378199998755
"[23, 8, 8, 8, 8, 8, 8, 8, 8, 23, 8, 23, 23, 23, 8, 23, 8, 23, 9, 17, 8, 8, 11, 19, 22, 12, 15, 11]","['sigmoid', 'sigmoid', 'sigmoid', 'swish', 'elu', 'sigmoid', 'elu', 'elu', 'swish', 'elu', 'tanh', 'swish', 'elu', 'tanh', 'sigmoid', 'elu', 'elu', 'sigmoid', 'tanh', 'tanh', 'tanh', 'tanh', 'sigmoid', 'elu', 'tanh', 'sigmoid', 'elu', 'swish']",f60606080006000008f009f8f0f906f000f61999090936b0e9467038,100,Adam,MaxAbsoluteDeviation,0.989015519618988,1.0662567615509033,3.7382635000394657
"[23, 8, 8, 8, 8, 8, 8, 8, 8, 23, 8, 23, 23, 23, 8, 23, 8, 23, 9, 17, 8, 8, 11, 19, 22, 12, 15, 11]","['sigmoid', 'sigmoid', 'sigmoid', 'swish', 'elu', 'sigmoid', 'elu', 'elu', 'swish', 'elu', 'tanh', 'swish', 'elu', 'tanh', 'sigmoid', 'elu', 'elu', 'sigmoid', 'tanh', 'tanh', 'tanh', 'tanh', 'sigmoid', 'elu', 'tanh', 'sigmoid', 'elu', 'swish']",f60606080006000008f009f8f0f906f000f61999090936b0e9467038,700,Adam,MaxAbsoluteDeviation,1.0105499029159546,1.097019910812378,11.819704099965747
"[23, 8, 8, 8, 8, 8, 8, 8, 8, 23, 8, 23, 23, 23, 8, 23, 8, 23, 9, 17, 8, 8, 11, 19, 22, 12, 15, 11]","['sigmoid', 'sigmoid', 'sigmoid', 'swish', 'elu', 'sigmoid', 'elu', 'elu', 'swish', 'elu', 'tanh', 'swish', 'elu', 'tanh', 'sigmoid', 'elu', 'elu', 'sigmoid', 'tanh', 'tanh', 'tanh', 'tanh', 'sigmoid', 'elu', 'tanh', 'sigmoid', 'elu', 'swish']",f60606080006000008f009f8f0f906f000f61999090936b0e9467038,700,Adam,MaxAbsoluteDeviation,0.9807058572769165,1.071319580078125,21.204618399962783
"[23, 8, 8, 8, 8, 8, 8, 8, 8, 23, 8, 23, 23, 23, 8, 23, 8, 23, 9, 17, 8, 8, 11, 19, 22, 12, 15]","['sigmoid', 'sigmoid', 'sigmoid', 'swish', 'elu', 'sigmoid', 'elu', 'elu', 'swish', 'elu', 'tanh', 'swish', 'elu', 'tanh', 'sigmoid', 'elu', 'elu', 'sigmoid', 'tanh', 'tanh', 'tanh', 'tanh', 'sigmoid', 'elu', 'tanh', 'sigmoid', 'elu']",f60606080006000008f009f8f0f906f000f61999090936b0e94670,700,Adam,MaxAbsoluteDeviation,0.9613798260688782,1.0455080270767212,13.72426240000641
"[23, 8, 8, 8, 8, 8, 8, 8, 8, 23, 8, 23, 23, 23, 8, 23, 8, 23, 9, 17, 8, 8, 11, 19, 22, 12, 15]","['sigmoid', 'sigmoid', 'sigmoid', 'swish', 'elu', 'sigmoid', 'elu', 'elu', 'swish', 'elu', 'tanh', 'swish', 'elu', 'tanh', 'sigmoid', 'elu', 'elu', 'sigmoid', 'tanh', 'tanh', 'tanh', 'tanh', 'sigmoid', 'elu', 'tanh', 'sigmoid', 'elu']",f60606080006000008f009f8f0f906f000f61999090936b0e94670,700,Adam,MaxAbsoluteDeviation,1.011379361152649,1.1264320611953735,13.558677099994384
"[23, 8, 8, 8, 8, 8, 8, 8, 8, 23, 8, 23, 23, 23, 8, 23, 8, 23, 9, 17, 8, 8, 11, 8, 22, 12, 15]","['sigmoid', 'sigmoid', 'sigmoid', 'swish', 'elu', 'sigmoid', 'elu', 'elu', 'swish', 'elu', 'tanh', 'swish', 'elu', 'tanh', 'sigmoid', 'elu', 'elu', 'sigmoid', 'tanh', 'tanh', 'tanh', 'tanh', 'sigmoid', 'elu', 'tanh', 'sigmoid', 'elu']",f60606080006000008f009f8f0f906f000f6199909093600e94670,700,Adam,MaxAbsoluteDeviation,0.9869760274887085,1.0308386087417603,13.445881899970118
"[23, 8, 8, 8, 8, 8, 8, 8, 8, 23, 8, 23, 23, 23, 8, 23, 8, 23, 8, 17, 8, 8, 11, 8, 22, 23, 15]","['sigmoid', 'sigmoid', 'sigmoid', 'swish', 'elu', 'sigmoid', 'elu', 'elu', 'swish', 'elu', 'tanh', 'swish', 'elu', 'tanh', 'sigmoid', 'elu', 'elu', 'sigmoid', 'tanh', 'tanh', 'tanh', 'tanh', 'sigmoid', 'elu', 'tanh', 'sigmoid', 'elu']",f60606080006000008f009f8f0f906f000f6099909093600e9f670,700,Adam,MaxAbsoluteDeviation,0.9554147124290466,1.0112324953079224,13.529974800010677
"[23, 8, 8, 13, 8, 8, 8, 8, 8, 23, 8, 23, 23, 23, 8, 23, 8, 23, 8, 17, 8, 8, 11, 8, 22, 23, 15, 15, 10]","['sigmoid', 'sigmoid', 'sigmoid', 'swish', 'elu', 'sigmoid', 'elu', 'elu', 'swish', 'elu', 'tanh', 'swish', 'elu', 'tanh', 'sigmoid', 'elu', 'elu', 'sigmoid', 'tanh', 'tanh', 'tanh', 'tanh', 'sigmoid', 'elu', 'tanh', 'sigmoid', 'elu', 'swish', 'swish']",f60606580006000008f009f8f0f906f000f6099909093600e9f6707828,700,Adam,MaxAbsoluteDeviation,0.9665481448173523,1.1127514839172363,14.243422400031704
"[23, 8, 8, 13, 8, 8, 8, 8, 8, 23, 8, 23, 23, 23, 8, 23, 8, 23, 8, 17, 8, 8, 11, 8, 22, 23, 15, 15, 10]","['sigmoid', 'sigmoid', 'sigmoid', 'swish', 'elu', 'sigmoid', 'elu', 'elu', 'swish', 'elu', 'tanh', 'swish', 'elu', 'tanh', 'sigmoid', 'elu', 'elu', 'sigmoid', 'tanh', 'tanh', 'tanh', 'tanh', 'sigmoid', 'elu', 'tanh', 'sigmoid', 'elu', 'swish', 'swish']",f60606580006000008f009f8f0f906f000f6099909093600e9f6707828,700,Adam,MaxAbsoluteDeviation,0.9755747318267822,1.097403883934021,14.338265000027604
"[23, 8, 8, 13, 8, 8, 8, 8, 8, 23, 8, 23, 23, 23, 8, 23, 8, 23, 8, 17, 8, 8, 11, 8, 22, 23, 15, 15, 10]","['sigmoid', 'sigmoid', 'sigmoid', 'swish', 'elu', 'sigmoid', 'elu', 'elu', 'swish', 'elu', 'tanh', 'swish', 'elu', 'tanh', 'sigmoid', 'elu', 'elu', 'sigmoid', 'tanh', 'tanh', 'tanh', 'tanh', 'sigmoid', 'elu', 'tanh', 'sigmoid', 'elu', 'swish', 'swish']",f60606580006000008f009f8f0f906f000f6099909093600e9f6707828,700,Adam,MaxAbsoluteDeviation,0.9601873755455017,1.0732976198196411,14.196580999996513
"[23, 8, 8, 13, 8, 8, 8, 8, 8, 23, 8, 23, 23, 23, 8, 23, 8, 23, 8, 17, 8, 8, 11, 8, 22, 23, 15, 15]","['sigmoid', 'sigmoid', 'sigmoid', 'swish', 'elu', 'sigmoid', 'elu', 'elu', 'swish', 'elu', 'tanh', 'swish', 'elu', 'tanh', 'sigmoid', 'elu', 'elu', 'sigmoid', 'tanh', 'tanh', 'tanh', 'tanh', 'sigmoid', 'elu', 'tanh', 'sigmoid', 'elu', 'swish']",f60606580006000008f009f8f0f906f000f6099909093600e9f67078,700,Adam,MaxAbsoluteDeviation,1.031156063079834,1.0132957696914673,13.557475999987219
"[23, 8, 8, 13, 8, 8, 8, 8, 8, 23, 8, 23, 23, 23, 8, 23, 8, 23, 8, 17, 8, 8, 11, 8, 22, 23, 15, 8]","['sigmoid', 'sigmoid', 'sigmoid', 'swish', 'elu', 'sigmoid', 'elu', 'elu', 'swish', 'elu', 'tanh', 'swish', 'elu', 'tanh', 'sigmoid', 'elu', 'elu', 'sigmoid', 'tanh', 'tanh', 'tanh', 'tanh', 'sigmoid', 'elu', 'tanh', 'sigmoid', 'elu', 'swish']",f60606580006000008f009f8f0f906f000f6099909093600e9f67008,700,Adam,MaxAbsoluteDeviation,0.9842405915260315,1.1289910078048706,13.631203900033142
"[23, 8, 8, 13, 8, 8, 8, 8, 8, 23, 8, 23, 23, 23, 8, 23, 8, 23, 8, 17, 8, 8, 11, 8, 22, 23, 15, 8]","['sigmoid', 'sigmoid', 'sigmoid', 'swish', 'elu', 'sigmoid', 'elu', 'elu', 'swish', 'elu', 'tanh', 'swish', 'elu', 'tanh', 'sigmoid', 'elu', 'elu', 'sigmoid', 'tanh', 'tanh', 'tanh', 'tanh', 'sigmoid', 'elu', 'tanh', 'sigmoid', 'elu', 'swish']",f60606580006000008f009f8f0f906f000f6099909093600e9f67008,187,Adam,MaxAbsoluteDeviation,0.9673745632171631,1.033371090888977,5.274991200014483
"[23, 8, 8, 13, 8, 8, 8, 8, 8, 23, 8, 23, 23, 23, 8, 23, 8, 23, 8, 17, 8, 8, 11, 8, 22, 23, 15, 8, 20]","['sigmoid', 'sigmoid', 'sigmoid', 'swish', 'elu', 'sigmoid', 'elu', 'elu', 'swish', 'elu', 'tanh', 'swish', 'elu', 'tanh', 'sigmoid', 'elu', 'elu', 'sigmoid', 'tanh', 'tanh', 'tanh', 'tanh', 'sigmoid', 'elu', 'tanh', 'sigmoid', 'elu', 'swish', 'elu']",f60606580006000008f009f8f0f906f000f6099909093600e9f67008c0,187,Adam,MaxAbsoluteDeviation,0.9966824054718018,1.031489372253418,5.339431300002616
"[23, 8, 8, 8, 8, 8, 8, 8, 8, 23, 8, 23, 23, 23, 8, 23, 8, 23, 8, 17, 8, 8, 11, 8, 22, 23, 15, 8, 20]","['sigmoid', 'sigmoid', 'sigmoid', 'swish', 'elu', 'sigmoid', 'elu', 'elu', 'swish', 'elu', 'tanh', 'swish', 'elu', 'tanh', 'sigmoid', 'elu', 'elu', 'sigmoid', 'tanh', 'tanh', 'tanh', 'tanh', 'sigmoid', 'elu', 'tanh', 'sigmoid', 'elu', 'swish', 'elu']",f60606080006000008f009f8f0f906f000f6099909093600e9f67008c0,187,Adam,MaxAbsoluteDeviation,1.0366599559783936,1.082183837890625,5.299176800006535
"[23, 8, 8, 8, 8, 8, 8, 8, 23, 23, 8, 23, 23, 23, 8, 23, 8, 23, 8, 17, 8, 8, 11, 8, 22, 23, 15, 8, 20]","['sigmoid', 'sigmoid', 'sigmoid', 'swish', 'elu', 'sigmoid', 'elu', 'elu', 'swish', 'elu', 'tanh', 'swish', 'elu', 'tanh', 'sigmoid', 'elu', 'elu', 'sigmoid', 'tanh', 'tanh', 'tanh', 'tanh', 'sigmoid', 'elu', 'tanh', 'sigmoid', 'elu', 'swish', 'elu']",f606060800060000f8f009f8f0f906f000f6099909093600e9f67008c0,187,Adam,MaxAbsoluteDeviation,1.0522332191467285,1.1735284328460693,5.315296799992211
"[23, 8, 8, 8, 8, 8, 8, 8, 23, 23, 8, 23, 23, 8, 8, 23, 8, 23, 8, 17, 8, 8, 11, 8, 22, 23, 15, 8, 20]","['sigmoid', 'sigmoid', 'sigmoid', 'swish', 'elu', 'sigmoid', 'elu', 'elu', 'swish', 'elu', 'tanh', 'swish', 'elu', 'tanh', 'sigmoid', 'elu', 'elu', 'sigmoid', 'tanh', 'tanh', 'tanh', 'tanh', 'sigmoid', 'elu', 'tanh', 'sigmoid', 'elu', 'swish', 'elu']",f606060800060000f8f009f8f00906f000f6099909093600e9f67008c0,700,Adam,MaxAbsoluteDeviation,1.028981328010559,1.0251718759536743,13.595782099990174
"[23, 8, 8, 8, 8, 8, 8, 8, 23, 23, 8, 23, 23, 8, 8, 23, 8, 23, 8, 17, 8, 8, 11, 8, 22, 23, 15, 8, 20]","['sigmoid', 'sigmoid', 'sigmoid', 'swish', 'elu', 'sigmoid', 'elu', 'elu', 'swish', 'elu', 'tanh', 'swish', 'elu', 'tanh', 'sigmoid', 'elu', 'elu', 'sigmoid', 'tanh', 'tanh', 'tanh', 'tanh', 'sigmoid', 'elu', 'tanh', 'sigmoid', 'elu', 'swish', 'elu']",f606060800060000f8f009f8f00906f000f6099909093600e9f67008c0,700,Adam,MaxAbsoluteDeviation,0.9686806201934814,1.0747056007385254,13.665680699981749
"[23, 8, 8, 8, 8, 8, 8, 8, 23, 23, 8, 23, 23, 8, 8, 23, 8, 23, 8, 17, 8, 8, 11, 8, 22, 23, 15, 8, 20]","['sigmoid', 'sigmoid', 'sigmoid', 'swish', 'elu', 'sigmoid', 'elu', 'elu', 'swish', 'elu', 'tanh', 'swish', 'elu', 'tanh', 'sigmoid', 'elu', 'elu', 'sigmoid', 'tanh', 'tanh', 'tanh', 'tanh', 'sigmoid', 'elu', 'tanh', 'sigmoid', 'elu', 'swish', 'elu']",f606060800060000f8f009f8f00906f000f6099909093600e9f67008c0,341,Adam,MaxAbsoluteDeviation,0.9789654612541199,1.0301194190979004,7.741347500006668
"[23, 8, 8, 8, 8, 8, 8, 8, 23, 23, 8, 23, 23, 8, 8, 23, 8, 23, 8, 17, 8, 8, 11, 8, 22, 23, 15, 8, 20]","['sigmoid', 'sigmoid', 'sigmoid', 'swish', 'elu', 'sigmoid', 'elu', 'elu', 'swish', 'elu', 'tanh', 'swish', 'elu', 'tanh', 'sigmoid', 'elu', 'elu', 'sigmoid', 'tanh', 'tanh', 'tanh', 'tanh', 'sigmoid', 'elu', 'tanh', 'sigmoid', 'elu', 'swish', 'elu']",f606060800060000f8f009f8f00906f000f6099909093600e9f67008c0,133,Adam,MaxAbsoluteDeviation,1.0703870058059692,1.354775071144104,4.385695200006012
"[23, 8, 8, 8, 8, 8, 8, 8, 23, 23, 8, 23, 23, 8, 8, 23, 8, 23, 8, 17, 8, 8, 11, 8, 22, 23, 15, 8, 20]","['sigmoid', 'sigmoid', 'sigmoid', 'swish', 'elu', 'sigmoid', 'elu', 'elu', 'swish', 'elu', 'tanh', 'swish', 'elu', 'tanh', 'sigmoid', 'elu', 'elu', 'sigmoid', 'tanh', 'tanh', 'tanh', 'tanh', 'sigmoid', 'elu', 'tanh', 'sigmoid', 'elu', 'swish', 'elu']",f606060800060000f8f009f8f00906f000f6099909093600e9f67008c0,133,Adam,MaxAbsoluteDeviation,1.0501784086227417,1.0449869632720947,4.395772900024895
"[23, 8, 8, 8, 8, 8, 8, 8, 23, 23, 8, 23, 23, 8, 8, 23, 8, 23, 8, 17, 8, 8, 11, 8, 22, 23, 15, 8, 20]","['sigmoid', 'sigmoid', 'sigmoid', 'swish', 'elu', 'sigmoid', 'elu', 'elu', 'swish', 'elu', 'tanh', 'swish', 'elu', 'tanh', 'sigmoid', 'elu', 'elu', 'sigmoid', 'tanh', 'tanh', 'tanh', 'tanh', 'sigmoid', 'elu', 'tanh', 'sigmoid', 'elu', 'swish', 'elu']",f606060800060000f8f009f8f00906f000f6099909093600e9f67008c0,700,Adam,MaxAbsoluteDeviation,1.035740613937378,1.0283682346343994,13.680457000038587
"[23, 8, 8, 8, 8, 8, 8, 8, 23, 23, 8, 23, 23, 8, 8, 23, 8, 23, 8, 17, 8, 8, 11, 8, 23, 23, 15, 8, 20]","['sigmoid', 'sigmoid', 'sigmoid', 'swish', 'elu', 'sigmoid', 'elu', 'elu', 'swish', 'elu', 'tanh', 'swish', 'elu', 'tanh', 'sigmoid', 'elu', 'elu', 'sigmoid', 'tanh', 'tanh', 'tanh', 'tanh', 'sigmoid', 'elu', 'tanh', 'sigmoid', 'elu', 'swish', 'elu']",f606060800060000f8f009f8f00906f000f6099909093600f9f67008c0,700,Adam,MaxAbsoluteDeviation,0.9762303233146667,1.0622220039367676,13.493069499963894
"[23, 8, 8, 8, 8, 8, 8, 8, 23, 23, 8, 23, 23, 8, 8, 23, 8, 23, 8, 17, 8, 8, 11, 8, 23, 23, 15, 8, 20]","['sigmoid', 'sigmoid', 'sigmoid', 'swish', 'elu', 'sigmoid', 'elu', 'elu', 'swish', 'elu', 'tanh', 'swish', 'elu', 'tanh', 'sigmoid', 'elu', 'elu', 'sigmoid', 'tanh', 'tanh', 'tanh', 'tanh', 'sigmoid', 'elu', 'tanh', 'sigmoid', 'elu', 'swish', 'elu']",f606060800060000f8f009f8f00906f000f6099909093600f9f67008c0,110,Adam,MaxAbsoluteDeviation,0.9710612297058105,1.2219762802124023,3.98487510002451
"[23, 8, 8, 8, 8, 8, 8, 8, 23, 23, 8, 23, 23, 8, 8, 23, 8, 23, 8, 17, 8, 8, 11, 8, 23, 23, 15, 8]","['sigmoid', 'sigmoid', 'sigmoid', 'swish', 'elu', 'sigmoid', 'elu', 'elu', 'swish', 'elu', 'tanh', 'swish', 'elu', 'elu', 'sigmoid', 'elu', 'elu', 'sigmoid', 'tanh', 'tanh', 'tanh', 'tanh', 'sigmoid', 'elu', 'tanh', 'sigmoid', 'elu', 'swish']",f606060800060000f8f009f8f00006f000f6099909093600f9f67008,110,Adam,MaxAbsoluteDeviation,0.9781513810157776,1.0711005926132202,3.894720599986613
"[23, 8, 8, 8, 8, 8, 8, 8, 23, 23, 8, 23, 23, 8, 8, 23, 8, 23, 8, 17, 8, 8, 11, 8, 23, 23, 15, 8]","['sigmoid', 'sigmoid', 'sigmoid', 'swish', 'elu', 'sigmoid', 'elu', 'elu', 'swish', 'elu', 'tanh', 'swish', 'elu', 'elu', 'sigmoid', 'elu', 'elu', 'sigmoid', 'tanh', 'tanh', 'tanh', 'tanh', 'sigmoid', 'elu', 'tanh', 'sigmoid', 'elu', 'swish']",f606060800060000f8f009f8f00006f000f6099909093600f9f67008,700,Adam,MaxAbsoluteDeviation,0.9667103290557861,1.0914528369903564,12.962842900014948
"[23, 8, 8, 8, 8, 8, 8, 8, 23, 23, 8, 23, 23, 8, 8, 23, 8, 23, 8, 17, 8, 8, 11, 8, 23, 23, 15, 8]","['sigmoid', 'sigmoid', 'sigmoid', 'swish', 'elu', 'sigmoid', 'elu', 'elu', 'swish', 'elu', 'tanh', 'swish', 'elu', 'elu', 'sigmoid', 'elu', 'elu', 'sigmoid', 'tanh', 'tanh', 'tanh', 'tanh', 'sigmoid', 'elu', 'tanh', 'sigmoid', 'elu', 'swish']",f606060800060000f8f009f8f00006f000f6099909093600f9f67008,312,Adam,MaxAbsoluteDeviation,0.9673355221748352,1.039465308189392,6.918591200024821
"[23, 8, 8, 8, 8, 8, 8, 8, 23, 23, 8, 23, 23, 8, 8, 23, 8, 23, 8, 17, 8, 8, 11, 8, 23, 23, 15, 8]","['sigmoid', 'sigmoid', 'sigmoid', 'swish', 'elu', 'sigmoid', 'elu', 'elu', 'swish', 'elu', 'elu', 'swish', 'elu', 'elu', 'sigmoid', 'elu', 'elu', 'sigmoid', 'tanh', 'tanh', 'tanh', 'tanh', 'sigmoid', 'elu', 'tanh', 'sigmoid', 'elu', 'swish']",f606060800060000f8f000f8f00006f000f6099909093600f9f67008,700,Adam,MaxAbsoluteDeviation,0.9534969925880432,1.0649032592773438,12.755974699975923
"[23, 8, 8, 8, 8, 8, 8, 8, 23, 23, 8, 23, 23, 8, 8, 23, 23, 23, 8, 17, 8, 8, 11, 8, 23, 23, 15, 8]","['sigmoid', 'sigmoid', 'sigmoid', 'swish', 'elu', 'sigmoid', 'elu', 'elu', 'swish', 'elu', 'elu', 'swish', 'elu', 'elu', 'sigmoid', 'elu', 'elu', 'sigmoid', 'tanh', 'tanh', 'tanh', 'tanh', 'sigmoid', 'elu', 'tanh', 'sigmoid', 'elu', 'swish']",f606060800060000f8f000f8f00006f0f0f6099909093600f9f67008,700,Adam,MaxAbsoluteDeviation,0.965974748134613,1.0273802280426025,12.68375130003551
"[23, 8, 8, 8, 8, 8, 8, 8, 23, 23, 8, 23, 23, 8, 8, 23, 23, 23, 8, 17, 8, 8, 11, 8, 23, 23, 15, 8]","['sigmoid', 'sigmoid', 'sigmoid', 'swish', 'elu', 'sigmoid', 'elu', 'elu', 'swish', 'elu', 'elu', 'swish', 'elu', 'elu', 'sigmoid', 'elu', 'elu', 'sigmoid', 'tanh', 'tanh', 'tanh', 'tanh', 'sigmoid', 'elu', 'tanh', 'sigmoid', 'elu', 'swish']",f606060800060000f8f000f8f00006f0f0f6099909093600f9f67008,700,Adam,MaxAbsoluteDeviation,0.9666844010353088,1.0546256303787231,12.934400400030427
"[23, 8, 8, 8, 8, 8, 8, 8, 23, 23, 8, 23, 23, 8, 8, 23, 23, 23, 8, 17, 8, 8, 11, 8, 23, 23, 15, 8]","['sigmoid', 'sigmoid', 'sigmoid', 'swish', 'elu', 'sigmoid', 'elu', 'elu', 'swish', 'elu', 'elu', 'swish', 'elu', 'elu', 'sigmoid', 'elu', 'swish', 'sigmoid', 'tanh', 'tanh', 'tanh', 'tanh', 'sigmoid', 'elu', 'tanh', 'sigmoid', 'elu', 'swish']",f606060800060000f8f000f8f00006f0f8f6099909093600f9f67008,700,Adam,MaxAbsoluteDeviation,0.9711012244224548,1.0596511363983154,12.615486400027294
"[23, 8, 8, 8, 8, 8, 8, 8, 23, 23, 8, 23, 23, 8, 8, 23, 23, 23, 8, 17, 8, 8, 11, 8, 23, 23, 15]","['sigmoid', 'sigmoid', 'sigmoid', 'swish', 'elu', 'sigmoid', 'elu', 'elu', 'swish', 'elu', 'elu', 'swish', 'elu', 'elu', 'sigmoid', 'elu', 'swish', 'sigmoid', 'tanh', 'tanh', 'tanh', 'tanh', 'sigmoid', 'elu', 'tanh', 'sigmoid', 'elu']",f606060800060000f8f000f8f00006f0f8f6099909093600f9f670,116,Adam,MaxAbsoluteDeviation,0.9975417852401733,1.2486733198165894,3.744907799991779
"[23, 8, 8, 8, 8, 8, 8, 8, 23, 23, 8, 23, 23, 8, 8, 23, 23, 23, 8, 17, 8, 8, 11, 8, 23, 23, 15]","['sigmoid', 'sigmoid', 'sigmoid', 'swish', 'elu', 'sigmoid', 'elu', 'elu', 'swish', 'elu', 'elu', 'swish', 'elu', 'elu', 'sigmoid', 'elu', 'swish', 'sigmoid', 'tanh', 'tanh', 'tanh', 'tanh', 'sigmoid', 'elu', 'tanh', 'sigmoid', 'elu']",f606060800060000f8f000f8f00006f0f8f6099909093600f9f670,116,Adam,MaxAbsoluteDeviation,1.0290030241012573,1.1684181690216064,3.7280455000000075
"[23, 8, 8, 8, 8, 8, 8, 8, 23, 23, 8, 23, 23, 8, 8, 23, 23, 23, 8, 17, 8, 8, 11, 8, 23, 23, 15]","['sigmoid', 'sigmoid', 'tanh', 'swish', 'elu', 'sigmoid', 'elu', 'elu', 'swish', 'elu', 'elu', 'swish', 'elu', 'elu', 'sigmoid', 'elu', 'swish', 'sigmoid', 'tanh', 'tanh', 'tanh', 'tanh', 'sigmoid', 'elu', 'tanh', 'sigmoid', 'elu']",f606090800060000f8f000f8f00006f0f8f6099909093600f9f670,116,Adam,MaxAbsoluteDeviation,0.9623243808746338,1.0172600746154785,3.7420528000220656
"[23, 8, 8, 8, 8, 8, 8, 8, 23, 8, 8, 23, 23, 8, 8, 23, 23, 23, 8, 17, 8, 8, 11, 8, 23, 23]","['sigmoid', 'sigmoid', 'tanh', 'swish', 'elu', 'sigmoid', 'elu', 'elu', 'swish', 'elu', 'elu', 'swish', 'elu', 'elu', 'sigmoid', 'elu', 'swish', 'sigmoid', 'tanh', 'tanh', 'tanh', 'tanh', 'sigmoid', 'elu', 'tanh', 'sigmoid']",f606090800060000f80000f8f00006f0f8f6099909093600f9f6,700,Adam,MaxAbsoluteDeviation,0.9758701920509338,1.0253660678863525,11.779791800014209
"[23, 23, 8, 8, 8, 8, 8, 8, 23, 8, 8, 23, 23, 8, 8, 23, 23, 23, 8, 17, 8, 8, 11, 8, 23, 23]","['sigmoid', 'sigmoid', 'tanh', 'swish', 'elu', 'sigmoid', 'elu', 'elu', 'swish', 'elu', 'elu', 'swish', 'elu', 'elu', 'sigmoid', 'elu', 'swish', 'sigmoid', 'tanh', 'tanh', 'tanh', 'tanh', 'sigmoid', 'elu', 'tanh', 'sigmoid']",f6f6090800060000f80000f8f00006f0f8f6099909093600f9f6,700,Adam,MaxAbsoluteDeviation,0.9680383205413818,1.0224528312683105,11.772155699960422
"[23, 23, 8, 8, 8, 8, 8, 8, 23, 8, 8, 8, 23, 8, 8, 23, 23, 23, 8, 17, 8, 8, 11, 8, 23, 23]","['sigmoid', 'sigmoid', 'tanh', 'swish', 'elu', 'sigmoid', 'elu', 'elu', 'swish', 'elu', 'elu', 'swish', 'elu', 'elu', 'sigmoid', 'elu', 'swish', 'sigmoid', 'tanh', 'tanh', 'tanh', 'tanh', 'sigmoid', 'elu', 'tanh', 'sigmoid']",f6f6090800060000f8000008f00006f0f8f6099909093600f9f6,617,Adam,MaxAbsoluteDeviation,1.076687216758728,1.138927698135376,10.448087099997792
"[23, 23, 8, 8, 8, 8, 8, 8, 23, 8, 8, 8, 23, 8, 8, 23, 23, 23, 8, 17, 8, 8, 11, 8, 23, 23]","['sigmoid', 'sigmoid', 'tanh', 'swish', 'elu', 'sigmoid', 'elu', 'elu', 'swish', 'elu', 'elu', 'swish', 'elu', 'elu', 'sigmoid', 'elu', 'swish', 'sigmoid', 'tanh', 'tanh', 'tanh', 'tanh', 'sigmoid', 'elu', 'tanh', 'sigmoid']",f6f6090800060000f8000008f00006f0f8f6099909093600f9f6,522,Adam,MaxAbsoluteDeviation,0.958418607711792,1.0092802047729492,9.169396599987522
"[23, 23, 8, 8, 8, 8, 8, 8, 23, 8, 8, 8, 8, 8, 8, 23, 23, 23, 8, 17, 8, 8, 11, 8, 23, 23]","['sigmoid', 'sigmoid', 'tanh', 'swish', 'elu', 'sigmoid', 'elu', 'elu', 'swish', 'elu', 'elu', 'swish', 'elu', 'elu', 'sigmoid', 'elu', 'swish', 'sigmoid', 'tanh', 'tanh', 'tanh', 'tanh', 'sigmoid', 'elu', 'tanh', 'sigmoid']",f6f6090800060000f8000008000006f0f8f6099909093600f9f6,522,Adam,MaxAbsoluteDeviation,0.9699772000312805,1.0389180183410645,8.944310899998527
"[23, 23, 8, 8, 8, 8, 8, 8, 23, 8, 8, 8, 8, 8, 8, 23, 23, 23, 8, 17, 8, 8, 11, 8, 23, 23]","['sigmoid', 'sigmoid', 'tanh', 'swish', 'elu', 'sigmoid', 'elu', 'elu', 'swish', 'elu', 'elu', 'swish', 'elu', 'elu', 'sigmoid', 'elu', 'swish', 'sigmoid', 'tanh', 'tanh', 'tanh', 'tanh', 'sigmoid', 'elu', 'tanh', 'sigmoid']",f6f6090800060000f8000008000006f0f8f6099909093600f9f6,700,Adam,MaxAbsoluteDeviation,0.947019636631012,1.023608684539795,11.498386000050232
"[23, 23, 8, 8, 8, 8, 8, 8, 23, 8, 8, 8, 8, 8, 8, 23, 23, 23, 8, 17, 8, 8, 11, 8, 23, 23]","['sigmoid', 'sigmoid', 'tanh', 'swish', 'elu', 'sigmoid', 'elu', 'elu', 'swish', 'elu', 'elu', 'swish', 'elu', 'elu', 'sigmoid', 'elu', 'swish', 'sigmoid', 'tanh', 'tanh', 'tanh', 'tanh', 'sigmoid', 'elu', 'tanh', 'sigmoid']",f6f6090800060000f8000008000006f0f8f6099909093600f9f6,700,Adam,MaxAbsoluteDeviation,1.0039551258087158,1.0851421356201172,11.41507940000156
"[23, 23, 8, 8, 8, 8, 8, 8, 23, 8, 8, 8, 8, 8, 8, 23, 23, 23, 8, 17, 8, 8, 11, 8, 23, 23]","['sigmoid', 'sigmoid', 'tanh', 'swish', 'elu', 'sigmoid', 'elu', 'elu', 'swish', 'elu', 'elu', 'swish', 'elu', 'elu', 'sigmoid', 'elu', 'swish', 'sigmoid', 'tanh', 'tanh', 'tanh', 'tanh', 'sigmoid', 'elu', 'tanh', 'sigmoid']",f6f6090800060000f8000008000006f0f8f6099909093600f9f6,700,Adam,MaxAbsoluteDeviation,0.9462544322013855,1.1890209913253784,11.50337719998788
"[23, 23, 8, 8, 8, 8, 8, 8, 23, 8, 8, 8, 8, 8, 8, 23, 23, 23, 8, 17, 8, 8, 11, 8, 23, 23]","['sigmoid', 'sigmoid', 'tanh', 'swish', 'elu', 'sigmoid', 'elu', 'elu', 'swish', 'elu', 'elu', 'swish', 'elu', 'elu', 'sigmoid', 'elu', 'swish', 'sigmoid', 'tanh', 'tanh', 'tanh', 'tanh', 'sigmoid', 'elu', 'tanh', 'sigmoid']",f6f6090800060000f8000008000006f0f8f6099909093600f9f6,700,Adam,MaxAbsoluteDeviation,1.0295145511627197,1.0348044633865356,11.353741500002798
"[23, 23, 8, 8, 8, 8, 8, 8, 23, 8, 8, 8, 8, 8, 8, 23, 23, 23, 8, 17, 8, 8, 11, 8, 23, 23, 23]","['sigmoid', 'sigmoid', 'tanh', 'swish', 'elu', 'sigmoid', 'elu', 'elu', 'swish', 'elu', 'elu', 'swish', 'elu', 'elu', 'sigmoid', 'elu', 'swish', 'sigmoid', 'tanh', 'tanh', 'tanh', 'tanh', 'sigmoid', 'elu', 'tanh', 'sigmoid', 'swish']",f6f6090800060000f8000008000006f0f8f6099909093600f9f6f8,700,Adam,MaxAbsoluteDeviation,1.0024925470352173,1.0384130477905273,11.501702100038528
"[23, 23, 8, 8, 8, 8, 8, 8, 23, 8, 8, 8, 8, 8, 8, 23, 23, 23, 8, 17, 8, 8, 11, 8, 23, 23]","['sigmoid', 'sigmoid', 'tanh', 'swish', 'elu', 'sigmoid', 'elu', 'elu', 'swish', 'elu', 'elu', 'swish', 'elu', 'elu', 'sigmoid', 'elu', 'swish', 'sigmoid', 'tanh', 'tanh', 'tanh', 'tanh', 'sigmoid', 'elu', 'tanh', 'sigmoid']",f6f6090800060000f8000008000006f0f8f6099909093600f9f6,700,Adam,MaxAbsoluteDeviation,0.9541383385658264,1.09211003780365,11.186375399993267
"[23, 23, 8, 8, 8, 8, 8, 8, 23, 8, 8, 8, 8, 8, 8, 23, 23, 23, 8, 17, 8, 8, 11, 8, 23, 23]","['sigmoid', 'sigmoid', 'tanh', 'swish', 'elu', 'sigmoid', 'elu', 'elu', 'swish', 'elu', 'elu', 'swish', 'elu', 'elu', 'sigmoid', 'elu', 'swish', 'sigmoid', 'tanh', 'tanh', 'tanh', 'tanh', 'sigmoid', 'elu', 'tanh', 'sigmoid']",f6f6090800060000f8000008000006f0f8f6099909093600f9f6,700,Adam,MaxAbsoluteDeviation,0.9805853366851807,1.1171650886535645,11.280921099998523
"[23, 23, 8, 8, 8, 8, 8, 8, 23, 8, 8, 8, 8, 8, 8, 23, 23, 23, 8, 17, 8, 8, 11, 8, 23, 23, 11]","['sigmoid', 'sigmoid', 'tanh', 'swish', 'elu', 'sigmoid', 'elu', 'elu', 'swish', 'elu', 'elu', 'swish', 'elu', 'elu', 'sigmoid', 'elu', 'swish', 'sigmoid', 'tanh', 'tanh', 'tanh', 'tanh', 'sigmoid', 'elu', 'tanh', 'sigmoid', 'elu']",f6f6090800060000f8000008000006f0f8f6099909093600f9f630,700,Adam,MaxAbsoluteDeviation,0.9777328372001648,1.0742747783660889,11.35879039997235
"[23, 23, 8, 8, 8, 8, 8, 8, 23, 8, 8, 8, 8, 8, 8, 23, 23, 23, 8, 17, 8, 8, 11, 8, 23, 23, 11]","['sigmoid', 'sigmoid', 'tanh', 'swish', 'elu', 'sigmoid', 'elu', 'elu', 'swish', 'elu', 'elu', 'swish', 'elu', 'elu', 'sigmoid', 'elu', 'swish', 'sigmoid', 'tanh', 'tanh', 'tanh', 'tanh', 'sigmoid', 'elu', 'tanh', 'sigmoid', 'elu']",f6f6090800060000f8000008000006f0f8f6099909093600f9f630,700,Adam,MaxAbsoluteDeviation,0.9783363938331604,1.1108626127243042,11.484725899994373
"[23, 23, 8, 8, 8, 8, 8, 8, 23, 8, 8, 8, 8, 8, 8, 23, 23, 23, 8, 17, 8, 8, 11, 8, 23, 23, 11]","['sigmoid', 'sigmoid', 'tanh', 'swish', 'elu', 'sigmoid', 'elu', 'elu', 'swish', 'elu', 'elu', 'swish', 'elu', 'elu', 'sigmoid', 'elu', 'swish', 'sigmoid', 'tanh', 'tanh', 'tanh', 'tanh', 'sigmoid', 'elu', 'tanh', 'sigmoid', 'elu']",f6f6090800060000f8000008000006f0f8f6099909093600f9f630,194,Adam,MaxAbsoluteDeviation,0.9516453742980957,1.1769297122955322,4.532828499970492
"[23, 23, 8, 8, 8, 8, 8, 8, 23, 8, 8, 8, 8, 8, 8, 23, 23, 23, 8, 17, 8, 8, 11, 8, 23, 23]","['sigmoid', 'sigmoid', 'tanh', 'swish', 'elu', 'sigmoid', 'elu', 'elu', 'swish', 'elu', 'elu', 'swish', 'elu', 'elu', 'sigmoid', 'elu', 'swish', 'sigmoid', 'tanh', 'tanh', 'tanh', 'tanh', 'sigmoid', 'elu', 'tanh', 'sigmoid']",f6f6090800060000f8000008000006f0f8f6099909093600f9f6,194,Adam,MaxAbsoluteDeviation,0.9815036058425903,1.0522770881652832,4.4561216999427415
"[23, 23, 8, 8, 8, 8, 8, 23, 23, 8, 8, 8, 8, 8, 8, 23, 23, 23, 8, 17, 8, 8, 11, 8, 23, 23]","['sigmoid', 'sigmoid', 'tanh', 'swish', 'elu', 'sigmoid', 'elu', 'elu', 'swish', 'elu', 'elu', 'swish', 'elu', 'elu', 'sigmoid', 'elu', 'swish', 'sigmoid', 'tanh', 'tanh', 'tanh', 'tanh', 'sigmoid', 'elu', 'tanh', 'sigmoid']",f6f60908000600f0f8000008000006f0f8f6099909093600f9f6,194,Adam,MaxAbsoluteDeviation,0.9956269860267639,1.150430679321289,12.421950399992056
"[23, 23, 8, 8, 8, 8, 8, 23, 23, 8, 8, 8, 8, 8, 8, 23, 23, 23, 23, 17, 8, 8, 11, 8, 23, 23]","['sigmoid', 'sigmoid', 'tanh', 'swish', 'elu', 'sigmoid', 'elu', 'elu', 'swish', 'elu', 'elu', 'swish', 'elu', 'elu', 'sigmoid', 'elu', 'swish', 'sigmoid', 'tanh', 'tanh', 'tanh', 'tanh', 'sigmoid', 'elu', 'tanh', 'sigmoid']",f6f60908000600f0f8000008000006f0f8f6f99909093600f9f6,194,Adam,MaxAbsoluteDeviation,0.9692211151123047,1.029126763343811,5.091886000009254
"[23, 23, 8, 8, 8, 8, 8, 23, 23, 8, 8, 8, 8, 8, 8, 23, 23, 23, 23, 17, 8, 8, 11, 8, 23, 23]","['sigmoid', 'sigmoid', 'tanh', 'swish', 'elu', 'sigmoid', 'elu', 'elu', 'swish', 'elu', 'elu', 'swish', 'elu', 'elu', 'sigmoid', 'elu', 'swish', 'sigmoid', 'tanh', 'tanh', 'elu', 'tanh', 'sigmoid', 'elu', 'tanh', 'sigmoid']",f6f60908000600f0f8000008000006f0f8f6f99900093600f9f6,194,Adam,MaxAbsoluteDeviation,1.0146888494491577,1.011470079421997,5.062165200011805
"[23, 23, 8, 8, 8, 8, 8, 23, 23, 8, 8, 8, 8, 8, 8, 23, 23, 23, 23, 17, 8, 8, 11, 8, 23, 23]","['sigmoid', 'sigmoid', 'tanh', 'swish', 'elu', 'sigmoid', 'elu', 'elu', 'swish', 'elu', 'elu', 'swish', 'elu', 'elu', 'sigmoid', 'elu', 'swish', 'sigmoid', 'tanh', 'tanh', 'elu', 'tanh', 'sigmoid', 'elu', 'tanh', 'sigmoid']",f6f60908000600f0f8000008000006f0f8f6f99900093600f9f6,194,Adam,MaxAbsoluteDeviation,0.9725668430328369,1.053192377090454,5.074134700000286
"[23, 23, 8, 8, 8, 8, 8, 23, 23, 8, 8, 8, 8, 8, 8, 23, 23, 23, 23, 17, 8, 8, 23, 8, 23, 23]","['sigmoid', 'sigmoid', 'tanh', 'swish', 'elu', 'sigmoid', 'elu', 'elu', 'swish', 'elu', 'elu', 'swish', 'elu', 'elu', 'sigmoid', 'elu', 'swish', 'sigmoid', 'tanh', 'tanh', 'elu', 'tanh', 'sigmoid', 'elu', 'tanh', 'sigmoid']",f6f60908000600f0f8000008000006f0f8f6f9990009f600f9f6,194,Adam,MaxAbsoluteDeviation,0.9878033995628357,1.0229781866073608,5.025475999980699
"[23, 23, 8, 8, 8, 8, 8, 23, 23, 8, 8, 8, 8, 8, 8, 23, 23, 23, 23, 17, 8, 8, 23, 8, 23, 23]","['sigmoid', 'sigmoid', 'tanh', 'swish', 'elu', 'sigmoid', 'elu', 'elu', 'swish', 'elu', 'elu', 'swish', 'elu', 'elu', 'sigmoid', 'elu', 'swish', 'sigmoid', 'tanh', 'tanh', 'elu', 'tanh', 'sigmoid', 'elu', 'tanh', 'sigmoid']",f6f60908000600f0f8000008000006f0f8f6f9990009f600f9f6,100,Adam,MaxAbsoluteDeviation,0.9907049536705017,1.0055147409439087,3.614865700015798
"[23, 23, 8, 8, 8, 8, 8, 23, 23, 8, 8, 8, 8, 8, 8, 23, 23, 23, 23, 17, 8, 8, 23, 8, 23, 23, 13]","['sigmoid', 'sigmoid', 'tanh', 'swish', 'elu', 'sigmoid', 'elu', 'elu', 'swish', 'elu', 'elu', 'swish', 'elu', 'elu', 'sigmoid', 'elu', 'swish', 'sigmoid', 'tanh', 'tanh', 'elu', 'tanh', 'sigmoid', 'elu', 'tanh', 'sigmoid', 'elu']",f6f60908000600f0f8000008000006f0f8f6f9990009f600f9f650,100,Adam,MaxAbsoluteDeviation,0.9818002581596375,1.0395742654800415,3.7532983999699354
"[23, 23, 8, 8, 8, 8, 8, 23, 23, 8, 8, 8, 8, 8, 8, 23, 23, 23, 23, 17, 8, 8, 23, 8, 23, 23, 13]","['sigmoid', 'sigmoid', 'tanh', 'swish', 'elu', 'sigmoid', 'elu', 'elu', 'swish', 'elu', 'elu', 'swish', 'elu', 'elu', 'sigmoid', 'elu', 'swish', 'sigmoid', 'tanh', 'tanh', 'elu', 'tanh', 'sigmoid', 'elu', 'tanh', 'sigmoid', 'elu']",f6f60908000600f0f8000008000006f0f8f6f9990009f600f9f650,100,Adam,MaxAbsoluteDeviation,0.9922175407409668,1.0493825674057007,3.714289999974426
"[23, 23, 8, 23, 8, 8, 8, 23, 23, 8, 8, 8, 8, 8, 8, 23, 23, 23, 23, 17, 8, 8, 23, 8, 23, 23, 13]","['sigmoid', 'sigmoid', 'tanh', 'swish', 'elu', 'sigmoid', 'elu', 'elu', 'swish', 'elu', 'elu', 'swish', 'elu', 'elu', 'sigmoid', 'elu', 'swish', 'sigmoid', 'tanh', 'tanh', 'elu', 'tanh', 'sigmoid', 'elu', 'tanh', 'sigmoid', 'elu']",f6f609f8000600f0f8000008000006f0f8f6f9990009f600f9f650,100,Adam,MaxAbsoluteDeviation,1.042905569076538,1.002023458480835,3.6992356999544427
"[23, 23, 8, 23, 8, 8, 8, 23, 23, 8, 8, 8, 8, 8, 8, 23, 23, 23, 23, 17, 8, 8, 23, 8, 23, 23, 13]","['sigmoid', 'sigmoid', 'tanh', 'swish', 'elu', 'sigmoid', 'elu', 'elu', 'swish', 'elu', 'elu', 'swish', 'elu', 'elu', 'sigmoid', 'elu', 'swish', 'sigmoid', 'tanh', 'tanh', 'elu', 'tanh', 'sigmoid', 'elu', 'tanh', 'sigmoid', 'elu']",f6f609f8000600f0f8000008000006f0f8f6f9990009f600f9f650,700,Adam,MaxAbsoluteDeviation,0.9712815284729004,1.0486218929290771,13.343806300021242
"[23, 23, 8, 23, 8, 8, 8, 23, 23, 8, 8, 8, 8, 8, 8, 23, 23, 23, 23, 17, 8, 8, 23, 8, 23, 23, 13]","['sigmoid', 'sigmoid', 'tanh', 'swish', 'elu', 'sigmoid', 'elu', 'elu', 'swish', 'elu', 'elu', 'swish', 'elu', 'elu', 'sigmoid', 'elu', 'swish', 'sigmoid', 'tanh', 'tanh', 'elu', 'tanh', 'sigmoid', 'elu', 'tanh', 'sigmoid', 'elu']",f6f609f8000600f0f8000008000006f0f8f6f9990009f600f9f650,100,Adam,MaxAbsoluteDeviation,1.0634500980377197,1.0213251113891602,3.7022744999849238
"[23, 23, 8, 23, 8, 8, 8, 23, 23, 8, 8, 8, 8, 8, 8, 23, 23, 23, 23, 17, 8, 8, 23, 8, 23, 23]","['sigmoid', 'sigmoid', 'tanh', 'swish', 'elu', 'sigmoid', 'elu', 'elu', 'swish', 'elu', 'elu', 'swish', 'elu', 'elu', 'sigmoid', 'elu', 'swish', 'sigmoid', 'tanh', 'tanh', 'elu', 'tanh', 'sigmoid', 'elu', 'tanh', 'sigmoid']",f6f609f8000600f0f8000008000006f0f8f6f9990009f600f9f6,100,Adam,MaxAbsoluteDeviation,0.9663137197494507,1.0988972187042236,3.6320722000091337
"[23, 23, 8, 23, 8, 8, 8, 23, 23, 8, 8, 8, 8, 8, 8, 23, 23, 23, 23, 17, 8, 8, 23, 8, 23, 23]","['sigmoid', 'sigmoid', 'tanh', 'swish', 'elu', 'sigmoid', 'elu', 'elu', 'swish', 'elu', 'elu', 'swish', 'elu', 'elu', 'sigmoid', 'elu', 'swish', 'sigmoid', 'tanh', 'tanh', 'elu', 'tanh', 'sigmoid', 'elu', 'tanh', 'sigmoid']",f6f609f8000600f0f8000008000006f0f8f6f9990009f600f9f6,100,Adam,MaxAbsoluteDeviation,0.9675575494766235,1.135805606842041,3.6115549000096507
"[23, 23, 8, 23, 8, 8, 8, 23, 23, 8, 8, 8, 8, 8, 8, 23, 23, 23, 23, 17, 8, 8, 23, 8, 23, 23]","['sigmoid', 'sigmoid', 'tanh', 'swish', 'elu', 'sigmoid', 'elu', 'elu', 'swish', 'elu', 'elu', 'swish', 'elu', 'elu', 'sigmoid', 'elu', 'swish', 'sigmoid', 'tanh', 'tanh', 'elu', 'tanh', 'sigmoid', 'elu', 'tanh', 'sigmoid']",f6f609f8000600f0f8000008000006f0f8f6f9990009f600f9f6,100,Adam,MaxAbsoluteDeviation,0.9422495365142822,1.0548456907272339,3.5664905999437906
"[23, 23, 8, 23, 8, 8, 8, 23, 23, 8, 8, 8, 8, 8, 8, 23, 23, 23, 23, 17, 8, 8, 23, 8, 23]","['sigmoid', 'sigmoid', 'tanh', 'swish', 'elu', 'sigmoid', 'elu', 'elu', 'swish', 'elu', 'elu', 'swish', 'elu', 'elu', 'sigmoid', 'elu', 'swish', 'sigmoid', 'tanh', 'tanh', 'elu', 'tanh', 'sigmoid', 'elu', 'tanh']",f6f609f8000600f0f8000008000006f0f8f6f9990009f600f9,100,Adam,MaxAbsoluteDeviation,0.9790529012680054,1.0823204517364502,3.4303117999807
"[23, 23, 8, 23, 8, 8, 8, 23, 23, 8, 8, 8, 8, 8, 8, 23, 23, 23, 23, 17, 8, 8, 23, 8, 23]","['sigmoid', 'sigmoid', 'tanh', 'swish', 'elu', 'sigmoid', 'elu', 'elu', 'swish', 'elu', 'elu', 'swish', 'elu', 'elu', 'sigmoid', 'elu', 'swish', 'sigmoid', 'tanh', 'tanh', 'elu', 'tanh', 'sigmoid', 'elu', 'tanh']",f6f609f8000600f0f8000008000006f0f8f6f9990009f600f9,100,Adam,MaxAbsoluteDeviation,1.09367835521698,1.1785069704055786,3.429884499986656
"[23, 23, 8, 23, 8, 8, 8, 23, 23, 8, 8, 8, 8, 8, 8, 23, 23, 23, 23, 17, 8, 8, 23, 8, 23]","['sigmoid', 'sigmoid', 'tanh', 'swish', 'elu', 'sigmoid', 'elu', 'elu', 'swish', 'elu', 'elu', 'swish', 'elu', 'elu', 'sigmoid', 'elu', 'swish', 'sigmoid', 'tanh', 'tanh', 'elu', 'tanh', 'sigmoid', 'elu', 'tanh']",f6f609f8000600f0f8000008000006f0f8f6f9990009f600f9,100,Adam,MaxAbsoluteDeviation,0.9410515427589417,1.0543746948242188,3.4689346000086516
"[23, 23, 8, 23, 8, 8, 8, 23, 23, 8, 8, 8, 8, 8, 8, 8, 23, 23, 23, 17, 8, 8, 23, 8, 23]","['sigmoid', 'sigmoid', 'tanh', 'swish', 'elu', 'sigmoid', 'sigmoid', 'elu', 'swish', 'elu', 'elu', 'swish', 'elu', 'elu', 'sigmoid', 'elu', 'swish', 'sigmoid', 'tanh', 'tanh', 'elu', 'tanh', 'sigmoid', 'elu', 'tanh']",f6f609f8000606f0f800000800000600f8f6f9990009f600f9,700,Adam,MaxAbsoluteDeviation,1.0050336122512817,1.0053565502166748,12.12628639995819
"[23, 23, 8, 23, 8, 8, 8, 23, 23, 8, 8, 8, 8, 8, 8, 8, 23, 23, 23, 17, 8, 8, 23, 8, 23]","['sigmoid', 'sigmoid', 'tanh', 'swish', 'elu', 'sigmoid', 'sigmoid', 'elu', 'swish', 'elu', 'elu', 'swish', 'elu', 'elu', 'sigmoid', 'elu', 'swish', 'sigmoid', 'tanh', 'tanh', 'elu', 'tanh', 'sigmoid', 'elu', 'tanh']",f6f609f8000606f0f800000800000600f8f6f9990009f600f9,700,Adam,MaxAbsoluteDeviation,1.1868056058883667,1.232360601425171,12.296253399981651
"[23, 23, 8, 23, 8, 8, 8, 23, 23, 8, 8, 8, 8, 8, 8, 8, 23, 23, 23, 17, 8, 8, 23, 8, 23]","['sigmoid', 'sigmoid', 'tanh', 'swish', 'elu', 'sigmoid', 'sigmoid', 'elu', 'swish', 'elu', 'elu', 'swish', 'elu', 'elu', 'sigmoid', 'elu', 'swish', 'sigmoid', 'tanh', 'tanh', 'elu', 'tanh', 'sigmoid', 'elu', 'tanh']",f6f609f8000606f0f800000800000600f8f6f9990009f600f9,700,Adam,MaxAbsoluteDeviation,0.9285703897476196,1.2067914009094238,12.228652099962346
"[23, 23, 8, 23, 8, 8, 8, 23, 23, 8, 8, 8, 8, 8, 8, 8, 23, 23, 23, 17, 8, 8, 23, 8, 23]","['sigmoid', 'sigmoid', 'tanh', 'swish', 'elu', 'sigmoid', 'sigmoid', 'elu', 'swish', 'elu', 'elu', 'swish', 'elu', 'elu', 'swish', 'elu', 'swish', 'sigmoid', 'tanh', 'tanh', 'elu', 'tanh', 'sigmoid', 'elu', 'tanh']",f6f609f8000606f0f800000800000800f8f6f9990009f600f9,700,Adam,MaxAbsoluteDeviation,0.9607168436050415,1.156234622001648,12.474170100002084
"[23, 8, 8, 23, 8, 8, 8, 23, 23, 8, 8, 8, 8, 8, 8, 8, 23, 23, 23, 17, 8, 8, 23, 8, 23]","['sigmoid', 'sigmoid', 'tanh', 'swish', 'elu', 'sigmoid', 'sigmoid', 'elu', 'swish', 'elu', 'elu', 'swish', 'elu', 'elu', 'swish', 'elu', 'swish', 'sigmoid', 'tanh', 'tanh', 'elu', 'tanh', 'sigmoid', 'elu', 'tanh']",f60609f8000606f0f800000800000800f8f6f9990009f600f9,700,Adam,MaxAbsoluteDeviation,1.0380398035049438,1.088923692703247,12.166717299958691
"[23, 8, 8, 23, 8, 8, 8, 23, 23, 8, 8, 8, 8, 8, 8, 8, 23, 23, 23, 17, 8, 23, 23, 8, 20, 17]","['sigmoid', 'sigmoid', 'tanh', 'swish', 'elu', 'sigmoid', 'sigmoid', 'elu', 'swish', 'elu', 'elu', 'swish', 'elu', 'elu', 'swish', 'elu', 'swish', 'sigmoid', 'tanh', 'tanh', 'elu', 'tanh', 'sigmoid', 'elu', 'sigmoid', 'elu']",f60609f8000606f0f800000800000800f8f6f99900f9f600c690,700,Adam,MaxAbsoluteDeviation,1.0236401557922363,1.0462899208068848,12.75068789999932
"[23, 8, 8, 23, 8, 8, 8, 23, 23, 8, 8, 8, 8, 8, 8, 8, 23, 23, 23, 17, 8, 23, 23, 8, 20, 17]","['sigmoid', 'sigmoid', 'tanh', 'swish', 'elu', 'sigmoid', 'sigmoid', 'elu', 'swish', 'elu', 'elu', 'swish', 'elu', 'elu', 'swish', 'elu', 'swish', 'sigmoid', 'tanh', 'tanh', 'elu', 'tanh', 'sigmoid', 'elu', 'sigmoid', 'elu']",f60609f8000606f0f800000800000800f8f6f99900f9f600c690,700,Adam,MaxAbsoluteDeviation,0.9821931719779968,1.1233528852462769,12.434407999971882
"[23, 8, 8, 23, 8, 8, 8, 23, 23, 8, 8, 8, 8, 8, 8, 8, 23, 23, 23, 17, 8, 23, 23, 8, 20, 17, 8]","['sigmoid', 'sigmoid', 'tanh', 'swish', 'elu', 'sigmoid', 'sigmoid', 'elu', 'swish', 'elu', 'elu', 'swish', 'elu', 'elu', 'swish', 'elu', 'swish', 'sigmoid', 'tanh', 'tanh', 'elu', 'tanh', 'sigmoid', 'elu', 'sigmoid', 'elu', 'tanh']",f60609f8000606f0f800000800000800f8f6f99900f9f600c69009,700,Adam,MaxAbsoluteDeviation,0.9983595013618469,1.0200778245925903,12.676553199999034
"[23, 8, 8, 8, 8, 8, 8, 23, 23, 8, 8, 8, 8, 8, 8, 8, 23, 23, 23, 17, 8, 23, 23, 8, 20, 17, 8]","['sigmoid', 'sigmoid', 'tanh', 'swish', 'elu', 'sigmoid', 'sigmoid', 'elu', 'swish', 'elu', 'elu', 'swish', 'elu', 'elu', 'swish', 'elu', 'swish', 'sigmoid', 'tanh', 'tanh', 'elu', 'tanh', 'sigmoid', 'elu', 'sigmoid', 'elu', 'tanh']",f6060908000606f0f800000800000800f8f6f99900f9f600c69009,543,Adam,MaxAbsoluteDeviation,0.9792041182518005,1.0684008598327637,10.335016200027894
"[23, 8, 8, 8, 8, 8, 8, 23, 23, 8, 8, 8, 8, 8, 8, 8, 23, 23, 23, 17, 8, 23, 23, 8, 20, 17]","['sigmoid', 'sigmoid', 'tanh', 'swish', 'elu', 'sigmoid', 'sigmoid', 'elu', 'swish', 'elu', 'elu', 'swish', 'elu', 'elu', 'swish', 'elu', 'swish', 'sigmoid', 'tanh', 'tanh', 'elu', 'tanh', 'sigmoid', 'elu', 'sigmoid', 'elu']",f6060908000606f0f800000800000800f8f6f99900f9f600c690,543,Adam,MaxAbsoluteDeviation,1.0185850858688354,1.1939729452133179,9.906421799969394
"[23, 8, 8, 8, 8, 8, 8, 23, 23, 8, 8, 8, 8, 8, 8, 8, 23, 23, 23, 17, 8, 23, 23, 8, 20]","['sigmoid', 'sigmoid', 'tanh', 'swish', 'elu', 'sigmoid', 'sigmoid', 'elu', 'swish', 'elu', 'elu', 'swish', 'elu', 'elu', 'swish', 'elu', 'swish', 'sigmoid', 'tanh', 'tanh', 'elu', 'tanh', 'sigmoid', 'elu', 'sigmoid']",f6060908000606f0f800000800000800f8f6f99900f9f600c6,700,Adam,MaxAbsoluteDeviation,0.9566609263420105,1.0680891275405884,11.890124799974728
"[23, 8, 8, 8, 8, 8, 8, 23, 23, 8, 8, 8, 8, 8, 8, 8, 23, 23, 23, 17, 8, 23, 23, 8, 20]","['sigmoid', 'sigmoid', 'tanh', 'swish', 'elu', 'sigmoid', 'sigmoid', 'elu', 'swish', 'elu', 'elu', 'swish', 'elu', 'elu', 'swish', 'elu', 'swish', 'sigmoid', 'tanh', 'tanh', 'elu', 'tanh', 'sigmoid', 'elu', 'sigmoid']",f6060908000606f0f800000800000800f8f6f99900f9f600c6,100,Adam,MaxAbsoluteDeviation,1.0047831535339355,1.2602174282073975,3.3880567000014707
"[23, 8, 8, 8, 8, 8, 8, 23, 23, 8, 8, 8, 8, 8, 8, 8, 23, 23, 23, 17, 8, 23, 23, 8, 20]","['sigmoid', 'sigmoid', 'tanh', 'swish', 'elu', 'sigmoid', 'sigmoid', 'elu', 'swish', 'elu', 'elu', 'swish', 'elu', 'elu', 'swish', 'elu', 'swish', 'sigmoid', 'tanh', 'tanh', 'elu', 'tanh', 'sigmoid', 'elu', 'sigmoid']",f6060908000606f0f800000800000800f8f6f99900f9f600c6,100,Adam,MaxAbsoluteDeviation,0.9753056168556213,1.0420209169387817,3.36804500001017
"[23, 8, 8, 8, 8, 8, 23, 23, 23, 8, 8, 8, 8, 8, 8, 8, 23, 23, 23, 17, 8, 23, 23, 8, 20]","['sigmoid', 'sigmoid', 'tanh', 'swish', 'elu', 'sigmoid', 'sigmoid', 'elu', 'swish', 'elu', 'elu', 'swish', 'elu', 'elu', 'swish', 'elu', 'swish', 'sigmoid', 'tanh', 'tanh', 'elu', 'tanh', 'sigmoid', 'elu', 'sigmoid']",f60609080006f6f0f800000800000800f8f6f99900f9f600c6,100,Adam,MaxAbsoluteDeviation,1.0758315324783325,1.098323106765747,3.3400051999487914
"[23, 8, 8, 8, 8, 8, 23, 23, 23, 8, 8, 8, 8, 8, 8, 8, 23, 23, 23, 17, 8, 23, 23, 8, 20]","['sigmoid', 'sigmoid', 'tanh', 'swish', 'elu', 'sigmoid', 'sigmoid', 'elu', 'swish', 'elu', 'elu', 'swish', 'elu', 'elu', 'swish', 'elu', 'swish', 'sigmoid', 'tanh', 'tanh', 'elu', 'tanh', 'sigmoid', 'elu', 'sigmoid']",f60609080006f6f0f800000800000800f8f6f99900f9f600c6,100,Adam,MaxAbsoluteDeviation,0.9757369756698608,1.0646857023239136,3.361777800018899
"[23, 8, 8, 8, 8, 8, 8, 23, 23, 8, 8, 8, 8, 8, 8, 8, 23, 23, 23, 17, 8, 23, 23, 8, 20]","['sigmoid', 'sigmoid', 'tanh', 'swish', 'elu', 'sigmoid', 'sigmoid', 'elu', 'swish', 'elu', 'elu', 'swish', 'elu', 'elu', 'swish', 'elu', 'swish', 'sigmoid', 'tanh', 'tanh', 'elu', 'tanh', 'sigmoid', 'elu', 'sigmoid']",f6060908000606f0f800000800000800f8f6f99900f9f600c6,100,Adam,MaxAbsoluteDeviation,1.1257339715957642,1.2093225717544556,3.318099199968856
"[23, 8, 8, 8, 8, 8, 8, 23, 23, 8, 8, 8, 8, 8, 8, 8, 23, 23, 23, 17, 8, 23, 23, 8, 20]","['sigmoid', 'sigmoid', 'tanh', 'swish', 'elu', 'sigmoid', 'sigmoid', 'elu', 'swish', 'elu', 'elu', 'swish', 'elu', 'elu', 'swish', 'elu', 'swish', 'sigmoid', 'tanh', 'tanh', 'elu', 'tanh', 'sigmoid', 'elu', 'sigmoid']",f6060908000606f0f800000800000800f8f6f99900f9f600c6,100,Adam,MaxAbsoluteDeviation,1.0382161140441895,1.0981582403182983,3.3168580000055954
"[23, 8, 8, 8, 8, 8, 8, 23, 23, 8, 8, 8, 8, 8, 8, 8, 23, 23, 23, 17, 8, 23, 23, 8, 20]","['sigmoid', 'sigmoid', 'tanh', 'swish', 'elu', 'sigmoid', 'sigmoid', 'elu', 'swish', 'elu', 'elu', 'swish', 'elu', 'elu', 'swish', 'elu', 'swish', 'sigmoid', 'tanh', 'tanh', 'elu', 'tanh', 'sigmoid', 'elu', 'sigmoid']",f6060908000606f0f800000800000800f8f6f99900f9f600c6,700,Adam,MaxAbsoluteDeviation,0.9668889045715332,1.0299458503723145,11.354531000019051
"[23, 8, 8, 8, 8, 8, 8, 23, 23, 8, 8, 8, 8, 8, 8, 8, 23, 23, 23, 17, 8, 23, 23, 8, 20, 8]","['sigmoid', 'sigmoid', 'tanh', 'swish', 'elu', 'sigmoid', 'sigmoid', 'elu', 'swish', 'elu', 'elu', 'swish', 'elu', 'elu', 'swish', 'elu', 'swish', 'sigmoid', 'tanh', 'tanh', 'elu', 'tanh', 'sigmoid', 'elu', 'sigmoid', 'sigmoid']",f6060908000606f0f800000800000800f8f6f99900f9f600c606,700,Adam,MaxAbsoluteDeviation,0.9706935286521912,1.0443626642227173,11.821861900039949
"[23, 8, 8, 8, 8, 8, 8, 23, 23, 8, 8, 8, 8, 8, 8, 8, 23, 23, 23, 17, 8, 23, 23, 8, 20, 8]","['sigmoid', 'sigmoid', 'elu', 'swish', 'elu', 'sigmoid', 'sigmoid', 'elu', 'swish', 'elu', 'elu', 'swish', 'elu', 'elu', 'swish', 'elu', 'swish', 'sigmoid', 'tanh', 'tanh', 'elu', 'tanh', 'sigmoid', 'elu', 'sigmoid', 'sigmoid']",f6060008000606f0f800000800000800f8f6f99900f9f600c606,700,Adam,MaxAbsoluteDeviation,0.9763163924217224,1.0659916400909424,11.776469400036149
"[23, 8, 8, 8, 8, 8, 8, 23, 23, 8, 8, 8, 8, 8, 8, 8, 23, 23, 23, 17, 8, 23, 23, 8, 20]","['sigmoid', 'sigmoid', 'elu', 'swish', 'elu', 'sigmoid', 'sigmoid', 'elu', 'swish', 'elu', 'elu', 'swish', 'elu', 'elu', 'swish', 'elu', 'swish', 'sigmoid', 'tanh', 'tanh', 'elu', 'tanh', 'sigmoid', 'elu', 'sigmoid']",f6060008000606f0f800000800000800f8f6f99900f9f600c6,700,Adam,MaxAbsoluteDeviation,0.9707993865013123,1.0376920700073242,11.23501760000363
"[23, 8, 8, 8, 8, 8, 8, 23, 23, 8, 8, 8, 8, 8, 8, 8, 23, 23, 23, 17, 8, 23, 23, 8]","['sigmoid', 'sigmoid', 'elu', 'swish', 'elu', 'sigmoid', 'sigmoid', 'elu', 'swish', 'elu', 'elu', 'swish', 'elu', 'elu', 'swish', 'elu', 'swish', 'sigmoid', 'tanh', 'tanh', 'elu', 'tanh', 'sigmoid', 'elu']",f6060008000606f0f800000800000800f8f6f99900f9f600,152,Adam,MaxAbsoluteDeviation,1.0078526735305786,1.0370018482208252,3.8730274999979883
"[23, 8, 8, 8, 8, 8, 8, 23, 23, 8, 8, 8, 8, 8, 8, 8, 23, 23, 23, 17, 8, 23, 23, 8]","['sigmoid', 'sigmoid', 'elu', 'swish', 'elu', 'sigmoid', 'sigmoid', 'elu', 'swish', 'elu', 'elu', 'swish', 'elu', 'elu', 'swish', 'elu', 'swish', 'sigmoid', 'tanh', 'tanh', 'elu', 'tanh', 'sigmoid', 'elu']",f6060008000606f0f800000800000800f8f6f99900f9f600,152,Adam,MaxAbsoluteDeviation,1.0107219219207764,1.0225261449813843,3.814458000008017
"[23, 8, 8, 8, 8, 8, 8, 23, 23, 8, 8, 8, 8, 8, 8, 8, 23, 23, 23, 17, 8, 23, 23, 8]","['sigmoid', 'sigmoid', 'elu', 'swish', 'elu', 'sigmoid', 'sigmoid', 'elu', 'swish', 'elu', 'elu', 'swish', 'elu', 'elu', 'swish', 'elu', 'swish', 'sigmoid', 'tanh', 'tanh', 'elu', 'tanh', 'sigmoid', 'elu']",f6060008000606f0f800000800000800f8f6f99900f9f600,100,Adam,MaxAbsoluteDeviation,1.0353344678878784,1.1278681755065918,3.154980599996634
"[23, 8, 8, 8, 8, 8, 8, 23, 23, 8, 8, 8, 8, 8, 8, 8, 23, 23, 23, 17, 8, 23, 23, 8]","['sigmoid', 'sigmoid', 'elu', 'swish', 'elu', 'sigmoid', 'sigmoid', 'elu', 'swish', 'elu', 'elu', 'swish', 'elu', 'elu', 'swish', 'elu', 'swish', 'sigmoid', 'tanh', 'tanh', 'elu', 'tanh', 'sigmoid', 'elu']",f6060008000606f0f800000800000800f8f6f99900f9f600,100,Adam,MaxAbsoluteDeviation,0.950431227684021,1.0586920976638794,3.160409100004472
"[23, 8, 8, 8, 8, 8, 8, 23, 23, 8, 8, 8, 8, 8, 8, 8, 23, 23, 23, 17, 8, 23, 23, 8]","['sigmoid', 'sigmoid', 'elu', 'swish', 'elu', 'sigmoid', 'sigmoid', 'elu', 'swish', 'elu', 'elu', 'swish', 'elu', 'elu', 'swish', 'elu', 'swish', 'sigmoid', 'tanh', 'tanh', 'elu', 'tanh', 'sigmoid', 'elu']",f6060008000606f0f800000800000800f8f6f99900f9f600,100,Adam,MaxAbsoluteDeviation,1.0134739875793457,1.094969391822815,3.1616659999708645
"[23, 8, 8, 8, 8, 8, 8, 23, 23, 8, 8, 8, 8, 8, 8, 8, 23, 23, 23, 17, 8, 23, 23, 8]","['sigmoid', 'sigmoid', 'elu', 'swish', 'elu', 'sigmoid', 'sigmoid', 'elu', 'swish', 'elu', 'elu', 'swish', 'elu', 'elu', 'swish', 'elu', 'swish', 'swish', 'tanh', 'tanh', 'elu', 'tanh', 'sigmoid', 'elu']",f6060008000606f0f800000800000800f8f8f99900f9f600,100,Adam,MaxAbsoluteDeviation,1.0872048139572144,1.0449423789978027,3.183615899994038
"[23, 8, 8, 8, 8, 8, 8, 23, 23, 8, 8, 8, 8, 8, 8, 8, 23, 23, 23, 17, 8, 23, 23]","['sigmoid', 'sigmoid', 'elu', 'swish', 'elu', 'sigmoid', 'sigmoid', 'elu', 'swish', 'elu', 'elu', 'swish', 'elu', 'elu', 'swish', 'elu', 'swish', 'swish', 'tanh', 'tanh', 'elu', 'tanh', 'sigmoid']",f6060008000606f0f800000800000800f8f8f99900f9f6,100,Adam,MaxAbsoluteDeviation,0.9800790548324585,1.1420255899429321,3.053762399998959
"[23, 8, 8, 8, 8, 8, 8, 23, 23, 8, 8, 8, 8, 8, 8, 8, 23, 23, 23, 17, 8, 23, 23]","['sigmoid', 'sigmoid', 'elu', 'swish', 'elu', 'sigmoid', 'sigmoid', 'elu', 'swish', 'elu', 'elu', 'swish', 'elu', 'elu', 'swish', 'elu', 'swish', 'swish', 'tanh', 'tanh', 'elu', 'tanh', 'sigmoid']",f6060008000606f0f800000800000800f8f8f99900f9f6,100,Adam,MaxAbsoluteDeviation,0.9577257037162781,1.111375331878662,3.0595629999879748
"[23, 8, 8, 8, 8, 8, 8, 23, 23, 8, 8, 8, 8, 8, 8, 8, 23, 23, 23, 17, 8, 23, 23]","['sigmoid', 'sigmoid', 'elu', 'swish', 'elu', 'sigmoid', 'sigmoid', 'elu', 'swish', 'elu', 'elu', 'swish', 'elu', 'elu', 'swish', 'elu', 'swish', 'swish', 'tanh', 'tanh', 'elu', 'tanh', 'sigmoid']",f6060008000606f0f800000800000800f8f8f99900f9f6,100,Adam,MaxAbsoluteDeviation,0.9467596411705017,1.0248198509216309,3.0532773000304587
"[23, 8, 8, 8, 8, 8, 8, 23, 23, 8, 8, 8, 8, 8, 8, 8, 23, 23, 23, 17, 8, 23]","['sigmoid', 'sigmoid', 'elu', 'swish', 'elu', 'sigmoid', 'sigmoid', 'elu', 'swish', 'elu', 'elu', 'swish', 'elu', 'elu', 'swish', 'elu', 'swish', 'swish', 'tanh', 'tanh', 'elu', 'tanh']",f6060008000606f0f800000800000800f8f8f99900f9,100,Adam,MaxAbsoluteDeviation,0.9708678722381592,1.069009780883789,2.9079637000104412
"[23, 8, 8, 8, 8, 8, 8, 23, 8, 8, 8, 8, 8, 8, 8, 8, 23, 23, 23, 17, 8, 23]","['sigmoid', 'sigmoid', 'elu', 'swish', 'elu', 'sigmoid', 'sigmoid', 'elu', 'swish', 'elu', 'elu', 'swish', 'elu', 'elu', 'swish', 'elu', 'swish', 'swish', 'tanh', 'tanh', 'elu', 'tanh']",f6060008000606f00800000800000800f8f8f99900f9,700,Adam,MaxAbsoluteDeviation,1.0039976835250854,1.1435328722000122,10.12295729998732
"[23, 8, 8, 8, 8, 8, 8, 23, 8, 8, 8, 8, 8, 8, 8, 8, 23, 23, 23, 17, 8]","['sigmoid', 'sigmoid', 'elu', 'swish', 'elu', 'sigmoid', 'sigmoid', 'elu', 'swish', 'elu', 'elu', 'swish', 'elu', 'elu', 'swish', 'elu', 'swish', 'swish', 'tanh', 'tanh', 'elu']",f6060008000606f00800000800000800f8f8f99900,700,Adam,MaxAbsoluteDeviation,0.9709246754646301,1.0404409170150757,9.754563800001051
"[23, 8, 8, 8, 8, 8, 8, 23, 8, 8, 8, 8, 8, 8, 8, 8, 23, 23, 23, 17, 8]","['sigmoid', 'sigmoid', 'elu', 'swish', 'elu', 'sigmoid', 'sigmoid', 'elu', 'swish', 'elu', 'elu', 'swish', 'elu', 'elu', 'swish', 'elu', 'swish', 'swish', 'tanh', 'tanh', 'elu']",f6060008000606f00800000800000800f8f8f99900,593,Adam,MaxAbsoluteDeviation,0.9682029485702515,1.1523933410644531,8.408940099994652
"[23, 8, 23, 8, 8, 8, 8, 23, 8, 8, 8, 8, 8, 8, 8, 23, 23, 23, 23, 17, 8]","['sigmoid', 'sigmoid', 'elu', 'swish', 'elu', 'sigmoid', 'sigmoid', 'elu', 'swish', 'elu', 'elu', 'swish', 'elu', 'elu', 'swish', 'elu', 'swish', 'swish', 'tanh', 'tanh', 'elu']",f606f008000606f008000008000008f0f8f8f99900,593,Adam,MaxAbsoluteDeviation,0.9863216280937195,1.1365658044815063,8.427703099965584
"[23, 8, 23, 8, 8, 8, 8, 23, 8, 8, 8, 8, 8, 8, 8, 23, 23, 23, 23, 17, 8, 23]","['sigmoid', 'sigmoid', 'elu', 'swish', 'elu', 'sigmoid', 'sigmoid', 'elu', 'swish', 'elu', 'elu', 'swish', 'elu', 'elu', 'swish', 'elu', 'swish', 'swish', 'tanh', 'tanh', 'elu', 'elu']",f606f008000606f008000008000008f0f8f8f99900f0,593,Adam,MaxAbsoluteDeviation,0.9726345539093018,1.0477219820022583,8.702350099978503
"[23, 8, 23, 8, 8, 8, 8, 23, 8, 8, 8, 8, 8, 8, 8, 23, 23, 23, 23, 17, 8]","['sigmoid', 'sigmoid', 'elu', 'swish', 'elu', 'sigmoid', 'sigmoid', 'elu', 'swish', 'elu', 'elu', 'swish', 'elu', 'elu', 'swish', 'elu', 'swish', 'swish', 'tanh', 'tanh', 'elu']",f606f008000606f008000008000008f0f8f8f99900,593,Adam,MaxAbsoluteDeviation,1.0059058666229248,1.0048372745513916,17.223450399993453
"[23, 8, 23, 8, 8, 8, 8, 23, 8, 8, 8, 8, 8, 8, 8, 23, 23, 23, 23, 17, 8]","['sigmoid', 'sigmoid', 'elu', 'swish', 'elu', 'sigmoid', 'sigmoid', 'elu', 'swish', 'elu', 'elu', 'swish', 'elu', 'elu', 'swish', 'elu', 'swish', 'swish', 'tanh', 'tanh', 'elu']",f606f008000606f008000008000008f0f8f8f99900,128,Adam,MaxAbsoluteDeviation,1.0401579141616821,1.195220947265625,3.4255894999951124
"[23, 8, 23, 8, 23, 8, 8, 23, 8, 8, 8, 8, 8, 8, 8, 23, 23, 23, 23, 17, 8]","['sigmoid', 'sigmoid', 'elu', 'swish', 'sigmoid', 'sigmoid', 'sigmoid', 'elu', 'swish', 'elu', 'elu', 'swish', 'elu', 'elu', 'swish', 'elu', 'swish', 'swish', 'tanh', 'tanh', 'elu']",f606f008f60606f008000008000008f0f8f8f99900,128,Adam,MaxAbsoluteDeviation,1.0041029453277588,1.1446537971496582,3.4239690999966115
"[23, 8, 23, 8, 23, 8, 8, 23, 8, 8, 8, 8, 8, 8, 8, 23, 23, 23, 23, 17, 8, 13]","['sigmoid', 'sigmoid', 'elu', 'swish', 'sigmoid', 'sigmoid', 'sigmoid', 'elu', 'swish', 'elu', 'elu', 'swish', 'elu', 'elu', 'swish', 'elu', 'swish', 'swish', 'tanh', 'tanh', 'elu', 'tanh']",f606f008f60606f008000008000008f0f8f8f9990059,700,Adam,MaxAbsoluteDeviation,0.9736494421958923,1.057910680770874,11.550159999984317
"[23, 8, 23, 8, 23, 8, 8, 23, 8, 8, 8, 8, 8, 8, 8, 23, 23, 23, 8, 17, 8]","['sigmoid', 'sigmoid', 'elu', 'swish', 'sigmoid', 'sigmoid', 'sigmoid', 'elu', 'swish', 'elu', 'elu', 'swish', 'elu', 'elu', 'swish', 'elu', 'swish', 'swish', 'tanh', 'tanh', 'elu']",f606f008f60606f008000008000008f0f8f8099900,700,Adam,MaxAbsoluteDeviation,1.1273505687713623,1.1045175790786743,11.010252600011881
"[23, 8, 23, 8, 23, 8, 8, 23, 8, 8, 8, 8, 8, 8, 8, 23, 23, 23, 8, 17, 8, 13]","['sigmoid', 'sigmoid', 'elu', 'swish', 'sigmoid', 'sigmoid', 'sigmoid', 'elu', 'swish', 'elu', 'elu', 'sigmoid', 'elu', 'elu', 'swish', 'elu', 'swish', 'swish', 'tanh', 'tanh', 'elu', 'swish']",f606f008f60606f008000006000008f0f8f809990058,700,Adam,MaxAbsoluteDeviation,0.9676740765571594,1.0305109024047852,11.545241100015119
"[8, 8, 23, 8, 23, 8, 8, 23, 8, 8, 8, 8, 8, 8, 8, 23, 23, 23, 8, 17, 8, 13]","['sigmoid', 'sigmoid', 'elu', 'swish', 'sigmoid', 'sigmoid', 'sigmoid', 'elu', 'swish', 'elu', 'elu', 'sigmoid', 'elu', 'elu', 'swish', 'elu', 'swish', 'swish', 'tanh', 'tanh', 'elu', 'swish']",0606f008f60606f008000006000008f0f8f809990058,700,Adam,MaxAbsoluteDeviation,0.9600849747657776,1.0602236986160278,11.433859099983238
"[8, 8, 23, 8, 23, 8, 8, 23, 8, 8, 8, 8, 8, 8, 8, 23, 23, 23, 8, 17, 8, 13]","['sigmoid', 'sigmoid', 'elu', 'swish', 'sigmoid', 'sigmoid', 'sigmoid', 'elu', 'swish', 'elu', 'elu', 'sigmoid', 'elu', 'elu', 'swish', 'elu', 'swish', 'swish', 'tanh', 'tanh', 'elu', 'swish']",0606f008f60606f008000006000008f0f8f809990058,700,Adam,MaxAbsoluteDeviation,0.9460177421569824,1.0357909202575684,11.467768599977717
"[8, 8, 23, 8, 23, 8, 8, 23, 8, 8, 8, 8, 8, 8, 8, 23, 23, 23, 8, 17, 8, 13, 23]","['sigmoid', 'sigmoid', 'elu', 'swish', 'sigmoid', 'sigmoid', 'sigmoid', 'elu', 'swish', 'elu', 'elu', 'sigmoid', 'elu', 'elu', 'swish', 'elu', 'swish', 'swish', 'tanh', 'tanh', 'elu', 'swish', 'tanh']",0606f008f60606f008000006000008f0f8f809990058f9,700,Adam,MaxAbsoluteDeviation,0.9787370562553406,1.0099985599517822,11.843876799975988
"[8, 8, 23, 8, 23, 8, 8, 23, 8, 8, 8, 8, 8, 8, 8, 23, 23, 23, 8, 17, 8, 13, 23]","['sigmoid', 'sigmoid', 'elu', 'swish', 'sigmoid', 'sigmoid', 'sigmoid', 'elu', 'swish', 'elu', 'elu', 'sigmoid', 'elu', 'elu', 'swish', 'elu', 'swish', 'swish', 'tanh', 'tanh', 'elu', 'swish', 'tanh']",0606f008f60606f008000006000008f0f8f809990058f9,589,Adam,MaxAbsoluteDeviation,0.980194091796875,1.1050341129302979,10.150349899951834
"[8, 8, 23, 8, 23, 8, 8, 23, 8, 8, 8, 8, 8, 8, 8, 23, 23, 23, 8, 17, 8, 13, 23, 17]","['sigmoid', 'sigmoid', 'elu', 'swish', 'sigmoid', 'sigmoid', 'sigmoid', 'elu', 'swish', 'elu', 'elu', 'sigmoid', 'elu', 'elu', 'swish', 'elu', 'swish', 'swish', 'tanh', 'tanh', 'elu', 'swish', 'tanh', 'swish']",0606f008f60606f008000006000008f0f8f809990058f998,200,Adam,MaxAbsoluteDeviation,0.9900050163269043,1.0680406093597412,4.822338500001933
"[8, 8, 23, 8, 23, 8, 8, 23, 8, 8, 8, 8, 8, 8, 8, 23, 23, 23, 8, 17, 8, 13, 23, 17]","['sigmoid', 'sigmoid', 'elu', 'swish', 'sigmoid', 'sigmoid', 'sigmoid', 'elu', 'swish', 'elu', 'elu', 'sigmoid', 'elu', 'elu', 'swish', 'elu', 'swish', 'swish', 'tanh', 'tanh', 'elu', 'swish', 'tanh', 'swish']",0606f008f60606f008000006000008f0f8f809990058f998,700,Adam,MaxAbsoluteDeviation,0.9545870423316956,1.0826687812805176,12.108517199987546
"[8, 8, 23, 8, 23, 8, 8, 23, 8, 8, 8, 8, 8, 8, 8, 23, 23, 23, 8, 17, 8, 13, 23]","['sigmoid', 'sigmoid', 'elu', 'swish', 'sigmoid', 'sigmoid', 'sigmoid', 'elu', 'swish', 'elu', 'elu', 'sigmoid', 'elu', 'elu', 'swish', 'elu', 'swish', 'swish', 'tanh', 'tanh', 'elu', 'swish', 'tanh']",0606f008f60606f008000006000008f0f8f809990058f9,700,Adam,MaxAbsoluteDeviation,1.098055362701416,1.074318528175354,11.780663599958643
"[8, 8, 23, 8, 23, 8, 8, 23, 8, 8, 8, 8, 8, 8, 8, 23, 23, 23, 8, 17, 8, 13, 23]","['sigmoid', 'sigmoid', 'elu', 'swish', 'sigmoid', 'sigmoid', 'sigmoid', 'elu', 'swish', 'elu', 'elu', 'sigmoid', 'elu', 'elu', 'swish', 'elu', 'tanh', 'swish', 'tanh', 'tanh', 'elu', 'swish', 'tanh']",0606f008f60606f008000006000008f0f9f809990058f9,700,Adam,MaxAbsoluteDeviation,0.9630579948425293,1.0735114812850952,11.605370899953414
"[8, 8, 23, 8, 23, 8, 8, 23, 8, 8, 8, 8, 8, 8, 8, 23, 23, 23, 8, 17, 8, 13, 23, 8]","['sigmoid', 'sigmoid', 'elu', 'swish', 'sigmoid', 'sigmoid', 'sigmoid', 'elu', 'swish', 'elu', 'elu', 'sigmoid', 'elu', 'elu', 'swish', 'elu', 'tanh', 'swish', 'tanh', 'tanh', 'elu', 'swish', 'tanh', 'elu']",0606f008f60606f008000006000008f0f9f809990058f900,700,Adam,MaxAbsoluteDeviation,0.9764808416366577,1.1485435962677002,12.126913200016133
"[8, 8, 23, 8, 23, 8, 8, 23, 8, 8, 8, 8, 8, 8, 8, 23, 23, 23, 8, 8, 8, 13, 23, 8]","['sigmoid', 'sigmoid', 'elu', 'swish', 'sigmoid', 'sigmoid', 'sigmoid', 'elu', 'swish', 'elu', 'elu', 'sigmoid', 'elu', 'elu', 'swish', 'elu', 'tanh', 'swish', 'tanh', 'tanh', 'elu', 'swish', 'tanh', 'elu']",0606f008f60606f008000006000008f0f9f809090058f900,299,Adam,MaxAbsoluteDeviation,1.0610268115997314,1.0912315845489502,6.149077000038233
"[8, 8, 23, 8, 23, 8, 8, 23, 8, 8, 8, 8, 8, 8, 8, 23, 23, 23, 8, 8, 23, 13, 23, 8]","['sigmoid', 'sigmoid', 'elu', 'swish', 'sigmoid', 'sigmoid', 'sigmoid', 'elu', 'swish', 'elu', 'elu', 'sigmoid', 'elu', 'elu', 'swish', 'elu', 'tanh', 'swish', 'tanh', 'tanh', 'elu', 'swish', 'tanh', 'elu']",0606f008f60606f008000006000008f0f9f80909f058f900,299,Adam,MaxAbsoluteDeviation,1.0322381258010864,1.1692092418670654,6.130160900007468
"[8, 8, 23, 8, 23, 8, 8, 23, 8, 8, 8, 8, 8, 8, 8, 23, 23, 23, 8, 8, 23, 13, 23, 8]","['sigmoid', 'sigmoid', 'elu', 'swish', 'sigmoid', 'sigmoid', 'sigmoid', 'elu', 'swish', 'elu', 'elu', 'sigmoid', 'elu', 'elu', 'swish', 'elu', 'tanh', 'swish', 'tanh', 'tanh', 'elu', 'swish', 'tanh', 'elu']",0606f008f60606f008000006000008f0f9f80909f058f900,254,Adam,MaxAbsoluteDeviation,0.9996185302734375,1.1304852962493896,5.482858399976976
"[8, 8, 23, 8, 23, 8, 8, 23, 8, 8, 8, 8, 8, 8, 8, 23, 23, 23, 8, 8, 23, 13, 23]","['sigmoid', 'sigmoid', 'elu', 'swish', 'sigmoid', 'sigmoid', 'sigmoid', 'elu', 'swish', 'elu', 'elu', 'sigmoid', 'elu', 'elu', 'swish', 'elu', 'tanh', 'swish', 'tanh', 'tanh', 'elu', 'swish', 'tanh']",0606f008f60606f008000006000008f0f9f80909f058f9,254,Adam,MaxAbsoluteDeviation,0.9930316209793091,1.0871645212173462,5.263035799958743
"[23, 8, 23, 8, 23, 8, 8, 23, 8, 8, 8, 8, 8, 8, 8, 23, 23, 23, 8, 8, 23, 13, 23, 12]","['sigmoid', 'sigmoid', 'elu', 'swish', 'sigmoid', 'sigmoid', 'sigmoid', 'elu', 'swish', 'elu', 'elu', 'sigmoid', 'elu', 'elu', 'swish', 'elu', 'tanh', 'swish', 'tanh', 'tanh', 'elu', 'swish', 'tanh', 'sigmoid']",f606f008f60606f008000006000008f0f9f80909f058f946,254,Adam,MaxAbsoluteDeviation,1.0037848949432373,1.108338475227356,5.477384400030132
"[23, 8, 23, 8, 23, 8, 8, 23, 8, 23, 8, 8, 8, 8, 8, 23, 23, 23, 8, 8, 23, 13, 23]","['sigmoid', 'sigmoid', 'elu', 'swish', 'sigmoid', 'sigmoid', 'sigmoid', 'elu', 'swish', 'elu', 'elu', 'sigmoid', 'elu', 'elu', 'swish', 'elu', 'tanh', 'swish', 'tanh', 'tanh', 'elu', 'swish', 'tanh']",f606f008f60606f008f00006000008f0f9f80909f058f9,254,Adam,MaxAbsoluteDeviation,0.9550132751464844,1.1161692142486572,5.345488299964927
"[23, 8, 23, 8, 23, 8, 8, 23, 8, 23, 8, 8, 8, 8, 8, 23, 23, 23, 8, 8, 23, 13]","['sigmoid', 'sigmoid', 'elu', 'swish', 'sigmoid', 'sigmoid', 'sigmoid', 'elu', 'swish', 'elu', 'elu', 'sigmoid', 'elu', 'elu', 'swish', 'elu', 'tanh', 'swish', 'tanh', 'tanh', 'elu', 'swish']",f606f008f60606f008f00006000008f0f9f80909f058,141,Adam,MaxAbsoluteDeviation,0.9633947610855103,1.0553691387176514,3.7178011999931186
"[23, 8, 23, 8, 23, 8, 8, 23, 8, 23, 8, 8, 8, 8, 8, 23, 23, 23, 8, 8, 23, 13, 15]","['sigmoid', 'sigmoid', 'elu', 'swish', 'sigmoid', 'sigmoid', 'sigmoid', 'elu', 'swish', 'elu', 'elu', 'sigmoid', 'elu', 'elu', 'swish', 'elu', 'tanh', 'swish', 'tanh', 'tanh', 'elu', 'swish', 'sigmoid']",f606f008f60606f008f00006000008f0f9f80909f05876,100,Adam,MaxAbsoluteDeviation,0.9735917448997498,1.041899561882019,3.2203536999877542
"[23, 8, 23, 8, 23, 8, 8, 23, 8, 23, 8, 8, 8, 8, 8, 23, 23, 23, 8, 8, 23, 13]","['sigmoid', 'sigmoid', 'elu', 'swish', 'sigmoid', 'sigmoid', 'sigmoid', 'elu', 'swish', 'elu', 'elu', 'sigmoid', 'elu', 'elu', 'swish', 'elu', 'tanh', 'swish', 'tanh', 'tanh', 'elu', 'swish']",f606f008f60606f008f00006000008f0f9f80909f058,100,Adam,MaxAbsoluteDeviation,0.9814332723617554,1.0223426818847656,3.132623200013768
"[23, 8, 23, 8, 23, 8, 8, 23, 8, 23, 8, 8, 8, 8, 8, 23, 23, 23, 8, 8, 23]","['sigmoid', 'sigmoid', 'elu', 'swish', 'sigmoid', 'sigmoid', 'sigmoid', 'elu', 'swish', 'elu', 'elu', 'sigmoid', 'elu', 'elu', 'swish', 'elu', 'tanh', 'swish', 'tanh', 'tanh', 'elu']",f606f008f60606f008f00006000008f0f9f80909f0,100,Adam,MaxAbsoluteDeviation,1.0618973970413208,1.1402528285980225,2.97386650001863
"[8, 8, 23, 8, 23, 8, 8, 23, 8, 23, 8, 8, 8, 8, 8, 23, 23, 23, 8, 8, 23]","['sigmoid', 'sigmoid', 'elu', 'swish', 'sigmoid', 'sigmoid', 'sigmoid', 'elu', 'swish', 'elu', 'elu', 'sigmoid', 'elu', 'elu', 'swish', 'elu', 'tanh', 'swish', 'tanh', 'tanh', 'elu']",0606f008f60606f008f00006000008f0f9f80909f0,100,Adam,MaxAbsoluteDeviation,1.0171632766723633,1.2843090295791626,2.978156199969817
"[8, 8, 23, 8, 23, 8, 8, 23, 8, 23, 8, 8, 8, 8, 8, 23, 23, 23, 8, 8, 23]","['sigmoid', 'sigmoid', 'elu', 'swish', 'sigmoid', 'sigmoid', 'sigmoid', 'elu', 'swish', 'elu', 'elu', 'sigmoid', 'elu', 'elu', 'swish', 'elu', 'tanh', 'swish', 'tanh', 'tanh', 'elu']",0606f008f60606f008f00006000008f0f9f80909f0,100,Adam,MaxAbsoluteDeviation,1.030705451965332,1.233375906944275,2.9701328999944963
"[8, 8, 23, 8, 23, 8, 8, 23, 8, 23, 8, 8, 8, 8, 8, 23, 23, 23, 8, 8]","['sigmoid', 'sigmoid', 'elu', 'swish', 'sigmoid', 'sigmoid', 'sigmoid', 'elu', 'swish', 'elu', 'elu', 'sigmoid', 'elu', 'elu', 'swish', 'elu', 'tanh', 'swish', 'tanh', 'tanh']",0606f008f60606f008f00006000008f0f9f80909,100,Adam,MaxAbsoluteDeviation,1.001948595046997,1.1091299057006836,2.8488305999781005
"[8, 8, 23, 8, 23, 8, 8, 23, 8, 23, 8, 8, 8, 8, 8, 23, 23, 23, 8, 8]","['sigmoid', 'sigmoid', 'elu', 'swish', 'sigmoid', 'sigmoid', 'sigmoid', 'elu', 'swish', 'elu', 'elu', 'sigmoid', 'elu', 'elu', 'swish', 'elu', 'tanh', 'swish', 'tanh', 'tanh']",0606f008f60606f008f00006000008f0f9f80909,100,Adam,MaxAbsoluteDeviation,0.960706353187561,1.0905847549438477,2.845244600030128
"[8, 8, 23, 8, 23, 8, 8, 23, 8, 23, 8, 8, 8, 8, 8, 23, 23, 23, 8]","['sigmoid', 'sigmoid', 'elu', 'swish', 'sigmoid', 'sigmoid', 'sigmoid', 'elu', 'swish', 'elu', 'elu', 'sigmoid', 'elu', 'elu', 'swish', 'elu', 'tanh', 'swish', 'tanh']",0606f008f60606f008f00006000008f0f9f809,100,Adam,MaxAbsoluteDeviation,0.9758021831512451,1.090390682220459,2.7238432000158355
"[8, 8, 23, 8, 23, 8, 8, 23, 8, 23, 8, 8, 8, 8, 8, 23, 23, 23, 8]","['sigmoid', 'sigmoid', 'elu', 'swish', 'sigmoid', 'sigmoid', 'sigmoid', 'elu', 'swish', 'elu', 'elu', 'sigmoid', 'elu', 'elu', 'swish', 'elu', 'tanh', 'swish', 'tanh']",0606f008f60606f008f00006000008f0f9f809,700,Adam,MaxAbsoluteDeviation,0.97348952293396,1.0240566730499268,9.370773400005419
"[8, 8, 23, 8, 23, 8, 8, 23, 8, 23, 8, 8, 8, 8, 8, 23, 23, 23, 8]","['sigmoid', 'sigmoid', 'elu', 'swish', 'sigmoid', 'sigmoid', 'sigmoid', 'elu', 'swish', 'elu', 'elu', 'sigmoid', 'elu', 'elu', 'swish', 'elu', 'tanh', 'swish', 'tanh']",0606f008f60606f008f00006000008f0f9f809,700,Adam,MaxAbsoluteDeviation,0.9769803881645203,1.0137152671813965,9.787836199975573
"[8, 8, 23, 8, 23, 8, 8, 23, 8, 23, 8, 8, 8, 8, 8, 23, 23, 23]","['sigmoid', 'sigmoid', 'elu', 'swish', 'sigmoid', 'sigmoid', 'sigmoid', 'elu', 'swish', 'elu', 'elu', 'sigmoid', 'elu', 'elu', 'swish', 'elu', 'tanh', 'swish']",0606f008f60606f008f00006000008f0f9f8,700,Adam,MaxAbsoluteDeviation,0.9729228019714355,1.013298749923706,9.384205199952703
"[8, 8, 23, 8, 23, 8, 8, 23, 8, 23, 8, 8, 8, 8, 8, 23, 23, 23]","['sigmoid', 'sigmoid', 'elu', 'swish', 'sigmoid', 'sigmoid', 'sigmoid', 'elu', 'swish', 'elu', 'elu', 'sigmoid', 'elu', 'elu', 'swish', 'elu', 'tanh', 'swish']",0606f008f60606f008f00006000008f0f9f8,463,Adam,MaxAbsoluteDeviation,1.0282986164093018,1.0280108451843262,6.678008000017144
"[8, 8, 23, 8, 23, 8, 8, 23, 8, 23, 8, 8, 8, 8, 8, 23, 23, 23]","['sigmoid', 'sigmoid', 'elu', 'swish', 'sigmoid', 'sigmoid', 'sigmoid', 'elu', 'swish', 'elu', 'elu', 'sigmoid', 'elu', 'elu', 'swish', 'elu', 'tanh', 'swish']",0606f008f60606f008f00006000008f0f9f8,126,Adam,MaxAbsoluteDeviation,1.0846161842346191,1.16359543800354,2.8674167999997735
"[8, 23, 23, 8, 23, 8, 8, 23, 8, 23, 8, 8, 8, 8, 8, 23, 23, 23]","['sigmoid', 'sigmoid', 'elu', 'swish', 'sigmoid', 'sigmoid', 'sigmoid', 'elu', 'swish', 'elu', 'elu', 'sigmoid', 'elu', 'elu', 'swish', 'elu', 'tanh', 'swish']",06f6f008f60606f008f00006000008f0f9f8,126,Adam,MaxAbsoluteDeviation,1.1803182363510132,1.094787836074829,2.899838000012096
"[8, 23, 23, 8, 23, 8, 8, 23, 8, 23, 8, 8, 8, 8, 8, 23, 23, 23]","['sigmoid', 'sigmoid', 'elu', 'swish', 'sigmoid', 'sigmoid', 'sigmoid', 'elu', 'elu', 'elu', 'elu', 'sigmoid', 'elu', 'elu', 'swish', 'elu', 'tanh', 'swish']",06f6f008f60606f000f00006000008f0f9f8,126,Adam,MaxAbsoluteDeviation,1.1241639852523804,1.037020206451416,2.8534795999876224
"[8, 23, 23, 8, 23, 8, 8, 23, 8, 23, 8, 8, 8, 8, 8, 23, 23, 23]","['sigmoid', 'sigmoid', 'elu', 'swish', 'sigmoid', 'sigmoid', 'sigmoid', 'elu', 'elu', 'elu', 'elu', 'sigmoid', 'elu', 'elu', 'swish', 'elu', 'tanh', 'swish']",06f6f008f60606f000f00006000008f0f9f8,700,Adam,MaxAbsoluteDeviation,1.0160102844238281,1.2264111042022705,9.33139059995301
"[8, 23, 23, 8, 23, 8, 8, 23, 8, 23, 8, 8, 8, 8, 8, 8, 23]","['sigmoid', 'sigmoid', 'elu', 'swish', 'sigmoid', 'sigmoid', 'sigmoid', 'elu', 'elu', 'elu', 'elu', 'sigmoid', 'elu', 'elu', 'swish', 'elu', 'tanh']",06f6f008f60606f000f0000600000800f9,700,Adam,MaxAbsoluteDeviation,1.0473737716674805,1.0160837173461914,8.863855000003241
"[8, 23, 23, 8, 23, 8, 8, 23, 8, 23, 8, 8, 8, 8, 8, 8, 23]","['sigmoid', 'sigmoid', 'elu', 'swish', 'sigmoid', 'sigmoid', 'sigmoid', 'elu', 'elu', 'elu', 'elu', 'sigmoid', 'elu', 'elu', 'swish', 'elu', 'tanh']",06f6f008f60606f000f0000600000800f9,700,Adam,MaxAbsoluteDeviation,1.0013960599899292,1.0071183443069458,8.899296800023876
"[8, 23, 23, 8, 23, 8, 8, 23, 8, 23, 8, 8, 8, 8, 8, 8, 23, 14]","['sigmoid', 'sigmoid', 'elu', 'swish', 'sigmoid', 'sigmoid', 'sigmoid', 'elu', 'elu', 'elu', 'elu', 'sigmoid', 'elu', 'elu', 'swish', 'elu', 'tanh', 'elu']",06f6f008f60606f000f0000600000800f960,700,Adam,MaxAbsoluteDeviation,1.0232248306274414,1.019394040107727,9.242142100003548
"[8, 23, 23, 8, 23, 8, 8, 23, 8, 23, 8, 8, 8, 8, 8, 8, 23]","['sigmoid', 'sigmoid', 'elu', 'swish', 'sigmoid', 'sigmoid', 'sigmoid', 'elu', 'elu', 'elu', 'elu', 'sigmoid', 'elu', 'elu', 'swish', 'elu', 'tanh']",06f6f008f60606f000f0000600000800f9,599,Adam,MaxAbsoluteDeviation,0.9916446208953857,1.0377283096313477,7.794648600043729
"[8, 23, 23, 8, 23, 8, 8, 23, 8, 23, 8, 8, 8, 8, 8, 8, 23, 8]","['sigmoid', 'sigmoid', 'elu', 'swish', 'sigmoid', 'sigmoid', 'sigmoid', 'elu', 'elu', 'elu', 'elu', 'sigmoid', 'elu', 'elu', 'swish', 'elu', 'tanh', 'swish']",06f6f008f60606f000f0000600000800f908,369,Adam,MaxAbsoluteDeviation,0.9643954634666443,1.040618658065796,5.586956000013743
"[8, 23, 23, 8, 23, 8, 8, 23, 8, 23, 8, 8, 8, 8, 8, 8, 23, 8]","['sigmoid', 'sigmoid', 'elu', 'sigmoid', 'sigmoid', 'sigmoid', 'sigmoid', 'elu', 'elu', 'elu', 'elu', 'sigmoid', 'elu', 'elu', 'swish', 'elu', 'tanh', 'swish']",06f6f006f60606f000f0000600000800f908,369,Adam,MaxAbsoluteDeviation,0.9731197357177734,1.0664863586425781,5.452639699971769
"[8, 23, 23, 8, 23, 8, 8, 23, 8, 23, 8, 8, 8, 8, 8, 8, 23, 8]","['sigmoid', 'sigmoid', 'elu', 'sigmoid', 'sigmoid', 'sigmoid', 'sigmoid', 'elu', 'elu', 'elu', 'elu', 'sigmoid', 'elu', 'elu', 'swish', 'elu', 'tanh', 'swish']",06f6f006f60606f000f0000600000800f908,100,Adam,MaxAbsoluteDeviation,0.9825596809387207,1.0856291055679321,2.5371496999869123
"[8, 23, 23, 8, 23, 8, 8, 23, 8, 23, 8, 8, 8, 8, 8, 8, 23, 8, 21]","['sigmoid', 'sigmoid', 'elu', 'sigmoid', 'sigmoid', 'sigmoid', 'sigmoid', 'elu', 'elu', 'elu', 'elu', 'sigmoid', 'elu', 'elu', 'swish', 'elu', 'tanh', 'swish', 'swish']",06f6f006f60606f000f0000600000800f908d8,100,Adam,MaxAbsoluteDeviation,1.0158092975616455,1.1008669137954712,2.6559599000029266
"[8, 23, 23, 8, 23, 8, 8, 23, 8, 23, 8, 8, 8, 8, 8, 8, 23, 8, 21]","['sigmoid', 'sigmoid', 'elu', 'sigmoid', 'sigmoid', 'sigmoid', 'sigmoid', 'elu', 'elu', 'elu', 'elu', 'sigmoid', 'elu', 'elu', 'swish', 'elu', 'tanh', 'swish', 'swish']",06f6f006f60606f000f0000600000800f908d8,100,Adam,MaxAbsoluteDeviation,1.003281593322754,1.0543944835662842,2.6508665999863297
"[8, 23, 23, 8, 23, 8, 8, 23, 8, 23, 8, 8, 8, 8, 8, 8, 23, 8, 21]","['sigmoid', 'sigmoid', 'elu', 'sigmoid', 'sigmoid', 'sigmoid', 'sigmoid', 'elu', 'elu', 'elu', 'elu', 'sigmoid', 'elu', 'elu', 'swish', 'elu', 'tanh', 'swish', 'swish']",06f6f006f60606f000f0000600000800f908d8,100,Adam,MaxAbsoluteDeviation,1.0068573951721191,1.0270648002624512,2.659570900024846
"[8, 23, 23, 8, 23, 8, 8, 23, 23, 23, 8, 8, 8, 8, 8, 8, 23, 8, 21]","['sigmoid', 'sigmoid', 'elu', 'sigmoid', 'sigmoid', 'sigmoid', 'sigmoid', 'elu', 'elu', 'elu', 'elu', 'sigmoid', 'elu', 'elu', 'swish', 'elu', 'tanh', 'swish', 'swish']",06f6f006f60606f0f0f0000600000800f908d8,100,Adam,MaxAbsoluteDeviation,0.9718196392059326,1.118869423866272,2.63648829999147
"[8, 23, 8, 8, 23, 8, 8, 23, 23, 23, 8, 8, 8, 8, 8, 8, 23, 8, 21]","['sigmoid', 'sigmoid', 'elu', 'sigmoid', 'sigmoid', 'sigmoid', 'sigmoid', 'elu', 'elu', 'elu', 'elu', 'sigmoid', 'elu', 'elu', 'swish', 'elu', 'tanh', 'swish', 'swish']",06f60006f60606f0f0f0000600000800f908d8,100,Adam,MaxAbsoluteDeviation,0.9501591324806213,1.0341871976852417,2.6237890999764204
"[8, 23, 8, 8, 23, 8, 8, 23, 23, 23, 8, 8, 8, 8, 8, 8, 8, 8, 21]","['sigmoid', 'sigmoid', 'elu', 'sigmoid', 'sigmoid', 'sigmoid', 'sigmoid', 'elu', 'elu', 'elu', 'elu', 'sigmoid', 'elu', 'sigmoid', 'swish', 'elu', 'tanh', 'swish', 'swish']",06f60006f60606f0f0f00006000608000908d8,700,Adam,MaxAbsoluteDeviation,0.9706342816352844,1.0337779521942139,9.620822399971075
"[8, 23, 8, 8, 23, 8, 8, 23, 23, 23, 8, 8, 8, 8, 8, 8, 8, 8, 21]","['sigmoid', 'sigmoid', 'elu', 'sigmoid', 'sigmoid', 'sigmoid', 'sigmoid', 'elu', 'elu', 'elu', 'elu', 'sigmoid', 'elu', 'sigmoid', 'swish', 'elu', 'tanh', 'swish', 'swish']",06f60006f60606f0f0f00006000608000908d8,700,Adam,MaxAbsoluteDeviation,0.97165846824646,1.0532889366149902,9.657080000033602
"[8, 23, 8, 8, 23, 8, 8, 23, 23, 23, 8, 8, 8, 8, 8, 8, 8, 8]","['sigmoid', 'sigmoid', 'elu', 'sigmoid', 'sigmoid', 'sigmoid', 'sigmoid', 'elu', 'elu', 'elu', 'elu', 'sigmoid', 'elu', 'sigmoid', 'swish', 'elu', 'tanh', 'swish']",06f60006f60606f0f0f00006000608000908,700,Adam,MaxAbsoluteDeviation,1.0048017501831055,1.0924721956253052,9.193720299983397
"[8, 23, 8, 8, 23, 8, 8, 23, 23, 23, 8, 8, 8, 8, 8, 8, 8]","['sigmoid', 'sigmoid', 'elu', 'sigmoid', 'sigmoid', 'sigmoid', 'sigmoid', 'elu', 'elu', 'elu', 'elu', 'sigmoid', 'elu', 'sigmoid', 'swish', 'elu', 'tanh']",06f60006f60606f0f0f000060006080009,700,Adam,MaxAbsoluteDeviation,0.9766960144042969,1.019380807876587,8.873202699993271
"[8, 23, 8, 8, 23, 8, 8, 23, 23, 23, 8, 8, 8, 8, 8, 23, 8, 12]","['sigmoid', 'sigmoid', 'elu', 'sigmoid', 'sigmoid', 'sigmoid', 'sigmoid', 'elu', 'elu', 'elu', 'elu', 'sigmoid', 'elu', 'sigmoid', 'swish', 'elu', 'tanh', 'tanh']",06f60006f60606f0f0f00006000608f00949,700,Adam,MaxAbsoluteDeviation,0.9966515898704529,1.0728590488433838,9.153584000014234
"[8, 23, 8, 23, 23, 8, 8, 23, 23, 23, 8, 8, 8, 8, 8, 23, 8, 12]","['sigmoid', 'sigmoid', 'elu', 'sigmoid', 'sigmoid', 'sigmoid', 'sigmoid', 'elu', 'elu', 'elu', 'elu', 'sigmoid', 'elu', 'sigmoid', 'swish', 'elu', 'tanh', 'tanh']",06f600f6f60606f0f0f00006000608f00949,700,Adam,MaxAbsoluteDeviation,0.9940090775489807,1.0752747058868408,9.204970799968578
"[8, 23, 8, 23, 23, 8, 8, 23, 23, 23, 8, 8, 8, 8, 8, 23, 8, 12, 12]","['sigmoid', 'sigmoid', 'elu', 'sigmoid', 'sigmoid', 'sigmoid', 'sigmoid', 'elu', 'elu', 'elu', 'elu', 'sigmoid', 'elu', 'sigmoid', 'swish', 'elu', 'tanh', 'tanh', 'sigmoid']",06f600f6f60606f0f0f00006000608f0094946,700,Adam,MaxAbsoluteDeviation,0.962595522403717,1.0414624214172363,9.48734200000763
"[8, 23, 8, 23, 23, 8, 8, 23, 23, 23, 8, 8, 8, 8, 8, 23, 8, 12]","['sigmoid', 'sigmoid', 'elu', 'sigmoid', 'sigmoid', 'sigmoid', 'sigmoid', 'elu', 'elu', 'elu', 'elu', 'sigmoid', 'elu', 'sigmoid', 'swish', 'elu', 'tanh', 'tanh']",06f600f6f60606f0f0f00006000608f00949,700,Adam,MaxAbsoluteDeviation,0.9840032458305359,1.0480159521102905,8.951657500001602
"[8, 23, 8, 23, 23, 8, 8, 23, 23, 23, 8, 8, 8, 8, 8, 23, 8, 12]","['sigmoid', 'sigmoid', 'elu', 'sigmoid', 'sigmoid', 'sigmoid', 'swish', 'elu', 'elu', 'elu', 'elu', 'sigmoid', 'elu', 'sigmoid', 'swish', 'elu', 'tanh', 'tanh']",06f600f6f60608f0f0f00006000608f00949,700,Adam,MaxAbsoluteDeviation,0.9850596785545349,1.0282585620880127,9.302098500018474
"[8, 23, 8, 23, 23, 8, 8, 23, 23, 23, 8, 8, 8, 8, 8, 23, 8, 12]","['sigmoid', 'sigmoid', 'elu', 'sigmoid', 'sigmoid', 'sigmoid', 'swish', 'elu', 'elu', 'elu', 'elu', 'sigmoid', 'elu', 'sigmoid', 'swish', 'elu', 'tanh', 'tanh']",06f600f6f60608f0f0f00006000608f00949,700,Adam,MaxAbsoluteDeviation,0.9915849566459656,1.0243120193481445,9.169082699983846
"[8, 23, 8, 23, 23, 8, 8, 23, 23, 23, 8, 8, 8, 8, 8, 23, 8, 12]","['sigmoid', 'sigmoid', 'elu', 'sigmoid', 'sigmoid', 'sigmoid', 'swish', 'elu', 'elu', 'elu', 'elu', 'swish', 'elu', 'sigmoid', 'swish', 'elu', 'tanh', 'tanh']",06f600f6f60608f0f0f00008000608f00949,700,Adam,MaxAbsoluteDeviation,0.9947485327720642,1.0894784927368164,9.13349619996734
"[8, 23, 8, 23, 23, 8, 8, 23, 23, 23, 8, 8, 8, 8, 8, 23, 8, 12]","['sigmoid', 'sigmoid', 'swish', 'sigmoid', 'sigmoid', 'sigmoid', 'swish', 'elu', 'elu', 'elu', 'elu', 'swish', 'elu', 'sigmoid', 'swish', 'elu', 'tanh', 'tanh']",06f608f6f60608f0f0f00008000608f00949,700,Adam,MaxAbsoluteDeviation,0.9651208519935608,1.052349328994751,9.194240699987859
"[8, 23, 8, 23, 23, 8, 8, 23, 23, 23, 8, 8, 8, 8, 8, 23, 23, 12]","['sigmoid', 'sigmoid', 'swish', 'sigmoid', 'sigmoid', 'sigmoid', 'swish', 'elu', 'elu', 'elu', 'elu', 'swish', 'elu', 'sigmoid', 'swish', 'elu', 'tanh', 'tanh']",06f608f6f60608f0f0f00008000608f0f949,700,Adam,MaxAbsoluteDeviation,0.9814003705978394,1.0378355979919434,9.1060976999579
"[8, 23, 8, 23, 23, 8, 8, 23, 23, 23, 8, 8, 8, 8, 8, 23, 23, 12]","['sigmoid', 'sigmoid', 'swish', 'sigmoid', 'sigmoid', 'sigmoid', 'swish', 'elu', 'elu', 'elu', 'elu', 'swish', 'elu', 'sigmoid', 'swish', 'elu', 'tanh', 'tanh']",06f608f6f60608f0f0f00008000608f0f949,184,Adam,MaxAbsoluteDeviation,0.9935128688812256,1.023975133895874,11.010175200004596
"[23, 23, 8, 23, 23, 8, 8, 23, 23, 23, 8, 8, 8, 8, 23, 23, 23, 12]","['sigmoid', 'sigmoid', 'swish', 'sigmoid', 'sigmoid', 'sigmoid', 'swish', 'elu', 'elu', 'elu', 'elu', 'swish', 'elu', 'sigmoid', 'swish', 'elu', 'tanh', 'tanh']",f6f608f6f60608f0f0f000080006f8f0f949,184,Adam,MaxAbsoluteDeviation,1.015341877937317,1.1121137142181396,3.7007731000194326
"[23, 23, 8, 23, 8, 8, 8, 23, 23, 23, 8, 8, 8, 8, 23, 23, 23, 22]","['sigmoid', 'sigmoid', 'swish', 'sigmoid', 'sigmoid', 'sigmoid', 'swish', 'elu', 'elu', 'elu', 'elu', 'swish', 'elu', 'sigmoid', 'swish', 'elu', 'tanh', 'swish']",f6f608f6060608f0f0f000080006f8f0f9e8,100,Adam,MaxAbsoluteDeviation,1.0704331398010254,1.1238535642623901,2.6927396000246517
"[23, 23, 8, 23, 8, 8, 8, 23, 23, 23, 8, 8, 8, 8, 23, 8, 23, 22]","['sigmoid', 'sigmoid', 'swish', 'sigmoid', 'sigmoid', 'sigmoid', 'swish', 'elu', 'elu', 'elu', 'elu', 'swish', 'elu', 'sigmoid', 'swish', 'elu', 'tanh', 'swish']",f6f608f6060608f0f0f000080006f800f9e8,100,Adam,MaxAbsoluteDeviation,1.1199291944503784,1.590766429901123,2.7282302000094205
"[23, 23, 23, 23, 8, 8, 8, 23, 23, 23, 8, 8, 8, 8, 23, 8, 23, 22]","['sigmoid', 'sigmoid', 'swish', 'sigmoid', 'sigmoid', 'sigmoid', 'swish', 'elu', 'elu', 'elu', 'elu', 'swish', 'elu', 'sigmoid', 'swish', 'elu', 'tanh', 'swish']",f6f6f8f6060608f0f0f000080006f800f9e8,100,Adam,MaxAbsoluteDeviation,0.950664222240448,1.1087661981582642,2.699976699950639
"[23, 23, 23, 23, 8, 8, 8, 23, 23, 23, 8, 8, 8, 8, 23, 8, 23, 22]","['sigmoid', 'sigmoid', 'swish', 'sigmoid', 'sigmoid', 'sigmoid', 'swish', 'elu', 'swish', 'elu', 'elu', 'swish', 'elu', 'sigmoid', 'swish', 'elu', 'tanh', 'swish']",f6f6f8f6060608f0f8f000080006f800f9e8,100,Adam,MaxAbsoluteDeviation,1.111646294593811,1.0098330974578857,2.72064740001224
"[23, 23, 23, 23, 8, 8, 8, 23, 23, 23, 8, 8, 8, 8, 23, 8, 23]","['sigmoid', 'sigmoid', 'swish', 'sigmoid', 'sigmoid', 'sigmoid', 'swish', 'elu', 'swish', 'elu', 'elu', 'swish', 'elu', 'sigmoid', 'swish', 'elu', 'tanh']",f6f6f8f6060608f0f8f000080006f800f9,100,Adam,MaxAbsoluteDeviation,0.9705722332000732,1.0849955081939697,2.5676106000319123
"[23, 23, 23, 23, 8, 8, 8, 23, 23, 23, 8, 8, 8, 8, 23, 8, 23]","['sigmoid', 'sigmoid', 'swish', 'sigmoid', 'sigmoid', 'sigmoid', 'swish', 'elu', 'swish', 'elu', 'elu', 'swish', 'elu', 'sigmoid', 'swish', 'elu', 'tanh']",f6f6f8f6060608f0f8f000080006f800f9,700,Adam,MaxAbsoluteDeviation,1.0032538175582886,1.0384975671768188,9.748968100000639
"[23, 23, 23, 8, 8, 8, 8, 23, 23, 23, 8, 8, 8, 8, 23, 8, 23]","['sigmoid', 'sigmoid', 'swish', 'sigmoid', 'sigmoid', 'sigmoid', 'swish', 'elu', 'swish', 'elu', 'elu', 'swish', 'elu', 'sigmoid', 'swish', 'elu', 'tanh']",f6f6f806060608f0f8f000080006f800f9,700,Adam,MaxAbsoluteDeviation,0.9899186491966248,1.0178800821304321,9.58831670001382
"[23, 23, 23, 8, 8, 8, 8, 23, 23, 23, 8, 8, 8, 8, 23, 8, 23]","['sigmoid', 'sigmoid', 'swish', 'sigmoid', 'sigmoid', 'sigmoid', 'swish', 'elu', 'swish', 'elu', 'elu', 'swish', 'elu', 'sigmoid', 'swish', 'elu', 'tanh']",f6f6f806060608f0f8f000080006f800f9,371,Adam,MaxAbsoluteDeviation,1.127060890197754,1.0786893367767334,5.725974300003145
"[23, 23, 23, 8, 8, 8, 8, 23, 23, 23, 8, 8, 8, 8, 23, 8, 23]","['sigmoid', 'sigmoid', 'swish', 'sigmoid', 'sigmoid', 'sigmoid', 'swish', 'elu', 'swish', 'elu', 'elu', 'swish', 'elu', 'sigmoid', 'swish', 'elu', 'tanh']",f6f6f806060608f0f8f000080006f800f9,100,Adam,MaxAbsoluteDeviation,1.043217658996582,1.0010532140731812,2.5922188999829814
"[23, 23, 23, 8, 23, 8, 8, 23, 23, 23, 8, 8, 8, 8, 23, 8, 23]","['sigmoid', 'sigmoid', 'swish', 'sigmoid', 'sigmoid', 'sigmoid', 'swish', 'elu', 'swish', 'elu', 'elu', 'swish', 'elu', 'sigmoid', 'swish', 'elu', 'tanh']",f6f6f806f60608f0f8f000080006f800f9,100,Adam,MaxAbsoluteDeviation,1.0465340614318848,1.141423225402832,2.6075996999861673
"[23, 23, 23, 8, 23, 8, 8, 23, 23, 23, 8, 8, 8, 8, 23, 8, 23]","['sigmoid', 'sigmoid', 'swish', 'sigmoid', 'sigmoid', 'sigmoid', 'swish', 'elu', 'swish', 'elu', 'elu', 'swish', 'elu', 'sigmoid', 'swish', 'elu', 'tanh']",f6f6f806f60608f0f8f000080006f800f9,100,Adam,MaxAbsoluteDeviation,1.2280573844909668,1.110776424407959,2.577627599996049
"[23, 23, 23, 8, 23, 8, 8, 23, 23, 23, 8, 8, 8, 8, 23, 8, 23]","['sigmoid', 'sigmoid', 'swish', 'sigmoid', 'sigmoid', 'sigmoid', 'swish', 'elu', 'swish', 'elu', 'elu', 'swish', 'elu', 'sigmoid', 'swish', 'elu', 'tanh']",f6f6f806f60608f0f8f000080006f800f9,100,Adam,MaxAbsoluteDeviation,1.0102840662002563,1.0163878202438354,2.600217800005339
"[23, 23, 23, 8, 23, 8, 8, 23, 23, 23, 8, 23, 8, 8, 23, 8, 23]","['sigmoid', 'sigmoid', 'swish', 'sigmoid', 'sigmoid', 'sigmoid', 'swish', 'elu', 'swish', 'elu', 'elu', 'swish', 'elu', 'sigmoid', 'swish', 'elu', 'tanh']",f6f6f806f60608f0f8f000f80006f800f9,100,Adam,MaxAbsoluteDeviation,1.1389403343200684,1.1879571676254272,2.591320800012909
"[23, 23, 23, 8, 23, 8, 8, 23, 23, 23, 8, 23, 8, 8, 23, 23, 23]","['sigmoid', 'sigmoid', 'swish', 'sigmoid', 'sigmoid', 'sigmoid', 'swish', 'elu', 'swish', 'elu', 'elu', 'swish', 'elu', 'sigmoid', 'swish', 'elu', 'tanh']",f6f6f806f60608f0f8f000f80006f8f0f9,100,Adam,MaxAbsoluteDeviation,1.0231847763061523,1.0019168853759766,2.5876740999519825
"[23, 23, 23, 8, 23, 8, 8, 23, 23, 23, 8, 23, 8, 8, 23, 23, 23, 14]","['sigmoid', 'sigmoid', 'swish', 'sigmoid', 'sigmoid', 'sigmoid', 'swish', 'elu', 'swish', 'elu', 'elu', 'swish', 'elu', 'sigmoid', 'swish', 'elu', 'tanh', 'sigmoid']",f6f6f806f60608f0f8f000f80006f8f0f966,100,Adam,MaxAbsoluteDeviation,0.9631713628768921,1.0595771074295044,2.711676399980206
"[23, 23, 23, 8, 23, 8, 8, 23, 23, 23, 8, 23, 8, 8, 23, 23, 23, 14]","['sigmoid', 'sigmoid', 'swish', 'sigmoid', 'sigmoid', 'sigmoid', 'swish', 'elu', 'swish', 'elu', 'elu', 'swish', 'elu', 'sigmoid', 'swish', 'elu', 'tanh', 'sigmoid']",f6f6f806f60608f0f8f000f80006f8f0f966,700,Adam,MaxAbsoluteDeviation,0.9744012355804443,1.0384442806243896,10.159921300015412
"[23, 23, 23, 8, 23, 8, 8, 23, 23, 23, 8, 23, 8, 8, 23, 23, 23, 14]","['sigmoid', 'sigmoid', 'swish', 'sigmoid', 'sigmoid', 'sigmoid', 'swish', 'elu', 'swish', 'elu', 'elu', 'swish', 'elu', 'sigmoid', 'swish', 'elu', 'tanh', 'sigmoid']",f6f6f806f60608f0f8f000f80006f8f0f966,439,Adam,MaxAbsoluteDeviation,0.9580194354057312,1.0831795930862427,6.825123699964024
"[23, 23, 23, 8, 23, 8, 8, 23, 23, 23, 8, 23, 8, 8, 23, 23, 23, 14]","['sigmoid', 'sigmoid', 'swish', 'sigmoid', 'sigmoid', 'sigmoid', 'swish', 'elu', 'swish', 'elu', 'elu', 'swish', 'elu', 'sigmoid', 'swish', 'elu', 'tanh', 'sigmoid']",f6f6f806f60608f0f8f000f80006f8f0f966,207,Adam,MaxAbsoluteDeviation,0.971495509147644,1.0544426441192627,3.9797712999861687
"[23, 23, 23, 8, 23, 8, 8, 23, 23, 23, 8, 23, 8, 8, 23, 23, 23, 14]","['sigmoid', 'sigmoid', 'swish', 'sigmoid', 'sigmoid', 'sigmoid', 'swish', 'elu', 'swish', 'elu', 'elu', 'swish', 'elu', 'sigmoid', 'swish', 'elu', 'tanh', 'sigmoid']",f6f6f806f60608f0f8f000f80006f8f0f966,700,Adam,MaxAbsoluteDeviation,0.9565191864967346,1.076922059059143,10.079976900015026
"[23, 23, 23, 8, 23, 8, 8, 23, 23, 23, 8, 23, 8, 8, 23, 8, 23]","['sigmoid', 'sigmoid', 'swish', 'sigmoid', 'sigmoid', 'sigmoid', 'swish', 'elu', 'swish', 'elu', 'elu', 'swish', 'elu', 'sigmoid', 'swish', 'elu', 'tanh']",f6f6f806f60608f0f8f000f80006f800f9,700,Adam,MaxAbsoluteDeviation,1.0051788091659546,1.0854430198669434,9.590964799979702
"[23, 23, 23, 8, 23, 8, 8, 23, 23, 23, 8, 23, 8, 8, 23, 8, 23]","['sigmoid', 'sigmoid', 'swish', 'sigmoid', 'sigmoid', 'sigmoid', 'swish', 'elu', 'swish', 'elu', 'elu', 'swish', 'sigmoid', 'sigmoid', 'swish', 'elu', 'tanh']",f6f6f806f60608f0f8f000f80606f800f9,700,Adam,MaxAbsoluteDeviation,0.9838294982910156,1.1544368267059326,9.597144900006242
"[23, 23, 23, 8, 23, 8, 8, 23, 23, 8, 8, 23, 8, 8, 23, 8, 23]","['sigmoid', 'sigmoid', 'swish', 'sigmoid', 'sigmoid', 'sigmoid', 'swish', 'elu', 'swish', 'elu', 'elu', 'swish', 'sigmoid', 'sigmoid', 'swish', 'elu', 'tanh']",f6f6f806f60608f0f80000f80606f800f9,700,Adam,MaxAbsoluteDeviation,0.9722825884819031,1.0692692995071411,9.444277699978556
"[23, 23, 23, 8, 23, 8, 8, 23, 23, 8, 8, 23, 8, 8, 23, 8, 23]","['sigmoid', 'sigmoid', 'swish', 'sigmoid', 'sigmoid', 'sigmoid', 'swish', 'elu', 'swish', 'elu', 'elu', 'swish', 'sigmoid', 'sigmoid', 'swish', 'elu', 'tanh']",f6f6f806f60608f0f80000f80606f800f9,700,Adam,MaxAbsoluteDeviation,0.9759061932563782,1.0900371074676514,9.610477400012314
"[23, 23, 23, 8, 23, 8, 8, 23, 23, 8, 8, 23, 8, 8, 23, 8, 23]","['sigmoid', 'sigmoid', 'swish', 'sigmoid', 'sigmoid', 'sigmoid', 'swish', 'elu', 'swish', 'elu', 'elu', 'swish', 'sigmoid', 'sigmoid', 'swish', 'elu', 'tanh']",f6f6f806f60608f0f80000f80606f800f9,122,Adam,MaxAbsoluteDeviation,0.9996470808982849,1.2424038648605347,2.7948750000214204
"[23, 23, 23, 8, 23, 8, 8, 23, 23, 8, 8, 23, 8, 8, 23, 8]","['sigmoid', 'sigmoid', 'swish', 'sigmoid', 'sigmoid', 'sigmoid', 'swish', 'elu', 'swish', 'elu', 'elu', 'swish', 'sigmoid', 'sigmoid', 'swish', 'elu']",f6f6f806f60608f0f80000f80606f800,100,Adam,MaxAbsoluteDeviation,1.0425777435302734,1.1755293607711792,2.481988799991086
"[23, 23, 23, 8, 23, 8, 8, 23, 23, 8, 8, 23, 8, 8, 23, 8, 15]","['sigmoid', 'sigmoid', 'swish', 'sigmoid', 'sigmoid', 'sigmoid', 'swish', 'elu', 'swish', 'elu', 'elu', 'swish', 'sigmoid', 'sigmoid', 'swish', 'elu', 'sigmoid']",f6f6f806f60608f0f80000f80606f80076,100,Adam,MaxAbsoluteDeviation,0.9631158709526062,1.0646809339523315,2.620599400019273
"[23, 23, 23, 8, 23, 8, 8, 23, 23, 8, 8, 23, 8, 8, 23, 8, 15]","['sigmoid', 'sigmoid', 'swish', 'sigmoid', 'sigmoid', 'sigmoid', 'swish', 'elu', 'swish', 'elu', 'elu', 'swish', 'sigmoid', 'sigmoid', 'swish', 'elu', 'sigmoid']",f6f6f806f60608f0f80000f80606f80076,100,Adam,MaxAbsoluteDeviation,0.9631158709526062,1.0329822301864624,2.5871828999952413
"[23, 23, 23, 8, 23, 8, 8, 23, 23, 8, 8, 23, 8, 8, 23, 8, 15]","['sigmoid', 'sigmoid', 'swish', 'sigmoid', 'sigmoid', 'sigmoid', 'swish', 'elu', 'swish', 'elu', 'elu', 'swish', 'sigmoid', 'sigmoid', 'swish', 'elu', 'sigmoid']",f6f6f806f60608f0f80000f80606f80076,100,Adam,MaxAbsoluteDeviation,0.9603935480117798,1.0790598392486572,2.6194921999704093
"[23, 23, 23, 8, 23, 8, 8, 23, 23, 8, 8, 23, 8, 8, 23, 8, 15, 9]","['sigmoid', 'sigmoid', 'swish', 'sigmoid', 'sigmoid', 'sigmoid', 'swish', 'elu', 'swish', 'elu', 'elu', 'swish', 'sigmoid', 'sigmoid', 'swish', 'elu', 'sigmoid', 'elu']",f6f6f806f60608f0f80000f80606f8007610,100,Adam,MaxAbsoluteDeviation,0.9862295389175415,1.0804054737091064,2.7203365999739617
"[23, 23, 23, 8, 23, 8, 8, 23, 8, 8, 8, 23, 8, 8, 23, 8, 15]","['sigmoid', 'sigmoid', 'swish', 'sigmoid', 'sigmoid', 'sigmoid', 'swish', 'elu', 'swish', 'elu', 'elu', 'swish', 'sigmoid', 'sigmoid', 'swish', 'elu', 'sigmoid']",f6f6f806f60608f0080000f80606f80076,100,Adam,MaxAbsoluteDeviation,0.9789990186691284,1.0369699001312256,2.5889810999506153
"[23, 23, 23, 8, 23, 8, 8, 23, 8, 8, 8, 23, 8, 8, 23, 8]","['sigmoid', 'sigmoid', 'swish', 'sigmoid', 'sigmoid', 'sigmoid', 'swish', 'elu', 'swish', 'elu', 'elu', 'swish', 'sigmoid', 'sigmoid', 'swish', 'elu']",f6f6f806f60608f0080000f80606f800,700,Adam,MaxAbsoluteDeviation,0.9939431548118591,1.1001505851745605,9.059338200022466
"[23, 23, 23, 8, 23, 8, 8, 23, 8, 8, 8, 23, 8, 8, 23, 8]","['sigmoid', 'sigmoid', 'swish', 'sigmoid', 'sigmoid', 'sigmoid', 'swish', 'elu', 'swish', 'elu', 'elu', 'swish', 'sigmoid', 'sigmoid', 'swish', 'elu']",f6f6f806f60608f0080000f80606f800,700,Adam,MaxAbsoluteDeviation,0.9997907876968384,1.0851927995681763,9.127538400003687
"[23, 23, 23, 8, 23, 8, 8, 23, 8, 8, 8, 23, 8, 8, 23, 8, 20]","['sigmoid', 'sigmoid', 'swish', 'sigmoid', 'sigmoid', 'sigmoid', 'swish', 'elu', 'swish', 'elu', 'elu', 'swish', 'sigmoid', 'sigmoid', 'swish', 'elu', 'elu']",f6f6f806f60608f0080000f80606f800c0,700,Adam,MaxAbsoluteDeviation,1.0029090642929077,1.0395013093948364,9.45668730000034
"[23, 23, 23, 8, 23, 8, 8, 23, 8, 8, 8, 23, 8, 8, 23, 8, 20]","['sigmoid', 'sigmoid', 'swish', 'sigmoid', 'sigmoid', 'sigmoid', 'swish', 'elu', 'swish', 'elu', 'sigmoid', 'swish', 'sigmoid', 'sigmoid', 'swish', 'elu', 'elu']",f6f6f806f60608f0080006f80606f800c0,700,Adam,MaxAbsoluteDeviation,0.9751793146133423,1.082918643951416,9.510183500009589
"[23, 23, 23, 8, 23, 8, 8, 23, 8, 8, 8, 23, 8, 8, 23, 8, 20]","['sigmoid', 'sigmoid', 'swish', 'sigmoid', 'sigmoid', 'sigmoid', 'swish', 'elu', 'swish', 'elu', 'sigmoid', 'swish', 'sigmoid', 'sigmoid', 'swish', 'elu', 'elu']",f6f6f806f60608f0080006f80606f800c0,458,Adam,MaxAbsoluteDeviation,0.9734399318695068,1.0367258787155151,6.586654599988833
"[23, 23, 23, 8, 23, 8, 8, 23, 8, 8, 8, 23, 8, 8, 23, 8, 20]","['sigmoid', 'sigmoid', 'swish', 'sigmoid', 'sigmoid', 'sigmoid', 'swish', 'elu', 'swish', 'elu', 'sigmoid', 'swish', 'sigmoid', 'sigmoid', 'swish', 'elu', 'elu']",f6f6f806f60608f0080006f80606f800c0,458,Adam,MaxAbsoluteDeviation,1.07990300655365,1.0562617778778076,6.639368899981491
"[23, 23, 23, 8, 23, 8, 8, 23, 8, 8, 8, 23, 8, 8, 23, 8, 20, 18]","['sigmoid', 'sigmoid', 'swish', 'sigmoid', 'sigmoid', 'sigmoid', 'swish', 'elu', 'swish', 'elu', 'sigmoid', 'swish', 'sigmoid', 'sigmoid', 'swish', 'elu', 'elu', 'sigmoid']",f6f6f806f60608f0080006f80606f800c0a6,458,Adam,MaxAbsoluteDeviation,0.9722650051116943,1.046126365661621,6.950678699999116
"[23, 23, 23, 8, 23, 8, 8, 23, 8, 8, 8, 23, 8, 8, 23, 8, 20, 18, 19]","['sigmoid', 'sigmoid', 'swish', 'sigmoid', 'sigmoid', 'sigmoid', 'swish', 'elu', 'swish', 'elu', 'sigmoid', 'swish', 'sigmoid', 'sigmoid', 'swish', 'elu', 'elu', 'sigmoid', 'swish']",f6f6f806f60608f0080006f80606f800c0a6b8,700,Adam,MaxAbsoluteDeviation,0.9470863342285156,1.1559168100357056,10.188491000037175
"[23, 23, 23, 8, 23, 8, 8, 23, 8, 8, 8, 23, 8, 8, 23, 8, 20, 18]","['sigmoid', 'sigmoid', 'swish', 'sigmoid', 'sigmoid', 'sigmoid', 'swish', 'elu', 'swish', 'elu', 'sigmoid', 'swish', 'sigmoid', 'sigmoid', 'swish', 'elu', 'elu', 'sigmoid']",f6f6f806f60608f0080006f80606f800c0a6,700,Adam,MaxAbsoluteDeviation,0.9632316827774048,1.0412266254425049,9.88082800002303
"[23, 23, 23, 8, 23, 8, 8, 23, 8, 8, 8, 23, 8, 8, 23, 8, 20, 18, 16]","['sigmoid', 'sigmoid', 'swish', 'sigmoid', 'sigmoid', 'sigmoid', 'swish', 'elu', 'swish', 'elu', 'sigmoid', 'swish', 'sigmoid', 'sigmoid', 'swish', 'elu', 'elu', 'sigmoid', 'sigmoid']",f6f6f806f60608f0080006f80606f800c0a686,700,Adam,MaxAbsoluteDeviation,0.9704539775848389,1.029679775238037,10.114845799980685
"[23, 23, 23, 8, 23, 8, 8, 23, 8, 8, 8, 23, 8, 8, 23, 8, 20, 18, 16]","['sigmoid', 'sigmoid', 'swish', 'sigmoid', 'sigmoid', 'sigmoid', 'swish', 'elu', 'swish', 'elu', 'sigmoid', 'swish', 'sigmoid', 'sigmoid', 'swish', 'elu', 'elu', 'sigmoid', 'sigmoid']",f6f6f806f60608f0080006f80606f800c0a686,700,Adam,MaxAbsoluteDeviation,0.9684663414955139,1.0661890506744385,10.085883499996271
"[23, 23, 23, 8, 23, 8, 8, 23, 8, 8, 8, 23, 8, 8, 23, 8, 20, 18]","['sigmoid', 'sigmoid', 'swish', 'sigmoid', 'sigmoid', 'sigmoid', 'swish', 'elu', 'swish', 'elu', 'sigmoid', 'swish', 'sigmoid', 'sigmoid', 'swish', 'elu', 'elu', 'sigmoid']",f6f6f806f60608f0080006f80606f800c0a6,700,Adam,MaxAbsoluteDeviation,0.9486567974090576,1.0692132711410522,9.675912800012156
"[23, 23, 23, 8, 23, 8, 8, 23, 8, 8, 8, 23, 8, 8, 23, 8, 20, 18]","['sigmoid', 'sigmoid', 'swish', 'sigmoid', 'sigmoid', 'sigmoid', 'swish', 'elu', 'swish', 'elu', 'sigmoid', 'swish', 'sigmoid', 'sigmoid', 'swish', 'tanh', 'elu', 'sigmoid']",f6f6f806f60608f0080006f80606f809c0a6,700,Adam,MaxAbsoluteDeviation,0.968066394329071,1.0334675312042236,9.857199400023092
"[23, 23, 23, 8, 23, 8, 8, 23, 8, 8, 8, 23, 8, 8, 23, 8, 20, 18]","['sigmoid', 'sigmoid', 'swish', 'sigmoid', 'sigmoid', 'sigmoid', 'swish', 'elu', 'swish', 'elu', 'sigmoid', 'swish', 'sigmoid', 'sigmoid', 'swish', 'tanh', 'elu', 'sigmoid']",f6f6f806f60608f0080006f80606f809c0a6,700,Adam,MaxAbsoluteDeviation,0.9708204865455627,1.0699398517608643,9.76695479999762
"[23, 23, 23, 8, 23, 8, 8, 23, 8, 8, 8, 23, 8, 8, 23, 8, 20, 18]","['sigmoid', 'sigmoid', 'swish', 'sigmoid', 'sigmoid', 'sigmoid', 'swish', 'elu', 'swish', 'elu', 'sigmoid', 'swish', 'sigmoid', 'sigmoid', 'swish', 'tanh', 'elu', 'sigmoid']",f6f6f806f60608f0080006f80606f809c0a6,614,Adam,MaxAbsoluteDeviation,0.9592750072479248,1.0709269046783447,8.833540500025265
"[23, 23, 23, 8, 23, 8, 8, 23, 8, 8, 8, 23, 8, 8, 23, 8, 20, 18]","['sigmoid', 'sigmoid', 'swish', 'sigmoid', 'tanh', 'sigmoid', 'swish', 'elu', 'swish', 'elu', 'sigmoid', 'swish', 'sigmoid', 'sigmoid', 'swish', 'tanh', 'elu', 'sigmoid']",f6f6f806f90608f0080006f80606f809c0a6,700,Adam,MaxAbsoluteDeviation,0.9708083271980286,1.0321803092956543,9.74812419997761
"[23, 23, 23, 8, 23, 8, 8, 23, 8, 8, 8, 23, 8, 8, 23, 8, 20, 18]","['sigmoid', 'sigmoid', 'swish', 'sigmoid', 'tanh', 'sigmoid', 'swish', 'elu', 'swish', 'elu', 'sigmoid', 'swish', 'sigmoid', 'sigmoid', 'swish', 'tanh', 'elu', 'sigmoid']",f6f6f806f90608f0080006f80606f809c0a6,336,Adam,MaxAbsoluteDeviation,0.9661465287208557,1.0324442386627197,5.401003599981777
"[23, 23, 23, 8, 8, 8, 8, 23, 8, 8, 8, 23, 8, 8, 23, 8, 20, 18]","['sigmoid', 'sigmoid', 'swish', 'sigmoid', 'tanh', 'sigmoid', 'swish', 'elu', 'swish', 'elu', 'sigmoid', 'swish', 'sigmoid', 'sigmoid', 'swish', 'tanh', 'elu', 'sigmoid']",f6f6f806090608f0080006f80606f809c0a6,100,Adam,MaxAbsoluteDeviation,0.9863031506538391,1.1027008295059204,2.6665838999906555
"[23, 23, 23, 8, 8, 8, 8, 23, 8, 8, 8, 23, 8, 8, 23, 8, 20, 18]","['sigmoid', 'sigmoid', 'swish', 'sigmoid', 'tanh', 'sigmoid', 'swish', 'elu', 'swish', 'elu', 'sigmoid', 'swish', 'sigmoid', 'sigmoid', 'swish', 'tanh', 'elu', 'sigmoid']",f6f6f806090608f0080006f80606f809c0a6,700,Adam,MaxAbsoluteDeviation,0.9715745449066162,1.0185883045196533,9.769008000032045
"[23, 23, 23, 8, 8, 8, 8, 8, 8, 8, 8, 23, 8, 8, 23, 8, 20, 18]","['sigmoid', 'sigmoid', 'swish', 'sigmoid', 'tanh', 'sigmoid', 'swish', 'elu', 'swish', 'elu', 'sigmoid', 'swish', 'sigmoid', 'sigmoid', 'swish', 'tanh', 'elu', 'sigmoid']",f6f6f80609060800080006f80606f809c0a6,700,Adam,MaxAbsoluteDeviation,0.9713859558105469,1.0218886137008667,9.934536399960052
"[23, 23, 23, 8, 8, 8, 8, 8, 8, 8, 8, 23, 8, 8, 23, 8, 20, 18, 10]","['sigmoid', 'sigmoid', 'swish', 'sigmoid', 'tanh', 'sigmoid', 'swish', 'elu', 'swish', 'elu', 'sigmoid', 'swish', 'sigmoid', 'sigmoid', 'swish', 'tanh', 'elu', 'sigmoid', 'tanh']",f6f6f80609060800080006f80606f809c0a629,700,Adam,MaxAbsoluteDeviation,0.9596351385116577,1.0098450183868408,10.180705799954012
"[23, 23, 23, 8, 8, 8, 23, 8, 8, 8, 8, 23, 8, 8, 23, 8, 20, 18, 10]","['sigmoid', 'sigmoid', 'swish', 'sigmoid', 'tanh', 'sigmoid', 'swish', 'elu', 'swish', 'elu', 'sigmoid', 'swish', 'sigmoid', 'sigmoid', 'swish', 'tanh', 'elu', 'swish', 'tanh']",f6f6f8060906f800080006f80606f809c0a829,700,Adam,MaxAbsoluteDeviation,0.9634295701980591,1.0620536804199219,10.255920300027356
"[23, 23, 23, 8, 8, 8, 23, 8, 8, 8, 8, 23, 8, 8, 23, 8, 20, 18]","['sigmoid', 'sigmoid', 'swish', 'sigmoid', 'tanh', 'sigmoid', 'swish', 'elu', 'swish', 'elu', 'sigmoid', 'swish', 'sigmoid', 'sigmoid', 'swish', 'tanh', 'elu', 'swish']",f6f6f8060906f800080006f80606f809c0a8,700,Adam,MaxAbsoluteDeviation,1.015650987625122,1.007198691368103,9.82697419996839
"[23, 23, 23, 8, 8, 8, 23, 8, 8, 8, 8, 23, 8, 8, 23, 8]","['sigmoid', 'sigmoid', 'swish', 'sigmoid', 'tanh', 'sigmoid', 'swish', 'elu', 'swish', 'elu', 'sigmoid', 'swish', 'sigmoid', 'sigmoid', 'swish', 'tanh']",f6f6f8060906f800080006f80606f809,700,Adam,MaxAbsoluteDeviation,0.9783625602722168,1.0993191003799438,9.005117299966514
"[23, 23, 23, 8, 8, 8, 23, 8, 8, 8, 8, 23, 8, 8, 23, 8]","['sigmoid', 'sigmoid', 'swish', 'sigmoid', 'tanh', 'sigmoid', 'swish', 'elu', 'swish', 'elu', 'sigmoid', 'swish', 'sigmoid', 'sigmoid', 'swish', 'tanh']",f6f6f8060906f800080006f80606f809,503,Adam,MaxAbsoluteDeviation,0.9669429659843445,1.0645209550857544,6.793717199994717
"[23, 23, 23, 8, 8, 8, 23, 8, 8, 8, 8, 23, 8, 8, 23, 8]","['sigmoid', 'sigmoid', 'swish', 'sigmoid', 'tanh', 'sigmoid', 'swish', 'elu', 'swish', 'elu', 'sigmoid', 'swish', 'sigmoid', 'sigmoid', 'swish', 'tanh']",f6f6f8060906f800080006f80606f809,700,Adam,MaxAbsoluteDeviation,0.9675454497337341,1.0617222785949707,8.947793299972545
"[23, 23, 23, 8, 8, 8, 23, 8, 8, 8, 8, 23, 8, 8, 23, 8]","['sigmoid', 'sigmoid', 'swish', 'sigmoid', 'tanh', 'sigmoid', 'swish', 'elu', 'swish', 'elu', 'sigmoid', 'swish', 'sigmoid', 'sigmoid', 'swish', 'tanh']",f6f6f8060906f800080006f80606f809,700,Adam,MaxAbsoluteDeviation,0.9681339859962463,1.0227088928222656,8.90178030001698
"[23, 23, 23, 8, 8, 8, 23, 8, 8, 8, 8, 23, 8, 8, 23, 8]","['sigmoid', 'sigmoid', 'swish', 'sigmoid', 'tanh', 'sigmoid', 'swish', 'elu', 'swish', 'elu', 'sigmoid', 'swish', 'sigmoid', 'sigmoid', 'swish', 'tanh']",f6f6f8060906f800080006f80606f809,218,Adam,MaxAbsoluteDeviation,0.9842540621757507,1.0960190296173096,3.56920089997584
"[23, 23, 23, 8, 8, 8, 23, 8, 8, 8, 8, 23, 8, 8, 23, 8]","['sigmoid', 'sigmoid', 'swish', 'sigmoid', 'tanh', 'sigmoid', 'swish', 'elu', 'swish', 'elu', 'sigmoid', 'swish', 'sigmoid', 'sigmoid', 'swish', 'tanh']",f6f6f8060906f800080006f80606f809,150,Adam,MaxAbsoluteDeviation,0.9882733821868896,1.0718176364898682,2.8975063000107184
"[23, 23, 23, 8, 8, 8, 23, 8, 8, 8, 8, 23, 8, 8, 23]","['sigmoid', 'sigmoid', 'swish', 'sigmoid', 'tanh', 'sigmoid', 'swish', 'elu', 'swish', 'elu', 'sigmoid', 'swish', 'sigmoid', 'sigmoid', 'swish']",f6f6f8060906f800080006f80606f8,150,Adam,MaxAbsoluteDeviation,0.9879043102264404,1.091459035873413,2.7621356999734417
"[23, 23, 23, 8, 8, 8, 23, 8, 8, 8, 8, 23, 8, 8, 23]","['sigmoid', 'sigmoid', 'swish', 'sigmoid', 'tanh', 'sigmoid', 'swish', 'elu', 'swish', 'elu', 'sigmoid', 'swish', 'sigmoid', 'sigmoid', 'swish']",f6f6f8060906f800080006f80606f8,700,Adam,MaxAbsoluteDeviation,0.9723266363143921,1.0729321241378784,8.48806709999917
"[23, 23, 23, 8, 8, 8, 23, 8, 23, 8, 8, 23, 8, 8, 23]","['sigmoid', 'sigmoid', 'swish', 'sigmoid', 'tanh', 'sigmoid', 'swish', 'elu', 'swish', 'elu', 'sigmoid', 'swish', 'sigmoid', 'sigmoid', 'swish']",f6f6f8060906f800f80006f80606f8,700,Adam,MaxAbsoluteDeviation,0.9643213748931885,1.0312747955322266,8.443507099989802
"[23, 23, 23, 8, 8, 23, 23, 8, 23, 8, 8, 23, 8, 8, 23]","['sigmoid', 'sigmoid', 'swish', 'sigmoid', 'tanh', 'sigmoid', 'swish', 'elu', 'swish', 'elu', 'sigmoid', 'swish', 'sigmoid', 'sigmoid', 'swish']",f6f6f80609f6f800f80006f80606f8,700,Adam,MaxAbsoluteDeviation,0.9580146074295044,1.0600214004516602,8.35239569999976
"[23, 23, 23, 8, 8, 23, 23, 8, 23, 8, 8, 23, 8, 8]","['sigmoid', 'sigmoid', 'swish', 'sigmoid', 'tanh', 'sigmoid', 'swish', 'elu', 'swish', 'elu', 'sigmoid', 'swish', 'sigmoid', 'sigmoid']",f6f6f80609f6f800f80006f80606,104,Adam,MaxAbsoluteDeviation,0.9728963971138,1.0436077117919922,2.1689020000048913
"[23, 23, 23, 8, 8, 23, 23, 8, 23, 8, 8, 23, 8]","['sigmoid', 'sigmoid', 'swish', 'sigmoid', 'tanh', 'sigmoid', 'swish', 'elu', 'swish', 'elu', 'sigmoid', 'swish', 'sigmoid']",f6f6f80609f6f800f80006f806,104,Adam,MaxAbsoluteDeviation,0.9643884897232056,1.0548570156097412,2.0541806999826804
"[23, 23, 23, 8, 8, 23, 23, 8, 23, 8, 8, 23, 8]","['sigmoid', 'sigmoid', 'swish', 'sigmoid', 'tanh', 'sigmoid', 'swish', 'elu', 'swish', 'elu', 'sigmoid', 'swish', 'sigmoid']",f6f6f80609f6f800f80006f806,700,Adam,MaxAbsoluteDeviation,0.969057023525238,1.0711756944656372,7.5804387999814935
"[23, 23, 23, 8, 8, 23, 23, 8, 23, 8, 8, 23, 8]","['sigmoid', 'sigmoid', 'swish', 'sigmoid', 'tanh', 'sigmoid', 'swish', 'elu', 'swish', 'elu', 'sigmoid', 'swish', 'sigmoid']",f6f6f80609f6f800f80006f806,126,Adam,MaxAbsoluteDeviation,0.989573061466217,1.0657129287719727,2.2656566000077873
"[23, 23, 23, 8, 8, 23, 23, 8, 23, 8, 8, 23, 8]","['sigmoid', 'sigmoid', 'swish', 'sigmoid', 'tanh', 'sigmoid', 'swish', 'elu', 'swish', 'elu', 'sigmoid', 'swish', 'sigmoid']",f6f6f80609f6f800f80006f806,700,Adam,MaxAbsoluteDeviation,0.9620724320411682,1.0666735172271729,7.651195500046015
"[23, 23, 23, 8, 8, 23, 23, 8, 23, 8, 8, 23, 8]","['sigmoid', 'sigmoid', 'swish', 'sigmoid', 'tanh', 'sigmoid', 'swish', 'elu', 'swish', 'elu', 'sigmoid', 'tanh', 'sigmoid']",f6f6f80609f6f800f80006f806,700,Adam,MaxAbsoluteDeviation,0.9620724320411682,1.0051848888397217,15.486120699963067
"[23, 23, 23, 8, 8, 23, 23, 8, 23, 8, 8, 23, 23]","['sigmoid', 'sigmoid', 'swish', 'sigmoid', 'tanh', 'sigmoid', 'swish', 'elu', 'swish', 'elu', 'sigmoid', 'swish', 'sigmoid']",f6f6f80609f6f800f80006f8f6,700,Adam,MaxAbsoluteDeviation,0.9643203616142273,1.0351836681365967,8.028817099984735
"[23, 23, 23, 8, 8, 23, 23, 8, 23, 8, 8, 23]","['sigmoid', 'sigmoid', 'swish', 'sigmoid', 'tanh', 'sigmoid', 'swish', 'elu', 'swish', 'elu', 'sigmoid', 'swish']",f6f6f80609f6f800f80006f8,700,Adam,MaxAbsoluteDeviation,1.0672574043273926,1.2001237869262695,7.617123500036541
"[23, 23, 23, 8, 8, 23, 23, 8, 23, 8, 8, 23]","['sigmoid', 'sigmoid', 'swish', 'sigmoid', 'tanh', 'sigmoid', 'swish', 'elu', 'swish', 'elu', 'sigmoid', 'swish']",f6f6f80609f6f800f80006f8,700,Adam,MaxAbsoluteDeviation,1.0063903331756592,1.0902459621429443,7.5687482000212185
"[23, 23, 23, 8, 8, 23, 23, 8, 23, 8, 8]","['sigmoid', 'sigmoid', 'swish', 'sigmoid', 'tanh', 'sigmoid', 'swish', 'elu', 'swish', 'elu', 'sigmoid']",f6f6f80609f6f800f80006,700,Adam,MaxAbsoluteDeviation,0.9556694030761719,1.0748735666275024,7.071521500009112
"[23, 23, 23, 8, 8, 23, 23, 8, 23, 8, 8]","['sigmoid', 'sigmoid', 'swish', 'sigmoid', 'tanh', 'sigmoid', 'swish', 'elu', 'swish', 'elu', 'sigmoid']",f6f6f80609f6f800f80006,700,Adam,MaxAbsoluteDeviation,1.006216287612915,1.0109500885009766,7.12819350004429
"[23, 23, 23, 8, 8, 23, 23, 8, 23, 8]","['sigmoid', 'sigmoid', 'swish', 'sigmoid', 'tanh', 'sigmoid', 'swish', 'elu', 'swish', 'elu']",f6f6f80609f6f800f800,700,Adam,MaxAbsoluteDeviation,0.970051109790802,1.0753445625305176,6.665052799973637
"[23, 23, 23, 8, 8, 23, 23, 23, 23, 8]","['sigmoid', 'sigmoid', 'swish', 'sigmoid', 'tanh', 'sigmoid', 'swish', 'elu', 'swish', 'elu']",f6f6f80609f6f8f0f800,700,Adam,MaxAbsoluteDeviation,0.967465877532959,1.0401806831359863,6.689579500001855
"[23, 23, 23, 8, 8, 23, 23, 23, 23, 8, 16]","['sigmoid', 'sigmoid', 'swish', 'sigmoid', 'tanh', 'sigmoid', 'swish', 'elu', 'swish', 'elu', 'tanh']",f6f6f80609f6f8f0f80089,700,Adam,MaxAbsoluteDeviation,0.967653751373291,1.1266748905181885,7.098964500008151
"[8, 23, 23, 8, 8, 23, 23, 23, 23, 8, 16]","['sigmoid', 'sigmoid', 'swish', 'sigmoid', 'tanh', 'sigmoid', 'swish', 'elu', 'swish', 'elu', 'tanh']",06f6f80609f6f8f0f80089,700,Adam,MaxAbsoluteDeviation,0.9549108743667603,1.0479657649993896,7.079792900010943
"[8, 23, 23, 8, 8, 23, 23, 23, 23, 8, 16]","['sigmoid', 'sigmoid', 'swish', 'sigmoid', 'tanh', 'sigmoid', 'swish', 'elu', 'swish', 'elu', 'tanh']",06f6f80609f6f8f0f80089,696,Adam,MaxAbsoluteDeviation,0.9730230569839478,1.0363868474960327,7.019936200056691
"[8, 23, 8, 8, 8, 23, 23, 23, 23, 8, 16]","['sigmoid', 'sigmoid', 'swish', 'sigmoid', 'tanh', 'sigmoid', 'swish', 'elu', 'swish', 'elu', 'tanh']",06f6080609f6f8f0f80089,696,Adam,MaxAbsoluteDeviation,0.9786278009414673,1.0573678016662598,7.033933800004888
"[8, 23, 8, 8, 8, 23, 23, 23, 23, 8]","['sigmoid', 'sigmoid', 'swish', 'sigmoid', 'tanh', 'sigmoid', 'swish', 'elu', 'swish', 'elu']",06f6080609f6f8f0f800,696,Adam,MaxAbsoluteDeviation,0.9955295324325562,1.0062686204910278,6.559522200026549
"[8, 23, 8, 8, 8, 23, 23, 23, 23, 8]","['sigmoid', 'sigmoid', 'swish', 'sigmoid', 'tanh', 'sigmoid', 'swish', 'elu', 'swish', 'elu']",06f6080609f6f8f0f800,696,Adam,MaxAbsoluteDeviation,0.9848244190216064,1.0755345821380615,6.588516399962828
"[8, 23, 8, 8, 8, 23, 8, 23, 23, 8]","['sigmoid', 'sigmoid', 'swish', 'sigmoid', 'tanh', 'sigmoid', 'swish', 'elu', 'swish', 'elu']",06f6080609f608f0f800,696,Adam,MaxAbsoluteDeviation,0.9980398416519165,1.0010663270950317,6.530726499971934
"[8, 23, 8, 8, 8, 23, 8, 23, 23, 8]","['sigmoid', 'sigmoid', 'swish', 'sigmoid', 'tanh', 'sigmoid', 'swish', 'elu', 'swish', 'elu']",06f6080609f608f0f800,696,Adam,MaxAbsoluteDeviation,0.9517270922660828,1.0591131448745728,6.466605399968103
"[8, 23, 8, 8, 8, 23, 8, 23, 23, 8]","['sigmoid', 'sigmoid', 'swish', 'sigmoid', 'tanh', 'sigmoid', 'swish', 'elu', 'swish', 'elu']",06f6080609f608f0f800,500,Adam,MaxAbsoluteDeviation,0.9849555492401123,1.0028303861618042,4.904575299995486
"[8, 23, 8, 8, 8, 23, 8, 23, 23]","['sigmoid', 'sigmoid', 'swish', 'sigmoid', 'tanh', 'sigmoid', 'swish', 'elu', 'swish']",06f6080609f608f0f8,500,Adam,MaxAbsoluteDeviation,0.9584179520606995,1.0750688314437866,4.448571099957917
"[8, 23, 8, 8, 23, 23, 8, 23, 23]","['sigmoid', 'sigmoid', 'swish', 'sigmoid', 'tanh', 'sigmoid', 'swish', 'elu', 'swish']",06f60806f9f608f0f8,500,Adam,MaxAbsoluteDeviation,0.981650710105896,1.1004019975662231,4.503259100019932
"[8, 23, 8, 8, 23, 23, 8, 23, 23, 12]","['sigmoid', 'sigmoid', 'swish', 'sigmoid', 'tanh', 'sigmoid', 'swish', 'elu', 'swish', 'elu']",06f60806f9f608f0f840,500,Adam,MaxAbsoluteDeviation,0.9624647498130798,1.0972404479980469,4.894190699968021
"[8, 23, 8, 8, 23, 23, 8, 23, 23, 12]","['sigmoid', 'sigmoid', 'swish', 'sigmoid', 'sigmoid', 'sigmoid', 'swish', 'elu', 'swish', 'elu']",06f60806f6f608f0f840,500,Adam,MaxAbsoluteDeviation,1.1213473081588745,1.0154261589050293,4.875310600036755
"[8, 23, 8, 8, 23, 23, 23, 23, 23, 12]","['sigmoid', 'sigmoid', 'swish', 'sigmoid', 'sigmoid', 'sigmoid', 'swish', 'elu', 'swish', 'elu']",06f60806f6f6f8f0f840,500,Adam,MaxAbsoluteDeviation,0.992159903049469,1.204561710357666,4.864938399987295
"[8, 8, 8, 8, 23, 23, 23, 23, 23, 12, 17]","['sigmoid', 'sigmoid', 'swish', 'sigmoid', 'sigmoid', 'sigmoid', 'swish', 'elu', 'swish', 'elu', 'tanh']",06060806f6f6f8f0f84099,500,Adam,MaxAbsoluteDeviation,0.9792545437812805,1.0855261087417603,5.162008499959484
"[8, 8, 8, 8, 23, 23, 23, 23, 23, 12, 17]","['sigmoid', 'sigmoid', 'swish', 'sigmoid', 'sigmoid', 'sigmoid', 'swish', 'elu', 'swish', 'elu', 'tanh']",06060806f6f6f8f0f84099,319,Adam,MaxAbsoluteDeviation,0.9713441729545593,1.0251537561416626,3.6241196999908425
"[8, 8, 8, 8, 23, 23, 23, 23, 23, 12, 17, 19]","['sigmoid', 'sigmoid', 'swish', 'sigmoid', 'sigmoid', 'sigmoid', 'swish', 'elu', 'swish', 'elu', 'tanh', 'swish']",06060806f6f6f8f0f84099b8,176,Adam,MaxAbsoluteDeviation,1.0881391763687134,1.0217565298080444,2.6351282999967225
"[8, 8, 8, 8, 23, 23, 23, 23, 23, 12, 17, 19]","['sigmoid', 'sigmoid', 'swish', 'sigmoid', 'sigmoid', 'sigmoid', 'swish', 'elu', 'swish', 'elu', 'tanh', 'swish']",06060806f6f6f8f0f84099b8,176,Adam,MaxAbsoluteDeviation,0.9812242388725281,1.1278445720672607,2.6481397000025027
"[8, 8, 8, 8, 23, 23, 23, 23, 23, 12, 17, 19, 14, 21]","['sigmoid', 'sigmoid', 'swish', 'sigmoid', 'sigmoid', 'sigmoid', 'swish', 'elu', 'swish', 'elu', 'tanh', 'swish', 'elu', 'swish']",06060806f6f6f8f0f84099b8,176,Adam,MaxAbsoluteDeviation,0.9812242388725281,1.0759764909744263,2.4716387999942526
"[8, 8, 8, 8, 23, 23, 23, 23, 23, 12, 17]","['sigmoid', 'sigmoid', 'swish', 'sigmoid', 'sigmoid', 'sigmoid', 'swish', 'elu', 'swish', 'elu', 'tanh']",06060806f6f6f8f0f84099,176,Adam,MaxAbsoluteDeviation,0.9518353343009949,1.1313225030899048,2.4398256999556907
"[8, 8, 8, 8, 23, 8, 23, 23, 23, 12, 17]","['sigmoid', 'sigmoid', 'swish', 'sigmoid', 'sigmoid', 'sigmoid', 'swish', 'elu', 'swish', 'elu', 'tanh']",06060806f606f8f0f84099,176,Adam,MaxAbsoluteDeviation,1.021655559539795,1.0944554805755615,2.4128424000227824
"[8, 8, 8, 8, 23, 8, 23, 23, 23, 12]","['sigmoid', 'sigmoid', 'swish', 'sigmoid', 'sigmoid', 'sigmoid', 'swish', 'elu', 'swish', 'elu']",06060806f606f8f0f840,176,Adam,MaxAbsoluteDeviation,1.0152322053909302,1.023188591003418,2.2691847999813035
"[8, 8, 8, 8, 23, 8, 23, 23, 23, 12]","['sigmoid', 'sigmoid', 'swish', 'sigmoid', 'sigmoid', 'sigmoid', 'swish', 'elu', 'swish', 'elu']",06060806f606f8f0f840,700,Adam,MaxAbsoluteDeviation,0.9532780647277832,1.097247838973999,6.390593999996781
"[8, 8, 8, 8, 23, 8, 23, 23, 23]","['sigmoid', 'sigmoid', 'swish', 'sigmoid', 'sigmoid', 'sigmoid', 'swish', 'elu', 'swish']",06060806f606f8f0f8,700,Adam,MaxAbsoluteDeviation,0.963310718536377,1.0536949634552002,5.929989800031763
"[8, 8, 8, 8, 23, 8, 23, 23, 23]","['sigmoid', 'sigmoid', 'swish', 'sigmoid', 'sigmoid', 'sigmoid', 'swish', 'elu', 'swish']",06060806f606f8f0f8,700,Adam,MaxAbsoluteDeviation,0.97625732421875,1.0488356351852417,5.912572500004899
"[8, 8, 8, 8, 23, 8, 23, 23, 23]","['sigmoid', 'sigmoid', 'swish', 'sigmoid', 'sigmoid', 'sigmoid', 'swish', 'elu', 'swish']",06060806f606f8f0f8,700,Adam,MaxAbsoluteDeviation,0.9638211131095886,1.0808475017547607,5.9377247000229545
"[8, 8, 8, 8, 23, 8, 8, 23, 23]","['sigmoid', 'sigmoid', 'swish', 'sigmoid', 'sigmoid', 'sigmoid', 'swish', 'elu', 'swish']",06060806f60608f0f8,700,Adam,MaxAbsoluteDeviation,0.9723356366157532,1.0584135055541992,5.9457539999857545
"[8, 8, 8, 8, 23, 8, 8, 23, 23]","['sigmoid', 'sigmoid', 'swish', 'sigmoid', 'sigmoid', 'sigmoid', 'swish', 'elu', 'swish']",06060806f60608f0f8,700,Adam,MaxAbsoluteDeviation,0.9555656313896179,1.0661216974258423,5.893502199964132
"[8, 8, 8, 23, 23, 8, 8, 23, 23, 17]","['sigmoid', 'sigmoid', 'swish', 'sigmoid', 'sigmoid', 'sigmoid', 'swish', 'elu', 'swish', 'swish']",060608f6f60608f0f898,700,Adam,MaxAbsoluteDeviation,0.9599315524101257,1.0732228755950928,6.477893700008281
"[8, 8, 8, 23, 23, 8, 8, 23, 23, 17]","['sigmoid', 'sigmoid', 'swish', 'sigmoid', 'tanh', 'sigmoid', 'swish', 'elu', 'swish', 'swish']",060608f6f90608f0f898,700,Adam,MaxAbsoluteDeviation,0.9745320677757263,1.058566927909851,6.475968400016427
"[8, 8, 8, 23, 23, 8, 8, 8, 23, 17, 13]","['sigmoid', 'sigmoid', 'swish', 'sigmoid', 'tanh', 'sigmoid', 'swish', 'elu', 'swish', 'swish', 'swish']",060608f6f9060800f89858,362,Adam,MaxAbsoluteDeviation,0.9608625173568726,1.0433411598205566,3.9386582000297494
"[8, 8, 8, 23, 23, 8, 8, 16, 23, 17, 13]","['sigmoid', 'sigmoid', 'swish', 'sigmoid', 'tanh', 'sigmoid', 'swish', 'elu', 'swish', 'swish', 'swish']",060608f6f9060880f89858,362,Adam,MaxAbsoluteDeviation,0.9684633016586304,1.0285834074020386,3.9796479000360705
"[8, 8, 8, 23, 23, 8, 8, 16, 23, 17, 13, 10]","['sigmoid', 'sigmoid', 'swish', 'sigmoid', 'tanh', 'sigmoid', 'swish', 'elu', 'swish', 'swish', 'swish', 'sigmoid']",060608f6f9060880f8985826,362,Adam,MaxAbsoluteDeviation,0.9981552362442017,1.1104483604431152,4.23844879999524
"[8, 8, 8, 23, 23, 8, 8, 16, 23, 17, 13]","['sigmoid', 'sigmoid', 'swish', 'sigmoid', 'tanh', 'sigmoid', 'swish', 'elu', 'swish', 'swish', 'swish']",060608f6f9060880f89858,362,Adam,MaxAbsoluteDeviation,0.9742093086242676,1.0831631422042847,3.969890500011388
"[8, 8, 8, 23, 23, 8, 8, 16, 23, 17, 13]","['sigmoid', 'sigmoid', 'swish', 'sigmoid', 'tanh', 'sigmoid', 'swish', 'elu', 'swish', 'swish', 'swish']",060608f6f9060880f89858,700,Adam,MaxAbsoluteDeviation,0.9662042856216431,1.0532257556915283,6.8087210999801755
"[8, 8, 8, 23, 8, 8, 8, 16, 23, 23, 13]","['sigmoid', 'sigmoid', 'swish', 'sigmoid', 'tanh', 'sigmoid', 'swish', 'elu', 'swish', 'swish', 'swish']",060608f609060880f8f858,700,Adam,MaxAbsoluteDeviation,0.959311842918396,1.0783576965332031,6.879464700003155
"[8, 8, 8, 23, 8, 8, 8, 16, 23, 8, 13]","['sigmoid', 'sigmoid', 'swish', 'sigmoid', 'tanh', 'sigmoid', 'swish', 'elu', 'swish', 'swish', 'swish']",060608f609060880f80858,700,Adam,MaxAbsoluteDeviation,0.9758543372154236,1.057259202003479,6.8582673000055365
"[8, 8, 8, 23, 8, 8, 8, 16, 23, 8, 13, 22]","['sigmoid', 'sigmoid', 'swish', 'sigmoid', 'tanh', 'sigmoid', 'swish', 'elu', 'swish', 'swish', 'swish', 'elu']",060608f609060880f80858e0,700,Adam,MaxAbsoluteDeviation,0.9401280283927917,1.1274328231811523,7.196582000004128
"[8, 8, 8, 23, 8, 8, 8, 16, 23, 8, 13, 22]","['sigmoid', 'sigmoid', 'swish', 'sigmoid', 'tanh', 'sigmoid', 'swish', 'elu', 'swish', 'swish', 'swish', 'elu']",060608f609060880f80858e0,700,Adam,MaxAbsoluteDeviation,0.9810983538627625,1.0986809730529785,7.178245100018103
"[8, 8, 8, 23, 8, 8, 8, 16, 23, 8, 13, 22, 9]","['sigmoid', 'sigmoid', 'swish', 'sigmoid', 'tanh', 'sigmoid', 'swish', 'elu', 'swish', 'swish', 'swish', 'elu', 'elu']",060608f609060880f80858e010,700,Adam,MaxAbsoluteDeviation,1.1137117147445679,1.0964908599853516,7.755835200019646
"[8, 8, 8, 23, 8, 8, 8, 16, 23, 8, 13, 22, 9]","['sigmoid', 'sigmoid', 'swish', 'sigmoid', 'tanh', 'sigmoid', 'swish', 'elu', 'swish', 'swish', 'swish', 'elu', 'elu']",060608f609060880f80858e010,700,Adam,MaxAbsoluteDeviation,0.9651588201522827,1.0532622337341309,7.732779700018
"[8, 8, 8, 23, 8, 8, 8, 16, 23, 8, 13, 22, 9, 12]","['sigmoid', 'sigmoid', 'swish', 'sigmoid', 'tanh', 'sigmoid', 'swish', 'elu', 'swish', 'swish', 'swish', 'elu', 'elu', 'sigmoid']",060608f609060880f80858e01046,100,Adam,MaxAbsoluteDeviation,0.9564353823661804,1.0755584239959717,2.1900726000312716
"[8, 8, 8, 23, 8, 8, 8, 16, 23, 8, 13, 22, 9, 12]","['sigmoid', 'sigmoid', 'swish', 'sigmoid', 'tanh', 'sigmoid', 'swish', 'elu', 'swish', 'swish', 'swish', 'elu', 'elu', 'sigmoid']",060608f609060880f80858e01046,100,Adam,MaxAbsoluteDeviation,0.953900933265686,1.0198546648025513,2.1910753999836743
"[23, 8, 8, 23, 8, 8, 23, 16, 23, 8, 13, 22, 9, 12]","['sigmoid', 'sigmoid', 'swish', 'sigmoid', 'tanh', 'sigmoid', 'swish', 'elu', 'swish', 'swish', 'swish', 'elu', 'elu', 'sigmoid']",f60608f60906f880f80858e01046,100,Adam,MaxAbsoluteDeviation,0.9676094651222229,1.0434521436691284,2.184254699968733
"[23, 8, 8, 23, 8, 8, 23, 16, 23, 8, 13, 22, 9, 12, 21]","['sigmoid', 'sigmoid', 'swish', 'sigmoid', 'tanh', 'sigmoid', 'swish', 'elu', 'swish', 'swish', 'swish', 'elu', 'elu', 'sigmoid', 'tanh']",f60608f60906f880f80858e01046d9,100,Adam,MaxAbsoluteDeviation,1.0499900579452515,1.0458909273147583,2.2874978000181727
"[23, 8, 8, 23, 8, 8, 23, 16, 23, 8, 13, 22, 9, 12, 21]","['sigmoid', 'sigmoid', 'swish', 'tanh', 'tanh', 'sigmoid', 'swish', 'elu', 'swish', 'swish', 'swish', 'elu', 'elu', 'sigmoid', 'tanh']",f60608f90906f880f80858e01046d9,100,Adam,MaxAbsoluteDeviation,1.0103399753570557,1.116430640220642,2.2905494999722578
"[23, 8, 8, 23, 8, 8, 23, 16, 23, 8, 13, 22, 9, 12, 21]","['sigmoid', 'sigmoid', 'swish', 'tanh', 'tanh', 'sigmoid', 'swish', 'elu', 'swish', 'swish', 'swish', 'elu', 'elu', 'sigmoid', 'tanh']",f60608f90906f880f80858e01046d9,100,Adam,MaxAbsoluteDeviation,1.008715033531189,1.0227442979812622,2.307614999997895
"[23, 8, 8, 23, 8, 8, 23, 23, 23, 8, 13, 22, 9, 12, 21]","['sigmoid', 'sigmoid', 'swish', 'tanh', 'tanh', 'sigmoid', 'swish', 'elu', 'swish', 'swish', 'swish', 'elu', 'elu', 'sigmoid', 'tanh']",f60608f90906f8f0f80858e01046d9,100,Adam,MaxAbsoluteDeviation,0.9779852032661438,1.0275375843048096,2.308921799995005
"[23, 8, 8, 23, 8, 8, 23, 23, 23, 8, 13, 22, 9, 12, 21]","['sigmoid', 'sigmoid', 'swish', 'tanh', 'tanh', 'sigmoid', 'swish', 'elu', 'swish', 'swish', 'swish', 'elu', 'elu', 'sigmoid', 'tanh']",f60608f90906f8f0f80858e01046d9,700,Adam,MaxAbsoluteDeviation,0.9798252582550049,1.104465365409851,8.41240969998762
"[23, 8, 8, 23, 8, 8, 23, 23, 23, 8, 13, 22, 9, 12]","['sigmoid', 'sigmoid', 'swish', 'tanh', 'tanh', 'sigmoid', 'swish', 'elu', 'swish', 'swish', 'swish', 'elu', 'elu', 'sigmoid']",f60608f90906f8f0f80858e01046,236,Adam,MaxAbsoluteDeviation,1.0068211555480957,1.1055400371551514,3.478447200031951
"[23, 8, 8, 23, 8, 8, 8, 23, 23, 8, 13, 22, 9, 12]","['sigmoid', 'sigmoid', 'swish', 'tanh', 'tanh', 'sigmoid', 'swish', 'elu', 'swish', 'swish', 'swish', 'elu', 'elu', 'sigmoid']",f60608f9090608f0f80858e01046,236,Adam,MaxAbsoluteDeviation,0.9638463854789734,1.0607651472091675,3.3934481000178494
"[23, 8, 8, 23, 8, 8, 8, 23, 23, 8, 13, 22, 9, 12]","['sigmoid', 'sigmoid', 'swish', 'tanh', 'tanh', 'sigmoid', 'swish', 'elu', 'swish', 'swish', 'swish', 'elu', 'elu', 'sigmoid']",f60608f9090608f0f80858e01046,180,Adam,MaxAbsoluteDeviation,0.9666867256164551,1.0247292518615723,2.942616399959661
"[23, 8, 8, 23, 8, 8, 8, 23, 23, 8, 13, 22, 9]","['sigmoid', 'sigmoid', 'swish', 'tanh', 'tanh', 'sigmoid', 'swish', 'elu', 'swish', 'swish', 'swish', 'elu', 'elu']",f60608f9090608f0f80858e01046,180,Adam,MaxAbsoluteDeviation,0.9666867256164551,1.1824595928192139,2.792236699955538
"[23, 8, 8, 23, 8, 8, 8, 23, 23, 8, 13, 22, 9]","['sigmoid', 'sigmoid', 'swish', 'tanh', 'tanh', 'sigmoid', 'swish', 'elu', 'swish', 'swish', 'swish', 'elu', 'elu']",f60608f9090608f0f80858e010,180,Adam,MaxAbsoluteDeviation,1.007555603981018,1.0001349449157715,2.7776349000050686
"[23, 8, 8, 23, 8, 8, 8, 23, 23, 8, 13, 22, 9]","['sigmoid', 'sigmoid', 'swish', 'tanh', 'tanh', 'sigmoid', 'swish', 'elu', 'swish', 'swish', 'swish', 'elu', 'elu']",f60608f9090608f0f80858e010,100,Adam,MaxAbsoluteDeviation,0.9411574006080627,1.1803492307662964,2.048822899989318
"[23, 8, 8, 23, 8, 8, 8, 23, 23, 8, 13, 22, 9]","['sigmoid', 'sigmoid', 'swish', 'tanh', 'tanh', 'sigmoid', 'swish', 'elu', 'swish', 'swish', 'swish', 'elu', 'elu']",f60608f9090608f0f80858e010,100,Adam,MaxAbsoluteDeviation,0.9411574006080627,1.0287175178527832,2.0481522000045516
"[23, 8, 8, 23, 8, 8, 8, 23, 23, 8, 23, 22, 9]","['sigmoid', 'sigmoid', 'swish', 'tanh', 'tanh', 'sigmoid', 'swish', 'elu', 'swish', 'swish', 'swish', 'elu', 'elu']",f60608f9090608f0f808f8e010,100,Adam,MaxAbsoluteDeviation,1.0589594841003418,1.1301991939544678,2.064807999995537
"[23, 8, 8, 23, 8, 8, 8, 23, 23, 8, 23, 22, 9]","['sigmoid', 'sigmoid', 'swish', 'tanh', 'tanh', 'sigmoid', 'swish', 'elu', 'swish', 'swish', 'swish', 'elu', 'elu']",f60608f9090608f0f808f8e010,100,Adam,MaxAbsoluteDeviation,1.0013095140457153,1.1193361282348633,2.027922299981583
"[23, 8, 8, 23, 8, 8, 8, 23, 23, 8, 23, 22, 9]","['sigmoid', 'sigmoid', 'swish', 'tanh', 'tanh', 'sigmoid', 'swish', 'elu', 'swish', 'swish', 'swish', 'elu', 'elu']",f60608f9090608f0f808f8e010,700,Adam,MaxAbsoluteDeviation,0.9706234931945801,1.0320653915405273,7.659370300010778
"[23, 8, 8, 23, 8, 8, 8, 23, 23, 8, 23, 22, 9, 13]","['sigmoid', 'sigmoid', 'swish', 'tanh', 'tanh', 'sigmoid', 'swish', 'elu', 'swish', 'swish', 'swish', 'elu', 'elu', 'elu']",f60608f9090608f0f808f8e01050,700,Adam,MaxAbsoluteDeviation,0.9966460466384888,1.0069102048873901,8.026937399990857
"[23, 8, 8, 23, 8, 8, 8, 23, 8, 8, 23, 22, 9, 13]","['sigmoid', 'sigmoid', 'swish', 'tanh', 'tanh', 'sigmoid', 'swish', 'elu', 'swish', 'swish', 'swish', 'elu', 'elu', 'elu']",f60608f9090608f00808f8e01050,700,Adam,MaxAbsoluteDeviation,1.0869660377502441,1.1123692989349365,8.09150670003146
"[23, 8, 8, 23, 8, 8, 8, 23, 8, 8, 23, 22, 9, 8]","['sigmoid', 'sigmoid', 'swish', 'tanh', 'tanh', 'sigmoid', 'swish', 'elu', 'swish', 'swish', 'swish', 'elu', 'elu', 'elu']",f60608f9090608f00808f8e01000,700,Adam,MaxAbsoluteDeviation,0.9654778242111206,1.0849906206130981,7.9616480999975465
"[23, 8, 8, 23, 8, 8, 8, 23, 8, 8, 23, 22, 9, 8]","['sigmoid', 'sigmoid', 'swish', 'tanh', 'tanh', 'sigmoid', 'swish', 'elu', 'swish', 'swish', 'swish', 'elu', 'elu', 'elu']",f60608f9090608f00808f8e01000,493,Adam,MaxAbsoluteDeviation,0.9689337015151978,1.1048877239227295,5.936946799978614
"[23, 8, 8, 23, 8, 8, 8, 23, 8, 8, 23, 22, 9, 8]","['sigmoid', 'sigmoid', 'swish', 'tanh', 'sigmoid', 'sigmoid', 'swish', 'elu', 'swish', 'swish', 'swish', 'elu', 'elu', 'elu']",f60608f9060608f00808f8e01000,493,Adam,MaxAbsoluteDeviation,0.9735824465751648,1.1292701959609985,5.908488199987914
"[23, 8, 8, 23, 8, 8, 8, 23, 8, 8, 23, 22, 9, 8]","['sigmoid', 'sigmoid', 'swish', 'tanh', 'sigmoid', 'sigmoid', 'swish', 'elu', 'swish', 'swish', 'swish', 'elu', 'elu', 'elu']",f60608f9060608f00808f8e01000,288,Adam,MaxAbsoluteDeviation,0.9683125019073486,1.0324249267578125,3.91621729999315
"[23, 8, 8, 23, 8, 8, 8, 23, 8, 8, 23]","['sigmoid', 'sigmoid', 'swish', 'tanh', 'sigmoid', 'sigmoid', 'swish', 'elu', 'swish', 'tanh', 'swish']",f60608f9060608f00809f8,288,Adam,MaxAbsoluteDeviation,0.9426771402359009,1.0410592555999756,3.267259099986404
"[23, 8, 8, 23, 8, 8, 8, 23, 8, 8, 23, 15, 21]","['sigmoid', 'sigmoid', 'swish', 'tanh', 'sigmoid', 'sigmoid', 'swish', 'elu', 'swish', 'tanh', 'swish', 'sigmoid', 'swish']",f60608f9060608f00809f876d8,288,Adam,MaxAbsoluteDeviation,0.9678208231925964,1.0541718006134033,3.6779586999909952
"[23, 8, 23, 23, 8, 8, 8, 23, 8, 8, 23, 15, 21]","['sigmoid', 'sigmoid', 'swish', 'tanh', 'sigmoid', 'sigmoid', 'swish', 'elu', 'swish', 'tanh', 'swish', 'sigmoid', 'swish']",f606f8f9060608f00809f876d8,288,Adam,MaxAbsoluteDeviation,0.9906556606292725,1.0015220642089844,3.719821900012903
"[23, 8, 23, 8, 8, 8, 8, 23, 8, 8, 23, 15, 21]","['sigmoid', 'sigmoid', 'swish', 'tanh', 'sigmoid', 'tanh', 'swish', 'elu', 'swish', 'tanh', 'swish', 'sigmoid', 'swish']",f606f809060908f00809f876d8,288,Adam,MaxAbsoluteDeviation,0.9554314613342285,1.1465864181518555,3.7393111000419594
"[23, 8, 23, 8, 8, 8, 8, 23, 8, 8, 23, 15, 21]","['sigmoid', 'sigmoid', 'swish', 'tanh', 'sigmoid', 'tanh', 'swish', 'elu', 'swish', 'tanh', 'swish', 'sigmoid', 'swish']",f606f809060908f00809f876d8,700,Adam,MaxAbsoluteDeviation,0.9968171715736389,1.0966956615447998,7.58956389996456
"[23, 8, 8, 8, 8, 8, 8, 23, 8, 8, 23, 15, 21]","['sigmoid', 'sigmoid', 'swish', 'tanh', 'sigmoid', 'tanh', 'swish', 'elu', 'swish', 'tanh', 'swish', 'sigmoid', 'swish']",f6060809060908f00809f876d8,700,Adam,MaxAbsoluteDeviation,0.9877987504005432,1.0907061100006104,7.507213699980639
"[23, 8, 8, 8, 8, 8, 8, 23, 8, 8, 23, 15, 21]","['sigmoid', 'sigmoid', 'swish', 'tanh', 'sigmoid', 'tanh', 'swish', 'elu', 'elu', 'tanh', 'swish', 'sigmoid', 'swish']",f6060809060908f00009f876d8,700,Adam,MaxAbsoluteDeviation,0.9951485991477966,1.011433720588684,7.6530474000028335
"[23, 8, 8, 8, 8, 8, 8, 23, 8, 8, 23, 15, 21]","['sigmoid', 'sigmoid', 'swish', 'tanh', 'sigmoid', 'tanh', 'swish', 'elu', 'elu', 'tanh', 'swish', 'sigmoid', 'swish']",f6060809060908f00009f876d8,396,Adam,MaxAbsoluteDeviation,0.9735363721847534,1.0184518098831177,4.565828500024509
"[23, 8, 8, 8, 8, 8, 8, 23, 8, 8, 23, 15, 21]","['sigmoid', 'sigmoid', 'swish', 'tanh', 'sigmoid', 'tanh', 'swish', 'elu', 'elu', 'tanh', 'swish', 'sigmoid', 'swish']",f6060809060908f00009f876d8,396,Adam,MaxAbsoluteDeviation,0.9581434726715088,1.036600947380066,4.728426700050477
"[23, 8, 8, 8, 8, 8, 8, 23, 8, 8, 23, 15, 21]","['elu', 'sigmoid', 'swish', 'tanh', 'sigmoid', 'tanh', 'swish', 'elu', 'elu', 'tanh', 'swish', 'sigmoid', 'swish']",f0060809060908f00009f876d8,396,Adam,MaxAbsoluteDeviation,1.0105491876602173,1.0171021223068237,4.717089600046165
"[23, 8, 8, 8, 8, 8, 8, 23, 8, 8, 23, 15]","['elu', 'sigmoid', 'swish', 'tanh', 'sigmoid', 'tanh', 'swish', 'elu', 'elu', 'tanh', 'swish', 'sigmoid']",f0060809060908f00009f876,396,Adam,MaxAbsoluteDeviation,0.9892927408218384,1.0761339664459229,4.442975600017235
"[23, 8, 8, 8, 8, 8, 8, 23, 8, 8, 23]","['elu', 'sigmoid', 'swish', 'tanh', 'sigmoid', 'tanh', 'swish', 'elu', 'elu', 'tanh', 'swish']",f0060809060908f00009f8,396,Adam,MaxAbsoluteDeviation,0.9639668464660645,1.1076712608337402,4.08694910001941
"[23, 8, 8, 8, 8, 8, 8, 23, 8, 8, 23]","['elu', 'sigmoid', 'swish', 'tanh', 'sigmoid', 'tanh', 'swish', 'elu', 'elu', 'tanh', 'swish']",f0060809060908f00009f8,396,Adam,MaxAbsoluteDeviation,1.1223355531692505,1.233137607574463,4.068587900022976
"[23, 8, 8, 8, 8, 8, 8, 23, 8, 8, 23, 15]","['elu', 'sigmoid', 'swish', 'tanh', 'sigmoid', 'tanh', 'swish', 'elu', 'elu', 'tanh', 'swish', 'swish']",f0060809060908f00009f878,396,Adam,MaxAbsoluteDeviation,0.9694828987121582,1.1230309009552002,4.439076599956024
"[23, 8, 8, 8, 8, 8, 23, 23, 8, 8, 23, 15]","['elu', 'sigmoid', 'swish', 'tanh', 'sigmoid', 'tanh', 'swish', 'elu', 'elu', 'tanh', 'swish', 'swish']",f00608090609f8f00009f878,396,Adam,MaxAbsoluteDeviation,1.0066893100738525,1.0924794673919678,4.455618800013326
"[23, 8, 8, 8, 8, 8, 23, 23, 8, 8, 23, 15]","['elu', 'sigmoid', 'swish', 'tanh', 'sigmoid', 'tanh', 'swish', 'elu', 'elu', 'tanh', 'swish', 'swish']",f00608090609f8f00009f878,396,Adam,MaxAbsoluteDeviation,1.055884838104248,1.2719923257827759,4.471635899972171
"[23, 8, 8, 8, 8, 8, 23, 23, 8, 8, 23, 15]","['elu', 'sigmoid', 'swish', 'tanh', 'sigmoid', 'tanh', 'swish', 'elu', 'elu', 'tanh', 'swish', 'swish']",f00608090609f8f00009f878,700,Adam,MaxAbsoluteDeviation,0.9619287252426147,1.0440534353256226,7.167612100020051
"[23, 8, 8, 8, 8, 8, 23, 23, 8, 8, 23, 15]","['elu', 'sigmoid', 'swish', 'tanh', 'sigmoid', 'tanh', 'swish', 'elu', 'elu', 'tanh', 'swish', 'swish']",f00608090609f8f00009f878,700,Adam,MaxAbsoluteDeviation,0.9638115167617798,1.06321382522583,6.9676954000024125
"[23, 8, 8, 8, 8, 8, 23, 23, 8, 8, 23, 15]","['elu', 'sigmoid', 'swish', 'tanh', 'sigmoid', 'tanh', 'swish', 'elu', 'elu', 'tanh', 'swish', 'swish']",f00608090609f8f00009f878,700,Adam,MaxAbsoluteDeviation,0.9576882719993591,1.068766713142395,7.118415500037372
"[23, 8, 8, 8, 8, 8, 23, 23, 8, 8, 23, 15]","['elu', 'tanh', 'swish', 'tanh', 'sigmoid', 'tanh', 'swish', 'elu', 'elu', 'tanh', 'swish', 'swish']",f00908090609f8f00009f878,700,Adam,MaxAbsoluteDeviation,0.9513809084892273,1.0597960948944092,15.049982199969236
"[23, 8, 8, 8, 8, 8, 23, 23, 8, 8, 23, 15, 16]","['elu', 'tanh', 'swish', 'tanh', 'sigmoid', 'tanh', 'swish', 'elu', 'elu', 'tanh', 'swish', 'swish', 'elu']",f00908090609f8f00009f87880,700,Adam,MaxAbsoluteDeviation,1.0078712701797485,1.0696425437927246,7.946313000051305
"[23, 8, 8, 8, 8, 8, 23, 23, 8, 8, 23, 15, 16, 16]","['elu', 'tanh', 'swish', 'tanh', 'sigmoid', 'tanh', 'swish', 'elu', 'elu', 'tanh', 'swish', 'swish', 'elu', 'sigmoid']",f00908090609f8f00009f8788086,700,Adam,MaxAbsoluteDeviation,0.9447944760322571,1.0613259077072144,8.37835419998737
"[23, 8, 8, 8, 8, 8, 23, 23, 8, 8, 23, 15, 16, 16]","['elu', 'tanh', 'swish', 'tanh', 'sigmoid', 'tanh', 'elu', 'elu', 'elu', 'tanh', 'swish', 'swish', 'elu', 'sigmoid']",f00908090609f0f00009f8788086,700,Adam,MaxAbsoluteDeviation,0.9804130792617798,1.0609272718429565,8.41742820001673
"[23, 8, 8, 8, 8, 8, 23, 23, 8, 8, 23, 15, 16]","['elu', 'tanh', 'swish', 'tanh', 'sigmoid', 'tanh', 'elu', 'elu', 'elu', 'tanh', 'swish', 'swish', 'elu']",f00908090609f0f00009f87880,700,Adam,MaxAbsoluteDeviation,0.9673734903335571,1.0317047834396362,7.9828173000132665
"[23, 8, 8, 8, 8, 8, 23, 23, 8, 8, 23, 15, 23]","['elu', 'tanh', 'swish', 'tanh', 'sigmoid', 'tanh', 'elu', 'elu', 'elu', 'tanh', 'swish', 'swish', 'elu']",f00908090609f0f00009f878f0,700,Adam,MaxAbsoluteDeviation,0.9545341730117798,1.11534583568573,8.070107700012159
"[23, 8, 8, 8, 8, 8, 23, 23, 8, 8, 23, 23, 23, 9]","['elu', 'tanh', 'swish', 'tanh', 'sigmoid', 'tanh', 'elu', 'elu', 'elu', 'tanh', 'swish', 'swish', 'elu', 'elu']",f00908090609f0f00009f8f8f010,700,Adam,MaxAbsoluteDeviation,0.9658511281013489,1.1139087677001953,8.529529499995988
"[23, 8, 8, 8, 8, 8, 23, 23, 8, 8, 23, 23, 23, 9]","['elu', 'tanh', 'swish', 'tanh', 'sigmoid', 'tanh', 'elu', 'elu', 'elu', 'tanh', 'swish', 'swish', 'elu', 'elu']",f00908090609f0f00009f8f8f010,700,Adam,MaxAbsoluteDeviation,0.988054096698761,1.079727053642273,8.553500399983022
"[23, 8, 8, 8, 8, 8, 23, 23, 8, 8, 23, 23, 23, 9, 19]","['elu', 'tanh', 'swish', 'tanh', 'sigmoid', 'tanh', 'elu', 'elu', 'elu', 'tanh', 'swish', 'swish', 'elu', 'elu', 'sigmoid']",f00908090609f0f00009f8f8f010b6,700,Adam,MaxAbsoluteDeviation,1.0049861669540405,1.008739948272705,8.941952100023627
"[23, 8, 8, 8, 8, 8, 23, 23, 8, 8, 23, 23, 8, 9, 19]","['elu', 'tanh', 'swish', 'tanh', 'sigmoid', 'tanh', 'elu', 'elu', 'elu', 'tanh', 'swish', 'swish', 'elu', 'elu', 'sigmoid']",f00908090609f0f00009f8f80010b6,700,Adam,MaxAbsoluteDeviation,0.9652613997459412,1.0766174793243408,8.85793450003257
"[23, 8, 8, 8, 8, 8, 23, 23, 8, 8, 23, 23, 8, 9]","['elu', 'tanh', 'swish', 'tanh', 'sigmoid', 'tanh', 'elu', 'elu', 'elu', 'tanh', 'swish', 'swish', 'elu', 'elu']",f00908090609f0f00009f8f80010,700,Adam,MaxAbsoluteDeviation,1.0103880167007446,1.1177438497543335,8.459512599976733
"[23, 8, 8, 8, 8, 8, 23, 23, 8, 8, 23, 8, 8, 9]","['elu', 'tanh', 'swish', 'tanh', 'sigmoid', 'tanh', 'elu', 'elu', 'elu', 'tanh', 'swish', 'swish', 'elu', 'elu']",f00908090609f0f00009f8080010,700,Adam,MaxAbsoluteDeviation,1.021887183189392,1.1162880659103394,8.486567600048147
"[23, 8, 8, 8, 8, 8, 23, 23, 8, 8, 23, 8, 8, 9]","['elu', 'tanh', 'swish', 'tanh', 'sigmoid', 'tanh', 'elu', 'elu', 'elu', 'tanh', 'swish', 'swish', 'elu', 'elu']",f00908090609f0f00009f8080010,700,Adam,MaxAbsoluteDeviation,0.9800805449485779,1.1118388175964355,8.680338899954222
"[23, 8, 8, 8, 8, 8, 23, 23, 8, 8, 23, 8, 8, 9]","['elu', 'tanh', 'swish', 'tanh', 'sigmoid', 'tanh', 'elu', 'elu', 'elu', 'tanh', 'swish', 'swish', 'elu', 'elu']",f00908090609f0f00009f8080010,700,Adam,MaxAbsoluteDeviation,0.9713336229324341,1.0163567066192627,8.437320299970452
"[23, 8, 8, 8, 8, 8, 23, 23, 8, 8, 23, 8, 8]","['elu', 'tanh', 'swish', 'tanh', 'sigmoid', 'tanh', 'elu', 'elu', 'elu', 'tanh', 'swish', 'swish', 'elu']",f00908090609f0f00009f80800,296,Adam,MaxAbsoluteDeviation,0.9756744503974915,1.011806607246399,3.952331799955573
"[23, 8, 8, 8, 8, 8, 23, 23, 8, 8, 23, 23, 8]","['elu', 'tanh', 'swish', 'tanh', 'sigmoid', 'tanh', 'elu', 'elu', 'elu', 'tanh', 'swish', 'swish', 'elu']",f00908090609f0f00009f8f800,296,Adam,MaxAbsoluteDeviation,0.9745791554450989,1.0436965227127075,4.064822099986486
"[8, 8, 8, 8, 8, 8, 23, 23, 8, 8, 23]","['elu', 'tanh', 'swish', 'tanh', 'sigmoid', 'tanh', 'elu', 'elu', 'elu', 'tanh', 'swish']",000908090609f0f00009f8,700,Adam,MaxAbsoluteDeviation,0.9627552032470703,1.1086831092834473,6.937184199981857
"[8, 8, 8, 8, 8, 8, 23, 23, 8, 8, 23]","['elu', 'tanh', 'swish', 'tanh', 'sigmoid', 'tanh', 'elu', 'elu', 'elu', 'tanh', 'swish']",000908090609f0f00009f8,700,Adam,MaxAbsoluteDeviation,0.9651564955711365,1.0708868503570557,6.978919000015594
"[8, 8, 8, 8, 8, 8, 23, 23, 8, 8, 23, 13]","['elu', 'tanh', 'swish', 'tanh', 'sigmoid', 'tanh', 'elu', 'elu', 'elu', 'tanh', 'swish', 'elu']",000908090609f0f00009f850,700,Adam,MaxAbsoluteDeviation,0.9703856110572815,1.0171395540237427,7.349148000008427
"[8, 8, 8, 8, 8, 8, 23, 23, 8, 8, 23, 13]","['elu', 'elu', 'swish', 'tanh', 'sigmoid', 'tanh', 'elu', 'elu', 'elu', 'tanh', 'swish', 'elu']",000008090609f0f00009f850,700,Adam,MaxAbsoluteDeviation,0.9620003700256348,1.0852288007736206,7.763425000011921
"[8, 8, 8, 8, 8, 8, 23, 23, 8, 8, 23, 13]","['elu', 'elu', 'swish', 'swish', 'sigmoid', 'tanh', 'elu', 'elu', 'elu', 'tanh', 'swish', 'elu']",000008080609f0f00009f850,700,Adam,MaxAbsoluteDeviation,0.9628821015357971,1.092271089553833,7.471279600053094
"[8, 8, 8, 8, 8, 8, 23, 23, 8, 8, 23, 13]","['elu', 'elu', 'swish', 'swish', 'sigmoid', 'tanh', 'elu', 'elu', 'elu', 'tanh', 'swish', 'elu']",000008080609f0f00009f850,700,Adam,MaxAbsoluteDeviation,0.9957280158996582,1.0045387744903564,7.489806800032966
"[8, 8, 8, 8, 8, 8, 23, 23, 8, 8, 23, 13, 23]","['elu', 'elu', 'swish', 'swish', 'sigmoid', 'tanh', 'elu', 'elu', 'elu', 'tanh', 'swish', 'elu', 'swish']",000008080609f0f00009f850f8,700,Adam,MaxAbsoluteDeviation,0.9641338586807251,1.0502583980560303,8.00597330002347
"[8, 8, 8, 8, 8, 8, 8, 23, 8, 8, 23, 13, 23]","['elu', 'elu', 'swish', 'swish', 'sigmoid', 'tanh', 'elu', 'elu', 'elu', 'tanh', 'swish', 'elu', 'swish']",00000808060900f00009f850f8,700,Adam,MaxAbsoluteDeviation,0.9717080593109131,1.114821434020996,7.8853985000168905
"[8, 8, 8, 8, 8, 8, 8, 23, 8, 8, 23, 13]","['elu', 'elu', 'swish', 'swish', 'sigmoid', 'tanh', 'elu', 'elu', 'elu', 'tanh', 'swish', 'elu']",00000808060900f00009f850,700,Adam,MaxAbsoluteDeviation,0.9513475894927979,1.0669585466384888,7.353219699987676
"[8, 8, 8, 8, 8, 8, 8, 23, 8, 8, 23, 13]","['elu', 'elu', 'swish', 'swish', 'sigmoid', 'tanh', 'elu', 'elu', 'elu', 'tanh', 'swish', 'elu']",00000808060900f00009f850,700,Adam,MaxAbsoluteDeviation,0.9651238918304443,1.0537314414978027,7.495718799997121
"[8, 8, 8, 8, 8, 8, 8, 23, 8, 8, 23, 13, 14]","['elu', 'elu', 'swish', 'swish', 'sigmoid', 'tanh', 'elu', 'elu', 'elu', 'tanh', 'swish', 'elu', 'sigmoid']",00000808060900f00009f85066,700,Adam,MaxAbsoluteDeviation,0.968645453453064,1.0555493831634521,7.792461599980015
"[8, 8, 8, 8, 8, 8, 8, 23, 8, 8, 23, 13, 14]","['elu', 'elu', 'swish', 'swish', 'sigmoid', 'tanh', 'elu', 'elu', 'elu', 'tanh', 'swish', 'elu', 'sigmoid']",00000808060900f00009f85066,700,Adam,MaxAbsoluteDeviation,0.9751707315444946,1.064502477645874,7.719301499950234
"[8, 8, 8, 8, 8, 8, 8, 23, 8, 8, 23, 13, 14]","['elu', 'elu', 'swish', 'swish', 'sigmoid', 'tanh', 'elu', 'elu', 'elu', 'tanh', 'swish', 'elu', 'sigmoid']",00000808060900f00009f85066,700,Adam,MaxAbsoluteDeviation,0.9621832966804504,1.0484837293624878,7.917490900028497
"[8, 8, 8, 8, 8, 8, 8, 23, 8, 8, 23, 13]","['elu', 'elu', 'swish', 'swish', 'sigmoid', 'tanh', 'elu', 'elu', 'elu', 'tanh', 'swish', 'elu']",00000808060900f00009f85066,700,Adam,MaxAbsoluteDeviation,0.9621832966804504,1.1269385814666748,7.431514099997003
"[8, 8, 8, 8, 8, 8, 8, 23, 8, 8, 23, 13, 14]","['elu', 'elu', 'swish', 'swish', 'sigmoid', 'tanh', 'elu', 'elu', 'elu', 'tanh', 'swish', 'elu', 'elu']",00000808060900f00009f85060,222,Adam,MaxAbsoluteDeviation,0.987389087677002,1.0541962385177612,3.129850500030443
"[8, 8, 8, 8, 8, 8, 8, 23, 8, 8, 23, 13, 14]","['elu', 'elu', 'swish', 'swish', 'sigmoid', 'tanh', 'elu', 'elu', 'elu', 'tanh', 'swish', 'elu', 'elu']",00000808060900f00009f85060,700,Adam,MaxAbsoluteDeviation,0.9884010553359985,1.0143681764602661,7.855085699993651
"[8, 8, 8, 8, 8, 8, 8, 23, 8, 8, 23, 13, 14]","['elu', 'elu', 'swish', 'swish', 'sigmoid', 'tanh', 'elu', 'elu', 'elu', 'tanh', 'swish', 'elu', 'elu']",00000808060900f00009f85060,700,Adam,MaxAbsoluteDeviation,1.000706672668457,1.0978586673736572,7.757793599972501
"[8, 8, 8, 8, 8, 8, 8, 23, 8, 8, 23, 13, 14, 16]","['elu', 'elu', 'swish', 'swish', 'sigmoid', 'tanh', 'elu', 'elu', 'elu', 'tanh', 'swish', 'elu', 'elu', 'swish']",00000808060900f00009f8506088,700,Adam,MaxAbsoluteDeviation,1.0651389360427856,1.082719326019287,8.122872700041626
"[8, 8, 8, 8, 8, 8, 8, 23, 8, 8, 23, 13, 14]","['elu', 'elu', 'swish', 'swish', 'sigmoid', 'tanh', 'elu', 'elu', 'elu', 'tanh', 'swish', 'elu', 'elu']",00000808060900f00009f85060,700,Adam,MaxAbsoluteDeviation,0.9836404323577881,0.999451756477356,7.528631299966946
"[8, 8, 8, 8, 8, 8, 8, 23, 8, 8, 23, 13]","['elu', 'elu', 'swish', 'swish', 'sigmoid', 'tanh', 'elu', 'elu', 'elu', 'tanh', 'swish', 'elu']",00000808060900f00009f850,700,Adam,MaxAbsoluteDeviation,0.9666815400123596,1.0435638427734375,7.434091500006616
"[8, 8, 8, 8, 8, 8, 8, 23, 8, 8, 23]","['elu', 'elu', 'swish', 'swish', 'sigmoid', 'tanh', 'elu', 'elu', 'elu', 'tanh', 'swish']",00000808060900f00009f8,700,Adam,MaxAbsoluteDeviation,1.010297417640686,1.0561598539352417,6.907216800027527
"[8, 8, 8, 8, 23, 8, 8, 23, 8, 8, 23]","['elu', 'elu', 'swish', 'swish', 'sigmoid', 'tanh', 'elu', 'elu', 'elu', 'tanh', 'swish']",00000808f60900f00009f8,149,Adam,MaxAbsoluteDeviation,1.0019080638885498,1.1581337451934814,2.2113774999743327
"[8, 8, 8, 8, 23, 8, 8, 23, 8, 8, 23]","['elu', 'elu', 'swish', 'swish', 'sigmoid', 'tanh', 'elu', 'elu', 'elu', 'tanh', 'swish']",00000808f60900f00009f8,100,Adam,MaxAbsoluteDeviation,0.9455157518386841,1.320370078086853,1.8123783000046387
"[8, 8, 8, 8, 23, 23, 8, 23, 8, 8, 23]","['elu', 'elu', 'swish', 'swish', 'sigmoid', 'tanh', 'elu', 'elu', 'elu', 'tanh', 'swish']",00000808f6f900f00009f8,700,Adam,MaxAbsoluteDeviation,0.9579825401306152,1.1035329103469849,6.902789300016593
"[8, 8, 8, 8, 23, 23, 8, 23, 8, 8, 23]","['elu', 'elu', 'swish', 'swish', 'sigmoid', 'tanh', 'elu', 'elu', 'elu', 'tanh', 'swish']",00000808f6f900f00009f8,700,Adam,MaxAbsoluteDeviation,1.0081241130828857,1.1058233976364136,6.859209000016563
"[8, 8, 8, 8, 23, 23, 8, 23, 8, 8, 23]","['elu', 'elu', 'swish', 'swish', 'sigmoid', 'tanh', 'elu', 'elu', 'elu', 'tanh', 'swish']",00000808f6f900f00009f8,100,Adam,MaxAbsoluteDeviation,1.0100995302200317,1.2047432661056519,1.8289593000081368
"[8, 8, 8, 8, 23, 23, 8, 23, 23, 8, 23]","['elu', 'elu', 'swish', 'swish', 'sigmoid', 'tanh', 'elu', 'elu', 'elu', 'tanh', 'swish']",00000808f6f900f0f009f8,100,Adam,MaxAbsoluteDeviation,0.9914308190345764,1.0305556058883667,1.8087092000059783
"[8, 8, 8, 8, 23, 23, 8, 23, 23, 8, 23, 11]","['elu', 'elu', 'swish', 'swish', 'sigmoid', 'tanh', 'elu', 'elu', 'elu', 'tanh', 'swish', 'sigmoid']",00000808f6f900f0f009f836,100,Adam,MaxAbsoluteDeviation,0.9778319001197815,1.0287507772445679,1.9555916999815963
"[8, 8, 8, 8, 23, 23, 8, 23, 23, 8, 23]","['elu', 'elu', 'swish', 'swish', 'sigmoid', 'tanh', 'elu', 'elu', 'elu', 'tanh', 'swish']",00000808f6f900f0f009f8,100,Adam,MaxAbsoluteDeviation,1.0450124740600586,1.0984609127044678,1.8113019000156783
"[8, 8, 8, 8, 23, 23, 8, 23, 23, 8, 23]","['elu', 'elu', 'swish', 'swish', 'sigmoid', 'tanh', 'elu', 'elu', 'elu', 'tanh', 'swish']",00000808f6f900f0f009f8,100,Adam,MaxAbsoluteDeviation,1.0080556869506836,1.1736547946929932,1.8041538000106812
"[8, 8, 8, 8, 23, 8, 8, 23, 23, 8, 23]","['elu', 'elu', 'swish', 'swish', 'sigmoid', 'tanh', 'elu', 'elu', 'elu', 'tanh', 'swish']",00000808f60900f0f009f8,100,Adam,MaxAbsoluteDeviation,1.0059603452682495,1.017958164215088,1.8045959000010043
"[8, 8, 8, 8, 23, 8, 8, 23, 23, 8, 23, 22]","['elu', 'elu', 'swish', 'swish', 'sigmoid', 'tanh', 'elu', 'elu', 'elu', 'tanh', 'swish', 'swish']",00000808f60900f0f009f8e8,100,Adam,MaxAbsoluteDeviation,1.1633925437927246,1.420192003250122,1.9517235000384971
"[8, 8, 8, 8, 23, 8, 8, 23, 23, 8, 23]","['elu', 'elu', 'swish', 'swish', 'sigmoid', 'tanh', 'elu', 'elu', 'elu', 'tanh', 'swish']",00000808f60900f0f009f8,100,Adam,MaxAbsoluteDeviation,1.0169390439987183,1.0189285278320312,1.7960529000265524
"[8, 8, 8, 8, 23, 8, 8, 23, 23, 8, 23]","['elu', 'elu', 'swish', 'swish', 'sigmoid', 'tanh', 'elu', 'elu', 'elu', 'tanh', 'swish']",00000808f60900f0f009f8,100,Adam,MaxAbsoluteDeviation,0.9838275909423828,1.2641264200210571,1.8006553999730386
"[8, 8, 8, 8, 23, 8, 8, 23, 23, 8, 23]","['elu', 'elu', 'swish', 'swish', 'sigmoid', 'tanh', 'elu', 'elu', 'elu', 'tanh', 'swish']",00000808f60900f0f009f8,100,Adam,MaxAbsoluteDeviation,1.0878030061721802,1.1589133739471436,1.792347700044047
"[8, 8, 8, 8, 23, 8, 8, 23, 23, 8, 23]","['elu', 'elu', 'swish', 'swish', 'sigmoid', 'tanh', 'elu', 'elu', 'elu', 'tanh', 'swish']",00000808f60900f0f009f8,100,Adam,MaxAbsoluteDeviation,1.0842537879943848,1.2212281227111816,1.7993282999959774
"[8, 8, 8, 8, 23, 8, 8, 23, 23, 8, 23]","['elu', 'elu', 'swish', 'swish', 'sigmoid', 'tanh', 'elu', 'elu', 'elu', 'tanh', 'swish']",00000808f60900f0f009f8,100,Adam,MaxAbsoluteDeviation,1.2125877141952515,1.1688473224639893,1.791592399997171
"[8, 8, 8, 8, 23, 8, 8, 23, 23, 8, 23]","['elu', 'elu', 'swish', 'swish', 'sigmoid', 'tanh', 'elu', 'elu', 'elu', 'tanh', 'swish']",00000808f60900f0f009f8,100,Adam,MaxAbsoluteDeviation,0.9970192909240723,1.079026460647583,1.7969976000022143
"[8, 8, 8, 8, 23, 8, 8, 23, 23, 8, 23]","['elu', 'elu', 'swish', 'swish', 'sigmoid', 'tanh', 'elu', 'elu', 'elu', 'tanh', 'swish']",00000808f60900f0f009f8,100,Adam,MaxAbsoluteDeviation,0.9931910037994385,1.078869104385376,1.7916882000281475
"[8, 8, 8, 8, 23, 8, 8, 23, 23, 8, 23]","['elu', 'elu', 'swish', 'swish', 'sigmoid', 'tanh', 'elu', 'elu', 'elu', 'tanh', 'swish']",00000808f60900f0f009f8,100,Adam,MaxAbsoluteDeviation,0.9909032583236694,1.0718533992767334,1.7861424000002444
"[8, 8, 8, 8, 23, 8, 8, 23, 8, 8, 23]","['elu', 'elu', 'swish', 'swish', 'sigmoid', 'tanh', 'elu', 'elu', 'elu', 'tanh', 'swish']",00000808f60900f00009f8,100,Adam,MaxAbsoluteDeviation,0.996296763420105,1.009073257446289,1.7871147000114433
"[8, 8, 8, 8, 23, 8, 8, 23, 8, 8, 23]","['elu', 'elu', 'swish', 'tanh', 'sigmoid', 'tanh', 'elu', 'elu', 'elu', 'tanh', 'swish']",00000809f60900f00009f8,100,Adam,MaxAbsoluteDeviation,0.9654773473739624,1.1049463748931885,1.7572511000325903
"[8, 8, 8, 8, 23, 8, 8, 23, 8, 8, 23, 13]","['elu', 'elu', 'swish', 'tanh', 'sigmoid', 'tanh', 'elu', 'elu', 'elu', 'tanh', 'swish', 'tanh']",00000809f60900f00009f859,100,Adam,MaxAbsoluteDeviation,0.9708104133605957,1.0339477062225342,1.8699444999801926
"[8, 8, 8, 8, 23, 8, 8, 23, 8, 8, 23, 8]","['elu', 'elu', 'swish', 'tanh', 'sigmoid', 'tanh', 'elu', 'elu', 'elu', 'tanh', 'swish', 'elu']",00000809f60900f00009f800,100,Adam,MaxAbsoluteDeviation,0.9617379903793335,1.0906981229782104,1.8970726000261493
"[8, 8, 8, 23, 23, 8, 8, 23, 8, 8, 23, 8]","['elu', 'elu', 'swish', 'tanh', 'sigmoid', 'tanh', 'elu', 'elu', 'elu', 'tanh', 'swish', 'elu']",000008f9f60900f00009f800,100,Adam,MaxAbsoluteDeviation,1.1517746448516846,1.268442153930664,1.9041715000057593
"[8, 8, 8, 23, 23, 8, 8, 23, 8, 8, 23, 8]","['elu', 'elu', 'swish', 'tanh', 'sigmoid', 'tanh', 'elu', 'elu', 'elu', 'tanh', 'swish', 'elu']",000008f9f60900f00009f800,100,Adam,MaxAbsoluteDeviation,1.1619553565979004,1.3835910558700562,1.9020434000412934
"[8, 8, 8, 23, 23, 8, 8, 23, 8, 8, 23, 8]","['elu', 'elu', 'swish', 'tanh', 'sigmoid', 'tanh', 'elu', 'elu', 'elu', 'tanh', 'swish', 'elu']",000008f9f60900f00009f800,100,Adam,MaxAbsoluteDeviation,0.9873214960098267,1.0415456295013428,1.907833099947311
"[8, 8, 8, 23, 23, 8, 8, 23, 8, 8, 23, 8]","['elu', 'elu', 'swish', 'tanh', 'sigmoid', 'tanh', 'elu', 'elu', 'elu', 'tanh', 'swish', 'elu']",000008f9f60900f00009f800,700,Adam,MaxAbsoluteDeviation,1.0014734268188477,1.0947279930114746,7.331858400022611
"[8, 8, 8, 23, 23, 8, 8, 23, 8, 8, 23, 8]","['elu', 'elu', 'swish', 'tanh', 'sigmoid', 'tanh', 'elu', 'elu', 'elu', 'tanh', 'swish', 'elu']",000008f9f60900f00009f800,432,Adam,MaxAbsoluteDeviation,0.9894334673881531,1.0662789344787598,4.826017300016247
"[8, 8, 8, 23, 23, 8, 8, 23, 8, 8, 23, 8]","['elu', 'elu', 'swish', 'tanh', 'sigmoid', 'tanh', 'elu', 'elu', 'elu', 'tanh', 'swish', 'elu']",000008f9f60900f00009f800,123,Adam,MaxAbsoluteDeviation,1.2265350818634033,1.3177213668823242,2.086429800023325
"[8, 8, 8, 23, 23, 8, 8, 23, 8, 8, 23, 8]","['elu', 'elu', 'swish', 'tanh', 'sigmoid', 'tanh', 'elu', 'elu', 'elu', 'tanh', 'swish', 'elu']",000008f9f60900f00009f800,700,Adam,MaxAbsoluteDeviation,0.959785521030426,1.0629427433013916,7.226540999952704
"[8, 8, 8, 23, 23, 8, 8, 23, 8, 8, 23, 8]","['elu', 'elu', 'swish', 'tanh', 'swish', 'tanh', 'elu', 'elu', 'elu', 'tanh', 'swish', 'elu']",000008f9f80900f00009f800,700,Adam,MaxAbsoluteDeviation,0.9906551837921143,1.0159978866577148,7.293762099987362
"[8, 8, 8, 23, 23, 8, 23, 23, 8, 8, 23, 8, 23]","['elu', 'elu', 'swish', 'tanh', 'swish', 'tanh', 'elu', 'elu', 'elu', 'tanh', 'swish', 'elu', 'tanh']",000008f9f809f0f00009f800f9,700,Adam,MaxAbsoluteDeviation,1.0213967561721802,1.003698468208313,7.701747499988414
"[8, 8, 8, 23, 23, 8, 23, 23, 8, 8, 23, 8, 23, 21]","['elu', 'elu', 'swish', 'tanh', 'swish', 'tanh', 'elu', 'elu', 'elu', 'tanh', 'swish', 'elu', 'tanh', 'swish']",000008f9f809f0f00009f800f9d8,700,Adam,MaxAbsoluteDeviation,1.027745008468628,1.1090143918991089,7.941612499998882
"[8, 8, 8, 23, 23, 8, 23, 23, 8, 8, 23, 8, 23, 21]","['elu', 'elu', 'swish', 'tanh', 'swish', 'tanh', 'elu', 'elu', 'elu', 'tanh', 'swish', 'elu', 'tanh', 'swish']",000008f9f809f0f00009f800f9d8,645,Adam,MaxAbsoluteDeviation,1.0746586322784424,1.086132526397705,7.489207400009036
"[8, 8, 8, 23, 23, 8, 23, 23, 8, 8, 23, 8, 8, 21]","['elu', 'elu', 'swish', 'tanh', 'swish', 'tanh', 'elu', 'elu', 'elu', 'tanh', 'swish', 'elu', 'tanh', 'swish']",000008f9f809f0f00009f80009d8,645,Adam,MaxAbsoluteDeviation,0.9679742455482483,1.0666812658309937,7.470282000023872
"[8, 8, 8, 23, 23, 8, 23, 23, 8, 8, 23, 8, 8, 21]","['elu', 'elu', 'swish', 'tanh', 'swish', 'tanh', 'elu', 'elu', 'elu', 'tanh', 'swish', 'elu', 'tanh', 'swish']",000008f9f809f0f00009f80009d8,645,Adam,MaxAbsoluteDeviation,1.039745807647705,1.0988787412643433,7.417398299963679
"[8, 8, 8, 23, 23, 8, 23, 23, 8, 8, 23, 8, 8, 21]","['elu', 'elu', 'swish', 'tanh', 'swish', 'tanh', 'elu', 'elu', 'elu', 'tanh', 'swish', 'elu', 'tanh', 'swish']",000008f9f809f0f00009f80009d8,700,Adam,MaxAbsoluteDeviation,1.0473109483718872,1.1619651317596436,8.076935900026001
"[8, 8, 8, 23, 23, 8, 23, 23, 8, 8, 23, 8, 8, 21, 14]","['elu', 'elu', 'swish', 'tanh', 'swish', 'tanh', 'elu', 'elu', 'elu', 'tanh', 'swish', 'elu', 'tanh', 'swish', 'elu']",000008f9f809f0f00009f80009d860,700,Adam,MaxAbsoluteDeviation,0.9841331243515015,1.013613224029541,8.474852600018494
"[8, 8, 8, 23, 23, 8, 23, 23, 8, 8, 23, 8, 8, 21, 14]","['elu', 'elu', 'swish', 'tanh', 'swish', 'tanh', 'elu', 'elu', 'elu', 'tanh', 'swish', 'elu', 'tanh', 'swish', 'elu']",000008f9f809f0f00009f80009d860,700,Adam,MaxAbsoluteDeviation,0.9928149580955505,1.0480910539627075,8.407192199956626
"[8, 8, 8, 23, 23, 8, 23, 23, 8, 8, 23, 8, 8, 21]","['elu', 'elu', 'swish', 'tanh', 'swish', 'tanh', 'elu', 'elu', 'elu', 'tanh', 'swish', 'elu', 'tanh', 'swish']",000008f9f809f0f00009f80009d8,700,Adam,MaxAbsoluteDeviation,1.1286277770996094,1.0862551927566528,7.9804313000058755
"[8, 8, 8, 23, 23, 8, 23, 23, 8, 8, 23, 8, 8]","['elu', 'elu', 'swish', 'tanh', 'swish', 'tanh', 'elu', 'elu', 'elu', 'tanh', 'swish', 'elu', 'tanh']",000008f9f809f0f00009f80009,700,Adam,MaxAbsoluteDeviation,0.9732576012611389,1.0789421796798706,7.636719800007995
"[8, 8, 8, 23, 23, 8, 23, 23, 8, 8, 23, 8, 8]","['elu', 'elu', 'swish', 'tanh', 'swish', 'tanh', 'elu', 'elu', 'elu', 'tanh', 'swish', 'elu', 'tanh']",000008f9f809f0f00009f80009,214,Adam,MaxAbsoluteDeviation,0.9720614552497864,1.0580589771270752,3.0341351000242867
"[8, 8, 8, 23, 23, 8, 23, 23, 8, 8, 23, 8, 8, 13]","['elu', 'elu', 'swish', 'tanh', 'swish', 'tanh', 'elu', 'elu', 'elu', 'tanh', 'swish', 'elu', 'tanh', 'swish']",000008f9f809f0f00009f8000958,214,Adam,MaxAbsoluteDeviation,0.9625293016433716,1.0622620582580566,3.213305599987507
"[8, 8, 8, 23, 23, 8, 23, 23, 8, 8, 23, 8, 8, 13]","['elu', 'elu', 'swish', 'tanh', 'swish', 'sigmoid', 'elu', 'elu', 'elu', 'tanh', 'swish', 'elu', 'tanh', 'swish']",000008f9f806f0f00009f8000958,100,Adam,MaxAbsoluteDeviation,0.9937206506729126,1.0207444429397583,2.1290061000036076
"[8, 8, 8, 23, 23, 8, 23, 23, 8, 8, 23, 8, 8, 13]","['elu', 'elu', 'swish', 'tanh', 'swish', 'sigmoid', 'elu', 'elu', 'elu', 'tanh', 'swish', 'elu', 'tanh', 'swish']",000008f9f806f0f00009f8000958,100,Adam,MaxAbsoluteDeviation,1.0408210754394531,1.015537977218628,2.115519899991341
"[8, 8, 8, 23, 23, 8, 23, 23, 8, 8, 23, 8, 8, 13, 13]","['elu', 'elu', 'swish', 'tanh', 'swish', 'sigmoid', 'elu', 'elu', 'elu', 'tanh', 'swish', 'elu', 'tanh', 'swish', 'elu']",000008f9f806f0f00009f800095850,100,Adam,MaxAbsoluteDeviation,0.9798005819320679,1.021807074546814,2.258973199990578
"[8, 8, 8, 23, 23, 8, 23, 23, 8, 8, 23, 8, 8, 13, 13]","['elu', 'elu', 'swish', 'tanh', 'swish', 'sigmoid', 'elu', 'elu', 'elu', 'tanh', 'swish', 'elu', 'tanh', 'swish', 'elu']",000008f9f806f0f00009f800095850,700,Adam,MaxAbsoluteDeviation,0.9892770648002625,1.1084927320480347,8.326346300018486
"[8, 8, 8, 23, 23, 8, 23, 23, 8, 8, 23, 8, 8, 13, 13]","['elu', 'elu', 'swish', 'tanh', 'swish', 'sigmoid', 'elu', 'elu', 'elu', 'tanh', 'swish', 'elu', 'tanh', 'swish', 'elu']",000008f9f806f0f00009f800095850,440,Adam,MaxAbsoluteDeviation,0.9590389728546143,1.0222340822219849,5.670624100021087
"[8, 8, 8, 23, 23, 8, 23, 23, 8, 8, 23, 8, 8, 13]","['elu', 'elu', 'swish', 'tanh', 'swish', 'sigmoid', 'elu', 'elu', 'elu', 'tanh', 'swish', 'elu', 'tanh', 'swish']",000008f9f806f0f00009f8000958,440,Adam,MaxAbsoluteDeviation,1.0021636486053467,1.0405571460723877,5.414611899992451
"[8, 8, 8, 23, 23, 8, 23, 23, 8, 8, 23, 8, 8, 13]","['elu', 'elu', 'swish', 'tanh', 'swish', 'sigmoid', 'elu', 'elu', 'elu', 'tanh', 'swish', 'elu', 'tanh', 'swish']",000008f9f806f0f00009f8000958,440,Adam,MaxAbsoluteDeviation,1.055545687675476,1.0337109565734863,5.280717300018296
"[8, 8, 8, 23, 23, 8, 23, 23, 8, 8, 23, 8, 8, 13]","['elu', 'elu', 'swish', 'tanh', 'swish', 'sigmoid', 'elu', 'elu', 'elu', 'tanh', 'swish', 'elu', 'tanh', 'swish']",000008f9f806f0f00009f8000958,100,Adam,MaxAbsoluteDeviation,1.0061856508255005,1.0247182846069336,2.085008799971547
"[8, 8, 8, 23, 23, 8, 23, 23, 8, 8, 23, 8, 8, 13]","['elu', 'elu', 'swish', 'tanh', 'swish', 'sigmoid', 'elu', 'elu', 'elu', 'tanh', 'swish', 'elu', 'tanh', 'swish']",000008f9f806f0f00009f8000958,100,Adam,MaxAbsoluteDeviation,1.0184693336486816,1.0033297538757324,9.6477348000044
"[8, 8, 8, 23, 23, 8, 23, 23, 8, 8, 23, 8, 8]","['elu', 'elu', 'swish', 'tanh', 'swish', 'sigmoid', 'elu', 'elu', 'elu', 'tanh', 'swish', 'elu', 'tanh']",000008f9f806f0f00009f80009,100,Adam,MaxAbsoluteDeviation,0.9749698042869568,1.0706262588500977,2.0762487999745645
"[8, 8, 8, 23, 23, 8, 23, 23, 8, 8, 23, 8, 8]","['elu', 'elu', 'swish', 'tanh', 'swish', 'sigmoid', 'elu', 'elu', 'elu', 'tanh', 'swish', 'elu', 'tanh']",000008f9f806f0f00009f80009,700,Adam,MaxAbsoluteDeviation,0.9633963108062744,1.0238431692123413,8.027614700025879
"[8, 8, 8, 23, 23, 8, 23, 23, 8, 8, 23, 8, 8, 11]","['elu', 'elu', 'swish', 'tanh', 'swish', 'sigmoid', 'elu', 'elu', 'elu', 'tanh', 'swish', 'elu', 'tanh', 'swish']",000008f9f806f0f00009f8000938,700,Adam,MaxAbsoluteDeviation,0.9545355439186096,1.082013487815857,8.444354699982796
"[8, 8, 8, 23, 23, 8, 23, 23, 8, 8, 23, 8, 8, 11]","['elu', 'elu', 'swish', 'tanh', 'swish', 'sigmoid', 'elu', 'elu', 'elu', 'tanh', 'swish', 'elu', 'tanh', 'swish']",000008f9f806f0f00009f8000938,700,Adam,MaxAbsoluteDeviation,0.9545355439186096,1.1596850156784058,2.9643321000039577
"[8, 8, 8, 23, 23, 8, 23, 23, 23, 8, 23, 8, 8, 11]","['elu', 'elu', 'swish', 'tanh', 'swish', 'sigmoid', 'elu', 'elu', 'elu', 'tanh', 'swish', 'elu', 'tanh', 'swish']",000008f9f806f0f0f009f8000938,700,Adam,MaxAbsoluteDeviation,0.9532272219657898,1.085131287574768,8.505159499996807
"[8, 8, 8, 23, 23, 8, 23, 23, 23, 8, 23, 8, 8, 11, 19]","['elu', 'elu', 'swish', 'tanh', 'swish', 'sigmoid', 'elu', 'elu', 'elu', 'tanh', 'swish', 'elu', 'tanh', 'swish', 'tanh']",000008f9f806f0f0f009f8000938b9,700,Adam,MaxAbsoluteDeviation,0.9568948149681091,1.0388458967208862,8.889406199974474
"[8, 8, 8, 23, 23, 8, 23, 23, 23, 8, 23, 8, 8, 11, 19]","['elu', 'elu', 'swish', 'tanh', 'swish', 'sigmoid', 'elu', 'elu', 'elu', 'tanh', 'swish', 'elu', 'tanh', 'swish', 'tanh']",000008f9f806f0f0f009f8000938b9,272,Adam,MaxAbsoluteDeviation,0.9908268451690674,1.0897411108016968,4.143120099965017
"[8, 8, 8, 23, 23, 8, 23, 23, 23, 8, 23, 8, 8, 11, 19, 20]","['elu', 'elu', 'swish', 'tanh', 'swish', 'sigmoid', 'elu', 'elu', 'elu', 'tanh', 'swish', 'elu', 'tanh', 'swish', 'tanh', 'swish']",000008f9f806f0f0f009f8000938b9c8,700,Adam,MaxAbsoluteDeviation,0.9869233965873718,1.0626009702682495,9.315357599989511
"[8, 8, 8, 23, 23, 8, 23, 23, 23, 8, 23, 8, 8, 11, 8, 20, 14]","['elu', 'elu', 'swish', 'tanh', 'swish', 'sigmoid', 'elu', 'elu', 'elu', 'tanh', 'swish', 'elu', 'tanh', 'swish', 'tanh', 'swish', 'sigmoid']",000008f9f806f0f0f009f800093809c866,700,Adam,MaxAbsoluteDeviation,0.9689283967018127,1.0275413990020752,9.6975245999638
"[8, 8, 8, 23, 23, 8, 23, 23, 23, 8, 23, 8, 8, 11, 8, 20]","['elu', 'elu', 'swish', 'tanh', 'swish', 'sigmoid', 'elu', 'elu', 'elu', 'tanh', 'swish', 'elu', 'tanh', 'swish', 'tanh', 'swish']",000008f9f806f0f0f009f800093809c8,700,Adam,MaxAbsoluteDeviation,0.9862478375434875,1.0464293956756592,9.323676099942531
"[8, 8, 8, 23, 23, 8, 23, 23, 23, 8, 23, 8, 8, 11, 8, 20]","['elu', 'elu', 'swish', 'tanh', 'swish', 'sigmoid', 'elu', 'elu', 'elu', 'tanh', 'swish', 'elu', 'tanh', 'swish', 'tanh', 'swish']",000008f9f806f0f0f009f800093809c8,700,Adam,MaxAbsoluteDeviation,0.9584495425224304,1.0262413024902344,9.26333099999465
"[8, 8, 8, 23, 23, 8, 8, 23, 23, 8, 23, 8, 8, 11, 8, 20]","['elu', 'elu', 'swish', 'tanh', 'swish', 'sigmoid', 'elu', 'elu', 'elu', 'tanh', 'swish', 'elu', 'tanh', 'swish', 'tanh', 'swish']",000008f9f80600f0f009f800093809c8,700,Adam,MaxAbsoluteDeviation,0.979626476764679,1.092594861984253,9.262115099991206
"[8, 8, 8, 23, 23, 8, 8, 23, 23, 8, 23, 8, 8, 11, 8, 20]","['elu', 'elu', 'swish', 'tanh', 'swish', 'sigmoid', 'elu', 'elu', 'elu', 'tanh', 'swish', 'elu', 'tanh', 'swish', 'tanh', 'swish']",000008f9f80600f0f009f800093809c8,700,Adam,MaxAbsoluteDeviation,0.959770679473877,1.0670852661132812,9.47354739997536
"[23, 8, 8, 23, 23, 8, 8, 23, 23, 8, 23, 8, 8, 11, 8, 20]","['elu', 'elu', 'swish', 'tanh', 'swish', 'sigmoid', 'elu', 'elu', 'elu', 'tanh', 'swish', 'elu', 'tanh', 'swish', 'tanh', 'swish']",f00008f9f80600f0f009f800093809c8,700,Adam,MaxAbsoluteDeviation,0.974283754825592,1.0417921543121338,9.236242300015874
"[23, 8, 8, 23, 23, 8, 8, 23, 23, 8, 23, 8, 8, 11, 8, 20]","['elu', 'elu', 'swish', 'tanh', 'swish', 'sigmoid', 'elu', 'elu', 'elu', 'tanh', 'swish', 'elu', 'tanh', 'swish', 'tanh', 'swish']",f00008f9f80600f0f009f800093809c8,700,Adam,MaxAbsoluteDeviation,0.9828028678894043,1.0337213277816772,9.191107399994507
"[23, 8, 8, 23, 23, 8, 8, 23, 23, 8, 23, 8, 8, 11, 8, 20]","['elu', 'elu', 'swish', 'tanh', 'swish', 'sigmoid', 'elu', 'elu', 'elu', 'tanh', 'swish', 'elu', 'tanh', 'swish', 'tanh', 'swish']",f00008f9f80600f0f009f800093809c8,284,Adam,MaxAbsoluteDeviation,0.9395838975906372,1.004943609237671,4.393472200026736
"[23, 8, 8, 23, 23, 8, 8, 23, 23, 8, 23, 8, 8, 11, 8, 20, 22]","['elu', 'elu', 'swish', 'tanh', 'swish', 'sigmoid', 'elu', 'elu', 'elu', 'tanh', 'swish', 'elu', 'tanh', 'swish', 'tanh', 'swish', 'elu']",f00008f9f80600f0f009f800093809c8e0,284,Adam,MaxAbsoluteDeviation,0.9852900505065918,1.115197777748108,4.5653082999633625
"[23, 8, 8, 23, 23, 8, 8, 23, 23, 8, 23, 8, 8, 11, 8, 20, 22]","['elu', 'elu', 'swish', 'tanh', 'swish', 'sigmoid', 'elu', 'elu', 'elu', 'tanh', 'swish', 'elu', 'tanh', 'swish', 'tanh', 'swish', 'elu']",f00008f9f80600f0f009f800093809c8e0,168,Adam,MaxAbsoluteDeviation,1.018049955368042,1.024055004119873,3.2817405999521725
"[23, 8, 8, 23, 23, 8, 8, 23, 23, 8, 23, 8, 8, 11, 8, 20, 22]","['elu', 'elu', 'swish', 'tanh', 'swish', 'sigmoid', 'elu', 'elu', 'elu', 'tanh', 'swish', 'elu', 'tanh', 'swish', 'tanh', 'swish', 'elu']",f00008f9f80600f0f009f800093809c8e0,168,Adam,MaxAbsoluteDeviation,1.1255184412002563,1.0791486501693726,3.318609200010542
"[23, 8, 8, 23, 23, 8, 8, 23, 23, 8, 23, 8, 8, 11, 8, 20, 22, 14]","['elu', 'elu', 'swish', 'tanh', 'swish', 'sigmoid', 'elu', 'elu', 'elu', 'tanh', 'swish', 'elu', 'tanh', 'swish', 'tanh', 'swish', 'elu', 'tanh']",f00008f9f80600f0f009f800093809c8e069,168,Adam,MaxAbsoluteDeviation,0.9842702746391296,1.0688285827636719,3.4866674999939278
"[23, 8, 8, 23, 23, 8, 8, 23, 23, 8, 23, 8, 8, 11, 8, 20, 22, 14]","['elu', 'elu', 'swish', 'tanh', 'swish', 'sigmoid', 'elu', 'elu', 'elu', 'tanh', 'swish', 'elu', 'tanh', 'swish', 'tanh', 'swish', 'elu', 'tanh']",f00008f9f80600f0f009f800093809c8e069,700,Adam,MaxAbsoluteDeviation,0.9676083326339722,1.0441352128982544,10.035214399977122
"[23, 8, 8, 23, 23, 8, 8, 23, 23, 8, 23, 8, 8, 11, 8, 20]","['elu', 'elu', 'swish', 'tanh', 'swish', 'sigmoid', 'elu', 'elu', 'tanh', 'tanh', 'swish', 'elu', 'tanh', 'swish', 'tanh', 'swish']",f00008f9f80600f0f909f800093809c8,700,Adam,MaxAbsoluteDeviation,0.9602163434028625,1.0357940196990967,9.172242700005881
"[23, 8, 8, 23, 23, 8, 8, 23, 23, 8, 23, 8, 8, 11, 8, 20, 15]","['elu', 'elu', 'swish', 'tanh', 'swish', 'sigmoid', 'elu', 'elu', 'tanh', 'tanh', 'swish', 'elu', 'tanh', 'swish', 'tanh', 'swish', 'sigmoid']",f00008f9f80600f0f909f800093809c876,700,Adam,MaxAbsoluteDeviation,0.9663183689117432,1.04661226272583,9.483419199998025
"[23, 8, 8, 23, 23, 8, 8, 23, 23, 8, 23, 8, 8, 11, 8, 20, 15]","['elu', 'elu', 'swish', 'tanh', 'swish', 'sigmoid', 'elu', 'elu', 'tanh', 'tanh', 'swish', 'elu', 'tanh', 'swish', 'tanh', 'swish', 'sigmoid']",f00008f9f80600f0f909f800093809c876,700,Adam,MaxAbsoluteDeviation,0.9728331565856934,1.0898962020874023,9.598606699961238
"[23, 8, 8, 23, 23, 8, 8, 23, 23, 8, 23, 8, 8, 11, 8, 20, 15, 22]","['elu', 'elu', 'swish', 'tanh', 'swish', 'sigmoid', 'elu', 'elu', 'tanh', 'tanh', 'swish', 'elu', 'tanh', 'swish', 'tanh', 'swish', 'sigmoid', 'sigmoid']",f00008f9f80600f0f909f800093809c876e6,700,Adam,MaxAbsoluteDeviation,0.9645494818687439,1.0798683166503906,9.854404199984856
"[23, 8, 8, 23, 23, 8, 8, 23, 23, 8, 23, 8, 8, 11, 8, 20, 15, 22, 23]","['elu', 'elu', 'swish', 'tanh', 'swish', 'sigmoid', 'elu', 'elu', 'tanh', 'tanh', 'swish', 'elu', 'tanh', 'swish', 'tanh', 'swish', 'sigmoid', 'sigmoid', 'elu']",f00008f9f80600f0f909f800093809c876e6f0,700,Adam,MaxAbsoluteDeviation,0.9541743993759155,1.021001935005188,10.296093599987216
"[23, 8, 8, 23, 23, 8, 8, 23, 23, 8, 23, 8, 8, 11, 8, 20, 15, 22, 23, 14]","['elu', 'elu', 'swish', 'tanh', 'swish', 'sigmoid', 'elu', 'elu', 'tanh', 'elu', 'swish', 'elu', 'tanh', 'swish', 'tanh', 'swish', 'sigmoid', 'sigmoid', 'elu', 'elu']",f00008f9f80600f0f900f800093809c876e6f060,700,Adam,MaxAbsoluteDeviation,1.0070791244506836,1.0736280679702759,10.703329800046049
"[23, 8, 8, 23, 23, 8, 8, 23, 23, 8, 23, 8, 8, 11, 8, 20, 23, 22, 23]","['elu', 'elu', 'swish', 'tanh', 'swish', 'sigmoid', 'elu', 'elu', 'tanh', 'elu', 'swish', 'elu', 'tanh', 'swish', 'tanh', 'swish', 'sigmoid', 'sigmoid', 'elu']",f00008f9f80600f0f900f800093809c8f6e6f0,700,Adam,MaxAbsoluteDeviation,0.9907649755477905,1.0285617113113403,10.42517780000344
"[23, 8, 8, 23, 23, 8, 8, 23, 23, 8, 23, 8, 8, 11, 8, 20, 23, 22, 23, 19]","['elu', 'elu', 'swish', 'tanh', 'swish', 'sigmoid', 'elu', 'elu', 'tanh', 'elu', 'swish', 'elu', 'tanh', 'swish', 'tanh', 'swish', 'sigmoid', 'sigmoid', 'elu', 'tanh']",f00008f9f80600f0f900f800093809c8f6e6f0b9,700,Adam,MaxAbsoluteDeviation,0.989096999168396,1.1512517929077148,10.617035800009035
"[23, 8, 8, 23, 23, 8, 8, 23, 23, 8, 23, 8, 8, 11, 8, 20, 23, 22, 23, 19]","['elu', 'elu', 'swish', 'tanh', 'swish', 'sigmoid', 'elu', 'elu', 'tanh', 'elu', 'swish', 'elu', 'tanh', 'swish', 'tanh', 'swish', 'sigmoid', 'sigmoid', 'elu', 'tanh']",f00008f9f80600f0f900f800093809c8f6e6f0b9,190,Adam,MaxAbsoluteDeviation,1.010852336883545,1.0015106201171875,4.031382399960421
"[23, 8, 8, 23, 23, 8, 8, 23, 23, 8, 23, 8, 8, 11, 8, 20, 23, 22, 23, 19]","['elu', 'elu', 'swish', 'tanh', 'swish', 'sigmoid', 'elu', 'elu', 'tanh', 'elu', 'swish', 'tanh', 'tanh', 'swish', 'tanh', 'swish', 'sigmoid', 'sigmoid', 'elu', 'tanh']",f00008f9f80600f0f900f809093809c8f6e6f0b9,700,Adam,MaxAbsoluteDeviation,0.9735227227210999,1.0711028575897217,10.6082660999964
"[23, 8, 8, 23, 23, 8, 8, 23, 23, 8, 23, 8, 8, 11, 8, 20, 23, 22, 23, 19]","['elu', 'elu', 'swish', 'tanh', 'swish', 'sigmoid', 'elu', 'elu', 'tanh', 'elu', 'swish', 'tanh', 'tanh', 'swish', 'tanh', 'swish', 'sigmoid', 'sigmoid', 'elu', 'tanh']",f00008f9f80600f0f900f809093809c8f6e6f0b9,550,Adam,MaxAbsoluteDeviation,0.9524928331375122,1.1845883131027222,8.503115399973467
"[23, 8, 8, 23, 23, 8, 8, 23, 23, 8, 23, 8, 8, 11, 8, 20, 23, 22, 23, 19]","['elu', 'elu', 'swish', 'tanh', 'swish', 'sigmoid', 'elu', 'elu', 'tanh', 'elu', 'swish', 'tanh', 'tanh', 'swish', 'tanh', 'swish', 'sigmoid', 'sigmoid', 'elu', 'tanh']",f00008f9f80600f0f900f809093809c8f6e6f0b9,531,Adam,MaxAbsoluteDeviation,1.0086472034454346,1.0431911945343018,8.419890100019984
"[23, 8, 8, 23, 23, 8, 8, 23, 23, 8, 23, 8, 8, 11, 8, 20, 23, 22, 23, 19]","['elu', 'elu', 'swish', 'tanh', 'swish', 'sigmoid', 'elu', 'elu', 'tanh', 'elu', 'swish', 'tanh', 'tanh', 'swish', 'tanh', 'swish', 'sigmoid', 'sigmoid', 'elu', 'tanh']",f00008f9f80600f0f900f809093809c8f6e6f0b9,336,Adam,MaxAbsoluteDeviation,1.0841387510299683,1.2395994663238525,5.854118099960033
"[23, 8, 8, 23, 23, 8, 8, 23, 23, 8, 23, 8, 8, 11, 8, 20, 23, 22, 23, 19]","['elu', 'elu', 'swish', 'tanh', 'sigmoid', 'sigmoid', 'elu', 'elu', 'tanh', 'elu', 'swish', 'tanh', 'tanh', 'swish', 'tanh', 'swish', 'sigmoid', 'sigmoid', 'elu', 'tanh']",f00008f9f60600f0f900f809093809c8f6e6f0b9,175,Adam,MaxAbsoluteDeviation,0.9817280769348145,1.0031614303588867,3.8179897000081837
"[23, 8, 8, 23, 23, 8, 8, 23, 23, 8, 23, 8, 8, 23, 8, 20, 23, 22, 23]","['elu', 'elu', 'swish', 'tanh', 'sigmoid', 'sigmoid', 'elu', 'elu', 'tanh', 'elu', 'swish', 'tanh', 'tanh', 'swish', 'tanh', 'swish', 'sigmoid', 'sigmoid', 'elu']",f00008f9f60600f0f900f80909f809c8f6e6f0,175,Adam,MaxAbsoluteDeviation,1.0567870140075684,1.0607221126556396,3.6674960000091232
"[23, 8, 8, 23, 23, 8, 8, 23, 23, 8, 23, 8, 8, 23, 8, 20, 23, 22]","['elu', 'elu', 'swish', 'tanh', 'sigmoid', 'sigmoid', 'elu', 'elu', 'tanh', 'elu', 'swish', 'tanh', 'tanh', 'swish', 'tanh', 'swish', 'sigmoid', 'sigmoid']",f00008f9f60600f0f900f80909f809c8f6e6,122,Adam,MaxAbsoluteDeviation,1.019331693649292,1.0296930074691772,2.8847735000308603
"[23, 8, 8, 23, 23, 8, 8, 23, 23, 8, 23, 8, 8, 23, 8, 20, 23, 22]","['elu', 'elu', 'swish', 'tanh', 'sigmoid', 'sigmoid', 'elu', 'elu', 'tanh', 'elu', 'swish', 'tanh', 'tanh', 'swish', 'tanh', 'swish', 'sigmoid', 'sigmoid']",f00008f9f60600f0f900f80909f809c8f6e6,100,Adam,MaxAbsoluteDeviation,0.9517361521720886,1.0681500434875488,2.6191692000138573
"[23, 8, 8, 23, 23, 8, 8, 23, 23, 8, 23, 8, 8, 23, 8, 20, 23, 22]","['elu', 'elu', 'swish', 'tanh', 'sigmoid', 'sigmoid', 'elu', 'elu', 'tanh', 'elu', 'swish', 'tanh', 'tanh', 'swish', 'tanh', 'swish', 'sigmoid', 'sigmoid']",f00008f9f60600f0f900f80909f809c8f6e6,100,Adam,MaxAbsoluteDeviation,0.9853374361991882,1.0372202396392822,2.627480699971784
"[23, 8, 8, 23, 23, 8, 8, 23, 23, 8, 23, 8, 8, 23, 8, 20, 23, 22, 16]","['elu', 'elu', 'swish', 'tanh', 'sigmoid', 'sigmoid', 'elu', 'elu', 'tanh', 'elu', 'swish', 'tanh', 'tanh', 'swish', 'tanh', 'swish', 'sigmoid', 'sigmoid', 'elu']",f00008f9f60600f0f900f80909f809c8f6e680,100,Adam,MaxAbsoluteDeviation,0.9576243758201599,1.3162062168121338,2.75999910000246
"[23, 8, 8, 23, 23, 8, 8, 23, 23, 8, 23, 8, 8, 23, 8, 20, 23, 22, 16]","['elu', 'elu', 'swish', 'tanh', 'sigmoid', 'sigmoid', 'elu', 'elu', 'tanh', 'elu', 'swish', 'tanh', 'sigmoid', 'swish', 'tanh', 'swish', 'sigmoid', 'sigmoid', 'elu']",f00008f9f60600f0f900f80906f809c8f6e680,100,Adam,MaxAbsoluteDeviation,0.9645426869392395,1.086965799331665,2.7617269000038505
"[23, 8, 8, 23, 23, 8, 8, 23, 23, 8, 23, 8, 8, 23, 8, 20, 23, 22, 16, 23, 19]","['elu', 'elu', 'swish', 'tanh', 'sigmoid', 'sigmoid', 'elu', 'elu', 'tanh', 'elu', 'swish', 'tanh', 'sigmoid', 'swish', 'tanh', 'swish', 'sigmoid', 'sigmoid', 'elu', 'tanh', 'tanh']",f00008f9f60600f0f900f80906f809c8f6e680f9b9,100,Adam,MaxAbsoluteDeviation,0.9944619536399841,1.1125538349151611,2.991217600007076
"[23, 8, 8, 23, 23, 8, 8, 23, 23, 8, 23, 8, 8, 23, 8, 20, 23, 22, 16, 23, 19]","['elu', 'elu', 'swish', 'tanh', 'sigmoid', 'sigmoid', 'elu', 'elu', 'tanh', 'elu', 'swish', 'tanh', 'sigmoid', 'swish', 'tanh', 'swish', 'sigmoid', 'sigmoid', 'elu', 'tanh', 'tanh']",f00008f9f60600f0f900f80906f809c8f6e680f9b9,700,Adam,MaxAbsoluteDeviation,0.9795271158218384,1.08098566532135,10.833541200030595
"[23, 8, 8, 23, 23, 8, 8, 23, 23, 8, 23, 8, 8, 23, 8, 20, 23, 22, 16, 23, 19]","['elu', 'elu', 'swish', 'tanh', 'sigmoid', 'sigmoid', 'elu', 'elu', 'tanh', 'elu', 'swish', 'tanh', 'sigmoid', 'swish', 'tanh', 'swish', 'sigmoid', 'sigmoid', 'elu', 'tanh', 'tanh']",f00008f9f60600f0f900f80906f809c8f6e680f9b9,700,Adam,MaxAbsoluteDeviation,1.0148447751998901,0.999786913394928,10.713497600052506
"[23, 8, 8, 23, 23, 8, 8, 23, 23, 8, 23, 23, 8, 23, 8, 20, 23, 22, 16, 23]","['elu', 'elu', 'swish', 'tanh', 'sigmoid', 'sigmoid', 'elu', 'elu', 'tanh', 'elu', 'swish', 'tanh', 'sigmoid', 'swish', 'tanh', 'swish', 'sigmoid', 'sigmoid', 'elu', 'tanh']",f00008f9f60600f0f900f8f906f809c8f6e680f9,700,Adam,MaxAbsoluteDeviation,0.9881308078765869,1.0141288042068481,10.299429800012149
"[23, 8, 8, 23, 23, 8, 8, 23, 23, 8, 23, 23, 8, 23, 8, 20, 23, 22, 16, 23]","['elu', 'elu', 'swish', 'tanh', 'tanh', 'sigmoid', 'elu', 'elu', 'tanh', 'elu', 'swish', 'tanh', 'sigmoid', 'swish', 'tanh', 'swish', 'sigmoid', 'sigmoid', 'elu', 'tanh']",f00008f9f90600f0f900f8f906f809c8f6e680f9,700,Adam,MaxAbsoluteDeviation,0.9901182651519775,1.0711513757705688,10.3846342000179
"[23, 8, 8, 23, 23, 8, 8, 23, 23, 23, 23, 23, 8, 23, 8, 20, 23, 22, 16, 23]","['elu', 'elu', 'swish', 'tanh', 'tanh', 'sigmoid', 'elu', 'elu', 'tanh', 'elu', 'swish', 'tanh', 'sigmoid', 'swish', 'tanh', 'swish', 'sigmoid', 'sigmoid', 'elu', 'tanh']",f00008f9f90600f0f9f0f8f906f809c8f6e680f9,700,Adam,MaxAbsoluteDeviation,0.99903404712677,1.0736072063446045,10.296595099964179
"[23, 8, 8, 23, 23, 8, 8, 23, 23, 23, 23, 23, 8, 23, 8, 20, 23, 22, 16]","['elu', 'elu', 'swish', 'tanh', 'tanh', 'sigmoid', 'elu', 'elu', 'tanh', 'elu', 'swish', 'tanh', 'sigmoid', 'swish', 'tanh', 'swish', 'sigmoid', 'sigmoid', 'elu']",f00008f9f90600f0f9f0f8f906f809c8f6e680,700,Adam,MaxAbsoluteDeviation,1.0891684293746948,1.1115585565567017,9.879697799973655
"[23, 8, 8, 23, 23, 8, 8, 23, 23, 23, 23, 23, 8, 23, 8, 20, 23, 22]","['elu', 'elu', 'swish', 'tanh', 'tanh', 'sigmoid', 'elu', 'elu', 'tanh', 'elu', 'swish', 'tanh', 'sigmoid', 'swish', 'tanh', 'swish', 'sigmoid', 'sigmoid']",f00008f9f90600f0f9f0f8f906f809c8f6e6,700,Adam,MaxAbsoluteDeviation,0.9652410745620728,1.0658531188964844,9.520028500002809
"[23, 8, 8, 23, 23, 8, 8, 23, 23, 23, 23, 23, 8, 23, 8, 20, 23]","['elu', 'elu', 'swish', 'tanh', 'tanh', 'sigmoid', 'elu', 'elu', 'tanh', 'elu', 'swish', 'tanh', 'sigmoid', 'swish', 'tanh', 'swish', 'sigmoid']",f00008f9f90600f0f9f0f8f906f809c8f6,700,Adam,MaxAbsoluteDeviation,0.9660854935646057,1.0480329990386963,9.136820600018837
"[23, 8, 8, 23, 23, 8, 8, 23, 23, 23, 23, 23, 8, 23, 8, 20, 23]","['elu', 'elu', 'swish', 'tanh', 'tanh', 'sigmoid', 'elu', 'elu', 'tanh', 'elu', 'swish', 'tanh', 'sigmoid', 'tanh', 'tanh', 'swish', 'sigmoid']",f00008f9f90600f0f9f0f8f906f909c8f6,700,Adam,MaxAbsoluteDeviation,0.9887024164199829,1.0724881887435913,9.06052619998809
"[23, 8, 8, 23, 23, 8, 8, 23, 23, 23, 23, 23, 8, 23, 8, 20, 23]","['elu', 'elu', 'swish', 'tanh', 'tanh', 'sigmoid', 'elu', 'elu', 'tanh', 'elu', 'swish', 'tanh', 'sigmoid', 'tanh', 'tanh', 'swish', 'sigmoid']",f00008f9f90600f0f9f0f8f906f909c8f6,595,Adam,MaxAbsoluteDeviation,0.9840840697288513,1.0953035354614258,7.928562699991744
"[23, 8, 8, 23, 23, 8, 8, 23, 23, 23, 23, 23, 8, 23, 8, 20]","['elu', 'elu', 'swish', 'tanh', 'tanh', 'sigmoid', 'elu', 'elu', 'tanh', 'elu', 'swish', 'tanh', 'sigmoid', 'tanh', 'tanh', 'swish']",f00008f9f90600f0f9f0f8f906f909c8,595,Adam,MaxAbsoluteDeviation,0.9635351300239563,1.058696985244751,7.557795099972282
"[23, 8, 8, 23, 23, 8, 8, 23, 23, 23, 23, 23, 8, 23, 8]","['elu', 'elu', 'swish', 'tanh', 'tanh', 'sigmoid', 'elu', 'elu', 'tanh', 'elu', 'swish', 'tanh', 'sigmoid', 'tanh', 'tanh']",f00008f9f90600f0f9f0f8f906f909,700,Adam,MaxAbsoluteDeviation,0.9812896251678467,1.0681310892105103,8.174197199987248
"[23, 8, 8, 23, 23, 8, 8, 23, 23, 23, 23, 23, 8, 23, 8]","['elu', 'elu', 'swish', 'tanh', 'tanh', 'sigmoid', 'elu', 'elu', 'tanh', 'elu', 'swish', 'tanh', 'sigmoid', 'tanh', 'tanh']",f00008f9f90600f0f9f0f8f906f909,100,Adam,MaxAbsoluteDeviation,0.9763720631599426,1.0746474266052246,2.201736700022593
"[23, 8, 23, 23, 23, 8, 8, 23, 23, 23, 23, 23, 23, 23, 17]","['elu', 'elu', 'swish', 'tanh', 'tanh', 'sigmoid', 'elu', 'elu', 'tanh', 'elu', 'swish', 'tanh', 'sigmoid', 'tanh', 'tanh']",f000f8f9f90600f0f9f0f8f9f6f999,700,Adam,MaxAbsoluteDeviation,0.9532498121261597,1.1171717643737793,8.209673700039275
"[23, 8, 23, 23, 23, 8, 8, 23, 23, 23, 23, 23, 23, 23, 8]","['elu', 'elu', 'swish', 'tanh', 'tanh', 'sigmoid', 'elu', 'elu', 'tanh', 'elu', 'swish', 'tanh', 'sigmoid', 'tanh', 'tanh']",f000f8f9f90600f0f9f0f8f9f6f909,700,Adam,MaxAbsoluteDeviation,0.9647833108901978,1.0011911392211914,8.278468200005591
"[23, 8, 23, 23, 23, 8, 8, 23, 23, 23, 23, 23, 23, 23, 8]","['elu', 'elu', 'swish', 'tanh', 'tanh', 'sigmoid', 'elu', 'elu', 'tanh', 'elu', 'swish', 'tanh', 'sigmoid', 'tanh', 'tanh']",f000f8f9f90600f0f9f0f8f9f6f909,169,Adam,MaxAbsoluteDeviation,0.9641525149345398,1.0435408353805542,2.855308900005184
"[23, 8, 23, 23, 23, 8, 8, 23, 23, 23, 23, 23, 23, 23, 8, 12]","['elu', 'elu', 'swish', 'tanh', 'tanh', 'sigmoid', 'elu', 'elu', 'tanh', 'elu', 'swish', 'tanh', 'sigmoid', 'tanh', 'tanh', 'tanh']",f000f8f9f90600f0f9f0f8f9f6f90949,169,Adam,MaxAbsoluteDeviation,0.9816861152648926,1.145624041557312,2.9819239999633282
"[23, 8, 23, 23, 23, 8, 8, 23, 23, 23, 23, 23, 23, 23, 8, 12, 21]","['elu', 'elu', 'swish', 'tanh', 'tanh', 'sigmoid', 'elu', 'elu', 'tanh', 'elu', 'swish', 'tanh', 'sigmoid', 'tanh', 'tanh', 'tanh', 'sigmoid']",f000f8f9f90600f0f9f0f8f9f6f90949d6,700,Adam,MaxAbsoluteDeviation,0.9589648246765137,1.028245449066162,8.985104500025045
"[23, 8, 23, 23, 23, 23, 8, 23, 23, 23, 23, 23, 23, 23, 8, 12, 21]","['elu', 'elu', 'swish', 'tanh', 'tanh', 'sigmoid', 'elu', 'elu', 'tanh', 'elu', 'swish', 'tanh', 'sigmoid', 'tanh', 'tanh', 'tanh', 'sigmoid']",f000f8f9f9f600f0f9f0f8f9f6f90949d6,394,Adam,MaxAbsoluteDeviation,0.9593931436538696,1.0372376441955566,5.613412000006065
"[23, 8, 23, 23, 23, 23, 8, 23, 23, 23, 23, 23, 23, 23, 8, 23, 21]","['elu', 'elu', 'swish', 'tanh', 'tanh', 'sigmoid', 'elu', 'elu', 'tanh', 'elu', 'swish', 'tanh', 'sigmoid', 'tanh', 'tanh', 'tanh', 'sigmoid']",f000f8f9f9f600f0f9f0f8f9f6f909f9d6,100,Adam,MaxAbsoluteDeviation,0.9637632966041565,1.0860810279846191,2.406558100017719
"[23, 8, 23, 23, 23, 8, 8, 23, 23, 23, 23, 23, 23, 23, 8, 23, 21]","['elu', 'elu', 'swish', 'tanh', 'tanh', 'sigmoid', 'elu', 'elu', 'tanh', 'elu', 'swish', 'tanh', 'sigmoid', 'tanh', 'tanh', 'tanh', 'sigmoid']",f000f8f9f90600f0f9f0f8f9f6f909f9d6,100,Adam,MaxAbsoluteDeviation,1.0144871473312378,1.1144096851348877,2.3905046000145376
"[23, 8, 23, 23, 23, 8, 8, 23, 23, 23, 23, 23, 23, 23, 8, 23, 21]","['elu', 'elu', 'swish', 'tanh', 'tanh', 'sigmoid', 'elu', 'elu', 'tanh', 'elu', 'swish', 'tanh', 'sigmoid', 'tanh', 'tanh', 'tanh', 'sigmoid']",f000f8f9f90600f0f9f0f8f9f6f909f9d6,100,Adam,MaxAbsoluteDeviation,0.9664123058319092,1.0656944513320923,2.393345699994825
"[23, 8, 23, 23, 23, 8, 8, 23, 23, 23, 23, 23, 23, 23, 8, 23, 21]","['elu', 'elu', 'swish', 'tanh', 'tanh', 'sigmoid', 'elu', 'elu', 'tanh', 'elu', 'swish', 'tanh', 'sigmoid', 'tanh', 'tanh', 'tanh', 'sigmoid']",f000f8f9f90600f0f9f0f8f9f6f909f9d6,100,Adam,MaxAbsoluteDeviation,0.9713488221168518,1.0423564910888672,2.3867127999546938
"[23, 8, 23, 23, 23, 8, 8, 23, 23, 23, 23, 23, 23, 23, 8, 23]","['elu', 'elu', 'swish', 'tanh', 'tanh', 'sigmoid', 'elu', 'elu', 'tanh', 'elu', 'swish', 'tanh', 'sigmoid', 'tanh', 'tanh', 'tanh']",f000f8f9f90600f0f9f0f8f9f6f909f9,100,Adam,MaxAbsoluteDeviation,1.050222635269165,1.0048434734344482,2.2976295999833383
"[23, 8, 23, 23, 23, 8, 8, 23, 23, 23, 23, 23, 23, 23, 8]","['elu', 'elu', 'swish', 'tanh', 'tanh', 'sigmoid', 'elu', 'elu', 'tanh', 'elu', 'swish', 'tanh', 'sigmoid', 'tanh', 'tanh']",f000f8f9f90600f0f9f0f8f9f6f909,100,Adam,MaxAbsoluteDeviation,0.961948037147522,1.057304859161377,2.1854608000139706
"[23, 8, 23, 23, 23, 8, 8, 23, 23, 23, 23, 23, 23, 23, 8]","['elu', 'elu', 'swish', 'tanh', 'tanh', 'sigmoid', 'elu', 'elu', 'tanh', 'elu', 'swish', 'tanh', 'sigmoid', 'tanh', 'tanh']",f000f8f9f90600f0f9f0f8f9f6f909,100,Adam,MaxAbsoluteDeviation,0.965681791305542,1.0616881847381592,2.207218899973668
"[23, 8, 23, 23, 23, 8, 8, 23, 23, 23, 23, 23, 23, 23, 8]","['elu', 'elu', 'swish', 'tanh', 'tanh', 'sigmoid', 'elu', 'elu', 'tanh', 'elu', 'swish', 'tanh', 'sigmoid', 'tanh', 'tanh']",f000f8f9f90600f0f9f0f8f9f6f909,100,Adam,MaxAbsoluteDeviation,0.9644616842269897,1.0572060346603394,2.1763053000322543
"[23, 8, 23, 23, 23, 8, 8, 23, 23, 23, 23, 23, 23, 23, 8]","['elu', 'elu', 'swish', 'sigmoid', 'sigmoid', 'sigmoid', 'elu', 'elu', 'tanh', 'elu', 'swish', 'tanh', 'sigmoid', 'tanh', 'tanh']",f000f8f6f60600f0f9f0f8f9f6f909,100,Adam,MaxAbsoluteDeviation,0.9644859433174133,1.0658142566680908,2.218051200034097
"[23, 8, 23, 23, 23, 8, 8, 23, 23, 23, 23, 23, 23, 23]","['elu', 'elu', 'swish', 'sigmoid', 'sigmoid', 'sigmoid', 'elu', 'elu', 'tanh', 'elu', 'swish', 'tanh', 'sigmoid', 'tanh']",f000f8f6f60600f0f9f0f8f9f6f9,100,Adam,MaxAbsoluteDeviation,1.0434683561325073,1.0834439992904663,2.0640952000394464
"[23, 8, 23, 23, 23, 8, 8, 23, 23, 23, 23, 23, 23, 23]","['elu', 'elu', 'swish', 'sigmoid', 'sigmoid', 'sigmoid', 'elu', 'elu', 'tanh', 'elu', 'swish', 'tanh', 'sigmoid', 'elu']",f000f8f6f60600f0f9f0f8f9f6f0,100,Adam,MaxAbsoluteDeviation,0.9779777526855469,1.061579942703247,9.641039600013755
"[23, 8, 23, 23, 23, 8, 8, 23, 23, 23, 23, 23, 23, 23, 9]","['elu', 'elu', 'swish', 'sigmoid', 'sigmoid', 'sigmoid', 'elu', 'elu', 'tanh', 'elu', 'swish', 'tanh', 'sigmoid', 'elu', 'swish']",f000f8f6f60600f0f9f0f8f9f6f0,100,Adam,MaxAbsoluteDeviation,0.9779777526855469,1.1118385791778564,2.312281799968332
"[23, 8, 23, 23, 23, 8, 8, 23, 23, 23, 23, 23, 23, 23]","['elu', 'elu', 'swish', 'sigmoid', 'sigmoid', 'sigmoid', 'elu', 'elu', 'tanh', 'elu', 'swish', 'tanh', 'swish', 'elu']",f000f8f6f60600f0f9f0f8f9f8f0,100,Adam,MaxAbsoluteDeviation,1.2717900276184082,1.0274510383605957,2.1874634999549016
"[23, 8, 23, 23, 23, 8, 8, 23, 23, 23, 23, 21, 23]","['elu', 'elu', 'swish', 'sigmoid', 'sigmoid', 'sigmoid', 'elu', 'elu', 'tanh', 'elu', 'swish', 'tanh', 'swish']",f000f8f6f60600f0f9f0f8d9f8,100,Adam,MaxAbsoluteDeviation,1.0363717079162598,1.1007671356201172,2.10175580001669
"[23, 8, 23, 23, 23, 8, 8, 23, 23, 23, 23, 21, 23, 12]","['elu', 'elu', 'swish', 'sigmoid', 'sigmoid', 'sigmoid', 'elu', 'elu', 'tanh', 'elu', 'swish', 'tanh', 'swish', 'elu']",f000f8f6f60600f0f9f0f8d9f840,100,Adam,MaxAbsoluteDeviation,1.0068633556365967,1.0269899368286133,2.189652000030037
"[23, 8, 23, 23, 23, 8, 8, 23, 23, 23, 23, 21, 23, 12]","['elu', 'elu', 'swish', 'sigmoid', 'sigmoid', 'sigmoid', 'elu', 'elu', 'tanh', 'elu', 'swish', 'tanh', 'swish', 'elu']",f000f8f6f60600f0f9f0f8d9f840,100,Adam,MaxAbsoluteDeviation,0.9740211367607117,1.0628594160079956,2.2017994000343606
"[23, 8, 23, 23, 23, 8, 8, 23, 23, 23, 23, 21, 23, 12]","['elu', 'elu', 'swish', 'sigmoid', 'sigmoid', 'sigmoid', 'elu', 'elu', 'tanh', 'elu', 'swish', 'tanh', 'swish', 'elu']",f000f8f6f60600f0f9f0f8d9f840,100,Adam,MaxAbsoluteDeviation,1.0292109251022339,1.1469794511795044,2.2058601999888197
"[23, 8, 23, 23, 23, 8, 8, 23, 23, 23, 23, 21, 23, 12]","['elu', 'elu', 'swish', 'sigmoid', 'sigmoid', 'sigmoid', 'elu', 'elu', 'tanh', 'elu', 'swish', 'tanh', 'swish', 'elu']",f000f8f6f60600f0f9f0f8d9f840,700,Adam,MaxAbsoluteDeviation,1.0271931886672974,1.0897327661514282,8.495009100006428
"[23, 8, 23, 23, 23, 8, 8, 23, 23, 23, 23, 21, 23, 12]","['elu', 'elu', 'swish', 'sigmoid', 'sigmoid', 'sigmoid', 'elu', 'elu', 'tanh', 'elu', 'swish', 'tanh', 'swish', 'elu']",f000f8f6f60600f0f9f0f8d9f840,609,Adam,MaxAbsoluteDeviation,1.0064442157745361,1.0441890954971313,7.546901599969715
"[23, 8, 23, 23, 23, 8, 8, 23, 23, 23, 23, 21, 23, 12]","['elu', 'elu', 'swish', 'sigmoid', 'sigmoid', 'sigmoid', 'elu', 'elu', 'tanh', 'elu', 'swish', 'tanh', 'swish', 'elu']",f000f8f6f60600f0f9f0f8d9f840,246,Adam,MaxAbsoluteDeviation,0.9713380932807922,1.0110313892364502,3.653382499993313
"[23, 8, 23, 23, 23, 8, 8, 23, 23, 23, 23, 21, 23, 12]","['elu', 'elu', 'swish', 'sigmoid', 'sigmoid', 'sigmoid', 'elu', 'elu', 'tanh', 'elu', 'swish', 'tanh', 'swish', 'elu']",f000f8f6f60600f0f9f0f8d9f840,700,Adam,MaxAbsoluteDeviation,0.9725326299667358,1.1099488735198975,8.463337099994533
"[23, 8, 23, 23, 23, 8, 8, 23, 23, 23, 23, 21, 23, 12]","['elu', 'elu', 'swish', 'sigmoid', 'sigmoid', 'sigmoid', 'elu', 'elu', 'tanh', 'elu', 'swish', 'tanh', 'swish', 'elu']",f000f8f6f60600f0f9f0f8d9f840,700,Adam,MaxAbsoluteDeviation,0.9757699370384216,1.0596613883972168,8.445528000011109
"[23, 8, 23, 23, 23, 8, 8, 23, 23, 23, 23, 21, 8, 12]","['elu', 'elu', 'swish', 'sigmoid', 'sigmoid', 'sigmoid', 'elu', 'elu', 'tanh', 'elu', 'swish', 'tanh', 'swish', 'elu']",f000f8f6f60600f0f9f0f8d90840,700,Adam,MaxAbsoluteDeviation,0.9682630896568298,1.036670446395874,8.417373600008432
"[23, 8, 23, 23, 23, 8, 8, 23, 23, 23, 23, 21, 8, 12, 13]","['elu', 'elu', 'swish', 'sigmoid', 'sigmoid', 'sigmoid', 'elu', 'elu', 'tanh', 'elu', 'swish', 'tanh', 'swish', 'elu', 'sigmoid']",f000f8f6f60600f0f9f0f8d9084056,700,Adam,MaxAbsoluteDeviation,0.9619101881980896,1.0584471225738525,8.764503100013826
"[23, 8, 23, 23, 23, 8, 8, 23, 23, 23, 23, 21, 8, 12, 23]","['elu', 'elu', 'elu', 'sigmoid', 'sigmoid', 'sigmoid', 'elu', 'elu', 'tanh', 'elu', 'swish', 'tanh', 'swish', 'elu', 'sigmoid']",f000f0f6f60600f0f9f0f8d90840f6,700,Adam,MaxAbsoluteDeviation,0.9461000561714172,1.0626702308654785,8.866718200035393
"[23, 8, 23, 23, 23, 8, 8, 23, 23, 23, 23, 21, 8, 12, 23]","['elu', 'elu', 'elu', 'sigmoid', 'sigmoid', 'sigmoid', 'elu', 'elu', 'tanh', 'elu', 'swish', 'tanh', 'swish', 'elu', 'sigmoid']",f000f0f6f60600f0f9f0f8d90840f6,226,Adam,MaxAbsoluteDeviation,0.9505156874656677,1.068380355834961,3.6139173000119627
"[23, 8, 8, 23, 23, 8, 8, 23, 23, 23, 23, 21, 8, 12, 23]","['elu', 'elu', 'elu', 'sigmoid', 'sigmoid', 'sigmoid', 'elu', 'elu', 'tanh', 'elu', 'swish', 'tanh', 'swish', 'elu', 'sigmoid']",f00000f6f60600f0f9f0f8d90840f6,190,Adam,MaxAbsoluteDeviation,0.975004255771637,1.1120549440383911,3.2156946000177413
"[23, 8, 8, 23, 23, 23, 8, 23, 23, 23, 23, 21, 8, 12, 23]","['elu', 'elu', 'elu', 'sigmoid', 'sigmoid', 'sigmoid', 'elu', 'elu', 'tanh', 'elu', 'swish', 'tanh', 'swish', 'elu', 'sigmoid']",f00000f6f6f600f0f9f0f8d90840f6,190,Adam,MaxAbsoluteDeviation,0.9886224269866943,1.1388343572616577,3.240485400019679
"[23, 8, 8, 23, 23, 23, 8, 23, 23, 23, 23, 21, 8, 12, 23, 14]","['elu', 'elu', 'elu', 'sigmoid', 'sigmoid', 'sigmoid', 'elu', 'elu', 'tanh', 'elu', 'swish', 'tanh', 'swish', 'elu', 'sigmoid', 'elu']",f00000f6f6f600f0f9f0f8d90840f660,190,Adam,MaxAbsoluteDeviation,1.1404391527175903,1.1173869371414185,3.4376035999739543
"[23, 8, 8, 23, 23, 23, 8, 23, 23, 23, 23, 21, 8, 12, 23, 14]","['elu', 'elu', 'elu', 'sigmoid', 'sigmoid', 'sigmoid', 'elu', 'elu', 'tanh', 'elu', 'swish', 'tanh', 'swish', 'elu', 'sigmoid', 'elu']",f00000f6f6f600f0f9f0f8d90840f660,700,Adam,MaxAbsoluteDeviation,1.0659441947937012,1.0664687156677246,9.219320100033656
"[23, 8, 23, 23, 23, 23, 8, 23, 23, 23, 23, 21, 8, 12, 23, 14]","['elu', 'elu', 'elu', 'sigmoid', 'sigmoid', 'sigmoid', 'elu', 'elu', 'tanh', 'elu', 'swish', 'tanh', 'swish', 'elu', 'sigmoid', 'elu']",f000f0f6f6f600f0f9f0f8d90840f660,700,Adam,MaxAbsoluteDeviation,0.9812330007553101,1.083362102508545,9.158672599995043
"[23, 8, 23, 23, 23, 23, 8, 23, 23, 23, 23, 21, 8, 12, 23]","['elu', 'elu', 'elu', 'sigmoid', 'sigmoid', 'sigmoid', 'elu', 'elu', 'tanh', 'elu', 'swish', 'tanh', 'swish', 'elu', 'sigmoid']",f000f0f6f6f600f0f9f0f8d90840f6,700,Adam,MaxAbsoluteDeviation,1.003167748451233,1.0055065155029297,8.605166299967095
"[23, 8, 23, 23, 23, 23, 8, 23, 23, 23, 23, 21, 8, 12, 23]","['elu', 'elu', 'elu', 'sigmoid', 'sigmoid', 'sigmoid', 'elu', 'elu', 'tanh', 'elu', 'swish', 'tanh', 'swish', 'elu', 'sigmoid']",f000f0f6f6f600f0f9f0f8d90840f6,594,Adam,MaxAbsoluteDeviation,0.9937107563018799,1.0262631177902222,7.551439700007904
"[23, 8, 23, 23, 23, 23, 8, 23, 23, 23, 23, 21, 8, 12, 23]","['elu', 'elu', 'elu', 'sigmoid', 'sigmoid', 'sigmoid', 'elu', 'elu', 'tanh', 'elu', 'swish', 'tanh', 'swish', 'elu', 'sigmoid']",f000f0f6f6f600f0f9f0f8d90840f6,594,Adam,MaxAbsoluteDeviation,0.9672294855117798,1.0696301460266113,7.536199699970894
"[23, 8, 23, 23, 23, 23, 8, 23, 23, 23, 23, 21, 8, 12, 23, 12]","['elu', 'elu', 'elu', 'sigmoid', 'sigmoid', 'sigmoid', 'elu', 'elu', 'tanh', 'elu', 'swish', 'tanh', 'swish', 'elu', 'sigmoid', 'tanh']",f000f0f6f6f600f0f9f0f8d90840f649,594,Adam,MaxAbsoluteDeviation,0.9770248532295227,1.0195839405059814,7.714176499983296
"[23, 8, 23, 23, 23, 23, 8, 23, 23, 23, 23, 21, 8, 12, 23, 12, 17]","['elu', 'elu', 'elu', 'sigmoid', 'sigmoid', 'sigmoid', 'elu', 'elu', 'tanh', 'elu', 'swish', 'tanh', 'swish', 'elu', 'sigmoid', 'tanh', 'sigmoid']",f000f0f6f6f600f0f9f0f8d90840f64996,594,Adam,MaxAbsoluteDeviation,0.9477476477622986,1.0139312744140625,8.204779500025325
"[23, 8, 23, 23, 23, 23, 8, 23, 23, 23, 23, 21, 8, 12, 23, 12, 17]","['elu', 'elu', 'elu', 'sigmoid', 'sigmoid', 'sigmoid', 'elu', 'elu', 'tanh', 'elu', 'swish', 'tanh', 'swish', 'elu', 'sigmoid', 'tanh', 'sigmoid']",f000f0f6f6f600f0f9f0f8d90840f64996,458,Adam,MaxAbsoluteDeviation,0.9921383857727051,1.0054961442947388,6.722031600016635
"[23, 8, 23, 23, 23, 23, 8, 23, 23, 23, 23, 21, 8, 12, 23, 12, 17]","['elu', 'elu', 'elu', 'sigmoid', 'sigmoid', 'sigmoid', 'elu', 'elu', 'tanh', 'elu', 'swish', 'tanh', 'swish', 'elu', 'sigmoid', 'tanh', 'sigmoid']",f000f0f6f6f600f0f9f0f8d90840f64996,458,Adam,MaxAbsoluteDeviation,0.9580612182617188,1.0061206817626953,6.637380200030748
"[23, 8, 23, 23, 23, 23, 8, 23, 23, 23, 23, 21, 8, 12, 23, 12, 17]","['elu', 'elu', 'elu', 'sigmoid', 'sigmoid', 'sigmoid', 'elu', 'elu', 'tanh', 'elu', 'swish', 'tanh', 'swish', 'elu', 'sigmoid', 'tanh', 'sigmoid']",f000f0f6f6f600f0f9f0f8d90840f64996,302,Adam,MaxAbsoluteDeviation,0.9819249510765076,1.0683794021606445,4.803695900016464
"[23, 8, 23, 23, 23, 23, 8, 23, 23, 23, 23, 21, 8, 12, 23, 12, 17]","['elu', 'elu', 'elu', 'sigmoid', 'sigmoid', 'sigmoid', 'elu', 'elu', 'tanh', 'elu', 'swish', 'tanh', 'swish', 'elu', 'tanh', 'tanh', 'sigmoid']",f000f0f6f6f600f0f9f0f8d90840f94996,302,Adam,MaxAbsoluteDeviation,0.9642394185066223,1.0415303707122803,4.764261999982409
"[23, 8, 23, 23, 23, 23, 8, 23, 23, 23, 23, 21, 8, 12, 23, 12, 17]","['elu', 'elu', 'elu', 'sigmoid', 'sigmoid', 'sigmoid', 'elu', 'elu', 'tanh', 'elu', 'swish', 'tanh', 'swish', 'elu', 'tanh', 'tanh', 'sigmoid']",f000f0f6f6f600f0f9f0f8d90840f94996,289,Adam,MaxAbsoluteDeviation,0.9707927107810974,1.012465000152588,4.606223999988288
"[23, 8, 23, 23, 23, 23, 8, 23, 23, 23, 23, 21, 8, 12, 23, 12, 17]","['elu', 'elu', 'elu', 'sigmoid', 'sigmoid', 'sigmoid', 'elu', 'elu', 'tanh', 'elu', 'swish', 'tanh', 'swish', 'elu', 'tanh', 'tanh', 'sigmoid']",f000f0f6f6f600f0f9f0f8d90840f94996,700,Adam,MaxAbsoluteDeviation,1.0323936939239502,1.1532213687896729,9.384095900051761
"[23, 8, 23, 23, 23, 23, 8, 23, 23, 23, 23, 21, 8, 12, 23, 12, 17, 10]","['elu', 'elu', 'elu', 'sigmoid', 'sigmoid', 'sigmoid', 'elu', 'elu', 'tanh', 'elu', 'swish', 'tanh', 'swish', 'elu', 'tanh', 'tanh', 'sigmoid', 'elu']",f000f0f6f6f600f0f9f0f8d90840f9499620,100,Adam,MaxAbsoluteDeviation,0.9548431634902954,1.0297759771347046,2.6307061999686994
"[23, 8, 23, 23, 23, 23, 8, 23, 23, 23, 23, 21, 8, 12, 23, 12, 17]","['elu', 'elu', 'elu', 'sigmoid', 'sigmoid', 'sigmoid', 'elu', 'elu', 'tanh', 'elu', 'swish', 'tanh', 'swish', 'elu', 'tanh', 'tanh', 'sigmoid']",f000f0f6f6f600f0f9f0f8d90840f94996,700,Adam,MaxAbsoluteDeviation,0.9720304608345032,1.0377546548843384,9.333938600029796
"[23, 8, 23, 23, 23, 23, 8, 23, 23, 23, 23, 21, 8, 12, 23, 12, 17]","['elu', 'elu', 'elu', 'sigmoid', 'sigmoid', 'sigmoid', 'elu', 'elu', 'tanh', 'elu', 'swish', 'tanh', 'swish', 'elu', 'tanh', 'elu', 'sigmoid']",f000f0f6f6f600f0f9f0f8d90840f94096,700,Adam,MaxAbsoluteDeviation,0.9597917199134827,1.0795376300811768,9.415914500015788
"[23, 8, 23, 23, 23, 23, 8, 23, 23, 23, 23, 21, 8, 12, 23, 12, 17]","['elu', 'elu', 'elu', 'sigmoid', 'sigmoid', 'sigmoid', 'elu', 'elu', 'tanh', 'elu', 'swish', 'tanh', 'swish', 'elu', 'tanh', 'elu', 'sigmoid']",f000f0f6f6f600f0f9f0f8d90840f94096,700,Adam,MaxAbsoluteDeviation,0.9674887657165527,1.0473583936691284,9.240187000017613
"[23, 8, 23, 23, 8, 23, 8, 23, 23, 23, 23, 21, 8, 12, 8, 12, 17]","['elu', 'elu', 'elu', 'sigmoid', 'sigmoid', 'sigmoid', 'elu', 'elu', 'tanh', 'elu', 'swish', 'tanh', 'swish', 'elu', 'tanh', 'elu', 'sigmoid']",f000f0f606f600f0f9f0f8d90840094096,700,Adam,MaxAbsoluteDeviation,0.9843791127204895,1.0427207946777344,9.426919199991971
"[23, 8, 23, 23, 8, 23, 8, 23, 23, 23, 23, 21, 8, 12, 8, 12, 17]","['elu', 'elu', 'elu', 'sigmoid', 'sigmoid', 'sigmoid', 'elu', 'elu', 'tanh', 'elu', 'swish', 'tanh', 'swish', 'elu', 'tanh', 'elu', 'sigmoid']",f000f0f606f600f0f9f0f8d90840094096,218,Adam,MaxAbsoluteDeviation,0.9547380208969116,1.1251939535140991,3.759115200024098
"[23, 8, 23, 23, 8, 23, 8, 23, 23, 23, 23, 21, 8, 12, 8, 12, 17]","['elu', 'elu', 'elu', 'sigmoid', 'sigmoid', 'tanh', 'elu', 'elu', 'tanh', 'elu', 'swish', 'tanh', 'swish', 'elu', 'tanh', 'elu', 'sigmoid']",f000f0f606f900f0f9f0f8d90840094096,218,Adam,MaxAbsoluteDeviation,0.9778246879577637,1.0132722854614258,3.7945174999767914
"[23, 8, 23, 23, 8, 23, 8, 23, 23, 8, 23, 21, 8, 12, 8, 12, 17]","['elu', 'elu', 'elu', 'sigmoid', 'sigmoid', 'tanh', 'elu', 'elu', 'tanh', 'elu', 'swish', 'tanh', 'swish', 'elu', 'tanh', 'elu', 'sigmoid']",f000f0f606f900f0f900f8d90840094096,218,Adam,MaxAbsoluteDeviation,1.005797266960144,1.0422420501708984,3.760314400016796
"[23, 8, 23, 23, 8, 23, 8, 23, 23, 8, 23, 21, 8, 12, 8, 12, 17, 10]","['elu', 'elu', 'elu', 'sigmoid', 'sigmoid', 'tanh', 'elu', 'elu', 'tanh', 'elu', 'swish', 'tanh', 'swish', 'elu', 'tanh', 'elu', 'sigmoid', 'elu']",f000f0f606f900f0f900f8d9084009409620,700,Adam,MaxAbsoluteDeviation,0.9898381233215332,1.116926908493042,9.699657999968622
"[23, 8, 23, 23, 8, 23, 8, 23, 23, 8, 23, 21, 8, 12, 8, 12, 17, 10]","['elu', 'elu', 'elu', 'sigmoid', 'sigmoid', 'tanh', 'elu', 'elu', 'tanh', 'elu', 'swish', 'tanh', 'swish', 'elu', 'tanh', 'elu', 'sigmoid', 'elu']",f000f0f606f900f0f900f8d9084009409620,100,Adam,MaxAbsoluteDeviation,0.9923263788223267,1.0764594078063965,2.589480700029526
"[23, 8, 23, 23, 8, 23, 8, 23, 23, 8, 23, 21, 8, 12, 8, 12, 23, 10, 22]","['elu', 'elu', 'elu', 'sigmoid', 'sigmoid', 'tanh', 'elu', 'elu', 'tanh', 'elu', 'swish', 'tanh', 'swish', 'elu', 'tanh', 'elu', 'sigmoid', 'elu', 'tanh']",f000f0f606f900f0f900f8d908400940f620e9,700,Adam,MaxAbsoluteDeviation,0.9701031446456909,1.025149941444397,10.05414560000645
"[23, 8, 23, 23, 8, 23, 8, 23, 23, 8, 23, 21, 8, 12, 8, 12, 23, 10, 22, 17]","['elu', 'elu', 'elu', 'sigmoid', 'sigmoid', 'tanh', 'elu', 'elu', 'tanh', 'elu', 'swish', 'tanh', 'swish', 'elu', 'tanh', 'elu', 'sigmoid', 'elu', 'tanh', 'sigmoid']",f000f0f606f900f0f900f8d908400940f620e996,700,Adam,MaxAbsoluteDeviation,1.0040388107299805,1.1401206254959106,10.508875100000296
"[23, 8, 23, 23, 8, 23, 8, 23, 23, 8, 23, 21, 8, 12, 8, 12, 23, 10, 22, 17]","['elu', 'elu', 'elu', 'sigmoid', 'sigmoid', 'tanh', 'elu', 'elu', 'tanh', 'elu', 'swish', 'tanh', 'swish', 'elu', 'tanh', 'elu', 'sigmoid', 'elu', 'tanh', 'sigmoid']",f000f0f606f900f0f900f8d908400940f620e996,700,Adam,MaxAbsoluteDeviation,0.9662742614746094,1.0799068212509155,10.438278099987656
"[23, 8, 23, 23, 8, 23, 8, 23, 23, 8, 23, 21, 8, 12, 8, 12, 23, 10, 22]","['elu', 'elu', 'elu', 'sigmoid', 'sigmoid', 'tanh', 'elu', 'elu', 'tanh', 'elu', 'swish', 'tanh', 'swish', 'elu', 'tanh', 'elu', 'sigmoid', 'elu', 'tanh']",f000f0f606f900f0f900f8d908400940f620e9,700,Adam,MaxAbsoluteDeviation,1.001906156539917,1.1255757808685303,10.141843499965034
"[23, 8, 23, 23, 8, 23, 8, 23, 23, 8, 23, 21, 8, 12, 8, 12, 23, 10, 22]","['elu', 'elu', 'elu', 'sigmoid', 'sigmoid', 'tanh', 'elu', 'elu', 'tanh', 'elu', 'swish', 'tanh', 'swish', 'elu', 'tanh', 'elu', 'sigmoid', 'elu', 'tanh']",f000f0f606f900f0f900f8d908400940f620e9,700,Adam,MaxAbsoluteDeviation,0.9980455636978149,1.012546181678772,9.961830000043847
"[23, 8, 23, 23, 8, 23, 8, 23, 23, 8, 23, 21, 8, 12, 8, 12, 23, 10, 22]","['elu', 'elu', 'elu', 'sigmoid', 'sigmoid', 'tanh', 'elu', 'elu', 'tanh', 'elu', 'swish', 'tanh', 'swish', 'elu', 'tanh', 'elu', 'sigmoid', 'elu', 'sigmoid']",f000f0f606f900f0f900f8d908400940f620e6,700,Adam,MaxAbsoluteDeviation,0.9645440578460693,1.080416202545166,9.841736799979117
"[23, 8, 23, 23, 8, 23, 8, 23, 23, 8, 23, 21, 8, 12, 8, 12, 23, 10, 22, 10]","['elu', 'elu', 'elu', 'sigmoid', 'sigmoid', 'tanh', 'elu', 'elu', 'tanh', 'elu', 'swish', 'tanh', 'swish', 'elu', 'tanh', 'elu', 'sigmoid', 'elu', 'sigmoid', 'elu']",f000f0f606f900f0f900f8d908400940f620e620,700,Adam,MaxAbsoluteDeviation,0.9803470373153687,1.0217866897583008,10.33335079997778
"[23, 8, 23, 23, 8, 23, 8, 23, 23, 8, 23, 21, 8, 12, 8, 12, 23, 10, 22, 10]","['elu', 'elu', 'elu', 'sigmoid', 'sigmoid', 'tanh', 'elu', 'elu', 'tanh', 'elu', 'swish', 'tanh', 'swish', 'elu', 'tanh', 'elu', 'sigmoid', 'elu', 'sigmoid', 'elu']",f000f0f606f900f0f900f8d908400940f620e620,700,Adam,MaxAbsoluteDeviation,0.9624285697937012,1.036895751953125,10.362071299983654
"[23, 8, 23, 23, 8, 23, 8, 23, 23, 8, 23, 21, 8, 12, 8, 12, 23, 10, 22, 10]","['elu', 'elu', 'elu', 'sigmoid', 'sigmoid', 'tanh', 'elu', 'elu', 'tanh', 'elu', 'swish', 'tanh', 'swish', 'elu', 'tanh', 'elu', 'sigmoid', 'elu', 'sigmoid', 'elu']",f000f0f606f900f0f900f8d908400940f620e620,700,Adam,MaxAbsoluteDeviation,0.9624285697937012,1.021286964416504,10.393645600008313
"[23, 8, 8, 23, 8, 23, 8, 23, 23, 8, 23, 21, 8, 12, 8, 12, 23, 10, 22, 10, 20]","['elu', 'elu', 'elu', 'sigmoid', 'sigmoid', 'tanh', 'elu', 'elu', 'tanh', 'elu', 'swish', 'tanh', 'swish', 'elu', 'tanh', 'elu', 'sigmoid', 'elu', 'sigmoid', 'elu', 'elu']",f00000f606f900f0f900f8d908400940f620e620c0,700,Adam,MaxAbsoluteDeviation,1.0072940587997437,1.141697883605957,10.683561899990309
"[23, 8, 8, 23, 8, 23, 8, 23, 23, 8, 23, 21, 8, 12, 8, 12, 23, 10, 22, 10, 20, 18]","['elu', 'elu', 'elu', 'sigmoid', 'sigmoid', 'tanh', 'elu', 'elu', 'tanh', 'elu', 'swish', 'tanh', 'swish', 'elu', 'tanh', 'elu', 'sigmoid', 'elu', 'sigmoid', 'elu', 'elu', 'tanh']",f00000f606f900f0f900f8d908400940f620e620c0a9,100,Adam,MaxAbsoluteDeviation,0.9841741919517517,1.095017671585083,3.049103799974546
"[23, 8, 8, 23, 8, 23, 8, 23, 23, 8, 23, 21, 8, 12, 8, 12, 23, 10, 22, 10, 20, 18, 22]","['elu', 'elu', 'elu', 'sigmoid', 'sigmoid', 'tanh', 'elu', 'elu', 'tanh', 'elu', 'swish', 'tanh', 'swish', 'elu', 'tanh', 'elu', 'sigmoid', 'elu', 'sigmoid', 'elu', 'elu', 'tanh', 'tanh']",f00000f606f900f0f900f8d908400940f620e620c0a9e9,700,Adam,MaxAbsoluteDeviation,1.1271209716796875,1.2254806756973267,11.436307900003158
"[23, 8, 8, 23, 8, 23, 8, 23, 23, 8, 23, 21, 8, 12, 8, 12, 23, 10, 22, 10, 20]","['elu', 'elu', 'elu', 'sigmoid', 'sigmoid', 'tanh', 'elu', 'elu', 'tanh', 'elu', 'swish', 'tanh', 'swish', 'elu', 'tanh', 'elu', 'sigmoid', 'elu', 'sigmoid', 'elu', 'elu']",f00000f606f900f0f900f8d908400940f620e620c0,100,Adam,MaxAbsoluteDeviation,1.0461074113845825,1.0880781412124634,2.907743100018706
"[23, 8, 8, 23, 8, 23, 8, 23, 23, 8, 23, 21, 8, 12, 8, 12, 23, 10, 22, 10, 20]","['elu', 'elu', 'elu', 'sigmoid', 'sigmoid', 'tanh', 'elu', 'elu', 'tanh', 'elu', 'swish', 'tanh', 'swish', 'elu', 'tanh', 'elu', 'sigmoid', 'elu', 'sigmoid', 'elu', 'elu']",f00000f606f900f0f900f8d908400940f620e620c0,100,Adam,MaxAbsoluteDeviation,0.999279260635376,1.0505750179290771,2.897633799992036
"[23, 8, 8, 23, 8, 23, 8, 23, 23, 8, 23, 21, 8, 12, 8, 12, 23, 10, 22, 8, 20]","['elu', 'elu', 'elu', 'sigmoid', 'sigmoid', 'tanh', 'elu', 'elu', 'tanh', 'elu', 'swish', 'tanh', 'swish', 'elu', 'tanh', 'elu', 'sigmoid', 'elu', 'sigmoid', 'elu', 'elu']",f00000f606f900f0f900f8d908400940f620e600c0,100,Adam,MaxAbsoluteDeviation,0.9963142275810242,1.0849826335906982,2.8615646000253037
"[23, 8, 8, 23, 8, 23, 8, 23, 23, 8, 23, 21, 8, 12, 8, 12, 23, 10, 22, 8, 20]","['elu', 'elu', 'elu', 'sigmoid', 'sigmoid', 'tanh', 'elu', 'swish', 'tanh', 'elu', 'swish', 'tanh', 'swish', 'elu', 'tanh', 'elu', 'sigmoid', 'elu', 'sigmoid', 'elu', 'elu']",f00000f606f900f8f900f8d908400940f620e600c0,700,Adam,MaxAbsoluteDeviation,0.9812671542167664,1.0458600521087646,10.640907799999695
"[23, 8, 8, 23, 8, 23, 8, 23, 23, 8, 23, 21, 8, 12, 8, 12, 23, 10, 22, 8, 20]","['elu', 'elu', 'elu', 'sigmoid', 'sigmoid', 'tanh', 'elu', 'swish', 'tanh', 'elu', 'swish', 'tanh', 'swish', 'elu', 'tanh', 'elu', 'sigmoid', 'elu', 'sigmoid', 'elu', 'elu']",f00000f606f900f8f900f8d908400940f620e600c0,140,Adam,MaxAbsoluteDeviation,1.0986651182174683,1.178027868270874,3.40707450004993
"[23, 8, 8, 23, 8, 23, 8, 23, 23, 8, 23, 21, 8, 12, 8, 12, 23, 10, 22, 8, 20, 21]","['elu', 'elu', 'elu', 'sigmoid', 'sigmoid', 'tanh', 'elu', 'swish', 'tanh', 'elu', 'swish', 'tanh', 'swish', 'elu', 'tanh', 'elu', 'sigmoid', 'elu', 'sigmoid', 'elu', 'elu', 'elu']",f00000f606f900f8f900f8d908400940f620e600c0d0,700,Adam,MaxAbsoluteDeviation,0.979515790939331,1.2806469202041626,11.00143790000584
"[23, 8, 8, 23, 8, 23, 8, 23, 23, 8, 23, 21, 8, 12, 8, 12, 23, 10, 22, 8, 20, 21, 11]","['elu', 'elu', 'elu', 'sigmoid', 'sigmoid', 'tanh', 'elu', 'swish', 'tanh', 'elu', 'swish', 'tanh', 'swish', 'elu', 'tanh', 'elu', 'sigmoid', 'elu', 'sigmoid', 'elu', 'elu', 'elu', 'elu']",f00000f606f900f8f900f8d908400940f620e600c0d030,700,Adam,MaxAbsoluteDeviation,1.0153889656066895,1.0813939571380615,11.370254800014663
"[23, 8, 8, 23, 8, 23, 8, 23, 23, 8, 23, 21, 8, 12, 8, 12, 8, 10, 22, 8, 20, 21]","['elu', 'elu', 'elu', 'sigmoid', 'sigmoid', 'tanh', 'elu', 'swish', 'tanh', 'elu', 'swish', 'tanh', 'swish', 'elu', 'tanh', 'elu', 'sigmoid', 'elu', 'sigmoid', 'elu', 'elu', 'elu']",f00000f606f900f8f900f8d908400940f620e600c0d030,700,Adam,MaxAbsoluteDeviation,1.0153889656066895,1.2684465646743774,10.768754899967462
"[23, 8, 8, 23, 8, 23, 8, 23, 23, 8, 23, 21, 8, 12, 8, 12, 23, 10, 22, 8, 20, 21, 11]","['elu', 'elu', 'elu', 'sigmoid', 'sigmoid', 'tanh', 'elu', 'swish', 'tanh', 'elu', 'swish', 'tanh', 'swish', 'elu', 'tanh', 'elu', 'sigmoid', 'elu', 'sigmoid', 'elu', 'elu', 'elu', 'elu']",f00000f606f900f8f900f8d908400940f620e600c0d030,700,Adam,MaxAbsoluteDeviation,1.0153889656066895,1.329541802406311,6.832514899957459
"[23, 8, 8, 23, 8, 23, 8, 23, 23, 8, 23, 21, 8, 12, 8, 12, 23, 10, 22, 8, 20, 21]","['elu', 'elu', 'elu', 'sigmoid', 'sigmoid', 'tanh', 'elu', 'swish', 'tanh', 'elu', 'swish', 'tanh', 'swish', 'elu', 'tanh', 'elu', 'sigmoid', 'elu', 'sigmoid', 'elu', 'elu', 'elu']",f00000f606f900f8f900f8d908400940f620e600c0d0,700,Adam,MaxAbsoluteDeviation,1.061543345451355,1.241233468055725,10.796569300000556
"[23, 8, 8, 23, 8, 23, 8, 23, 23, 8, 23, 21, 8, 12, 8, 12, 23, 10, 22, 8, 20, 21]","['elu', 'elu', 'elu', 'sigmoid', 'sigmoid', 'tanh', 'elu', 'swish', 'tanh', 'elu', 'swish', 'tanh', 'swish', 'elu', 'tanh', 'elu', 'sigmoid', 'elu', 'tanh', 'elu', 'elu', 'elu']",f00000f606f900f8f900f8d908400940f620e900c0d0,700,Adam,MaxAbsoluteDeviation,1.0313316583633423,1.1064051389694214,10.690817399998195
"[23, 8, 8, 23, 23, 23, 8, 23, 23, 8, 23, 21, 8, 12, 8, 12, 23, 10, 22, 8, 20, 21]","['elu', 'elu', 'elu', 'sigmoid', 'sigmoid', 'tanh', 'elu', 'swish', 'tanh', 'elu', 'swish', 'tanh', 'swish', 'elu', 'tanh', 'elu', 'sigmoid', 'elu', 'tanh', 'elu', 'elu', 'elu']",f00000f6f6f900f8f900f8d908400940f620e900c0d0,700,Adam,MaxAbsoluteDeviation,1.0953665971755981,1.069270372390747,10.555338400008623
"[23, 8, 8, 23, 23, 23, 8, 23, 23, 8, 23, 21, 8, 12, 8, 12, 23, 10, 22, 8, 20, 21]","['elu', 'elu', 'elu', 'sigmoid', 'sigmoid', 'tanh', 'elu', 'swish', 'tanh', 'elu', 'swish', 'tanh', 'swish', 'elu', 'tanh', 'elu', 'sigmoid', 'elu', 'tanh', 'elu', 'elu', 'elu']",f00000f6f6f900f8f900f8d908400940f620e900c0d0,100,Adam,MaxAbsoluteDeviation,1.3288501501083374,1.05068838596344,2.9693358999793418
"[23, 8, 8, 23, 23, 23, 8, 23, 23, 8, 23, 21, 8, 12, 8, 12, 23, 10, 22, 8, 20, 21]","['elu', 'tanh', 'elu', 'sigmoid', 'swish', 'tanh', 'elu', 'swish', 'tanh', 'elu', 'swish', 'tanh', 'swish', 'elu', 'tanh', 'elu', 'sigmoid', 'elu', 'tanh', 'elu', 'elu', 'elu']",f00900f6f8f900f8f900f8d908400940f620e900c0d0,700,Adam,MaxAbsoluteDeviation,1.0836663246154785,1.0566387176513672,10.699091300019063
"[23, 8, 8, 23, 23, 23, 8, 23, 8, 8, 23, 21, 8, 12, 8, 12, 23, 10, 22, 8, 20, 21]","['elu', 'tanh', 'elu', 'sigmoid', 'swish', 'tanh', 'elu', 'swish', 'tanh', 'elu', 'swish', 'tanh', 'swish', 'elu', 'tanh', 'elu', 'sigmoid', 'elu', 'tanh', 'elu', 'elu', 'elu']",f00900f6f8f900f80900f8d908400940f620e900c0d0,700,Adam,MaxAbsoluteDeviation,0.9840807318687439,1.1139081716537476,10.64200950000668
"[23, 8, 8, 23, 23, 23, 8, 23, 8, 8, 23, 21, 8, 12, 8, 12, 23, 10, 22, 8, 20, 21]","['elu', 'tanh', 'elu', 'sigmoid', 'swish', 'tanh', 'elu', 'swish', 'tanh', 'elu', 'swish', 'tanh', 'swish', 'elu', 'tanh', 'elu', 'sigmoid', 'elu', 'tanh', 'elu', 'elu', 'elu']",f00900f6f8f900f80900f8d908400940f620e900c0d0,700,Adam,MaxAbsoluteDeviation,1.1277977228164673,1.0952188968658447,10.576713599963114
"[23, 8, 8, 23, 23, 23, 8, 23, 8, 8, 23, 21, 8, 12, 8, 12, 23, 10, 22, 8, 20, 21]","['elu', 'tanh', 'elu', 'sigmoid', 'swish', 'tanh', 'elu', 'swish', 'tanh', 'elu', 'swish', 'tanh', 'swish', 'elu', 'tanh', 'elu', 'sigmoid', 'elu', 'tanh', 'elu', 'elu', 'elu']",f00900f6f8f900f80900f8d908400940f620e900c0d0,273,Adam,MaxAbsoluteDeviation,1.0205000638961792,1.2514091730117798,5.096149699995294
"[23, 8, 8, 23, 23, 23, 8, 23, 8, 8, 23, 21, 8, 12, 8, 12, 23, 10, 22, 8, 20]","['elu', 'tanh', 'elu', 'sigmoid', 'swish', 'tanh', 'elu', 'swish', 'tanh', 'elu', 'swish', 'tanh', 'swish', 'elu', 'tanh', 'elu', 'sigmoid', 'elu', 'tanh', 'elu', 'elu']",f00900f6f8f900f80900f8d908400940f620e900c0,273,Adam,MaxAbsoluteDeviation,1.0097227096557617,1.0092058181762695,12.935102200019173
"[23, 8, 8, 23, 23, 23, 8, 23, 8, 8, 23, 21, 8, 12, 8, 12, 23, 10, 22, 8, 20]","['elu', 'tanh', 'elu', 'sigmoid', 'elu', 'tanh', 'elu', 'swish', 'tanh', 'elu', 'swish', 'tanh', 'swish', 'elu', 'tanh', 'elu', 'sigmoid', 'elu', 'tanh', 'elu', 'elu']",f00900f6f0f900f80900f8d908400940f620e900c0,273,Adam,MaxAbsoluteDeviation,1.0219439268112183,1.0658342838287354,5.4016355000203475
"[23, 8, 8, 23, 23, 23, 8, 23, 8, 8, 23, 21, 8, 12, 8, 12, 23, 10, 22, 8, 20]","['elu', 'tanh', 'elu', 'sigmoid', 'elu', 'tanh', 'elu', 'swish', 'tanh', 'elu', 'swish', 'tanh', 'swish', 'elu', 'tanh', 'elu', 'sigmoid', 'elu', 'tanh', 'elu', 'elu']",f00900f6f0f900f80900f8d908400940f620e900c0,273,Adam,MaxAbsoluteDeviation,1.2619506120681763,1.3836655616760254,5.338915199972689
"[23, 8, 8, 23, 23, 23, 8, 23, 8, 8, 23, 21, 8, 12, 8, 12, 23, 10, 22, 8, 20]","['elu', 'tanh', 'elu', 'sigmoid', 'elu', 'tanh', 'elu', 'swish', 'tanh', 'elu', 'swish', 'tanh', 'swish', 'elu', 'tanh', 'elu', 'tanh', 'elu', 'tanh', 'elu', 'elu']",f00900f6f0f900f80900f8d908400940f920e900c0,273,Adam,MaxAbsoluteDeviation,1.1074851751327515,1.24870765209198,5.29275849997066
"[23, 8, 8, 23, 23, 23, 8, 23, 8, 8, 23, 21, 8, 12, 8, 12, 23, 10, 22, 8, 20]","['elu', 'tanh', 'elu', 'sigmoid', 'elu', 'tanh', 'elu', 'swish', 'tanh', 'elu', 'swish', 'tanh', 'swish', 'elu', 'tanh', 'elu', 'tanh', 'elu', 'tanh', 'elu', 'elu']",f00900f6f0f900f80900f8d908400940f920e900c0,234,Adam,MaxAbsoluteDeviation,1.047091007232666,1.0814026594161987,4.707802699995227
"[23, 8, 8, 23, 23, 23, 8, 23, 8, 8, 23, 21, 8, 12, 8, 12, 23, 10, 8, 8, 20]","['elu', 'tanh', 'elu', 'sigmoid', 'elu', 'tanh', 'elu', 'swish', 'tanh', 'elu', 'swish', 'tanh', 'swish', 'elu', 'tanh', 'elu', 'tanh', 'elu', 'tanh', 'elu', 'elu']",f00900f6f0f900f80900f8d908400940f9200900c0,234,Adam,MaxAbsoluteDeviation,1.0991288423538208,1.048276662826538,4.748659899982158
"[23, 8, 8, 23, 23, 23, 8, 23, 8, 8, 23, 21, 8, 12, 8, 12, 23, 10, 8, 8, 20]","['elu', 'tanh', 'elu', 'sigmoid', 'elu', 'tanh', 'elu', 'swish', 'tanh', 'elu', 'swish', 'tanh', 'swish', 'elu', 'tanh', 'elu', 'tanh', 'elu', 'tanh', 'elu', 'elu']",f00900f6f0f900f80900f8d908400940f9200900c0,100,Adam,MaxAbsoluteDeviation,1.0001009702682495,1.359837293624878,2.997236800030805
"[23, 8, 8, 23, 23, 23, 8, 23, 8, 8, 23, 21, 8, 12, 8, 12, 23, 10, 8, 8, 20]","['elu', 'tanh', 'elu', 'sigmoid', 'elu', 'tanh', 'elu', 'swish', 'tanh', 'elu', 'swish', 'tanh', 'swish', 'elu', 'tanh', 'elu', 'tanh', 'elu', 'tanh', 'elu', 'elu']",f00900f6f0f900f80900f8d908400940f9200900c0,100,Adam,MaxAbsoluteDeviation,1.1834332942962646,1.1422607898712158,2.987870800017845
"[23, 8, 8, 23, 23, 23, 8, 23, 8, 8, 23, 21, 8, 12, 8, 12, 23, 10, 8, 8, 20]","['elu', 'tanh', 'elu', 'sigmoid', 'elu', 'tanh', 'elu', 'swish', 'tanh', 'elu', 'swish', 'tanh', 'swish', 'elu', 'tanh', 'elu', 'tanh', 'elu', 'tanh', 'elu', 'elu']",f00900f6f0f900f80900f8d908400940f9200900c0,700,Adam,MaxAbsoluteDeviation,1.0200787782669067,1.0732991695404053,11.017595599987544
"[23, 8, 8, 23, 23, 23, 8, 23, 8, 8, 23, 21, 8, 12, 8, 12, 23, 10, 8, 8, 20]","['elu', 'tanh', 'elu', 'sigmoid', 'elu', 'tanh', 'elu', 'swish', 'tanh', 'elu', 'swish', 'tanh', 'swish', 'elu', 'tanh', 'elu', 'tanh', 'elu', 'tanh', 'elu', 'elu']",f00900f6f0f900f80900f8d908400940f9200900c0,700,Adam,MaxAbsoluteDeviation,0.9754937887191772,1.0207581520080566,10.70246150001185
"[23, 8, 8, 23, 23, 23, 8, 23, 8, 8, 23, 21, 8, 12, 8, 12, 23, 10, 8, 8, 20, 12]","['elu', 'tanh', 'elu', 'sigmoid', 'elu', 'tanh', 'elu', 'swish', 'tanh', 'elu', 'swish', 'tanh', 'swish', 'elu', 'tanh', 'elu', 'tanh', 'elu', 'tanh', 'elu', 'elu', 'elu']",f00900f6f0f900f80900f8d908400940f9200900c040,700,Adam,MaxAbsoluteDeviation,0.9659385681152344,1.0182336568832397,11.275462199992035
"[23, 8, 8, 23, 23, 23, 8, 23, 8, 8, 23, 21, 8, 12, 8, 12, 23, 10, 8, 8, 20, 12]","['elu', 'tanh', 'elu', 'sigmoid', 'elu', 'tanh', 'elu', 'swish', 'tanh', 'elu', 'swish', 'tanh', 'swish', 'elu', 'tanh', 'elu', 'tanh', 'elu', 'tanh', 'elu', 'elu', 'elu']",f00900f6f0f900f80900f8d908400940f9200900c040,700,Adam,MaxAbsoluteDeviation,0.9895524382591248,1.106306791305542,11.235080399957951
"[23, 8, 8, 23, 23, 23, 8, 23, 8, 8, 23, 21, 8, 12, 8, 12, 23, 10, 8, 8, 20, 12]","['elu', 'tanh', 'elu', 'sigmoid', 'elu', 'tanh', 'elu', 'swish', 'tanh', 'elu', 'swish', 'tanh', 'swish', 'elu', 'tanh', 'elu', 'tanh', 'elu', 'tanh', 'elu', 'elu', 'elu']",f00900f6f0f900f80900f8d908400940f9200900c040,700,Adam,MaxAbsoluteDeviation,0.9801867604255676,1.011775016784668,11.291244200023357
"[23, 8, 8, 23, 23, 23, 8, 23, 8, 8, 23, 21, 8, 12, 8, 12, 23, 10, 8, 8, 20]","['elu', 'tanh', 'elu', 'sigmoid', 'elu', 'tanh', 'elu', 'swish', 'tanh', 'elu', 'swish', 'tanh', 'swish', 'elu', 'tanh', 'elu', 'tanh', 'elu', 'tanh', 'elu', 'elu']",f00900f6f0f900f80900f8d908400940f9200900c0,700,Adam,MaxAbsoluteDeviation,1.0286670923233032,1.1389644145965576,11.044387300033122
"[23, 8, 8, 23, 23, 23, 8, 23, 8, 8, 23, 21, 8, 12, 8, 12, 23, 10, 8, 8, 20]","['elu', 'tanh', 'elu', 'sigmoid', 'elu', 'tanh', 'elu', 'swish', 'tanh', 'elu', 'swish', 'tanh', 'swish', 'elu', 'tanh', 'elu', 'tanh', 'elu', 'tanh', 'elu', 'elu']",f00900f6f0f900f80900f8d908400940f9200900c0,569,Adam,MaxAbsoluteDeviation,0.968303382396698,1.1665103435516357,9.074054400029127
"[23, 8, 8, 23, 23, 23, 8, 23, 8, 8, 23, 21, 8, 8, 8, 12, 23, 10, 8, 8]","['elu', 'tanh', 'elu', 'sigmoid', 'elu', 'tanh', 'elu', 'swish', 'tanh', 'elu', 'swish', 'tanh', 'swish', 'elu', 'tanh', 'elu', 'tanh', 'elu', 'tanh', 'elu']",f00900f6f0f900f80900f8d908000940f9200900,569,Adam,MaxAbsoluteDeviation,0.9704053997993469,1.0484604835510254,8.696479799982626
"[23, 8, 8, 23, 23, 23, 8, 23, 8, 8, 23, 21, 8, 8, 8, 12, 23, 10, 8]","['elu', 'tanh', 'elu', 'sigmoid', 'elu', 'tanh', 'elu', 'swish', 'tanh', 'elu', 'swish', 'tanh', 'swish', 'elu', 'tanh', 'elu', 'tanh', 'elu', 'tanh']",f00900f6f0f900f80900f8d908000940f92009,569,Adam,MaxAbsoluteDeviation,0.9737327694892883,1.1059949398040771,8.467163800029084
"[23, 8, 8, 23, 23, 23, 8, 23, 8, 8, 23, 21, 8, 8, 8, 12, 23, 10, 8, 16]","['elu', 'tanh', 'elu', 'sigmoid', 'elu', 'tanh', 'elu', 'swish', 'tanh', 'elu', 'swish', 'tanh', 'swish', 'elu', 'tanh', 'elu', 'tanh', 'elu', 'tanh', 'elu']",f00900f6f0f900f80900f8d908000940f9200980,700,Adam,MaxAbsoluteDeviation,0.9640737175941467,1.0642452239990234,10.435004300030414
"[23, 8, 8, 23, 23, 23, 8, 23, 8, 8, 8, 21, 8, 8, 8, 12, 23, 10, 8, 16]","['elu', 'tanh', 'elu', 'sigmoid', 'elu', 'elu', 'elu', 'swish', 'tanh', 'elu', 'swish', 'tanh', 'swish', 'elu', 'tanh', 'elu', 'tanh', 'elu', 'tanh', 'elu']",f00900f6f0f000f8090008d908000940f9200980,700,Adam,MaxAbsoluteDeviation,1.009702444076538,1.039588212966919,10.39872550003929
"[23, 8, 8, 23, 23, 23, 8, 23, 8, 8, 8, 21, 8, 8, 8, 12, 23, 10, 8, 16]","['elu', 'tanh', 'elu', 'sigmoid', 'elu', 'elu', 'elu', 'swish', 'tanh', 'elu', 'swish', 'tanh', 'swish', 'elu', 'tanh', 'elu', 'tanh', 'elu', 'tanh', 'elu']",f00900f6f0f000f8090008d908000940f9200980,700,Adam,MaxAbsoluteDeviation,0.9722421169281006,1.0758525133132935,10.370863599993754
"[23, 8, 8, 23, 23, 23, 8, 23, 8, 8, 8, 21, 8, 8, 8, 12, 23, 10, 8, 16]","['elu', 'tanh', 'elu', 'sigmoid', 'elu', 'elu', 'elu', 'swish', 'tanh', 'elu', 'swish', 'tanh', 'swish', 'elu', 'tanh', 'elu', 'tanh', 'elu', 'tanh', 'elu']",f00900f6f0f000f8090008d908000940f9200980,445,Adam,MaxAbsoluteDeviation,0.9889935255050659,1.1871337890625,7.130376200017054
"[23, 8, 8, 23, 23, 23, 8, 23, 8, 23, 8, 21, 8, 8, 8, 12, 23, 10, 8, 16]","['elu', 'tanh', 'elu', 'sigmoid', 'elu', 'elu', 'elu', 'swish', 'tanh', 'elu', 'swish', 'tanh', 'swish', 'elu', 'tanh', 'elu', 'tanh', 'elu', 'tanh', 'elu']",f00900f6f0f000f809f008d908000940f9200980,445,Adam,MaxAbsoluteDeviation,0.9805077910423279,1.0445414781570435,7.079992100014351
"[23, 23, 8, 23, 23, 23, 8, 23, 8, 23, 8, 21, 8, 8, 8, 12, 23, 10, 8, 16]","['elu', 'tanh', 'elu', 'sigmoid', 'elu', 'elu', 'elu', 'swish', 'tanh', 'elu', 'swish', 'tanh', 'swish', 'elu', 'tanh', 'elu', 'tanh', 'elu', 'tanh', 'elu']",f0f900f6f0f000f809f008d908000940f9200980,445,Adam,MaxAbsoluteDeviation,0.9610698223114014,1.0490612983703613,7.061204700032249
"[23, 23, 8, 23, 23, 23, 8, 23, 8, 23, 8, 21, 8, 8, 8, 12, 23, 10, 8, 16]","['elu', 'tanh', 'elu', 'sigmoid', 'elu', 'elu', 'elu', 'swish', 'tanh', 'elu', 'swish', 'tanh', 'swish', 'elu', 'tanh', 'elu', 'tanh', 'elu', 'tanh', 'elu']",f0f900f6f0f000f809f008d908000940f9200980,100,Adam,MaxAbsoluteDeviation,1.0504037141799927,1.0750763416290283,2.8409894999931566
"[23, 23, 8, 23, 23, 23, 8, 23, 8, 23, 8, 21, 8, 8, 8, 12, 23, 10, 8, 16, 11]","['elu', 'tanh', 'elu', 'sigmoid', 'elu', 'elu', 'elu', 'swish', 'tanh', 'elu', 'elu', 'tanh', 'swish', 'elu', 'tanh', 'elu', 'tanh', 'elu', 'tanh', 'elu', 'tanh']",f0f900f6f0f000f809f000d908000940f920098039,100,Adam,MaxAbsoluteDeviation,0.9790282249450684,1.0646110773086548,2.9374664000351913
"[23, 23, 8, 23, 23, 23, 8, 23, 8, 23, 8, 21, 8, 8, 8, 12, 23, 10, 8, 16]","['elu', 'tanh', 'elu', 'sigmoid', 'elu', 'elu', 'elu', 'swish', 'tanh', 'elu', 'elu', 'tanh', 'swish', 'elu', 'tanh', 'elu', 'tanh', 'elu', 'tanh', 'elu']",f0f900f6f0f000f809f000d908000940f9200980,100,Adam,MaxAbsoluteDeviation,1.1374876499176025,1.3468642234802246,2.7893787999637425
"[23, 23, 8, 23, 23, 23, 8, 23, 8, 23, 8, 21, 8, 8, 8, 12, 23, 10, 8, 16]","['elu', 'tanh', 'elu', 'sigmoid', 'elu', 'elu', 'elu', 'swish', 'tanh', 'elu', 'elu', 'tanh', 'swish', 'elu', 'tanh', 'elu', 'tanh', 'elu', 'tanh', 'elu']",f0f900f6f0f000f809f000d908000940f9200980,700,Adam,MaxAbsoluteDeviation,1.0509033203125,1.1068470478057861,10.22438339999644
"[23, 23, 8, 23, 23, 23, 8, 23, 8, 23, 8, 21, 8, 8, 8, 12, 23, 10, 8]","['elu', 'tanh', 'elu', 'sigmoid', 'elu', 'elu', 'elu', 'swish', 'tanh', 'elu', 'elu', 'tanh', 'swish', 'elu', 'tanh', 'elu', 'tanh', 'elu', 'tanh']",f0f900f6f0f000f809f000d908000940f92009,700,Adam,MaxAbsoluteDeviation,0.968248724937439,1.0324740409851074,9.81212570000207
"[23, 23, 8, 23, 23, 23, 8, 23, 8, 23, 8, 21, 8, 8, 8, 12, 23, 10, 8]","['elu', 'tanh', 'swish', 'sigmoid', 'elu', 'elu', 'elu', 'swish', 'tanh', 'elu', 'elu', 'tanh', 'swish', 'elu', 'tanh', 'elu', 'tanh', 'elu', 'tanh']",f0f908f6f0f000f809f000d908000940f92009,700,Adam,MaxAbsoluteDeviation,0.9793667793273926,1.0734326839447021,9.858412400004454
"[23, 23, 8, 23, 23, 23, 8, 23, 8, 23, 8, 21, 8, 8, 8, 12, 23, 10, 8]","['elu', 'tanh', 'swish', 'sigmoid', 'elu', 'elu', 'elu', 'swish', 'tanh', 'elu', 'elu', 'tanh', 'swish', 'elu', 'tanh', 'elu', 'tanh', 'elu', 'tanh']",f0f908f6f0f000f809f000d908000940f92009,700,Adam,MaxAbsoluteDeviation,0.95915687084198,1.0617783069610596,9.908515100018121
"[23, 23, 8, 23, 23, 23, 8, 23, 8, 23, 8, 21, 8, 8, 8, 12, 23, 10, 8]","['elu', 'tanh', 'swish', 'sigmoid', 'elu', 'elu', 'elu', 'swish', 'tanh', 'elu', 'elu', 'tanh', 'swish', 'elu', 'tanh', 'elu', 'tanh', 'elu', 'tanh']",f0f908f6f0f000f809f000d908000940f92009,590,Adam,MaxAbsoluteDeviation,0.9773628115653992,1.089786410331726,8.594954800035339
"[23, 23, 8, 23, 23, 23, 8, 23, 8, 23, 23, 21, 8, 8, 8, 12, 23, 10, 8]","['elu', 'tanh', 'swish', 'sigmoid', 'elu', 'elu', 'elu', 'swish', 'tanh', 'elu', 'elu', 'tanh', 'swish', 'elu', 'tanh', 'elu', 'tanh', 'elu', 'tanh']",f0f908f6f0f000f809f0f0d908000940f92009,590,Adam,MaxAbsoluteDeviation,0.9732513427734375,1.0394766330718994,8.426773599989247
"[23, 23, 8, 23, 23, 23, 8, 23, 8, 23, 23, 21, 8, 8, 8, 12, 23, 10, 8, 12]","['elu', 'tanh', 'swish', 'sigmoid', 'elu', 'elu', 'elu', 'swish', 'tanh', 'elu', 'elu', 'tanh', 'swish', 'elu', 'tanh', 'elu', 'tanh', 'elu', 'tanh', 'sigmoid']",f0f908f6f0f000f809f0f0d908000940f9200946,590,Adam,MaxAbsoluteDeviation,0.979595959186554,1.006227970123291,8.82722489995649
"[23, 23, 8, 23, 23, 23, 8, 23, 8, 23, 23, 21, 8, 8, 8, 12, 23, 10, 8, 12]","['elu', 'tanh', 'swish', 'sigmoid', 'elu', 'elu', 'elu', 'swish', 'tanh', 'elu', 'swish', 'tanh', 'swish', 'elu', 'tanh', 'elu', 'tanh', 'elu', 'tanh', 'sigmoid']",f0f908f6f0f000f809f0f8d908000940f9200946,590,Adam,MaxAbsoluteDeviation,0.9447212815284729,1.1302472352981567,8.805374399991706
"[23, 23, 8, 23, 23, 23, 8, 23, 8, 23, 23, 21, 8, 8, 8, 12, 23, 23, 8, 12]","['elu', 'tanh', 'swish', 'sigmoid', 'elu', 'elu', 'elu', 'swish', 'tanh', 'elu', 'swish', 'tanh', 'swish', 'elu', 'tanh', 'elu', 'tanh', 'elu', 'tanh', 'sigmoid']",f0f908f6f0f000f809f0f8d908000940f9f00946,100,Adam,MaxAbsoluteDeviation,0.9814163446426392,1.0732134580612183,2.839448300015647
"[8, 23, 8, 23, 23, 23, 8, 23, 8, 23, 23, 21, 8, 8, 8, 12, 23, 23, 8, 12]","['elu', 'tanh', 'swish', 'sigmoid', 'elu', 'elu', 'elu', 'swish', 'tanh', 'elu', 'swish', 'tanh', 'swish', 'elu', 'tanh', 'elu', 'tanh', 'elu', 'tanh', 'sigmoid']",00f908f6f0f000f809f0f8d908000940f9f00946,100,Adam,MaxAbsoluteDeviation,0.9866552948951721,1.119999885559082,2.7994903000071645
"[8, 23, 8, 23, 23, 23, 8, 23, 8, 23, 23, 21, 8, 8, 8, 12, 23, 23, 8, 8]","['elu', 'tanh', 'swish', 'sigmoid', 'elu', 'elu', 'elu', 'swish', 'tanh', 'elu', 'swish', 'tanh', 'swish', 'elu', 'tanh', 'elu', 'tanh', 'elu', 'tanh', 'sigmoid']",00f908f6f0f000f809f0f8d908000940f9f00906,100,Adam,MaxAbsoluteDeviation,0.9760019779205322,1.0325534343719482,2.810169899952598
"[8, 23, 8, 23, 23, 23, 8, 23, 8, 23, 23, 21, 8, 8, 8, 12, 23, 23, 8, 8]","['elu', 'tanh', 'swish', 'sigmoid', 'elu', 'elu', 'elu', 'swish', 'tanh', 'elu', 'swish', 'tanh', 'swish', 'elu', 'tanh', 'elu', 'tanh', 'elu', 'tanh', 'sigmoid']",00f908f6f0f000f809f0f8d908000940f9f00906,100,Adam,MaxAbsoluteDeviation,0.967477560043335,1.153364658355713,2.822900299972389
"[8, 23, 8, 23, 23, 23, 8, 23, 8, 23, 23, 21, 8, 8, 8, 12, 23, 23, 8, 8]","['elu', 'tanh', 'swish', 'sigmoid', 'elu', 'elu', 'elu', 'swish', 'tanh', 'elu', 'swish', 'tanh', 'swish', 'elu', 'tanh', 'elu', 'tanh', 'elu', 'tanh', 'sigmoid']",00f908f6f0f000f809f0f8d908000940f9f00906,100,Adam,MaxAbsoluteDeviation,0.9669550061225891,1.0398072004318237,2.8290844000293873
"[8, 23, 8, 23, 23, 23, 8, 23, 8, 23, 23, 21, 8, 8, 8, 12, 23, 23, 23, 8]","['elu', 'tanh', 'swish', 'sigmoid', 'elu', 'elu', 'elu', 'swish', 'tanh', 'elu', 'swish', 'tanh', 'swish', 'elu', 'tanh', 'elu', 'tanh', 'elu', 'tanh', 'sigmoid']",00f908f6f0f000f809f0f8d908000940f9f0f906,100,Adam,MaxAbsoluteDeviation,0.9993441700935364,1.0676405429840088,2.794820500013884
"[8, 23, 8, 23, 23, 23, 8, 23, 8, 23, 23, 21, 8, 8, 8, 12, 23, 23, 23, 8]","['elu', 'tanh', 'swish', 'sigmoid', 'elu', 'elu', 'elu', 'swish', 'tanh', 'elu', 'swish', 'tanh', 'swish', 'elu', 'tanh', 'elu', 'tanh', 'elu', 'tanh', 'sigmoid']",00f908f6f0f000f809f0f8d908000940f9f0f906,700,Adam,MaxAbsoluteDeviation,0.9588100910186768,1.0608890056610107,10.159766800003126
"[8, 23, 8, 23, 23, 23, 8, 23, 8, 23, 23, 21, 8, 8, 8, 12, 23, 23, 23, 8, 22]","['elu', 'tanh', 'swish', 'sigmoid', 'elu', 'elu', 'elu', 'swish', 'tanh', 'elu', 'swish', 'tanh', 'swish', 'elu', 'tanh', 'elu', 'tanh', 'elu', 'tanh', 'sigmoid', 'swish']",00f908f6f0f000f809f0f8d908000940f9f0f906e8,700,Adam,MaxAbsoluteDeviation,0.9885632395744324,1.1012659072875977,10.346194900048431
"[8, 23, 8, 23, 23, 23, 8, 23, 8, 23, 23, 21, 8, 8, 8, 12, 23, 23, 23, 8, 22, 12]","['elu', 'tanh', 'swish', 'sigmoid', 'elu', 'elu', 'elu', 'swish', 'tanh', 'elu', 'swish', 'tanh', 'swish', 'elu', 'tanh', 'elu', 'tanh', 'elu', 'tanh', 'sigmoid', 'swish', 'swish']",00f908f6f0f000f809f0f8d908000940f9f0f906e848,700,Adam,MaxAbsoluteDeviation,0.9747725129127502,1.073401927947998,10.733847700001206
"[8, 23, 8, 23, 23, 23, 8, 23, 8, 23, 23, 21, 8, 8, 8, 12, 23, 23, 23, 8, 22, 12]","['elu', 'tanh', 'swish', 'sigmoid', 'elu', 'elu', 'elu', 'swish', 'tanh', 'elu', 'swish', 'tanh', 'swish', 'elu', 'tanh', 'elu', 'tanh', 'elu', 'tanh', 'sigmoid', 'swish', 'swish']",00f908f6f0f000f809f0f8d908000940f9f0f906e848,700,Adam,MaxAbsoluteDeviation,0.9595966935157776,1.0852539539337158,10.602955400012434
"[8, 23, 8, 23, 23, 23, 8, 23, 8, 23, 23, 23, 8, 8, 8, 12, 23, 23, 23, 8, 22, 12]","['elu', 'tanh', 'swish', 'sigmoid', 'elu', 'elu', 'elu', 'swish', 'tanh', 'elu', 'swish', 'tanh', 'swish', 'elu', 'tanh', 'elu', 'tanh', 'elu', 'tanh', 'sigmoid', 'swish', 'swish']",00f908f6f0f000f809f0f8f908000940f9f0f906e848,700,Adam,MaxAbsoluteDeviation,1.0409376621246338,1.1323304176330566,10.681250400026329
"[8, 23, 8, 23, 23, 23, 8, 23, 8, 23, 23, 23, 8, 8, 8, 12, 23, 23, 23, 8, 22, 12]","['elu', 'tanh', 'swish', 'sigmoid', 'elu', 'elu', 'elu', 'swish', 'tanh', 'elu', 'swish', 'tanh', 'swish', 'elu', 'tanh', 'elu', 'tanh', 'elu', 'tanh', 'sigmoid', 'swish', 'swish']",00f908f6f0f000f809f0f8f908000940f9f0f906e848,452,Adam,MaxAbsoluteDeviation,0.9725552201271057,1.0610249042510986,7.443532800010871
"[8, 23, 8, 23, 23, 23, 8, 23, 8, 23, 23, 23, 8, 8, 8, 12, 23, 23, 23, 8, 22, 12]","['elu', 'tanh', 'swish', 'sigmoid', 'elu', 'elu', 'elu', 'swish', 'tanh', 'elu', 'swish', 'tanh', 'swish', 'elu', 'tanh', 'elu', 'tanh', 'elu', 'tanh', 'sigmoid', 'swish', 'swish']",00f908f6f0f000f809f0f8f908000940f9f0f906e848,452,Adam,MaxAbsoluteDeviation,0.9586388468742371,1.0682849884033203,7.442935500002932
"[8, 23, 8, 23, 23, 23, 8, 23, 8, 23, 23, 23, 8, 8, 8, 12, 23, 23, 23, 8, 22, 12]","['elu', 'tanh', 'swish', 'sigmoid', 'elu', 'elu', 'elu', 'swish', 'tanh', 'elu', 'swish', 'tanh', 'swish', 'elu', 'tanh', 'elu', 'tanh', 'elu', 'tanh', 'sigmoid', 'swish', 'swish']",00f908f6f0f000f809f0f8f908000940f9f0f906e848,135,Adam,MaxAbsoluteDeviation,0.9870378375053406,1.090166687965393,3.4659080000128597
"[8, 23, 8, 23, 23, 23, 23, 23, 8, 23, 23, 23, 8, 8, 8, 12, 23, 23, 23, 8, 22, 12]","['elu', 'tanh', 'swish', 'sigmoid', 'elu', 'elu', 'elu', 'swish', 'tanh', 'elu', 'swish', 'tanh', 'swish', 'elu', 'tanh', 'elu', 'tanh', 'elu', 'tanh', 'sigmoid', 'swish', 'swish']",00f908f6f0f0f0f809f0f8f908000940f9f0f906e848,135,Adam,MaxAbsoluteDeviation,0.9736031889915466,1.070838212966919,3.430743100005202
"[8, 23, 8, 23, 23, 23, 23, 23, 8, 23, 23, 23, 8, 8, 8, 12, 23, 23, 23, 8, 22, 12]","['elu', 'tanh', 'elu', 'sigmoid', 'elu', 'elu', 'elu', 'swish', 'tanh', 'elu', 'swish', 'tanh', 'swish', 'elu', 'tanh', 'elu', 'tanh', 'elu', 'tanh', 'sigmoid', 'swish', 'swish']",00f900f6f0f0f0f809f0f8f908000940f9f0f906e848,100,Adam,MaxAbsoluteDeviation,0.9696244597434998,1.0069074630737305,2.976352100027725
"[8, 23, 8, 23, 23, 23, 23, 23, 8, 23, 23, 23, 8, 8, 23, 12, 23, 23, 23, 8, 22, 12]","['elu', 'tanh', 'elu', 'sigmoid', 'elu', 'elu', 'elu', 'swish', 'tanh', 'elu', 'swish', 'tanh', 'swish', 'elu', 'tanh', 'elu', 'tanh', 'elu', 'tanh', 'sigmoid', 'swish', 'swish']",00f900f6f0f0f0f809f0f8f90800f940f9f0f906e848,100,Adam,MaxAbsoluteDeviation,0.9884126782417297,1.0240604877471924,2.9826895000296645
"[8, 23, 8, 23, 23, 23, 23, 23, 8, 23, 23, 23, 8, 8, 23, 12, 23, 23, 23, 8, 22]","['elu', 'tanh', 'elu', 'sigmoid', 'elu', 'elu', 'elu', 'swish', 'tanh', 'elu', 'swish', 'tanh', 'swish', 'elu', 'tanh', 'elu', 'tanh', 'elu', 'tanh', 'sigmoid', 'swish']",00f900f6f0f0f0f809f0f8f90800f940f9f0f906e8,100,Adam,MaxAbsoluteDeviation,0.9441839456558228,1.0137147903442383,2.832223899953533
"[8, 23, 8, 23, 23, 23, 23, 23, 8, 23, 23, 23, 8, 8, 23, 12, 23, 23, 23, 8, 22]","['elu', 'tanh', 'elu', 'sigmoid', 'elu', 'elu', 'elu', 'swish', 'tanh', 'elu', 'swish', 'tanh', 'swish', 'elu', 'tanh', 'elu', 'tanh', 'elu', 'tanh', 'sigmoid', 'swish']",00f900f6f0f0f0f809f0f8f90800f940f9f0f906e8,100,Adam,MaxAbsoluteDeviation,1.0310848951339722,1.029909372329712,2.860101099999156
"[8, 23, 8, 23, 23, 23, 23, 23, 8, 23, 23, 23, 8, 8, 23, 12, 23, 23, 23, 8, 22, 12, 20]","['elu', 'tanh', 'elu', 'sigmoid', 'elu', 'elu', 'elu', 'swish', 'tanh', 'elu', 'swish', 'tanh', 'swish', 'elu', 'tanh', 'elu', 'tanh', 'elu', 'tanh', 'sigmoid', 'swish', 'tanh', 'elu']",00f900f6f0f0f0f809f0f8f90800f940f9f0f906e849c0,100,Adam,MaxAbsoluteDeviation,1.1965231895446777,1.0762107372283936,3.151657200010959
"[8, 23, 8, 23, 23, 23, 23, 23, 8, 23, 23, 23, 8, 8, 23, 12, 23, 23, 23, 8, 22, 12, 20, 16]","['elu', 'tanh', 'elu', 'sigmoid', 'elu', 'elu', 'elu', 'swish', 'tanh', 'elu', 'swish', 'tanh', 'swish', 'elu', 'tanh', 'elu', 'tanh', 'elu', 'tanh', 'sigmoid', 'swish', 'tanh', 'elu', 'tanh']",00f900f6f0f0f0f809f0f8f90800f940f9f0f906e849c089,100,Adam,MaxAbsoluteDeviation,0.9729478359222412,1.0926926136016846,3.1497895999928005
"[8, 23, 8, 23, 23, 23, 23, 23, 8, 23, 23, 23, 8, 8, 23, 12, 23, 23, 23, 8, 22, 12, 20, 16]","['elu', 'tanh', 'elu', 'sigmoid', 'elu', 'elu', 'elu', 'swish', 'tanh', 'elu', 'swish', 'tanh', 'swish', 'elu', 'tanh', 'elu', 'tanh', 'elu', 'tanh', 'sigmoid', 'swish', 'tanh', 'elu', 'tanh']",00f900f6f0f0f0f809f0f8f90800f940f9f0f906e849c089,700,Adam,MaxAbsoluteDeviation,0.9808584451675415,1.1606173515319824,11.00907890003873
"[8, 23, 8, 23, 23, 23, 23, 23, 8, 23, 23, 23, 8, 8, 23, 12, 23, 23, 23, 8, 22, 12, 20, 16]","['elu', 'tanh', 'elu', 'sigmoid', 'elu', 'elu', 'elu', 'swish', 'tanh', 'elu', 'swish', 'tanh', 'swish', 'elu', 'tanh', 'elu', 'tanh', 'elu', 'tanh', 'sigmoid', 'swish', 'tanh', 'elu', 'tanh']",00f900f6f0f0f0f809f0f8f90800f940f9f0f906e849c089,700,Adam,MaxAbsoluteDeviation,0.9534478783607483,1.0374830961227417,11.12830219999887
"[8, 23, 8, 23, 23, 23, 23, 23, 8, 23, 23, 23, 8, 8, 23, 12, 23, 23, 23, 8, 22, 12, 20]","['elu', 'tanh', 'elu', 'sigmoid', 'elu', 'elu', 'elu', 'swish', 'tanh', 'elu', 'swish', 'tanh', 'swish', 'elu', 'tanh', 'elu', 'tanh', 'elu', 'tanh', 'sigmoid', 'elu', 'tanh', 'elu']",00f900f6f0f0f0f809f0f8f90800f940f9f0f906e049c0,700,Adam,MaxAbsoluteDeviation,0.941161036491394,1.0949177742004395,10.690566000004765
"[8, 23, 8, 23, 23, 23, 23, 23, 8, 23, 23, 23, 8, 8, 23, 12, 23, 23, 23, 8, 22, 12, 20]","['elu', 'tanh', 'elu', 'sigmoid', 'elu', 'elu', 'elu', 'swish', 'tanh', 'elu', 'swish', 'sigmoid', 'swish', 'elu', 'tanh', 'elu', 'tanh', 'elu', 'tanh', 'sigmoid', 'elu', 'tanh', 'elu']",00f900f6f0f0f0f809f0f8f60800f940f9f0f906e049c0,700,Adam,MaxAbsoluteDeviation,0.9721006751060486,1.0761021375656128,10.518945600022562
"[8, 23, 8, 23, 23, 23, 23, 23, 8, 23, 23, 23, 8, 8, 23, 12, 23, 23, 23, 8, 22, 12, 20]","['elu', 'tanh', 'elu', 'sigmoid', 'elu', 'elu', 'elu', 'swish', 'tanh', 'elu', 'swish', 'sigmoid', 'swish', 'elu', 'tanh', 'elu', 'tanh', 'elu', 'tanh', 'sigmoid', 'elu', 'tanh', 'elu']",00f900f6f0f0f0f809f0f8f60800f940f9f0f906e049c0,700,Adam,MaxAbsoluteDeviation,0.9889832139015198,1.1254684925079346,10.589909699978307
"[8, 23, 8, 23, 23, 23, 23, 23, 8, 23, 23, 23, 8, 8, 23, 12, 23, 23, 23, 8, 22, 12, 20, 9]","['elu', 'tanh', 'elu', 'sigmoid', 'elu', 'elu', 'elu', 'swish', 'tanh', 'elu', 'swish', 'sigmoid', 'swish', 'elu', 'tanh', 'elu', 'sigmoid', 'elu', 'tanh', 'sigmoid', 'elu', 'tanh', 'elu', 'sigmoid']",00f900f6f0f0f0f809f0f8f60800f940f6f0f906e049c016,700,Adam,MaxAbsoluteDeviation,0.9758246541023254,1.070940613746643,10.854208500008099
"[8, 23, 8, 23, 23, 23, 23, 23, 8, 23, 23, 23, 8, 8, 23, 12, 23, 23, 23, 8, 22, 12, 20]","['elu', 'tanh', 'elu', 'sigmoid', 'elu', 'elu', 'elu', 'swish', 'tanh', 'elu', 'swish', 'sigmoid', 'swish', 'elu', 'tanh', 'elu', 'sigmoid', 'elu', 'tanh', 'sigmoid', 'elu', 'tanh', 'elu']",00f900f6f0f0f0f809f0f8f60800f940f6f0f906e049c0,497,Adam,MaxAbsoluteDeviation,0.9606817364692688,1.0618845224380493,7.968738499970641
"[8, 23, 8, 23, 23, 23, 23, 23, 8, 23, 23, 23, 8, 8, 23, 12, 23, 23, 23, 8, 22, 12, 20, 9]","['elu', 'tanh', 'elu', 'sigmoid', 'elu', 'elu', 'elu', 'swish', 'tanh', 'elu', 'swish', 'sigmoid', 'swish', 'elu', 'tanh', 'elu', 'sigmoid', 'elu', 'tanh', 'sigmoid', 'elu', 'tanh', 'elu', 'tanh']",00f900f6f0f0f0f809f0f8f60800f940f6f0f906e049c019,497,Adam,MaxAbsoluteDeviation,0.9846009612083435,1.0726407766342163,17.271812499966472
"[8, 23, 8, 23, 23, 23, 23, 23, 8, 23, 23, 23, 8, 8, 23, 12, 23, 23, 23, 8, 22, 12, 20]","['elu', 'tanh', 'elu', 'sigmoid', 'elu', 'elu', 'elu', 'swish', 'tanh', 'elu', 'swish', 'sigmoid', 'swish', 'elu', 'tanh', 'elu', 'sigmoid', 'elu', 'tanh', 'sigmoid', 'elu', 'tanh', 'elu']",00f900f6f0f0f0f809f0f8f60800f940f6f0f906e049c0,497,Adam,MaxAbsoluteDeviation,1.0555415153503418,1.147001028060913,9.198567699990235
"[8, 23, 8, 23, 23, 23, 23, 23, 8, 23, 23, 23, 8, 8, 23, 12, 23, 23, 23, 8, 22, 12, 20]","['elu', 'tanh', 'elu', 'sigmoid', 'elu', 'elu', 'elu', 'swish', 'tanh', 'elu', 'swish', 'sigmoid', 'swish', 'elu', 'tanh', 'elu', 'sigmoid', 'elu', 'tanh', 'sigmoid', 'elu', 'tanh', 'elu']",00f900f6f0f0f0f809f0f8f60800f940f6f0f906e049c0,497,Adam,MaxAbsoluteDeviation,0.9606359601020813,1.1377811431884766,9.234125899965875
"[8, 23, 8, 23, 23, 23, 23, 23, 8, 23, 23, 23, 8, 8, 23, 12, 23, 23, 23, 8, 22, 12]","['elu', 'tanh', 'elu', 'sigmoid', 'elu', 'elu', 'elu', 'swish', 'tanh', 'elu', 'swish', 'sigmoid', 'swish', 'elu', 'tanh', 'elu', 'sigmoid', 'elu', 'tanh', 'sigmoid', 'elu', 'tanh']",00f900f6f0f0f0f809f0f8f60800f940f6f0f906e049,497,Adam,MaxAbsoluteDeviation,0.9778057932853699,1.0913877487182617,8.829421099973843
"[8, 23, 8, 23, 23, 23, 23, 23, 8, 23, 23, 23, 8, 8, 23, 12, 23, 23, 23, 8, 22, 12]","['elu', 'tanh', 'elu', 'sigmoid', 'elu', 'elu', 'elu', 'swish', 'tanh', 'elu', 'swish', 'sigmoid', 'swish', 'elu', 'tanh', 'elu', 'sigmoid', 'elu', 'tanh', 'sigmoid', 'elu', 'tanh']",00f900f6f0f0f0f809f0f8f60800f940f6f0f906e049,700,Adam,MaxAbsoluteDeviation,0.9779235124588013,1.0316557884216309,11.736487599962857
"[8, 23, 8, 23, 23, 23, 23, 23, 8, 23, 23, 23, 8, 8, 23, 12, 23, 23, 23, 8, 22]","['elu', 'tanh', 'elu', 'sigmoid', 'elu', 'elu', 'elu', 'swish', 'tanh', 'elu', 'swish', 'sigmoid', 'swish', 'elu', 'tanh', 'elu', 'sigmoid', 'elu', 'tanh', 'sigmoid', 'elu']",00f900f6f0f0f0f809f0f8f60800f940f6f0f906e0,700,Adam,MaxAbsoluteDeviation,0.9653630256652832,1.0370664596557617,11.237188999948557
"[8, 23, 8, 23, 23, 23, 23, 23, 8, 23, 23, 23, 8, 8, 23, 12, 23, 23, 23, 8, 22]","['elu', 'tanh', 'elu', 'sigmoid', 'elu', 'elu', 'elu', 'swish', 'tanh', 'elu', 'swish', 'sigmoid', 'swish', 'elu', 'tanh', 'elu', 'sigmoid', 'elu', 'tanh', 'sigmoid', 'elu']",00f900f6f0f0f0f809f0f8f60800f940f6f0f906e0,700,Adam,MaxAbsoluteDeviation,0.993050217628479,1.0032339096069336,11.208567399997264
"[8, 23, 8, 23, 23, 23, 23, 23, 8, 23, 23, 23, 8, 8, 23, 12, 23, 23, 23, 8, 22]","['elu', 'tanh', 'elu', 'sigmoid', 'elu', 'elu', 'elu', 'swish', 'tanh', 'elu', 'swish', 'elu', 'swish', 'elu', 'tanh', 'elu', 'sigmoid', 'elu', 'tanh', 'sigmoid', 'elu']",00f900f6f0f0f0f809f0f8f00800f940f6f0f906e0,700,Adam,MaxAbsoluteDeviation,0.9483252167701721,1.1827791929244995,11.152765200007707
"[8, 23, 8, 23, 23, 23, 23, 23, 8, 23, 23, 23, 8, 8, 23, 12, 23, 23, 23, 8, 22]","['elu', 'tanh', 'elu', 'sigmoid', 'elu', 'elu', 'elu', 'swish', 'tanh', 'elu', 'swish', 'elu', 'swish', 'elu', 'tanh', 'elu', 'sigmoid', 'elu', 'tanh', 'sigmoid', 'elu']",00f900f6f0f0f0f809f0f8f00800f940f6f0f906e0,700,Adam,MaxAbsoluteDeviation,0.9483252167701721,1.0977754592895508,6.370402699976694
"[8, 23, 8, 23, 23, 23, 23, 23, 8, 23, 23, 23, 8, 8, 23, 12, 23, 23, 23, 8, 22]","['elu', 'tanh', 'elu', 'sigmoid', 'elu', 'elu', 'elu', 'swish', 'tanh', 'elu', 'swish', 'elu', 'swish', 'elu', 'tanh', 'elu', 'sigmoid', 'elu', 'tanh', 'sigmoid', 'elu']",00f900f6f0f0f0f809f0f8f00800f940f6f0f906e0,422,Adam,MaxAbsoluteDeviation,1.036131739616394,1.1236153841018677,7.27167049999116
"[8, 23, 8, 23, 23, 23, 23, 23, 8, 23, 23, 23, 8, 8, 23, 12, 23, 23, 23, 8]","['elu', 'tanh', 'elu', 'sigmoid', 'elu', 'elu', 'elu', 'swish', 'tanh', 'elu', 'swish', 'elu', 'swish', 'elu', 'tanh', 'elu', 'sigmoid', 'elu', 'tanh', 'sigmoid']",00f900f6f0f0f0f809f0f8f00800f940f6f0f906,422,Adam,MaxAbsoluteDeviation,0.9686905145645142,1.04115891456604,6.981943200051319
"[8, 23, 8, 23, 23, 23, 23, 23, 8, 23, 23, 23, 8, 8, 23, 12, 23, 23]","['elu', 'tanh', 'elu', 'sigmoid', 'elu', 'elu', 'elu', 'swish', 'tanh', 'elu', 'swish', 'elu', 'swish', 'elu', 'tanh', 'elu', 'sigmoid', 'elu']",00f900f6f0f0f0f809f0f8f00800f940f6f0,422,Adam,MaxAbsoluteDeviation,0.9764398336410522,1.111229658126831,6.450869899999816
"[8, 23, 8, 23, 23, 23, 23, 23, 8, 23, 23, 23, 8, 8, 23, 12, 23, 23, 11]","['elu', 'tanh', 'elu', 'sigmoid', 'elu', 'elu', 'elu', 'swish', 'tanh', 'elu', 'swish', 'elu', 'swish', 'elu', 'tanh', 'elu', 'sigmoid', 'elu', 'sigmoid']",00f900f6f0f0f0f809f0f8f00800f940f6f036,700,Adam,MaxAbsoluteDeviation,0.9740164279937744,1.0196369886398315,10.209319600020535
"[8, 23, 8, 23, 23, 23, 23, 23, 8, 23, 23, 23, 8, 8, 23, 23, 23, 23, 11]","['elu', 'tanh', 'elu', 'sigmoid', 'elu', 'elu', 'elu', 'swish', 'tanh', 'elu', 'swish', 'elu', 'swish', 'elu', 'tanh', 'elu', 'sigmoid', 'elu', 'sigmoid']",00f900f6f0f0f0f809f0f8f00800f9f0f6f036,700,Adam,MaxAbsoluteDeviation,0.9701211452484131,1.0643800497055054,10.250943399965763
"[8, 23, 8, 23, 23, 23, 23, 23, 8, 23, 23, 23, 8, 8, 23, 23, 23, 23, 11]","['elu', 'sigmoid', 'elu', 'sigmoid', 'elu', 'elu', 'elu', 'swish', 'tanh', 'elu', 'swish', 'elu', 'swish', 'elu', 'tanh', 'elu', 'sigmoid', 'elu', 'sigmoid']",00f600f6f0f0f0f809f0f8f00800f9f0f6f036,700,Adam,MaxAbsoluteDeviation,0.958340585231781,1.0378596782684326,10.206757000007201
"[8, 23, 8, 23, 23, 23, 23, 23, 8, 23, 23, 23, 8, 8, 23, 23, 23, 23]","['elu', 'sigmoid', 'elu', 'swish', 'elu', 'elu', 'elu', 'swish', 'tanh', 'elu', 'swish', 'elu', 'swish', 'elu', 'tanh', 'elu', 'sigmoid', 'elu']",00f600f8f0f0f0f809f0f8f00800f9f0f6f0,700,Adam,MaxAbsoluteDeviation,1.0756616592407227,1.0298311710357666,9.925822099961806
"[8, 23, 8, 23, 23, 23, 23, 23, 8, 23, 23, 23, 8, 8, 23, 23, 23, 23]","['elu', 'sigmoid', 'elu', 'swish', 'elu', 'elu', 'elu', 'swish', 'tanh', 'elu', 'swish', 'elu', 'swish', 'elu', 'tanh', 'elu', 'sigmoid', 'elu']",00f600f8f0f0f0f809f0f8f00800f9f0f6f0,309,Adam,MaxAbsoluteDeviation,1.067193865776062,1.049531102180481,5.074313799967058
"[8, 23, 8, 23, 23, 23, 23, 23, 8, 23, 23, 23, 8, 8, 23, 23, 23, 23]","['elu', 'sigmoid', 'elu', 'swish', 'elu', 'elu', 'elu', 'swish', 'tanh', 'elu', 'swish', 'elu', 'swish', 'elu', 'tanh', 'elu', 'sigmoid', 'elu']",00f600f8f0f0f0f809f0f8f00800f9f0f6f0,309,Adam,MaxAbsoluteDeviation,1.0456355810165405,1.162358045578003,5.1142796000349335
"[8, 23, 8, 23, 23, 23, 23, 23, 8, 23, 23, 23, 8, 8, 23, 23, 23, 23]","['elu', 'sigmoid', 'elu', 'swish', 'elu', 'elu', 'elu', 'swish', 'tanh', 'elu', 'swish', 'elu', 'swish', 'tanh', 'tanh', 'elu', 'sigmoid', 'elu']",00f600f8f0f0f0f809f0f8f00809f9f0f6f0,309,Adam,MaxAbsoluteDeviation,0.9858381748199463,1.2539591789245605,4.9259702999843284
"[8, 23, 8, 23, 23, 23, 23, 23, 8, 23, 23, 23, 8, 8, 23, 23, 23, 23]","['elu', 'sigmoid', 'elu', 'swish', 'elu', 'elu', 'elu', 'swish', 'tanh', 'elu', 'swish', 'elu', 'swish', 'tanh', 'tanh', 'elu', 'sigmoid', 'elu']",00f600f8f0f0f0f809f0f8f00809f9f0f6f0,700,Adam,MaxAbsoluteDeviation,1.045633316040039,1.0726908445358276,9.768865600053687
"[8, 23, 8, 23, 23, 23, 23, 23, 8, 23, 23, 23, 8, 8, 23, 23, 23]","['elu', 'sigmoid', 'elu', 'swish', 'elu', 'elu', 'elu', 'swish', 'tanh', 'elu', 'swish', 'elu', 'swish', 'tanh', 'tanh', 'elu', 'sigmoid']",00f600f8f0f0f0f809f0f8f00809f9f0f6,700,Adam,MaxAbsoluteDeviation,0.9883967041969299,1.0612592697143555,9.540127000014763
"[8, 23, 8, 23, 23, 23, 23, 23, 8, 23, 23, 23, 8, 8, 23, 23, 23, 18, 22]","['elu', 'sigmoid', 'elu', 'swish', 'elu', 'elu', 'elu', 'swish', 'tanh', 'elu', 'swish', 'elu', 'swish', 'tanh', 'tanh', 'elu', 'sigmoid', 'swish', 'tanh']",00f600f8f0f0f0f809f0f8f00809f9f0f6a8e9,459,Adam,MaxAbsoluteDeviation,0.9570318460464478,1.0663244724273682,7.173415999975987
"[8, 23, 8, 23, 23, 23, 23, 23, 8, 23, 23, 23, 8, 8, 23, 23, 23, 18, 22]","['elu', 'sigmoid', 'elu', 'swish', 'elu', 'elu', 'elu', 'swish', 'tanh', 'elu', 'swish', 'elu', 'swish', 'tanh', 'tanh', 'elu', 'sigmoid', 'swish', 'tanh']",00f600f8f0f0f0f809f0f8f00809f9f0f6a8e9,700,Adam,MaxAbsoluteDeviation,1.0122326612472534,1.059052586555481,10.29392419999931
"[8, 23, 8, 23, 23, 23, 23, 23, 8, 23, 23, 23, 8, 8, 23, 23, 23, 18, 22]","['elu', 'sigmoid', 'elu', 'swish', 'elu', 'elu', 'elu', 'swish', 'tanh', 'elu', 'swish', 'elu', 'swish', 'tanh', 'tanh', 'elu', 'sigmoid', 'swish', 'tanh']",00f600f8f0f0f0f809f0f8f00809f9f0f6a8e9,700,Adam,MaxAbsoluteDeviation,0.9433373808860779,1.09126877784729,10.244946699996945
"[8, 23, 8, 23, 23, 23, 23, 23, 8, 23, 23, 23, 8, 8, 23, 23, 23, 14, 22, 13]","['elu', 'sigmoid', 'elu', 'swish', 'elu', 'elu', 'elu', 'swish', 'tanh', 'elu', 'swish', 'elu', 'swish', 'tanh', 'tanh', 'elu', 'sigmoid', 'swish', 'tanh', 'sigmoid']",00f600f8f0f0f0f809f0f8f00809f9f0f668e956,700,Adam,MaxAbsoluteDeviation,0.9733139276504517,1.0595663785934448,10.64289049996296
"[8, 8, 8, 23, 23, 23, 23, 23, 8, 23, 23, 23, 8, 8, 23, 23, 23, 14, 22, 13]","['elu', 'sigmoid', 'elu', 'swish', 'elu', 'elu', 'elu', 'swish', 'tanh', 'elu', 'swish', 'elu', 'swish', 'tanh', 'tanh', 'elu', 'sigmoid', 'swish', 'tanh', 'sigmoid']",000600f8f0f0f0f809f0f8f00809f9f0f668e956,700,Adam,MaxAbsoluteDeviation,0.9703443646430969,1.0386428833007812,10.620353599952068
"[8, 8, 8, 23, 23, 23, 23, 23, 8, 23, 23, 23, 8, 8, 23, 23, 23, 14, 22, 13]","['elu', 'sigmoid', 'elu', 'swish', 'elu', 'elu', 'elu', 'swish', 'tanh', 'elu', 'swish', 'elu', 'swish', 'tanh', 'tanh', 'elu', 'sigmoid', 'swish', 'tanh', 'sigmoid']",000600f8f0f0f0f809f0f8f00809f9f0f668e956,700,Adam,MaxAbsoluteDeviation,0.9671342372894287,1.032681941986084,10.649997300002724
"[8, 8, 8, 23, 23, 23, 23, 23, 8, 23, 23, 23, 8, 8, 23, 23, 23, 14, 22, 13]","['elu', 'sigmoid', 'elu', 'swish', 'elu', 'elu', 'elu', 'swish', 'tanh', 'elu', 'swish', 'elu', 'swish', 'tanh', 'tanh', 'elu', 'sigmoid', 'swish', 'tanh', 'sigmoid']",000600f8f0f0f0f809f0f8f00809f9f0f668e956,700,Adam,MaxAbsoluteDeviation,0.9704127311706543,1.0386006832122803,10.50891179998871
"[8, 8, 8, 23, 23, 23, 23, 23, 8, 23, 23, 23, 8, 8, 23, 23, 23, 14, 22]","['elu', 'sigmoid', 'elu', 'swish', 'elu', 'elu', 'elu', 'swish', 'tanh', 'elu', 'swish', 'elu', 'swish', 'tanh', 'tanh', 'elu', 'sigmoid', 'swish', 'tanh']",000600f8f0f0f0f809f0f8f00809f9f0f668e9,305,Adam,MaxAbsoluteDeviation,0.9679797887802124,1.0489745140075684,5.2561543000047095
"[8, 8, 8, 23, 23, 23, 23, 23, 8, 23, 23, 23, 8, 8, 23, 23, 23, 14, 22]","['elu', 'sigmoid', 'elu', 'swish', 'elu', 'elu', 'elu', 'swish', 'tanh', 'elu', 'swish', 'elu', 'swish', 'tanh', 'tanh', 'elu', 'sigmoid', 'swish', 'tanh']",000600f8f0f0f0f809f0f8f00809f9f0f668e9,700,Adam,MaxAbsoluteDeviation,0.9991926550865173,1.0022189617156982,10.079939200018998
"[8, 8, 8, 23, 23, 23, 23, 23, 8, 23, 23, 23, 8, 8, 23, 23, 23, 14, 22]","['elu', 'sigmoid', 'elu', 'swish', 'elu', 'elu', 'elu', 'swish', 'tanh', 'elu', 'swish', 'elu', 'swish', 'tanh', 'tanh', 'elu', 'sigmoid', 'swish', 'tanh']",000600f8f0f0f0f809f0f8f00809f9f0f668e9,700,Adam,MaxAbsoluteDeviation,0.9619759917259216,1.0909671783447266,10.030156799999531
"[8, 8, 8, 23, 23, 23, 23, 23, 8, 23, 23, 23, 8, 8, 23, 23, 23, 14]","['elu', 'sigmoid', 'elu', 'swish', 'elu', 'elu', 'elu', 'swish', 'tanh', 'elu', 'swish', 'elu', 'swish', 'tanh', 'tanh', 'elu', 'sigmoid', 'swish']",000600f8f0f0f0f809f0f8f00809f9f0f668,700,Adam,MaxAbsoluteDeviation,0.9707621932029724,1.1165624856948853,9.69651320000412
"[8, 8, 8, 23, 23, 23, 23, 23, 8, 23, 23, 23, 8, 8, 23, 23, 23, 14]","['elu', 'sigmoid', 'elu', 'swish', 'elu', 'elu', 'elu', 'swish', 'tanh', 'elu', 'swish', 'elu', 'swish', 'tanh', 'tanh', 'elu', 'sigmoid', 'swish']",000600f8f0f0f0f809f0f8f00809f9f0f668,700,Adam,MaxAbsoluteDeviation,0.9720852375030518,1.0097914934158325,9.795393399952445
"[8, 8, 8, 23, 23, 23, 23, 23, 8, 23, 23, 23, 8, 8, 23, 23, 23, 14]","['elu', 'sigmoid', 'elu', 'swish', 'elu', 'elu', 'elu', 'swish', 'tanh', 'elu', 'swish', 'elu', 'swish', 'tanh', 'tanh', 'elu', 'sigmoid', 'swish']",000600f8f0f0f0f809f0f8f00809f9f0f668,100,Adam,MaxAbsoluteDeviation,0.9657406806945801,1.0170624256134033,2.6605052999802865
"[8, 8, 8, 23, 23, 23, 23, 23, 8, 23, 23, 23, 8, 8, 23, 23, 23, 14]","['elu', 'sigmoid', 'elu', 'swish', 'elu', 'elu', 'elu', 'swish', 'tanh', 'elu', 'swish', 'elu', 'swish', 'tanh', 'tanh', 'elu', 'sigmoid', 'swish']",000600f8f0f0f0f809f0f8f00809f9f0f668,100,Adam,MaxAbsoluteDeviation,1.0052201747894287,1.1111582517623901,2.6784130000160076
"[8, 8, 8, 23, 23, 23, 23, 23, 8, 23, 23, 23, 8, 8, 23, 23, 23, 14]","['elu', 'sigmoid', 'elu', 'swish', 'elu', 'elu', 'elu', 'swish', 'tanh', 'elu', 'swish', 'elu', 'swish', 'tanh', 'tanh', 'elu', 'sigmoid', 'swish']",000600f8f0f0f0f809f0f8f00809f9f0f668,100,Adam,MaxAbsoluteDeviation,1.0052201747894287,1.1043250560760498,2.6419453999842517
"[8, 8, 8, 23, 23, 23, 23, 23, 8, 23, 23, 23, 8, 8, 23, 23, 23, 14]","['elu', 'sigmoid', 'elu', 'swish', 'elu', 'elu', 'elu', 'swish', 'tanh', 'elu', 'swish', 'elu', 'swish', 'tanh', 'tanh', 'elu', 'sigmoid', 'swish']",000600f8f0f0f0f809f0f8f00809f9f0f668,100,Adam,MaxAbsoluteDeviation,1.0439820289611816,1.0051608085632324,2.659069199988153
"[8, 8, 8, 23, 23, 23, 23, 23, 8, 23, 23, 23, 8, 8, 23, 23, 23, 14]","['elu', 'sigmoid', 'elu', 'swish', 'elu', 'elu', 'elu', 'swish', 'tanh', 'elu', 'swish', 'elu', 'swish', 'tanh', 'tanh', 'elu', 'sigmoid', 'swish']",000600f8f0f0f0f809f0f8f00809f9f0f668,700,Adam,MaxAbsoluteDeviation,0.9871550798416138,1.0487034320831299,9.544265800039284
"[8, 23, 8, 23, 23, 23, 23, 23, 8, 23, 23, 23, 8, 8, 23, 23, 23, 14]","['elu', 'sigmoid', 'elu', 'swish', 'elu', 'elu', 'elu', 'swish', 'tanh', 'elu', 'swish', 'elu', 'swish', 'tanh', 'tanh', 'elu', 'sigmoid', 'swish']",00f600f8f0f0f0f809f0f8f00809f9f0f668,454,Adam,MaxAbsoluteDeviation,0.9650356769561768,1.0740283727645874,6.504470599989872
"[8, 23, 8, 23, 23, 23, 23, 23, 8, 23, 23, 23, 8, 8, 23, 23, 23, 14]","['elu', 'sigmoid', 'elu', 'swish', 'elu', 'elu', 'elu', 'swish', 'tanh', 'elu', 'swish', 'elu', 'swish', 'tanh', 'tanh', 'elu', 'sigmoid', 'swish']",00f600f8f0f0f0f809f0f8f00809f9f0f668,700,Adam,MaxAbsoluteDeviation,0.9876161813735962,1.0813409090042114,9.796773500042036
"[8, 23, 8, 23, 23, 23, 23, 23, 8, 23, 23, 23, 8, 8, 23, 23, 23]","['elu', 'sigmoid', 'elu', 'swish', 'elu', 'elu', 'elu', 'swish', 'tanh', 'elu', 'swish', 'elu', 'swish', 'tanh', 'tanh', 'elu', 'sigmoid']",00f600f8f0f0f0f809f0f8f00809f9f0f6,700,Adam,MaxAbsoluteDeviation,1.0320404767990112,1.010210633277893,9.240211899974383
"[8, 23, 8, 23, 23, 23, 23, 23, 8, 23, 23, 23, 8, 8, 23, 23, 23]","['elu', 'sigmoid', 'elu', 'swish', 'elu', 'elu', 'elu', 'swish', 'tanh', 'elu', 'swish', 'elu', 'swish', 'tanh', 'tanh', 'elu', 'sigmoid']",00f600f8f0f0f0f809f0f8f00809f9f0f6,256,Adam,MaxAbsoluteDeviation,0.9878971576690674,1.0757955312728882,4.183593499998096
"[8, 23, 8, 23, 23, 23, 23, 23, 8, 23, 23, 23, 8, 8, 23, 23, 23, 8]","['elu', 'sigmoid', 'elu', 'swish', 'elu', 'elu', 'elu', 'swish', 'tanh', 'elu', 'swish', 'elu', 'swish', 'tanh', 'tanh', 'elu', 'sigmoid', 'elu']",00f600f8f0f0f0f809f0f8f00809f9f0f600,256,Adam,MaxAbsoluteDeviation,0.9975565075874329,1.000311255455017,4.396521000016946
"[8, 23, 8, 23, 23, 23, 23, 23, 8, 23, 23, 23, 8, 8, 23, 23, 23, 8]","['elu', 'sigmoid', 'elu', 'swish', 'elu', 'elu', 'elu', 'swish', 'tanh', 'elu', 'swish', 'elu', 'swish', 'tanh', 'tanh', 'elu', 'sigmoid', 'elu']",00f600f8f0f0f0f809f0f8f00809f9f0f600,256,Adam,MaxAbsoluteDeviation,0.984001636505127,1.071038842201233,4.404746199958026
"[8, 23, 8, 23, 23, 23, 23, 23, 8, 23, 23, 23, 8, 8, 23, 23, 23, 8, 11]","['elu', 'sigmoid', 'elu', 'swish', 'elu', 'elu', 'elu', 'swish', 'tanh', 'elu', 'swish', 'elu', 'swish', 'tanh', 'tanh', 'elu', 'sigmoid', 'elu', 'elu']",00f600f8f0f0f0f809f0f8f00809f9f0f60030,256,Adam,MaxAbsoluteDeviation,1.0205236673355103,1.1272937059402466,4.611147600051481
"[8, 23, 8, 23, 23, 23, 23, 23, 8, 23, 8, 23, 8, 8, 23, 23, 23, 8, 11]","['elu', 'sigmoid', 'elu', 'swish', 'elu', 'elu', 'elu', 'swish', 'tanh', 'elu', 'swish', 'elu', 'swish', 'tanh', 'tanh', 'elu', 'sigmoid', 'elu', 'elu']",00f600f8f0f0f0f809f008f00809f9f0f60030,256,Adam,MaxAbsoluteDeviation,1.0055769681930542,1.0677282810211182,4.577062199998181
"[8, 23, 8, 23, 23, 23, 23, 23, 23, 23, 8, 23, 8, 8, 23, 23, 23, 8, 11, 8]","['elu', 'sigmoid', 'elu', 'swish', 'elu', 'elu', 'elu', 'swish', 'tanh', 'elu', 'swish', 'elu', 'swish', 'tanh', 'tanh', 'elu', 'sigmoid', 'elu', 'elu', 'tanh']",00f600f8f0f0f0f8f9f008f00809f9f0f6003009,700,Adam,MaxAbsoluteDeviation,0.9652538299560547,1.041961669921875,10.39701699995203
"[8, 23, 8, 23, 23, 23, 23, 23, 23, 23, 8, 23, 8, 8, 23, 23, 23, 8, 11, 8, 17]","['elu', 'sigmoid', 'elu', 'swish', 'elu', 'elu', 'elu', 'swish', 'tanh', 'elu', 'swish', 'elu', 'swish', 'tanh', 'tanh', 'elu', 'sigmoid', 'elu', 'elu', 'tanh', 'sigmoid']",00f600f8f0f0f0f8f9f008f00809f9f0f600300996,700,Adam,MaxAbsoluteDeviation,0.9827785491943359,1.011993408203125,10.7496872000047
"[8, 23, 8, 23, 23, 23, 23, 23, 23, 23, 8, 23, 8, 8, 23, 23, 23, 8, 11, 8]","['elu', 'sigmoid', 'elu', 'swish', 'elu', 'elu', 'elu', 'swish', 'tanh', 'elu', 'swish', 'elu', 'swish', 'tanh', 'tanh', 'elu', 'sigmoid', 'elu', 'elu', 'tanh']",00f600f8f0f0f0f8f9f008f00809f9f0f6003009,700,Adam,MaxAbsoluteDeviation,0.9764779806137085,1.068812370300293,10.259882500045933
"[8, 23, 8, 23, 23, 23, 23, 23, 23, 23, 8, 23, 8, 8, 23, 23, 23, 8, 11, 8]","['elu', 'sigmoid', 'elu', 'swish', 'elu', 'elu', 'elu', 'swish', 'tanh', 'elu', 'swish', 'elu', 'swish', 'tanh', 'tanh', 'elu', 'sigmoid', 'elu', 'elu', 'tanh']",00f600f8f0f0f0f8f9f008f00809f9f0f6003009,700,Adam,MaxAbsoluteDeviation,0.9745129346847534,1.0795347690582275,10.377657399978489
"[8, 23, 8, 23, 23, 23, 23, 23, 23, 23, 8, 23, 8, 8, 23, 23, 23, 8, 11, 8]","['elu', 'sigmoid', 'elu', 'swish', 'elu', 'elu', 'elu', 'swish', 'tanh', 'elu', 'swish', 'elu', 'swish', 'tanh', 'tanh', 'elu', 'sigmoid', 'elu', 'elu', 'tanh']",00f600f8f0f0f0f8f9f008f00809f9f0f6003009,700,Adam,MaxAbsoluteDeviation,0.9529869556427002,1.0485410690307617,10.279895499988925
"[8, 23, 8, 23, 23, 23, 23, 23, 23, 23, 8, 23, 8, 8, 23, 23, 23, 8, 11, 8, 8]","['elu', 'sigmoid', 'elu', 'swish', 'elu', 'elu', 'elu', 'swish', 'tanh', 'elu', 'swish', 'elu', 'swish', 'tanh', 'tanh', 'elu', 'sigmoid', 'elu', 'elu', 'tanh', 'swish']",00f600f8f0f0f0f8f9f008f00809f9f0f600300908,700,Adam,MaxAbsoluteDeviation,1.0582090616226196,1.079309105873108,10.712806900031865
"[8, 23, 8, 23, 23, 23, 23, 23, 8, 23, 8, 23, 8, 8, 23, 23, 23, 8, 11, 8, 8]","['elu', 'sigmoid', 'elu', 'swish', 'elu', 'elu', 'elu', 'swish', 'tanh', 'elu', 'swish', 'elu', 'swish', 'tanh', 'tanh', 'elu', 'sigmoid', 'elu', 'elu', 'tanh', 'swish']",00f600f8f0f0f0f809f008f00809f9f0f600300908,700,Adam,MaxAbsoluteDeviation,1.0225378274917603,1.0268912315368652,10.626639100024477
"[8, 23, 8, 23, 23, 23, 23, 23, 8, 23, 8, 23, 8, 8, 23, 23, 23, 8, 11, 8, 8]","['elu', 'sigmoid', 'elu', 'swish', 'elu', 'elu', 'elu', 'swish', 'tanh', 'elu', 'swish', 'elu', 'swish', 'tanh', 'tanh', 'elu', 'sigmoid', 'elu', 'elu', 'tanh', 'swish']",00f600f8f0f0f0f809f008f00809f9f0f600300908,700,Adam,MaxAbsoluteDeviation,0.9624971747398376,1.0269721746444702,10.623708400002215
"[8, 23, 8, 23, 23, 23, 23, 23, 8, 23, 8, 23, 8, 8, 23, 23, 23, 8, 11, 8, 8]","['elu', 'sigmoid', 'elu', 'swish', 'elu', 'elu', 'elu', 'swish', 'tanh', 'elu', 'swish', 'elu', 'swish', 'tanh', 'tanh', 'elu', 'sigmoid', 'elu', 'elu', 'tanh', 'swish']",00f600f8f0f0f0f809f008f00809f9f0f600300908,700,Adam,MaxAbsoluteDeviation,0.9752586483955383,1.0319993495941162,10.509155899984762
"[8, 23, 8, 23, 23, 23, 23, 23, 8, 23, 8, 23, 8, 8, 23, 23, 23, 8, 11, 8, 8]","['elu', 'sigmoid', 'elu', 'swish', 'elu', 'elu', 'elu', 'swish', 'tanh', 'elu', 'swish', 'elu', 'swish', 'tanh', 'tanh', 'elu', 'sigmoid', 'elu', 'elu', 'tanh', 'swish']",00f600f8f0f0f0f809f008f00809f9f0f600300908,700,Adam,MaxAbsoluteDeviation,0.9612698554992676,1.108163833618164,10.711570999992546
"[8, 23, 8, 23, 23, 23, 23, 23, 8, 23, 8, 23, 8, 8, 23, 23, 23, 8, 11, 8, 8]","['elu', 'sigmoid', 'elu', 'swish', 'elu', 'elu', 'elu', 'swish', 'tanh', 'elu', 'swish', 'elu', 'swish', 'tanh', 'tanh', 'elu', 'sigmoid', 'elu', 'elu', 'tanh', 'swish']",00f600f8f0f0f0f809f008f00809f9f0f600300908,121,Adam,MaxAbsoluteDeviation,0.9770698547363281,1.0494827032089233,3.166150600009132
"[8, 23, 8, 23, 23, 23, 23, 23, 8, 23, 8, 23, 8, 8, 23, 23, 23, 8, 11, 8, 8]","['elu', 'sigmoid', 'elu', 'swish', 'elu', 'elu', 'elu', 'swish', 'tanh', 'elu', 'swish', 'elu', 'swish', 'tanh', 'tanh', 'elu', 'sigmoid', 'elu', 'elu', 'tanh', 'swish']",00f600f8f0f0f0f809f008f00809f9f0f600300908,100,Adam,MaxAbsoluteDeviation,0.9906871318817139,1.0856537818908691,2.9164812000235543
"[8, 23, 8, 23, 23, 23, 23, 23, 8, 23, 8, 23, 8, 8, 23, 23, 23, 8, 11, 8, 8]","['elu', 'sigmoid', 'elu', 'swish', 'elu', 'elu', 'elu', 'swish', 'tanh', 'elu', 'swish', 'elu', 'swish', 'tanh', 'swish', 'elu', 'sigmoid', 'elu', 'elu', 'tanh', 'swish']",00f600f8f0f0f0f809f008f00809f8f0f600300908,700,Adam,MaxAbsoluteDeviation,1.0538816452026367,1.113473653793335,10.36746849998599
"[8, 23, 8, 23, 23, 23, 23, 23, 8, 23, 8, 23, 8, 8, 23, 23, 23, 8, 11, 8, 8]","['elu', 'sigmoid', 'elu', 'swish', 'elu', 'elu', 'elu', 'swish', 'tanh', 'elu', 'swish', 'elu', 'elu', 'tanh', 'swish', 'elu', 'sigmoid', 'elu', 'elu', 'tanh', 'swish']",00f600f8f0f0f0f809f008f00009f8f0f600300908,377,Adam,MaxAbsoluteDeviation,0.9855818748474121,1.111365795135498,6.32815210003173
"[8, 23, 8, 23, 23, 23, 23, 23, 8, 23, 8, 23, 8, 8, 23, 23, 23, 8, 11, 8, 8]","['elu', 'sigmoid', 'elu', 'swish', 'elu', 'elu', 'elu', 'swish', 'tanh', 'elu', 'swish', 'elu', 'elu', 'tanh', 'swish', 'elu', 'sigmoid', 'elu', 'elu', 'tanh', 'swish']",00f600f8f0f0f0f809f008f00009f8f0f600300908,100,Adam,MaxAbsoluteDeviation,1.0722979307174683,1.111875057220459,2.8998906000051647
"[8, 23, 8, 23, 23, 23, 23, 23, 8, 23, 8, 23, 8, 8, 23, 23, 23, 8, 11, 8, 8]","['elu', 'sigmoid', 'elu', 'swish', 'elu', 'elu', 'elu', 'swish', 'tanh', 'elu', 'swish', 'elu', 'elu', 'tanh', 'swish', 'elu', 'sigmoid', 'elu', 'elu', 'tanh', 'swish']",00f600f8f0f0f0f809f008f00009f8f0f600300908,700,Adam,MaxAbsoluteDeviation,0.9932191371917725,1.0219693183898926,10.43914259999292
"[8, 23, 8, 23, 23, 23, 23, 23, 8, 23, 8, 23, 8, 8, 23, 23, 23, 8, 11, 8]","['elu', 'sigmoid', 'elu', 'swish', 'elu', 'elu', 'elu', 'swish', 'tanh', 'elu', 'swish', 'elu', 'elu', 'tanh', 'swish', 'elu', 'sigmoid', 'elu', 'elu', 'tanh']",00f600f8f0f0f0f809f008f00009f8f0f6003009,700,Adam,MaxAbsoluteDeviation,0.9511162042617798,1.017898440361023,9.820774399966467
"[8, 23, 8, 23, 23, 23, 23, 23, 8, 23, 8, 23, 8, 8, 23, 23, 23, 8, 11, 8]","['elu', 'sigmoid', 'elu', 'swish', 'elu', 'elu', 'elu', 'swish', 'tanh', 'elu', 'swish', 'elu', 'elu', 'tanh', 'swish', 'elu', 'sigmoid', 'elu', 'elu', 'tanh']",00f600f8f0f0f0f809f008f00009f8f0f6003009,652,Adam,MaxAbsoluteDeviation,0.9595009088516235,1.0624330043792725,9.150941099971533
"[8, 23, 8, 23, 23, 23, 23, 23, 8, 23, 8, 23, 8, 8, 8, 23, 23, 8, 11]","['elu', 'sigmoid', 'elu', 'swish', 'elu', 'elu', 'elu', 'swish', 'tanh', 'elu', 'swish', 'elu', 'elu', 'tanh', 'swish', 'elu', 'sigmoid', 'elu', 'elu']",00f600f8f0f0f0f809f008f0000908f0f60030,652,Adam,MaxAbsoluteDeviation,1.136531949043274,1.1131511926651,8.72114330000477
"[8, 23, 8, 23, 23, 23, 23, 23, 8, 23, 8, 23, 8, 8, 8, 23, 23, 8, 11]","['elu', 'sigmoid', 'elu', 'swish', 'elu', 'elu', 'elu', 'swish', 'tanh', 'elu', 'swish', 'elu', 'elu', 'tanh', 'swish', 'elu', 'sigmoid', 'swish', 'elu']",00f600f8f0f0f0f809f008f0000908f0f60830,652,Adam,MaxAbsoluteDeviation,0.9434062242507935,1.0766475200653076,8.897365399985574
"[8, 23, 8, 23, 23, 23, 23, 23, 8, 23, 8, 23, 8, 8, 8, 23, 23, 8, 11]","['elu', 'sigmoid', 'elu', 'swish', 'elu', 'elu', 'elu', 'swish', 'tanh', 'elu', 'swish', 'elu', 'elu', 'tanh', 'swish', 'elu', 'sigmoid', 'swish', 'elu']",00f600f8f0f0f0f809f008f0000908f0f60830,652,Adam,MaxAbsoluteDeviation,0.9596216082572937,1.0667779445648193,17.6664741000277
"[8, 23, 8, 23, 23, 23, 23, 23, 8, 23, 8, 23, 8, 8, 8, 23, 23, 8]","['elu', 'sigmoid', 'elu', 'swish', 'elu', 'elu', 'elu', 'swish', 'tanh', 'elu', 'swish', 'elu', 'elu', 'tanh', 'swish', 'elu', 'sigmoid', 'swish']",00f600f8f0f0f0f809f008f0000908f0f608,652,Adam,MaxAbsoluteDeviation,0.9571489095687866,1.0678207874298096,9.634843799984083
"[8, 23, 8, 23, 23, 23, 23, 23, 8, 23, 8, 23, 8, 8, 8, 23, 23, 8]","['elu', 'sigmoid', 'elu', 'swish', 'elu', 'elu', 'elu', 'swish', 'tanh', 'elu', 'swish', 'elu', 'elu', 'tanh', 'swish', 'elu', 'sigmoid', 'swish']",00f600f8f0f0f0f809f008f0000908f0f608,652,Adam,MaxAbsoluteDeviation,0.9606762528419495,1.0438346862792969,9.666318300005514
"[8, 23, 8, 23, 23, 23, 23, 23, 8, 23, 8, 23, 8, 8, 8, 23, 23]","['elu', 'sigmoid', 'elu', 'swish', 'elu', 'elu', 'elu', 'swish', 'tanh', 'elu', 'swish', 'elu', 'elu', 'tanh', 'swish', 'elu', 'sigmoid']",00f600f8f0f0f0f809f008f0000908f0f6,652,Adam,MaxAbsoluteDeviation,0.9806907773017883,1.0926930904388428,9.27771399996709
"[8, 23, 8, 23, 23, 23, 23, 23, 8, 23, 8, 23, 8, 8, 8, 23]","['elu', 'sigmoid', 'elu', 'swish', 'elu', 'elu', 'elu', 'swish', 'tanh', 'elu', 'swish', 'elu', 'elu', 'tanh', 'swish', 'elu']",00f600f8f0f0f0f809f008f0000908f0,100,Adam,MaxAbsoluteDeviation,1.026677131652832,1.0853185653686523,2.463585100020282
"[8, 23, 8, 23, 23, 23, 23, 23, 8, 23, 8, 23, 8, 8, 8, 23]","['elu', 'sigmoid', 'elu', 'swish', 'elu', 'elu', 'elu', 'swish', 'tanh', 'elu', 'swish', 'elu', 'elu', 'tanh', 'swish', 'elu']",00f600f8f0f0f0f809f008f0000908f0,100,Adam,MaxAbsoluteDeviation,1.0540426969528198,1.0291892290115356,2.4623610000126064
"[8, 23, 8, 23, 23, 23, 23, 23, 8, 23, 8, 23, 8, 8, 8, 23]","['elu', 'sigmoid', 'elu', 'swish', 'elu', 'elu', 'elu', 'swish', 'tanh', 'elu', 'swish', 'elu', 'elu', 'tanh', 'swish', 'elu']",00f600f8f0f0f0f809f008f0000908f0,100,Adam,MaxAbsoluteDeviation,1.0919346809387207,1.0222649574279785,2.4627345000044443
"[8, 23, 8, 23, 23, 23, 23, 23, 8, 23, 8, 23, 8, 8, 8, 23, 11]","['elu', 'sigmoid', 'elu', 'swish', 'elu', 'elu', 'elu', 'swish', 'tanh', 'elu', 'swish', 'elu', 'elu', 'tanh', 'swish', 'elu', 'tanh']",00f600f8f0f0f0f809f008f0000908f039,100,Adam,MaxAbsoluteDeviation,0.963178813457489,1.0324790477752686,2.5874387999647297
"[8, 23, 8, 23, 23, 23, 23, 23, 8, 23, 8, 23, 8, 8, 8, 23, 11, 17]","['elu', 'sigmoid', 'elu', 'swish', 'elu', 'elu', 'elu', 'swish', 'tanh', 'elu', 'swish', 'elu', 'elu', 'tanh', 'swish', 'elu', 'tanh', 'sigmoid']",00f600f8f0f0f0f809f008f0000908f03996,100,Adam,MaxAbsoluteDeviation,0.9952598810195923,1.0362319946289062,2.66700379998656
"[8, 23, 8, 23, 23, 23, 23, 23, 8, 23, 8, 23, 8, 8, 8, 23, 11, 17, 20]","['elu', 'sigmoid', 'elu', 'swish', 'elu', 'elu', 'sigmoid', 'swish', 'tanh', 'elu', 'swish', 'elu', 'elu', 'tanh', 'swish', 'elu', 'tanh', 'sigmoid', 'tanh']",00f600f8f0f0f6f809f008f0000908f03996c9,100,Adam,MaxAbsoluteDeviation,1.0248854160308838,1.010434865951538,2.7937262000050396
"[8, 23, 8, 23, 23, 23, 23, 23, 8, 23, 8, 23, 8, 8, 8, 23, 11, 17, 20, 14, 12]","['elu', 'sigmoid', 'elu', 'swish', 'elu', 'elu', 'sigmoid', 'swish', 'tanh', 'elu', 'swish', 'elu', 'elu', 'tanh', 'swish', 'elu', 'tanh', 'sigmoid', 'tanh', 'sigmoid', 'tanh']",00f600f8f0f0f6f809f008f0000908f03996c96649,100,Adam,MaxAbsoluteDeviation,0.9871644377708435,1.1969401836395264,3.028581699996721
"[8, 23, 8, 23, 23, 23, 23, 23, 8, 23, 8, 23, 8, 8, 8, 23, 11, 17, 20, 14]","['elu', 'sigmoid', 'elu', 'swish', 'elu', 'elu', 'sigmoid', 'swish', 'tanh', 'elu', 'swish', 'elu', 'elu', 'tanh', 'swish', 'elu', 'tanh', 'sigmoid', 'tanh', 'sigmoid']",00f600f8f0f0f6f809f008f0000908f03996c966,100,Adam,MaxAbsoluteDeviation,0.9796047806739807,1.119098424911499,2.932223400042858
"[8, 23, 8, 23, 23, 23, 23, 23, 8, 23, 8, 23, 8, 8, 8, 23, 11, 17]","['elu', 'sigmoid', 'elu', 'swish', 'elu', 'elu', 'sigmoid', 'swish', 'tanh', 'elu', 'swish', 'elu', 'elu', 'tanh', 'swish', 'elu', 'tanh', 'sigmoid']",00f600f8f0f0f6f809f008f0000908f03996,100,Adam,MaxAbsoluteDeviation,0.9496161937713623,1.1115696430206299,2.6882378999725915
"[8, 23, 8, 23, 23, 23, 23, 23, 8, 23, 8, 23, 8, 8, 8, 23, 11, 17]","['elu', 'sigmoid', 'elu', 'swish', 'elu', 'elu', 'sigmoid', 'swish', 'tanh', 'elu', 'swish', 'elu', 'elu', 'tanh', 'swish', 'elu', 'tanh', 'sigmoid']",00f600f8f0f0f6f809f008f0000908f03996,700,Adam,MaxAbsoluteDeviation,1.0708355903625488,1.0096611976623535,10.061819900001865
"[8, 23, 8, 23, 23, 23, 23, 23, 8, 23, 8, 23, 8, 8, 8, 23, 11, 8]","['elu', 'sigmoid', 'elu', 'swish', 'elu', 'elu', 'sigmoid', 'swish', 'tanh', 'elu', 'swish', 'elu', 'elu', 'tanh', 'swish', 'elu', 'tanh', 'sigmoid']",00f600f8f0f0f6f809f008f0000908f03906,700,Adam,MaxAbsoluteDeviation,0.9777026176452637,1.0678937435150146,9.98739339999156
"[8, 23, 8, 23, 23, 23, 23, 23, 8, 23, 8, 23, 8, 8, 8, 23, 11, 8]","['elu', 'sigmoid', 'elu', 'swish', 'elu', 'elu', 'sigmoid', 'swish', 'tanh', 'elu', 'swish', 'elu', 'elu', 'tanh', 'swish', 'elu', 'tanh', 'sigmoid']",00f600f8f0f0f6f809f008f0000908f03906,700,Adam,MaxAbsoluteDeviation,0.9599459171295166,1.058030366897583,10.030561599996872
"[8, 23, 8, 23, 23, 23, 8, 23, 8, 23, 8, 23, 8, 8, 8, 23, 11, 8]","['elu', 'sigmoid', 'elu', 'swish', 'elu', 'elu', 'sigmoid', 'swish', 'tanh', 'elu', 'swish', 'elu', 'elu', 'tanh', 'swish', 'elu', 'tanh', 'sigmoid']",00f600f8f0f006f809f008f0000908f03906,700,Adam,MaxAbsoluteDeviation,0.9621099233627319,1.0858469009399414,10.015138899965677
"[8, 23, 8, 23, 23, 23, 8, 23, 8, 23, 8, 23, 8, 8, 8, 23, 11, 8, 11]","['elu', 'sigmoid', 'elu', 'swish', 'elu', 'elu', 'sigmoid', 'swish', 'tanh', 'elu', 'swish', 'elu', 'elu', 'tanh', 'swish', 'elu', 'tanh', 'sigmoid', 'elu']",00f600f8f0f006f809f008f0000908f0390630,650,Adam,MaxAbsoluteDeviation,0.9771804213523865,1.0488996505737305,9.641840299998876
"[8, 23, 8, 23, 23, 23, 8, 23, 8, 23, 8, 23, 8, 8, 8, 23, 11, 8, 11]","['elu', 'sigmoid', 'elu', 'swish', 'elu', 'elu', 'sigmoid', 'swish', 'tanh', 'elu', 'swish', 'elu', 'elu', 'tanh', 'swish', 'elu', 'tanh', 'sigmoid', 'elu']",00f600f8f0f006f809f008f0000908f0390630,700,Adam,MaxAbsoluteDeviation,0.9545069336891174,1.0489522218704224,10.336449199996423
"[8, 23, 8, 23, 23, 23, 8, 23, 8, 23, 8, 23, 8, 8, 8, 23, 11, 8, 11, 22]","['elu', 'sigmoid', 'elu', 'swish', 'elu', 'elu', 'sigmoid', 'swish', 'tanh', 'elu', 'swish', 'elu', 'elu', 'tanh', 'swish', 'elu', 'tanh', 'sigmoid', 'elu', 'tanh']",00f600f8f0f006f809f008f0000908f0390630e9,700,Adam,MaxAbsoluteDeviation,0.9784409999847412,1.0528521537780762,10.657719999959227
"[8, 23, 8, 23, 23, 23, 8, 23, 8, 23, 8, 23, 8, 8, 8, 23, 11, 8, 11]","['elu', 'sigmoid', 'elu', 'swish', 'elu', 'elu', 'sigmoid', 'swish', 'tanh', 'elu', 'swish', 'elu', 'elu', 'tanh', 'swish', 'elu', 'tanh', 'sigmoid', 'elu']",00f600f8f0f006f809f008f0000908f0390630,298,Adam,MaxAbsoluteDeviation,0.9642631411552429,1.1047437191009521,5.258718199969735
"[8, 23, 8, 23, 23, 23, 8, 23, 8, 23, 8, 23, 8, 8, 8, 23, 11, 8, 11]","['tanh', 'sigmoid', 'elu', 'swish', 'elu', 'elu', 'sigmoid', 'swish', 'tanh', 'elu', 'swish', 'elu', 'elu', 'tanh', 'swish', 'sigmoid', 'tanh', 'sigmoid', 'elu']",09f600f8f0f006f809f008f0000908f6390630,298,Adam,MaxAbsoluteDeviation,0.9695347547531128,1.0378046035766602,5.1364142000093125
"[8, 23, 8, 23, 23, 23, 8, 23, 8, 23, 8, 23, 8, 8, 8, 23, 11, 8, 11]","['tanh', 'sigmoid', 'elu', 'swish', 'elu', 'elu', 'sigmoid', 'swish', 'tanh', 'elu', 'swish', 'elu', 'elu', 'tanh', 'swish', 'sigmoid', 'tanh', 'sigmoid', 'elu']",09f600f8f0f006f809f008f0000908f6390630,298,Adam,MaxAbsoluteDeviation,1.0259941816329956,1.0997366905212402,5.153280500031542
"[8, 23, 8, 23, 23, 23, 8, 23, 8, 23, 8, 23, 8, 8, 8, 23, 11, 8, 11]","['tanh', 'sigmoid', 'elu', 'swish', 'elu', 'elu', 'sigmoid', 'swish', 'tanh', 'elu', 'swish', 'elu', 'elu', 'tanh', 'swish', 'sigmoid', 'tanh', 'sigmoid', 'elu']",09f600f8f0f006f809f008f0000908f6390630,165,Adam,MaxAbsoluteDeviation,0.9846346974372864,1.1105595827102661,3.565519800002221
"[8, 23, 8, 23, 23, 23, 8, 23, 8, 23, 8, 23, 8, 8, 8, 23, 11, 8, 11]","['tanh', 'sigmoid', 'elu', 'swish', 'elu', 'elu', 'sigmoid', 'swish', 'swish', 'elu', 'swish', 'elu', 'elu', 'tanh', 'swish', 'sigmoid', 'tanh', 'sigmoid', 'elu']",09f600f8f0f006f808f008f0000908f6390630,165,Adam,MaxAbsoluteDeviation,1.0370930433273315,1.1558005809783936,3.623770199948922
"[8, 23, 8, 23, 23, 23, 8, 23, 8, 23, 8, 23, 8, 8, 8, 23, 11, 8, 11]","['tanh', 'sigmoid', 'elu', 'swish', 'elu', 'elu', 'sigmoid', 'swish', 'swish', 'elu', 'swish', 'elu', 'elu', 'tanh', 'swish', 'sigmoid', 'tanh', 'sigmoid', 'elu']",09f600f8f0f006f808f008f0000908f6390630,165,Adam,MaxAbsoluteDeviation,1.0264242887496948,1.0111064910888672,3.5984267000458203
"[8, 23, 8, 23, 23, 23, 8, 23, 8, 23, 8, 23, 8, 8, 8, 23, 11, 8, 11]","['tanh', 'sigmoid', 'elu', 'swish', 'elu', 'elu', 'sigmoid', 'swish', 'swish', 'elu', 'swish', 'elu', 'elu', 'tanh', 'tanh', 'sigmoid', 'tanh', 'sigmoid', 'elu']",09f600f8f0f006f808f008f0000909f6390630,165,Adam,MaxAbsoluteDeviation,0.9776588678359985,1.0821030139923096,3.5783846999984235
"[8, 23, 8, 23, 23, 23, 8, 23, 8, 23, 8, 23, 8, 8, 8, 23, 11, 8, 11]","['tanh', 'sigmoid', 'elu', 'swish', 'elu', 'elu', 'sigmoid', 'swish', 'swish', 'elu', 'swish', 'elu', 'elu', 'tanh', 'tanh', 'sigmoid', 'tanh', 'sigmoid', 'elu']",09f600f8f0f006f808f008f0000909f6390630,700,Adam,MaxAbsoluteDeviation,0.9477943181991577,1.0989437103271484,10.309244600008242
"[8, 23, 8, 23, 23, 23, 8, 23, 8, 23, 8, 23, 8, 8, 8, 23, 11, 8, 11]","['tanh', 'sigmoid', 'elu', 'swish', 'elu', 'elu', 'sigmoid', 'swish', 'swish', 'elu', 'swish', 'elu', 'elu', 'tanh', 'tanh', 'sigmoid', 'tanh', 'sigmoid', 'elu']",09f600f8f0f006f808f008f0000909f6390630,641,Adam,MaxAbsoluteDeviation,0.9732725620269775,1.071763038635254,9.56774949998362
"[8, 23, 8, 23, 23, 23, 23, 23, 8, 23, 8, 23, 8, 8, 8, 23, 11, 8, 11]","['tanh', 'sigmoid', 'elu', 'swish', 'elu', 'elu', 'sigmoid', 'swish', 'swish', 'elu', 'swish', 'elu', 'elu', 'tanh', 'tanh', 'sigmoid', 'tanh', 'sigmoid', 'tanh']",09f600f8f0f0f6f808f008f0000909f6390639,641,Adam,MaxAbsoluteDeviation,0.9738659858703613,1.0781447887420654,9.53832729998976
"[8, 23, 8, 23, 23, 23, 23, 23, 8, 23, 8, 23, 8, 8, 8, 23, 11, 8, 11, 17]","['tanh', 'sigmoid', 'elu', 'swish', 'elu', 'elu', 'sigmoid', 'swish', 'swish', 'elu', 'swish', 'elu', 'elu', 'tanh', 'tanh', 'sigmoid', 'tanh', 'sigmoid', 'tanh', 'tanh']",09f600f8f0f0f6f808f008f0000909f639063999,641,Adam,MaxAbsoluteDeviation,0.9671998023986816,1.1344678401947021,9.920429199992213
"[8, 23, 8, 23, 23, 23, 23, 23, 8, 23, 8, 23, 8, 8, 8, 23, 23, 8, 11, 17]","['tanh', 'sigmoid', 'elu', 'swish', 'elu', 'elu', 'sigmoid', 'swish', 'swish', 'elu', 'swish', 'elu', 'elu', 'tanh', 'tanh', 'sigmoid', 'tanh', 'sigmoid', 'tanh', 'tanh']",09f600f8f0f0f6f808f008f0000909f6f9063999,700,Adam,MaxAbsoluteDeviation,1.0270804166793823,1.1050870418548584,10.72536919999402
"[8, 23, 8, 23, 23, 23, 23, 23, 8, 23, 8, 23, 8, 8, 8, 23, 23, 8, 11, 17]","['tanh', 'sigmoid', 'elu', 'swish', 'elu', 'elu', 'sigmoid', 'swish', 'swish', 'elu', 'swish', 'elu', 'elu', 'tanh', 'tanh', 'sigmoid', 'tanh', 'sigmoid', 'tanh', 'tanh']",09f600f8f0f0f6f808f008f0000909f6f9063999,700,Adam,MaxAbsoluteDeviation,0.9718203544616699,1.0322415828704834,10.636137199995574
"[8, 23, 8, 23, 23, 23, 23, 23, 8, 23, 8, 23, 8, 8, 8, 23, 23, 8, 11, 17]","['tanh', 'sigmoid', 'elu', 'swish', 'elu', 'elu', 'sigmoid', 'swish', 'swish', 'elu', 'sigmoid', 'elu', 'elu', 'tanh', 'tanh', 'sigmoid', 'tanh', 'sigmoid', 'tanh', 'tanh']",09f600f8f0f0f6f808f006f0000909f6f9063999,700,Adam,MaxAbsoluteDeviation,0.9744094610214233,1.0931788682937622,10.40807429997949
"[8, 23, 8, 23, 23, 23, 23, 23, 8, 23, 8, 23, 23, 8, 8, 23, 23, 8, 11, 17, 10]","['tanh', 'sigmoid', 'elu', 'swish', 'elu', 'elu', 'sigmoid', 'swish', 'swish', 'elu', 'sigmoid', 'elu', 'elu', 'tanh', 'tanh', 'sigmoid', 'tanh', 'sigmoid', 'tanh', 'tanh', 'elu']",09f600f8f0f0f6f808f006f0f00909f6f906399920,700,Adam,MaxAbsoluteDeviation,0.9729556441307068,1.0203237533569336,10.88829639996402
"[8, 23, 8, 23, 23, 23, 23, 23, 8, 23, 8, 23, 23, 8, 8, 23, 23, 8, 11, 17, 10]","['tanh', 'sigmoid', 'elu', 'swish', 'elu', 'elu', 'sigmoid', 'swish', 'swish', 'elu', 'sigmoid', 'elu', 'elu', 'tanh', 'tanh', 'sigmoid', 'tanh', 'sigmoid', 'tanh', 'tanh', 'elu']",09f600f8f0f0f6f808f006f0f00909f6f906399920,700,Adam,MaxAbsoluteDeviation,0.9771367907524109,1.132357120513916,10.977954400004819
"[8, 23, 8, 23, 23, 23, 23, 23, 8, 23, 8, 23, 23, 8, 8, 23, 23, 8, 11, 17, 10]","['tanh', 'elu', 'elu', 'swish', 'elu', 'elu', 'sigmoid', 'swish', 'swish', 'elu', 'sigmoid', 'elu', 'elu', 'tanh', 'tanh', 'sigmoid', 'tanh', 'sigmoid', 'tanh', 'tanh', 'elu']",09f000f8f0f0f6f808f006f0f00909f6f906399920,700,Adam,MaxAbsoluteDeviation,0.9694909453392029,1.0769259929656982,10.98821419995511
"[8, 23, 8, 23, 23, 23, 23, 23, 8, 23, 8, 23, 23, 8, 8, 23, 23, 8, 11, 17, 10, 19]","['tanh', 'elu', 'elu', 'swish', 'elu', 'elu', 'sigmoid', 'swish', 'swish', 'elu', 'sigmoid', 'elu', 'elu', 'tanh', 'tanh', 'sigmoid', 'tanh', 'sigmoid', 'tanh', 'tanh', 'elu', 'swish']",09f000f8f0f0f6f808f006f0f00909f6f906399920b8,700,Adam,MaxAbsoluteDeviation,0.9745242595672607,1.032454252243042,11.407777600048576
"[8, 23, 8, 23, 23, 23, 23, 23, 8, 23, 8, 23, 23, 8, 8, 23, 23, 8, 11, 17, 10, 19]","['tanh', 'elu', 'elu', 'swish', 'elu', 'elu', 'sigmoid', 'swish', 'swish', 'elu', 'sigmoid', 'elu', 'swish', 'tanh', 'tanh', 'sigmoid', 'tanh', 'sigmoid', 'tanh', 'tanh', 'elu', 'swish']",09f000f8f0f0f6f808f006f0f80909f6f906399920b8,700,Adam,MaxAbsoluteDeviation,0.9573767185211182,1.064723253250122,11.35294429998612
"[8, 23, 8, 23, 23, 23, 23, 23, 8, 23, 8, 23, 23, 8, 8, 23, 23, 8, 11, 17, 10, 19]","['tanh', 'elu', 'elu', 'swish', 'elu', 'elu', 'sigmoid', 'swish', 'swish', 'elu', 'sigmoid', 'elu', 'swish', 'tanh', 'tanh', 'sigmoid', 'tanh', 'sigmoid', 'tanh', 'tanh', 'elu', 'swish']",09f000f8f0f0f6f808f006f0f80909f6f906399920b8,100,Adam,MaxAbsoluteDeviation,1.0048009157180786,1.004981279373169,3.119068200001493
"[8, 23, 8, 23, 23, 23, 23, 23, 8, 23, 8, 23, 23, 8, 8, 23, 23, 8, 23, 17, 10, 19]","['tanh', 'elu', 'elu', 'swish', 'elu', 'elu', 'sigmoid', 'swish', 'swish', 'elu', 'sigmoid', 'elu', 'swish', 'tanh', 'tanh', 'sigmoid', 'tanh', 'sigmoid', 'tanh', 'tanh', 'elu', 'swish']",09f000f8f0f0f6f808f006f0f80909f6f906f99920b8,100,Adam,MaxAbsoluteDeviation,0.9678916335105896,1.0595602989196777,3.122222599980887
"[8, 23, 8, 23, 23, 23, 23, 23, 8, 23, 8, 23, 23, 8, 23, 23, 23, 8, 23, 17, 10, 19]","['tanh', 'elu', 'elu', 'swish', 'elu', 'elu', 'sigmoid', 'swish', 'swish', 'elu', 'sigmoid', 'elu', 'swish', 'tanh', 'tanh', 'sigmoid', 'tanh', 'sigmoid', 'tanh', 'tanh', 'elu', 'swish']",09f000f8f0f0f6f808f006f0f809f9f6f906f99920b8,100,Adam,MaxAbsoluteDeviation,1.123329758644104,1.4792861938476562,3.131248100020457
"[8, 23, 8, 23, 23, 23, 23, 23, 8, 23, 8, 23, 23, 8, 23, 23, 23, 8, 23, 17, 10, 19]","['tanh', 'elu', 'elu', 'swish', 'elu', 'elu', 'sigmoid', 'swish', 'swish', 'elu', 'sigmoid', 'elu', 'swish', 'tanh', 'tanh', 'sigmoid', 'tanh', 'sigmoid', 'tanh', 'tanh', 'elu', 'swish']",09f000f8f0f0f6f808f006f0f809f9f6f906f99920b8,700,Adam,MaxAbsoluteDeviation,0.9922886490821838,1.0285720825195312,11.246778599976096
"[8, 23, 8, 23, 23, 23, 23, 23, 8, 23, 8, 23, 23, 8, 23, 23, 23, 8, 23, 17, 10]","['tanh', 'elu', 'elu', 'swish', 'elu', 'elu', 'sigmoid', 'swish', 'swish', 'elu', 'sigmoid', 'elu', 'swish', 'tanh', 'tanh', 'sigmoid', 'tanh', 'sigmoid', 'tanh', 'tanh', 'elu']",09f000f8f0f0f6f808f006f0f809f9f6f906f99920,700,Adam,MaxAbsoluteDeviation,1.026257872581482,1.0329216718673706,10.750295999983791
"[8, 23, 8, 23, 23, 23, 23, 23, 8, 23, 8, 23, 23, 8, 23, 23, 23, 8, 23, 17, 10]","['tanh', 'elu', 'elu', 'swish', 'elu', 'elu', 'sigmoid', 'swish', 'swish', 'elu', 'sigmoid', 'elu', 'swish', 'tanh', 'tanh', 'sigmoid', 'tanh', 'sigmoid', 'tanh', 'tanh', 'elu']",09f000f8f0f0f6f808f006f0f809f9f6f906f99920,700,Adam,MaxAbsoluteDeviation,1.0372309684753418,1.088252067565918,10.729191899998114
"[8, 23, 8, 23, 23, 23, 23, 23, 8, 23, 8, 23, 23, 8, 23, 23, 23, 8, 23, 17, 10]","['tanh', 'elu', 'elu', 'swish', 'elu', 'elu', 'sigmoid', 'swish', 'swish', 'elu', 'sigmoid', 'elu', 'swish', 'tanh', 'tanh', 'sigmoid', 'tanh', 'sigmoid', 'tanh', 'tanh', 'elu']",09f000f8f0f0f6f808f006f0f809f9f6f906f99920,700,Adam,MaxAbsoluteDeviation,0.9849197268486023,1.0277233123779297,10.505898800038267
"[8, 23, 8, 23, 23, 23, 23, 23, 8, 23, 8, 23, 23, 8, 23, 23, 23, 8, 23, 17, 10, 8]","['tanh', 'elu', 'elu', 'swish', 'elu', 'elu', 'sigmoid', 'swish', 'swish', 'elu', 'sigmoid', 'elu', 'swish', 'tanh', 'tanh', 'sigmoid', 'tanh', 'sigmoid', 'tanh', 'tanh', 'elu', 'sigmoid']",09f000f8f0f0f6f808f006f0f809f9f6f906f9992006,700,Adam,MaxAbsoluteDeviation,0.9756662249565125,1.0336122512817383,11.044738499971572
"[8, 23, 8, 23, 23, 23, 23, 23, 8, 23, 8, 23, 23, 8, 23, 23, 23, 8, 23, 17, 10]","['tanh', 'elu', 'elu', 'swish', 'elu', 'elu', 'sigmoid', 'swish', 'swish', 'elu', 'sigmoid', 'elu', 'swish', 'tanh', 'tanh', 'sigmoid', 'tanh', 'sigmoid', 'tanh', 'tanh', 'elu']",09f000f8f0f0f6f808f006f0f809f9f6f906f99920,263,Adam,MaxAbsoluteDeviation,0.9729232788085938,1.131250023841858,5.019090800022241
"[8, 23, 8, 23, 23, 23, 23, 23, 8, 23, 8, 23, 23, 8, 23, 23, 23, 8, 23, 17, 10]","['tanh', 'elu', 'elu', 'swish', 'elu', 'elu', 'sigmoid', 'swish', 'swish', 'elu', 'sigmoid', 'elu', 'swish', 'tanh', 'tanh', 'sigmoid', 'tanh', 'sigmoid', 'tanh', 'tanh', 'elu']",09f000f8f0f0f6f808f006f0f809f9f6f906f99920,700,Adam,MaxAbsoluteDeviation,0.967670738697052,1.0355956554412842,10.728924600000028
"[8, 23, 8, 23, 23, 23, 23, 23, 8, 23, 8, 23, 23, 8, 23, 23, 23, 8, 23, 17]","['tanh', 'elu', 'elu', 'swish', 'elu', 'elu', 'sigmoid', 'swish', 'swish', 'elu', 'sigmoid', 'elu', 'swish', 'tanh', 'tanh', 'sigmoid', 'tanh', 'sigmoid', 'tanh', 'tanh']",09f000f8f0f0f6f808f006f0f809f9f6f906f999,700,Adam,MaxAbsoluteDeviation,0.9891378879547119,1.0712933540344238,10.276472700003069
"[8, 23, 8, 23, 23, 23, 23, 23, 8, 23, 8, 23, 23, 8, 23, 23, 23, 8, 23, 17]","['tanh', 'elu', 'elu', 'swish', 'elu', 'elu', 'sigmoid', 'swish', 'swish', 'elu', 'sigmoid', 'elu', 'swish', 'tanh', 'tanh', 'sigmoid', 'tanh', 'sigmoid', 'tanh', 'tanh']",09f000f8f0f0f6f808f006f0f809f9f6f906f999,100,Adam,MaxAbsoluteDeviation,0.9850957989692688,1.0458428859710693,2.808854899951257
"[8, 23, 8, 23, 23, 23, 23, 23, 8, 23, 8, 23, 23, 8, 23, 23, 23, 8, 23]","['tanh', 'elu', 'elu', 'swish', 'elu', 'elu', 'sigmoid', 'swish', 'swish', 'elu', 'sigmoid', 'elu', 'swish', 'tanh', 'tanh', 'sigmoid', 'tanh', 'sigmoid', 'tanh']",09f000f8f0f0f6f808f006f0f809f9f6f906f9,100,Adam,MaxAbsoluteDeviation,0.9673020839691162,1.1054883003234863,2.714215799991507
"[8, 23, 8, 23, 23, 23, 23, 23, 8, 23, 8, 23, 23, 8, 23, 23, 23, 8, 23]","['tanh', 'elu', 'elu', 'swish', 'elu', 'elu', 'sigmoid', 'swish', 'swish', 'elu', 'sigmoid', 'elu', 'swish', 'tanh', 'tanh', 'sigmoid', 'tanh', 'sigmoid', 'tanh']",09f000f8f0f0f6f808f006f0f809f9f6f906f9,100,Adam,MaxAbsoluteDeviation,1.139709711074829,1.2258703708648682,2.668855900003109
"[8, 23, 8, 23, 23, 23, 23, 23, 8, 23, 8, 23, 23, 8, 23, 23, 23, 8, 23, 18]","['tanh', 'elu', 'elu', 'swish', 'elu', 'elu', 'sigmoid', 'swish', 'swish', 'elu', 'sigmoid', 'elu', 'swish', 'tanh', 'tanh', 'sigmoid', 'tanh', 'sigmoid', 'tanh', 'tanh']",09f000f8f0f0f6f808f006f0f809f9f6f906f9a9,100,Adam,MaxAbsoluteDeviation,1.0607966184616089,1.1241062879562378,2.7985849999822676
"[8, 23, 8, 23, 23, 23, 23, 23, 8, 23, 8, 23, 23, 8, 23, 23, 23, 8, 23, 18]","['tanh', 'elu', 'elu', 'swish', 'elu', 'elu', 'sigmoid', 'swish', 'swish', 'elu', 'sigmoid', 'elu', 'swish', 'tanh', 'tanh', 'sigmoid', 'tanh', 'sigmoid', 'tanh', 'tanh']",09f000f8f0f0f6f808f006f0f809f9f6f906f9a9,100,Adam,MaxAbsoluteDeviation,0.9825463891029358,1.0019028186798096,2.800223600002937
"[8, 23, 8, 23, 23, 23, 23, 23, 8, 23, 8, 23, 23, 8, 23, 23, 23, 8, 23]","['tanh', 'elu', 'elu', 'swish', 'elu', 'elu', 'sigmoid', 'swish', 'swish', 'elu', 'sigmoid', 'elu', 'swish', 'tanh', 'tanh', 'sigmoid', 'tanh', 'sigmoid', 'tanh']",09f000f8f0f0f6f808f006f0f809f9f6f906f9,700,Adam,MaxAbsoluteDeviation,1.0545859336853027,1.2170591354370117,9.75500970002031
"[8, 23, 8, 23, 23, 23, 23, 23, 8, 23, 8, 23, 23, 8, 23, 11, 23, 8]","['tanh', 'elu', 'elu', 'swish', 'elu', 'elu', 'sigmoid', 'swish', 'swish', 'elu', 'sigmoid', 'elu', 'swish', 'tanh', 'tanh', 'sigmoid', 'tanh', 'sigmoid']",09f000f8f0f0f6f808f006f0f809f936f906,700,Adam,MaxAbsoluteDeviation,0.982746422290802,1.0729056596755981,9.298248700040858
"[8, 23, 8, 23, 23, 23, 23, 23, 8, 23, 8, 23, 23, 8, 23, 11, 23, 8, 18]","['tanh', 'elu', 'elu', 'swish', 'elu', 'elu', 'sigmoid', 'swish', 'swish', 'elu', 'sigmoid', 'elu', 'swish', 'tanh', 'tanh', 'sigmoid', 'tanh', 'sigmoid', 'swish']",09f000f8f0f0f6f808f006f0f809f936f906a8,700,Adam,MaxAbsoluteDeviation,0.9788634777069092,1.0152928829193115,9.866192599991336
"[8, 23, 8, 23, 23, 23, 23, 23, 8, 23, 8, 23, 23, 8, 23, 11, 23, 8, 18]","['tanh', 'elu', 'elu', 'swish', 'elu', 'elu', 'sigmoid', 'swish', 'swish', 'elu', 'sigmoid', 'elu', 'swish', 'tanh', 'tanh', 'sigmoid', 'tanh', 'sigmoid', 'swish']",09f000f8f0f0f6f808f006f0f809f936f906a8,695,Adam,MaxAbsoluteDeviation,0.9638250470161438,1.0511982440948486,9.763213799975347
"[8, 23, 8, 23, 23, 23, 23, 23, 8, 23, 8, 23, 23, 8, 23, 11, 23, 8, 18]","['tanh', 'elu', 'elu', 'swish', 'elu', 'elu', 'sigmoid', 'swish', 'swish', 'elu', 'sigmoid', 'elu', 'swish', 'tanh', 'elu', 'sigmoid', 'tanh', 'sigmoid', 'swish']",09f000f8f0f0f6f808f006f0f809f036f906a8,695,Adam,MaxAbsoluteDeviation,0.9562892913818359,1.0564075708389282,9.831433799990918
"[8, 23, 8, 23, 23, 23, 23, 23, 8, 23, 8, 23, 23, 8, 23, 11, 23, 8, 23]","['tanh', 'elu', 'elu', 'swish', 'elu', 'elu', 'sigmoid', 'swish', 'swish', 'elu', 'sigmoid', 'elu', 'swish', 'tanh', 'elu', 'sigmoid', 'elu', 'sigmoid', 'swish']",09f000f8f0f0f6f808f006f0f809f036f006f8,700,Adam,MaxAbsoluteDeviation,0.9711936712265015,1.0699069499969482,9.843134700029623
"[8, 23, 8, 23, 23, 23, 23, 23, 8, 23, 8, 23, 23, 8, 23, 11, 23, 8, 8, 11]","['tanh', 'elu', 'elu', 'swish', 'elu', 'elu', 'sigmoid', 'swish', 'swish', 'elu', 'sigmoid', 'elu', 'swish', 'tanh', 'elu', 'sigmoid', 'elu', 'sigmoid', 'swish', 'swish']",09f000f8f0f0f6f808f006f0f809f036f0060838,700,Adam,MaxAbsoluteDeviation,0.9637426733970642,1.0381474494934082,9.997416300000623
"[8, 23, 8, 23, 23, 23, 23, 23, 8, 23, 8, 23, 23, 8, 23, 11, 23, 8, 8]","['tanh', 'elu', 'elu', 'swish', 'elu', 'elu', 'sigmoid', 'swish', 'swish', 'elu', 'sigmoid', 'elu', 'swish', 'tanh', 'elu', 'sigmoid', 'elu', 'sigmoid', 'swish']",09f000f8f0f0f6f808f006f0f809f036f00608,700,Adam,MaxAbsoluteDeviation,0.9585382342338562,1.0648014545440674,9.724722400016617
"[8, 23, 8, 23, 23, 8, 23, 23, 8, 23, 8, 23, 23, 8, 23, 11, 23, 8, 8]","['tanh', 'elu', 'elu', 'swish', 'elu', 'elu', 'sigmoid', 'swish', 'swish', 'elu', 'sigmoid', 'elu', 'swish', 'tanh', 'elu', 'sigmoid', 'elu', 'sigmoid', 'swish']",09f000f8f000f6f808f006f0f809f036f00608,700,Adam,MaxAbsoluteDeviation,0.9621943831443787,1.0534030199050903,9.71282059996156
"[8, 23, 8, 23, 23, 8, 23, 23, 8, 23, 8, 23, 23, 8, 23, 11, 23, 8, 8]","['tanh', 'elu', 'elu', 'swish', 'elu', 'elu', 'sigmoid', 'swish', 'swish', 'elu', 'sigmoid', 'elu', 'swish', 'swish', 'elu', 'sigmoid', 'elu', 'sigmoid', 'swish']",09f000f8f000f6f808f006f0f808f036f00608,700,Adam,MaxAbsoluteDeviation,0.986370861530304,1.0793530941009521,9.505126100033522
"[8, 23, 8, 23, 23, 8, 23, 23, 8, 23, 8, 23, 23, 8, 23, 11, 23, 8, 8]","['tanh', 'elu', 'elu', 'swish', 'elu', 'elu', 'sigmoid', 'swish', 'swish', 'elu', 'sigmoid', 'elu', 'swish', 'swish', 'elu', 'sigmoid', 'elu', 'sigmoid', 'swish']",09f000f8f000f6f808f006f0f808f036f00608,700,Adam,MaxAbsoluteDeviation,0.9645848870277405,1.040372610092163,9.648654799966607
"[8, 23, 8, 23, 23, 8, 23, 23, 8, 23, 8, 23, 23, 8, 23, 11, 23, 8, 8]","['tanh', 'elu', 'elu', 'swish', 'elu', 'elu', 'sigmoid', 'swish', 'swish', 'elu', 'sigmoid', 'elu', 'swish', 'swish', 'elu', 'sigmoid', 'elu', 'sigmoid', 'swish']",09f000f8f000f6f808f006f0f808f036f00608,228,Adam,MaxAbsoluteDeviation,0.9794540405273438,1.0891996622085571,4.102141699986532
"[8, 23, 8, 23, 23, 8, 23, 23, 8, 23, 8, 23, 23, 8, 23, 11, 23, 8, 8]","['tanh', 'elu', 'elu', 'swish', 'elu', 'elu', 'sigmoid', 'swish', 'swish', 'elu', 'sigmoid', 'elu', 'swish', 'swish', 'elu', 'sigmoid', 'elu', 'sigmoid', 'swish']",09f000f8f000f6f808f006f0f808f036f00608,104,Adam,MaxAbsoluteDeviation,0.9787551164627075,1.0682579278945923,2.917368699971121
"[8, 23, 8, 23, 23, 8, 23, 23, 8, 23, 8, 23, 23, 8, 23, 11, 23, 8, 8]","['tanh', 'elu', 'elu', 'swish', 'elu', 'elu', 'sigmoid', 'swish', 'swish', 'elu', 'sigmoid', 'elu', 'swish', 'swish', 'elu', 'sigmoid', 'elu', 'sigmoid', 'swish']",09f000f8f000f6f808f006f0f808f036f00608,700,Adam,MaxAbsoluteDeviation,0.9550885558128357,1.072912573814392,10.771954800002277
"[8, 23, 8, 23, 23, 8, 23, 23, 8, 23, 8, 23, 23, 8, 23, 11, 23, 8, 8, 12]","['tanh', 'elu', 'elu', 'swish', 'elu', 'elu', 'sigmoid', 'swish', 'swish', 'elu', 'sigmoid', 'elu', 'swish', 'swish', 'elu', 'sigmoid', 'elu', 'sigmoid', 'swish', 'tanh']",09f000f8f000f6f808f006f0f808f036f00608,700,Adam,MaxAbsoluteDeviation,0.9550885558128357,1.0039632320404053,11.09716569999
"[8, 23, 8, 23, 23, 8, 23, 23, 8, 23, 8, 23, 23, 8, 23, 11, 23, 8, 8]","['tanh', 'elu', 'elu', 'swish', 'elu', 'elu', 'sigmoid', 'swish', 'swish', 'elu', 'sigmoid', 'elu', 'swish', 'swish', 'elu', 'sigmoid', 'elu', 'sigmoid', 'swish']",09f000f8f000f6f808f006f0f808f036f00608,700,Adam,MaxAbsoluteDeviation,0.9540380835533142,1.0820112228393555,10.748962899961043
"[8, 23, 8, 23, 23, 8, 23, 23, 8, 23, 8, 23, 23, 8, 23, 11, 23, 8, 8]","['tanh', 'elu', 'elu', 'swish', 'elu', 'elu', 'sigmoid', 'swish', 'swish', 'elu', 'sigmoid', 'elu', 'sigmoid', 'swish', 'elu', 'sigmoid', 'elu', 'sigmoid', 'swish']",09f000f8f000f6f808f006f0f608f036f00608,700,Adam,MaxAbsoluteDeviation,0.9541741013526917,1.058642864227295,10.702013599977363
"[8, 23, 8, 23, 23, 8, 23, 23, 8, 23, 8, 23, 23, 8, 23, 11, 23, 8, 8]","['tanh', 'elu', 'elu', 'swish', 'elu', 'elu', 'sigmoid', 'swish', 'swish', 'elu', 'sigmoid', 'elu', 'sigmoid', 'swish', 'elu', 'sigmoid', 'elu', 'sigmoid', 'swish']",09f000f8f000f6f808f006f0f608f036f00608,700,Adam,MaxAbsoluteDeviation,0.9805864691734314,1.0660192966461182,10.448464699962642
"[8, 23, 8, 23, 23, 8, 23, 23, 8, 23, 8, 23, 23, 8, 23, 11, 23, 8]","['tanh', 'elu', 'elu', 'swish', 'elu', 'elu', 'sigmoid', 'swish', 'swish', 'elu', 'sigmoid', 'elu', 'sigmoid', 'swish', 'elu', 'sigmoid', 'elu', 'sigmoid']",09f000f8f000f6f808f006f0f608f036f006,700,Adam,MaxAbsoluteDeviation,0.9708869457244873,1.066685676574707,10.142084599996451
"[8, 23, 8, 23, 23, 8, 23, 23, 8, 23, 8, 23, 23, 8, 23, 11, 23, 8]","['tanh', 'elu', 'elu', 'swish', 'elu', 'elu', 'sigmoid', 'swish', 'swish', 'elu', 'sigmoid', 'elu', 'sigmoid', 'swish', 'elu', 'sigmoid', 'elu', 'sigmoid']",09f000f8f000f6f808f006f0f608f036f006,700,Adam,MaxAbsoluteDeviation,0.9721376299858093,1.073634386062622,10.168086300021969
"[8, 23, 8, 23, 23, 8, 23, 23, 8, 23, 8, 23, 23, 8, 23, 11, 23, 8]","['tanh', 'elu', 'elu', 'swish', 'elu', 'elu', 'sigmoid', 'swish', 'swish', 'elu', 'sigmoid', 'elu', 'sigmoid', 'swish', 'elu', 'sigmoid', 'elu', 'sigmoid']",09f000f8f000f6f808f006f0f608f036f006,700,Adam,MaxAbsoluteDeviation,0.955340564250946,1.0805538892745972,10.168297700001858
"[8, 23, 8, 23, 23, 8, 23, 23, 8, 23, 8, 23, 23, 8, 23, 11, 23, 8, 16]","['tanh', 'elu', 'elu', 'swish', 'elu', 'elu', 'sigmoid', 'swish', 'swish', 'elu', 'sigmoid', 'elu', 'sigmoid', 'swish', 'elu', 'sigmoid', 'elu', 'sigmoid', 'elu']",09f000f8f000f6f808f006f0f608f036f00680,700,Adam,MaxAbsoluteDeviation,0.970193088054657,1.0434129238128662,10.46615870000096
"[8, 23, 8, 23, 23, 8, 23, 23, 8, 23, 8, 23, 23, 8, 23, 11, 23, 8]","['tanh', 'elu', 'elu', 'swish', 'elu', 'elu', 'sigmoid', 'swish', 'swish', 'elu', 'sigmoid', 'elu', 'sigmoid', 'swish', 'elu', 'sigmoid', 'elu', 'sigmoid']",09f000f8f000f6f808f006f0f608f036f006,700,Adam,MaxAbsoluteDeviation,0.9420455694198608,1.0332037210464478,10.030993600026704
"[8, 23, 8, 23, 23, 8, 23, 23, 8, 23, 8, 23, 23, 8, 23, 11, 23, 8]","['tanh', 'elu', 'elu', 'swish', 'elu', 'elu', 'sigmoid', 'swish', 'swish', 'elu', 'sigmoid', 'elu', 'sigmoid', 'swish', 'elu', 'sigmoid', 'elu', 'sigmoid']",09f000f8f000f6f808f006f0f608f036f006,467,Adam,MaxAbsoluteDeviation,0.9544076323509216,1.0674901008605957,7.195829699980095
"[8, 23, 8, 23, 23, 8, 23, 23, 8, 23, 8, 23, 23, 8, 23, 11, 23, 8, 10]","['tanh', 'elu', 'elu', 'swish', 'elu', 'elu', 'sigmoid', 'swish', 'swish', 'elu', 'sigmoid', 'elu', 'sigmoid', 'swish', 'elu', 'sigmoid', 'elu', 'sigmoid', 'sigmoid']",09f000f8f000f6f808f006f0f608f036f00626,467,Adam,MaxAbsoluteDeviation,0.9546535015106201,1.005218505859375,7.4676979999640025
"[8, 23, 8, 23, 23, 8, 23, 23, 8, 23, 8, 23, 23, 8, 23, 11, 23, 8]","['tanh', 'elu', 'elu', 'swish', 'elu', 'elu', 'sigmoid', 'swish', 'swish', 'elu', 'sigmoid', 'elu', 'sigmoid', 'swish', 'elu', 'sigmoid', 'tanh', 'sigmoid']",09f000f8f000f6f808f006f0f608f036f906,700,Adam,MaxAbsoluteDeviation,0.9563339352607727,1.065871000289917,10.12370729999384
"[8, 23, 8, 23, 23, 8, 23, 8, 8, 23, 8, 23, 23, 8, 23, 11, 23]","['tanh', 'elu', 'elu', 'swish', 'elu', 'elu', 'sigmoid', 'swish', 'swish', 'elu', 'sigmoid', 'elu', 'sigmoid', 'swish', 'elu', 'sigmoid', 'tanh']",09f000f8f000f60808f006f0f608f036f9,700,Adam,MaxAbsoluteDeviation,0.9676626324653625,1.1062877178192139,9.723769400035962
"[8, 23, 8, 23, 23, 8, 8, 8, 8, 23, 8, 23, 23, 8, 23, 11, 23]","['tanh', 'elu', 'elu', 'swish', 'elu', 'elu', 'sigmoid', 'swish', 'swish', 'elu', 'sigmoid', 'elu', 'sigmoid', 'swish', 'elu', 'sigmoid', 'tanh']",09f000f8f000060808f006f0f608f036f9,700,Adam,MaxAbsoluteDeviation,0.9847559332847595,1.0437557697296143,9.66437469999073
"[8, 23, 8, 23, 23, 8, 8, 8, 8, 23, 8, 23, 23, 8, 23, 11, 23]","['tanh', 'elu', 'elu', 'swish', 'elu', 'elu', 'sigmoid', 'swish', 'swish', 'elu', 'sigmoid', 'elu', 'sigmoid', 'swish', 'elu', 'sigmoid', 'tanh']",09f000f8f000060808f006f0f608f036f9,700,Adam,MaxAbsoluteDeviation,1.028299331665039,1.0845967531204224,9.626599700015504
"[8, 23, 8, 23, 23, 8, 8, 8, 8, 23, 8, 23, 23, 8, 23, 11]","['tanh', 'elu', 'elu', 'swish', 'elu', 'elu', 'sigmoid', 'swish', 'swish', 'elu', 'sigmoid', 'elu', 'sigmoid', 'swish', 'elu', 'sigmoid']",09f000f8f000060808f006f0f608f036,700,Adam,MaxAbsoluteDeviation,0.9757335186004639,1.0428639650344849,9.296896099986043
"[8, 23, 8, 23, 23, 8, 8, 8, 8, 23, 8, 23, 23, 8, 23, 11]","['tanh', 'elu', 'elu', 'swish', 'elu', 'elu', 'sigmoid', 'swish', 'swish', 'elu', 'sigmoid', 'elu', 'sigmoid', 'swish', 'elu', 'sigmoid']",09f000f8f000060808f006f0f608f036,700,Adam,MaxAbsoluteDeviation,0.9752038717269897,1.0885579586029053,9.34533849998843
"[8, 23, 8, 23, 23, 8, 8, 8, 8, 23, 8, 23, 23, 8, 23, 11]","['tanh', 'elu', 'elu', 'swish', 'elu', 'elu', 'sigmoid', 'swish', 'swish', 'elu', 'sigmoid', 'elu', 'sigmoid', 'swish', 'elu', 'sigmoid']",09f000f8f000060808f006f0f608f036,700,Adam,MaxAbsoluteDeviation,0.9521813988685608,1.0421146154403687,9.290279300010297
"[8, 23, 8, 23, 23, 8, 8, 8, 8, 23, 8, 23, 23, 8, 23]","['tanh', 'elu', 'elu', 'swish', 'elu', 'elu', 'sigmoid', 'swish', 'swish', 'elu', 'sigmoid', 'elu', 'sigmoid', 'swish', 'elu']",09f000f8f000060808f006f0f608f0,700,Adam,MaxAbsoluteDeviation,0.995420515537262,1.0275700092315674,8.725329599983525
"[8, 23, 8, 23, 23, 8, 8, 8, 8, 23, 8, 23, 23, 8, 23]","['tanh', 'elu', 'elu', 'swish', 'elu', 'elu', 'sigmoid', 'swish', 'swish', 'elu', 'sigmoid', 'elu', 'sigmoid', 'swish', 'elu']",09f000f8f000060808f006f0f608f0,700,Adam,MaxAbsoluteDeviation,0.9620453119277954,1.0851936340332031,8.654903799993917
"[8, 23, 8, 23, 23, 8, 8, 8, 8, 23, 8, 23, 23, 8, 23]","['tanh', 'elu', 'tanh', 'swish', 'elu', 'elu', 'sigmoid', 'swish', 'swish', 'elu', 'sigmoid', 'elu', 'sigmoid', 'swish', 'elu']",09f009f8f000060808f006f0f608f0,700,Adam,MaxAbsoluteDeviation,0.959774911403656,1.0542166233062744,8.70388109999476
"[8, 23, 8, 23, 23, 8, 8, 8, 8, 23, 8, 23, 23, 8, 23]","['tanh', 'elu', 'tanh', 'swish', 'elu', 'elu', 'sigmoid', 'swish', 'swish', 'elu', 'sigmoid', 'elu', 'sigmoid', 'swish', 'elu']",09f009f8f000060808f006f0f608f0,700,Adam,MaxAbsoluteDeviation,0.9450781345367432,1.0138063430786133,8.657190700003412
"[8, 23, 8, 23, 23, 8, 8, 8, 8, 23, 8, 23, 23, 8, 23]","['tanh', 'elu', 'tanh', 'swish', 'elu', 'elu', 'sigmoid', 'swish', 'swish', 'elu', 'sigmoid', 'elu', 'sigmoid', 'swish', 'elu']",09f009f8f000060808f006f0f608f0,100,Adam,MaxAbsoluteDeviation,0.9626941084861755,1.0488147735595703,2.3158609999809414
"[8, 23, 8, 23, 23, 8, 8, 8, 8, 23, 8, 23, 23, 8, 23]","['tanh', 'elu', 'tanh', 'swish', 'elu', 'elu', 'sigmoid', 'swish', 'swish', 'elu', 'sigmoid', 'elu', 'sigmoid', 'swish', 'elu']",09f009f8f000060808f006f0f608f0,100,Adam,MaxAbsoluteDeviation,1.0130380392074585,1.0959339141845703,2.3070261999964714
"[8, 23, 8, 23, 23, 8, 8, 8, 8, 23, 8, 23, 23, 8]","['tanh', 'elu', 'tanh', 'swish', 'elu', 'elu', 'sigmoid', 'swish', 'swish', 'elu', 'sigmoid', 'elu', 'sigmoid', 'swish']",09f009f8f000060808f006f0f608,100,Adam,MaxAbsoluteDeviation,1.0064905881881714,1.0185823440551758,2.197051100025419
"[8, 23, 8, 23, 23, 8, 8, 8, 8, 23, 8, 23, 23, 8]","['tanh', 'elu', 'tanh', 'swish', 'elu', 'elu', 'sigmoid', 'swish', 'swish', 'elu', 'sigmoid', 'elu', 'sigmoid', 'swish']",09f009f8f000060808f006f0f608,700,Adam,MaxAbsoluteDeviation,0.9629380702972412,1.0775842666625977,8.260554799984675
"[8, 23, 8, 23, 23, 8, 8, 8, 8, 23, 8, 23, 23, 8]","['tanh', 'elu', 'tanh', 'swish', 'elu', 'elu', 'sigmoid', 'swish', 'swish', 'elu', 'sigmoid', 'elu', 'sigmoid', 'swish']",09f009f8f000060808f006f0f608,562,Adam,MaxAbsoluteDeviation,0.9592152237892151,1.063292145729065,6.752581000037026
"[8, 23, 8, 23, 23, 8, 8, 8, 8, 23, 8, 23, 23, 8]","['tanh', 'elu', 'tanh', 'swish', 'elu', 'elu', 'elu', 'swish', 'swish', 'elu', 'sigmoid', 'elu', 'sigmoid', 'swish']",09f009f8f000000808f006f0f608,562,Adam,MaxAbsoluteDeviation,0.9540249109268188,1.0798300504684448,6.751090999983717
"[8, 23, 8, 23, 23, 8, 8, 8, 8, 23, 8, 23, 23]","['tanh', 'elu', 'tanh', 'swish', 'elu', 'elu', 'elu', 'swish', 'swish', 'elu', 'sigmoid', 'elu', 'sigmoid']",09f009f8f000000808f006f0f6,562,Adam,MaxAbsoluteDeviation,0.971305251121521,1.064010739326477,6.38173080002889
"[8, 23, 8, 23, 23, 8, 8, 8, 8, 23, 8, 23, 23]","['tanh', 'elu', 'tanh', 'swish', 'elu', 'elu', 'elu', 'elu', 'swish', 'elu', 'sigmoid', 'elu', 'sigmoid']",09f009f8f000000008f006f0f6,562,Adam,MaxAbsoluteDeviation,0.9586890935897827,1.0808216333389282,6.413948899949901
"[8, 23, 23, 23, 23, 8, 23, 8, 8, 23, 8, 23, 23]","['tanh', 'elu', 'tanh', 'swish', 'elu', 'elu', 'elu', 'elu', 'swish', 'elu', 'sigmoid', 'elu', 'sigmoid']",09f0f9f8f000f00008f006f0f6,374,Adam,MaxAbsoluteDeviation,1.0047407150268555,1.0292699337005615,4.62759129999904
"[8, 23, 23, 23, 23, 8, 23, 8, 8, 23, 8, 23, 23, 8]","['tanh', 'elu', 'tanh', 'swish', 'elu', 'elu', 'elu', 'elu', 'swish', 'elu', 'sigmoid', 'elu', 'sigmoid', 'elu']",09f0f9f8f000f00008f006f0f600,374,Adam,MaxAbsoluteDeviation,0.9652717113494873,1.0466563701629639,4.856248800002504
"[8, 23, 23, 23, 23, 8, 23, 8, 8, 23, 8, 23, 23]","['tanh', 'elu', 'tanh', 'swish', 'elu', 'elu', 'elu', 'elu', 'swish', 'elu', 'sigmoid', 'elu', 'sigmoid']",09f0f9f8f000f00008f006f0f6,374,Adam,MaxAbsoluteDeviation,0.9746601581573486,1.0150279998779297,4.620794199989177
"[8, 23, 23, 23, 23, 8, 23, 8, 8, 23, 8, 23, 23]","['tanh', 'elu', 'tanh', 'sigmoid', 'elu', 'elu', 'elu', 'elu', 'swish', 'elu', 'sigmoid', 'elu', 'sigmoid']",09f0f9f6f000f00008f006f0f6,374,Adam,MaxAbsoluteDeviation,0.9878448247909546,1.1284390687942505,4.615021499979775
"[8, 23, 23, 23, 23, 8, 23, 8, 8, 23, 8]","['tanh', 'elu', 'tanh', 'sigmoid', 'elu', 'elu', 'elu', 'elu', 'swish', 'elu', 'sigmoid']",09f0f9f6f000f00008f006,374,Adam,MaxAbsoluteDeviation,0.931547999382019,1.0493066310882568,4.048519500007387
"[8, 8, 23, 23, 23, 8, 23, 8, 8, 23, 8]","['tanh', 'elu', 'tanh', 'sigmoid', 'elu', 'elu', 'elu', 'elu', 'swish', 'elu', 'sigmoid']",0900f9f6f000f00008f006,374,Adam,MaxAbsoluteDeviation,0.9664959907531738,1.0653549432754517,4.0273533999570645
"[8, 8, 23, 23, 23, 8, 23, 8, 8, 23]","['tanh', 'elu', 'tanh', 'sigmoid', 'elu', 'elu', 'elu', 'elu', 'swish', 'elu']",0900f9f6f000f00008f0,700,Adam,MaxAbsoluteDeviation,0.9839192032814026,1.026154637336731,6.37351820000913
"[8, 8, 23, 23, 23, 8, 23, 8, 8, 23]","['tanh', 'elu', 'tanh', 'sigmoid', 'elu', 'elu', 'elu', 'elu', 'swish', 'elu']",0900f9f6f000f00008f0,700,Adam,MaxAbsoluteDeviation,0.9766074419021606,1.0970687866210938,6.41793970001163
"[8, 8, 23, 23, 23, 8, 23, 8, 8]","['tanh', 'elu', 'tanh', 'sigmoid', 'elu', 'elu', 'elu', 'elu', 'swish']",0900f9f6f000f00008,700,Adam,MaxAbsoluteDeviation,0.1896977424621582,0.21338766813278198,5.901828800037038
"[8, 8, 23, 23, 23, 8, 23, 8, 8]","['tanh', 'elu', 'tanh', 'sigmoid', 'elu', 'elu', 'elu', 'elu', 'swish']",0900f9f6f000f00008,700,Adam,MaxAbsoluteDeviation,0.18532972037792206,0.25897711515426636,5.870909199991729
"[8, 8, 23, 23, 23, 8, 23, 8, 8]","['tanh', 'elu', 'tanh', 'sigmoid', 'elu', 'elu', 'elu', 'elu', 'sigmoid']",0900f9f6f000f00008,700,Adam,MaxAbsoluteDeviation,0.18532972037792206,1.0433350801467896,1.501112199970521
"[8, 8, 23, 23, 23, 8, 23, 8, 8]","['tanh', 'elu', 'tanh', 'sigmoid', 'swish', 'elu', 'elu', 'elu', 'swish']",0900f9f6f000f00008,700,Adam,MaxAbsoluteDeviation,0.18532972037792206,0.4836617708206177,5.925614600011613
"[8, 8, 23, 23, 23, 8, 23, 8, 8]","['tanh', 'elu', 'tanh', 'sigmoid', 'elu', 'elu', 'elu', 'elu', 'swish']",0900f9f6f000f00008,620,Adam,MaxAbsoluteDeviation,0.314518541097641,0.2551279067993164,5.225362199998926
"[8, 8, 23, 23, 23, 8, 23, 8, 8, 13]","['tanh', 'elu', 'tanh', 'sigmoid', 'elu', 'elu', 'elu', 'elu', 'swish', 'swish']",0900f9f6f000f00008,620,Adam,MaxAbsoluteDeviation,0.314518541097641,1.0019893646240234,5.745417499972973
"[8, 8, 23, 23, 23, 8, 23, 8, 8]","['tanh', 'elu', 'tanh', 'sigmoid', 'swish', 'elu', 'elu', 'elu', 'swish']",0900f9f6f800f00008,620,Adam,MaxAbsoluteDeviation,0.17960125207901,0.27114391326904297,5.2334410000476055
"[8, 8, 23, 23, 23, 8, 23, 8]","['tanh', 'elu', 'tanh', 'sigmoid', 'swish', 'elu', 'elu', 'elu']",0900f9f6f800f00008,620,Adam,MaxAbsoluteDeviation,0.17960125207901,1.129908800125122,4.801675700000487
"[8, 8, 23, 23, 23, 8, 23, 8, 8]","['elu', 'elu', 'tanh', 'sigmoid', 'swish', 'elu', 'elu', 'elu', 'swish']",0900f9f6f800f00008,620,Adam,MaxAbsoluteDeviation,0.17960125207901,1.019698977470398,5.26764659996843
"[8, 8, 23, 23, 8, 8, 23, 8, 23]","['tanh', 'elu', 'tanh', 'sigmoid', 'swish', 'elu', 'elu', 'elu', 'swish']",0900f9f60800f000f8,620,Adam,MaxAbsoluteDeviation,0.23238712549209595,0.3240865468978882,5.263729500002228
"[8, 8, 23, 23, 8, 8, 23, 8, 23, 13]","['tanh', 'elu', 'tanh', 'sigmoid', 'swish', 'elu', 'elu', 'elu', 'swish', 'sigmoid']",0900f9f60800f000f856,620,Adam,MaxAbsoluteDeviation,0.9721491932868958,1.0601295232772827,5.706422000017483
"[8, 8, 23, 23, 8, 8, 23, 8, 23, 13]","['tanh', 'elu', 'tanh', 'sigmoid', 'swish', 'elu', 'elu', 'elu', 'swish', 'sigmoid']",0900f9f60800f000f856,620,Adam,MaxAbsoluteDeviation,0.9885795712471008,1.0743329524993896,5.6891581999952905
"[8, 8, 23, 23, 8, 8, 23, 8, 23, 13, 20]","['tanh', 'elu', 'tanh', 'sigmoid', 'swish', 'elu', 'elu', 'elu', 'swish', 'sigmoid', 'elu']",0900f9f60800f000f856c0,620,Adam,MaxAbsoluteDeviation,0.9798407554626465,1.0054335594177246,6.009896600036882
"[8, 8, 23, 23, 8, 8, 23, 8, 23, 13]","['tanh', 'elu', 'tanh', 'sigmoid', 'swish', 'elu', 'elu', 'elu', 'swish', 'sigmoid']",0900f9f60800f000f856,620,Adam,MaxAbsoluteDeviation,0.9621955752372742,1.0680100917816162,5.681137100036722
"[8, 8, 23, 23, 8, 23, 23, 8, 23, 13]","['tanh', 'elu', 'tanh', 'sigmoid', 'swish', 'elu', 'elu', 'elu', 'swish', 'sigmoid']",0900f9f608f0f000f856,620,Adam,MaxAbsoluteDeviation,1.0241297483444214,1.071061372756958,5.6686996999778785
"[23, 8, 23, 23, 8, 23, 23, 8, 23, 13]","['tanh', 'elu', 'tanh', 'sigmoid', 'swish', 'elu', 'elu', 'elu', 'swish', 'sigmoid']",f900f9f608f0f000f856,620,Adam,MaxAbsoluteDeviation,0.9751580953598022,1.0272746086120605,5.702571200032253
"[8, 8, 23, 23, 8, 23, 23, 8, 23, 13]","['tanh', 'elu', 'tanh', 'sigmoid', 'swish', 'elu', 'elu', 'elu', 'swish', 'sigmoid']",0900f9f608f0f000f856,620,Adam,MaxAbsoluteDeviation,0.9698892831802368,1.0561202764511108,5.660233500006143
"[8, 8, 23, 23, 8, 23, 23, 8, 23, 13]","['tanh', 'elu', 'tanh', 'sigmoid', 'swish', 'elu', 'elu', 'elu', 'swish', 'sigmoid']",0900f9f608f0f000f856,223,Adam,MaxAbsoluteDeviation,0.9695141315460205,1.042418122291565,2.553075900010299
"[8, 8, 23, 23, 8, 23, 8, 8, 23, 13]","['tanh', 'elu', 'tanh', 'sigmoid', 'swish', 'elu', 'elu', 'elu', 'swish', 'sigmoid']",0900f9f608f00000f856,223,Adam,MaxAbsoluteDeviation,0.9618293642997742,1.0430774688720703,2.529730300011579
"[8, 8, 23, 23, 8, 23, 8, 8, 23, 13]","['tanh', 'elu', 'tanh', 'sigmoid', 'swish', 'elu', 'elu', 'elu', 'swish', 'sigmoid']",0900f9f608f00000f856,700,Adam,MaxAbsoluteDeviation,0.9631184339523315,1.0661890506744385,6.332074899983127
"[8, 8, 23, 23, 8, 23, 8, 8, 23, 13, 11]","['tanh', 'elu', 'tanh', 'sigmoid', 'swish', 'elu', 'elu', 'elu', 'swish', 'sigmoid', 'elu']",0900f9f608f00000f85630,700,Adam,MaxAbsoluteDeviation,0.9783929586410522,1.0622540712356567,6.72604360000696
