"[18, 23, 11]","['tanh', 'elu', 'tanh']",a9f039,557,Adam,MaxAbsoluteDeviation,0.5233135223388672,0.4366328716278076,1.8943588000256568
"[18, 23, 11]","['tanh', 'elu', 'tanh']",a9f039,700,Adam,MaxAbsoluteDeviation,0.2871756851673126,0.25165653228759766,2.3600966000230983
"[18, 23, 11, 21]","['tanh', 'elu', 'tanh', 'sigmoid']",a9f039d6,700,Adam,MaxAbsoluteDeviation,0.2871756851673126,0.8265209197998047,2.442360599990934
"[8, 8, 11]","['tanh', 'elu', 'tanh']",090039,700,Adam,MaxAbsoluteDeviation,0.2249060571193695,0.5161170959472656,2.308453100034967
"[8, 8, 23]","['tanh', 'elu', 'tanh']",0900f9,700,Adam,MaxAbsoluteDeviation,0.24982593953609467,0.41014862060546875,2.3143550999229774
"[8, 8, 23]","['tanh', 'elu', 'tanh']",0900f9,700,Adam,MaxAbsoluteDeviation,0.24982593953609467,0.38985729217529297,2.3246093000052497
"[8, 8, 23, 22]","['tanh', 'elu', 'elu', 'sigmoid']",0900f0e6,700,Adam,MaxAbsoluteDeviation,0.4690960645675659,0.4420185089111328,2.443458199966699
"[8, 8, 8]","['tanh', 'elu', 'elu']",090000,571,Adam,MaxAbsoluteDeviation,0.26418110728263855,0.26783299446105957,1.9171610999619588
"[8, 8, 23]","['tanh', 'elu', 'elu']",0900f0,179,Adam,MaxAbsoluteDeviation,0.43776121735572815,0.5426450967788696,0.8444356999825686
"[8, 8, 23, 15]","['tanh', 'elu', 'elu', 'elu']",0900f070,700,Adam,MaxAbsoluteDeviation,0.23568584024906158,0.3289375305175781,2.4097691000206396
"[8, 8, 23]","['tanh', 'elu', 'elu']",0900f0,700,Adam,MaxAbsoluteDeviation,0.17648111283779144,0.14426231384277344,2.288071099901572
"[8, 8, 23, 23]","['tanh', 'elu', 'elu', 'swish']",0900f0f8,700,Adam,MaxAbsoluteDeviation,0.2993192970752716,0.6133689880371094,2.4404397000325844
"[8, 8, 23]","['tanh', 'elu', 'elu']",0900f0,700,Adam,MaxAbsoluteDeviation,0.21054428815841675,0.30371665954589844,2.278661399963312
"[8, 8, 23]","['swish', 'elu', 'elu']",0800f0,700,Adam,MaxAbsoluteDeviation,0.4697783291339874,0.07823753356933594,2.2970144998980686
"[23, 8, 23, 21]","['swish', 'elu', 'elu', 'elu']",f800f0d0,700,Adam,MaxAbsoluteDeviation,0.9476161003112793,0.5862293243408203,2.4163370999740437
"[23, 8, 23, 21]","['swish', 'elu', 'elu', 'elu']",f800f0d0,700,Adam,MaxAbsoluteDeviation,0.45582249760627747,0.4256305694580078,2.469430899946019
"[23, 8, 23, 21, 18]","['swish', 'elu', 'elu', 'elu', 'sigmoid']",f800f0d0a6,700,Adam,MaxAbsoluteDeviation,0.5391327142715454,0.5318558216094971,2.554764200001955
"[23, 8, 23, 21, 18, 21]","['swish', 'elu', 'elu', 'elu', 'sigmoid', 'swish']",f800f0d0a6d8,700,Adam,MaxAbsoluteDeviation,1.1154676675796509,1.0462894439697266,2.6588614999782294
"[23, 8, 23, 21, 18, 21]","['swish', 'elu', 'elu', 'elu', 'sigmoid', 'swish']",f800f0d0a6d8,100,Adam,MaxAbsoluteDeviation,0.8056169152259827,0.5035419464111328,0.877105199964717
"[23, 8, 23, 21, 18, 21]","['swish', 'elu', 'elu', 'elu', 'tanh', 'swish']",f800f0d0a9d8,100,Adam,MaxAbsoluteDeviation,1.16559636592865,1.8235074281692505,0.8710314000491053
"[23, 8, 23, 21, 18, 21]","['swish', 'elu', 'elu', 'elu', 'tanh', 'swish']",f800f0d0a9d8,700,Adam,MaxAbsoluteDeviation,0.8525116443634033,0.5392084121704102,2.6510268999263644
"[23, 8, 23, 21, 18, 21, 9]","['swish', 'elu', 'elu', 'elu', 'tanh', 'swish', 'swish']",f800f0d0a9d818,700,Adam,MaxAbsoluteDeviation,0.27834755182266235,0.7018470764160156,3.01655539998319
"[23, 8, 23, 21, 18, 21, 9]","['swish', 'elu', 'elu', 'sigmoid', 'tanh', 'swish', 'swish']",f800f0d6a9d818,700,Adam,MaxAbsoluteDeviation,0.3321084678173065,0.7623233795166016,2.9736068000784144
"[23, 8, 23, 21, 18, 21, 9]","['swish', 'elu', 'elu', 'sigmoid', 'tanh', 'swish', 'swish']",f800f0d6a9d818,700,Adam,MaxAbsoluteDeviation,0.3321084678173065,0.39875030517578125,3.03130700008478
"[23, 8, 23, 21, 18, 21, 9]","['swish', 'elu', 'elu', 'sigmoid', 'tanh', 'swish', 'swish']",f800f0d6a9d818,700,Adam,MaxAbsoluteDeviation,0.6360500454902649,0.7304422855377197,2.996031100046821
"[23, 8, 23, 8, 18, 21, 9]","['swish', 'elu', 'elu', 'sigmoid', 'tanh', 'swish', 'swish']",f800f006a9d818,700,Adam,MaxAbsoluteDeviation,0.5560941696166992,0.4706306457519531,2.95878890005406
"[23, 8, 23, 8, 18, 21, 19]","['swish', 'elu', 'elu', 'sigmoid', 'tanh', 'swish', 'tanh']",f800f006a9d8b9,700,Adam,MaxAbsoluteDeviation,0.9486868381500244,0.6079108715057373,2.9903418999165297
"[23, 23, 23, 8, 18, 21, 19]","['swish', 'elu', 'elu', 'sigmoid', 'tanh', 'swish', 'tanh']",f8f0f006a9d8b9,700,Adam,MaxAbsoluteDeviation,1.2048603296279907,1.3662875890731812,2.9777884000213817
"[23, 23, 23, 8, 18, 21]","['swish', 'elu', 'elu', 'sigmoid', 'tanh', 'swish']",f8f0f006a9d8,700,Adam,MaxAbsoluteDeviation,0.5232784748077393,0.21483993530273438,2.825581599958241
"[23, 23, 23, 8, 18]","['swish', 'elu', 'elu', 'sigmoid', 'tanh']",f8f0f006a9,700,Adam,MaxAbsoluteDeviation,0.5563791394233704,0.6759402751922607,2.654746900079772
"[23, 8, 23, 8, 18]","['swish', 'elu', 'elu', 'sigmoid', 'tanh']",f800f006a9,700,Adam,MaxAbsoluteDeviation,0.7506353855133057,0.7118935585021973,2.65946580003947
"[23, 8, 23, 8, 18]","['swish', 'elu', 'elu', 'sigmoid', 'tanh']",f800f006a9,700,Adam,MaxAbsoluteDeviation,0.5658771395683289,0.8367404937744141,2.643695199978538
"[23, 8, 23, 8]","['swish', 'elu', 'elu', 'sigmoid']",f800f006,700,Adam,MaxAbsoluteDeviation,0.13535580039024353,0.32419586181640625,2.522766300011426
"[23, 8, 23, 8]","['swish', 'elu', 'elu', 'sigmoid']",f800f006,675,Adam,MaxAbsoluteDeviation,0.3542647957801819,0.48636627197265625,2.4422524999827147
"[8, 8, 23, 8, 12]","['swish', 'elu', 'elu', 'sigmoid', 'tanh']",0800f00649,700,Adam,MaxAbsoluteDeviation,0.34026217460632324,0.5377054214477539,2.621373899979517
"[8, 23, 23, 8, 12]","['swish', 'elu', 'elu', 'sigmoid', 'tanh']",08f0f00649,700,Adam,MaxAbsoluteDeviation,0.46330583095550537,0.3182525634765625,2.626297499984503
"[8, 23, 23, 8, 12]","['swish', 'elu', 'elu', 'sigmoid', 'tanh']",08f0f00649,244,Adam,MaxAbsoluteDeviation,0.6090161204338074,0.6761608123779297,1.2169722999678925
"[8, 23, 23, 8, 12]","['swish', 'elu', 'elu', 'sigmoid', 'tanh']",08f0f00649,100,Adam,MaxAbsoluteDeviation,0.6090161204338074,1.0204510688781738,0.8012914001010358
"[8, 23, 23, 8]","['swish', 'elu', 'elu', 'sigmoid']",08f0f006,700,Adam,MaxAbsoluteDeviation,0.3599529266357422,0.2570304870605469,2.4651686999714
"[8, 23, 23, 8]","['swish', 'elu', 'elu', 'sigmoid']",08f0f006,700,Adam,MaxAbsoluteDeviation,0.3866845369338989,0.49619483947753906,2.465758000034839
"[8, 23, 23, 8]","['swish', 'elu', 'elu', 'sigmoid']",08f0f006,700,Adam,MaxAbsoluteDeviation,0.4199766218662262,0.45278143882751465,2.4834422999992967
"[8, 23, 23, 8]","['swish', 'elu', 'elu', 'swish']",08f0f008,700,Adam,MaxAbsoluteDeviation,0.37803640961647034,0.6688518524169922,2.4950778000056744
"[8, 23, 23]","['swish', 'elu', 'elu']",08f0f0,454,Adam,MaxAbsoluteDeviation,0.4569185674190521,0.6018791198730469,1.5956820999272168
"[8, 23, 23]","['swish', 'elu', 'elu']",08f0f0,700,Adam,MaxAbsoluteDeviation,0.18060974776744843,0.39289796352386475,2.316105099976994
"[8, 23]","['swish', 'elu']",08f0,700,Adam,MaxAbsoluteDeviation,0.18060974776744843,0.2696061134338379,2.212828499963507
"[8, 23, 23]","['swish', 'elu', 'elu']",08f0f0,700,Adam,MaxAbsoluteDeviation,0.2600346803665161,0.39728260040283203,2.3355337999528274
"[8, 23, 23]","['swish', 'elu', 'elu']",08f0f0,700,Adam,MaxAbsoluteDeviation,0.24097728729248047,0.10361289978027344,2.3002476000692695
"[8, 23, 23]","['swish', 'elu', 'elu']",08f0f0,700,Adam,MaxAbsoluteDeviation,0.3025203049182892,0.3545703887939453,2.3257667999714613
"[8, 23, 23]","['swish', 'elu', 'elu']",08f0f0,398,Adam,MaxAbsoluteDeviation,0.23424740135669708,0.09069633483886719,1.4530935999937356
"[8, 23, 23, 15]","['swish', 'elu', 'elu', 'swish']",08f0f078,398,Adam,MaxAbsoluteDeviation,0.38990387320518494,0.4725055694580078,1.5506357999984175
"[8, 23, 23, 15]","['swish', 'tanh', 'elu', 'swish']",08f9f078,398,Adam,MaxAbsoluteDeviation,0.44378897547721863,1.1236152648925781,2.748954400070943
"[8, 23, 23, 15, 19]","['swish', 'tanh', 'elu', 'swish', 'elu']",08f9f078b0,398,Adam,MaxAbsoluteDeviation,0.3230334520339966,0.7151336669921875,1.7280921000055969
"[8, 23, 23, 15]","['swish', 'tanh', 'elu', 'swish']",08f9f078,398,Adam,MaxAbsoluteDeviation,0.41862067580223083,0.54541015625,1.615217800019309
"[8, 23, 23, 15]","['swish', 'tanh', 'elu', 'swish']",08f9f078,394,Adam,MaxAbsoluteDeviation,0.49769043922424316,0.42693138122558594,1.5951012000441551
"[8, 23, 23]","['swish', 'tanh', 'elu']",08f9f0,394,Adam,MaxAbsoluteDeviation,0.14972272515296936,0.44972801208496094,1.4912420000182465
"[8, 23, 23]","['swish', 'tanh', 'elu']",08f9f0,153,Adam,MaxAbsoluteDeviation,0.43485724925994873,0.8329277038574219,0.801512899925001
"[23, 23, 23]","['swish', 'tanh', 'elu']",f8f9f0,153,Adam,MaxAbsoluteDeviation,0.4507298767566681,0.4873218536376953,0.8178112000459805
"[23, 23]","['swish', 'tanh']",f8f9,153,Adam,MaxAbsoluteDeviation,0.6167299747467041,0.8199710845947266,0.7177834999747574
"[23, 23]","['swish', 'tanh']",f8f9,700,Adam,MaxAbsoluteDeviation,0.3293811082839966,0.1372833251953125,2.231522599933669
"[23, 23]","['swish', 'tanh']",f8f9,700,Adam,MaxAbsoluteDeviation,0.21824875473976135,0.1965770721435547,2.231242200010456
"[23, 23]","['swish', 'tanh']",f8f9,700,Adam,MaxAbsoluteDeviation,0.13629856705665588,0.2097644805908203,2.2207014999585226
"[23, 23]","['swish', 'tanh']",f8f9,700,Adam,MaxAbsoluteDeviation,0.16439858078956604,0.23883438110351562,2.242189700016752
"[11, 23, 13]","['swish', 'tanh', 'sigmoid']",38f956,700,Adam,MaxAbsoluteDeviation,0.5839629769325256,0.33339735865592957,2.368904700037092
"[11, 23, 23]","['swish', 'tanh', 'sigmoid']",38f9f6,700,Adam,MaxAbsoluteDeviation,0.15741558372974396,0.20194053649902344,2.3685629999963567
"[11, 23, 23]","['swish', 'tanh', 'sigmoid']",38f9f6,700,Adam,MaxAbsoluteDeviation,0.24370475113391876,0.4584026336669922,2.3634512000717223
"[11, 23, 23]","['elu', 'tanh', 'sigmoid']",30f9f6,700,Adam,MaxAbsoluteDeviation,0.15703994035720825,0.17084693908691406,2.32140390004497
"[11, 23, 23]","['elu', 'tanh', 'sigmoid']",30f9f6,700,Adam,MaxAbsoluteDeviation,0.1206863597035408,0.357177734375,2.299083299934864
"[11, 23, 23]","['sigmoid', 'tanh', 'sigmoid']",36f9f6,700,Adam,MaxAbsoluteDeviation,0.2973127067089081,0.24543358385562897,2.2946172000374645
"[11, 23, 8]","['sigmoid', 'tanh', 'sigmoid']",36f906,700,Adam,MaxAbsoluteDeviation,0.34552353620529175,0.32080078125,2.2941278000362217
"[11, 23, 8]","['sigmoid', 'tanh', 'sigmoid']",36f906,700,Adam,MaxAbsoluteDeviation,0.27555230259895325,0.42958831787109375,2.2922843999695033
"[11, 23, 23]","['sigmoid', 'tanh', 'sigmoid']",36f9f6,700,Adam,MaxAbsoluteDeviation,0.29213523864746094,0.13441085815429688,2.301563199958764
"[11, 23, 8]","['sigmoid', 'tanh', 'sigmoid']",36f906,700,Adam,MaxAbsoluteDeviation,0.13865485787391663,0.2427835464477539,2.289299900061451
"[11, 23, 8, 11]","['sigmoid', 'tanh', 'sigmoid', 'elu']",36f90630,700,Adam,MaxAbsoluteDeviation,0.15932445228099823,0.2770678997039795,2.386786699993536
"[11, 23, 8, 11]","['sigmoid', 'tanh', 'sigmoid', 'elu']",36f90630,700,Adam,MaxAbsoluteDeviation,0.278580904006958,0.5021553039550781,2.3830397999845445
"[11, 23, 8, 11]","['sigmoid', 'tanh', 'sigmoid', 'elu']",36f90630,700,Adam,MaxAbsoluteDeviation,0.35704970359802246,0.8818016052246094,2.4059283999959007
"[11, 23, 8, 11]","['sigmoid', 'tanh', 'sigmoid', 'elu']",36f90630,700,Adam,MaxAbsoluteDeviation,0.4955337643623352,0.9996204376220703,2.418851099908352
"[11, 23, 8, 11]","['sigmoid', 'tanh', 'tanh', 'elu']",36f90930,700,Adam,MaxAbsoluteDeviation,0.6408641934394836,0.6236705780029297,2.3899144999450073
"[11, 23, 8, 8, 12]","['sigmoid', 'tanh', 'tanh', 'elu', 'sigmoid']",36f9090046,700,Adam,MaxAbsoluteDeviation,0.24203811585903168,0.4223918914794922,2.518601099960506
"[11, 23, 8, 8, 12, 16]","['sigmoid', 'tanh', 'tanh', 'elu', 'sigmoid', 'swish']",36f909004688,700,Adam,MaxAbsoluteDeviation,0.751579761505127,0.8070449829101562,2.712240600027144
"[11, 23, 8, 8, 12, 16]","['sigmoid', 'tanh', 'tanh', 'elu', 'sigmoid', 'swish']",36f909004688,700,Adam,MaxAbsoluteDeviation,0.6646870374679565,1.1035528182983398,2.6266656999941915
"[11, 23, 8, 8, 12, 12]","['sigmoid', 'tanh', 'tanh', 'elu', 'sigmoid', 'swish']",36f909004648,700,Adam,MaxAbsoluteDeviation,0.5323114395141602,0.27852821350097656,2.6375193999847397
"[11, 23, 8, 8, 12, 12]","['sigmoid', 'tanh', 'tanh', 'elu', 'sigmoid', 'swish']",36f909004648,700,Adam,MaxAbsoluteDeviation,0.3825269043445587,0.3979301452636719,2.641982699977234
"[11, 23, 8, 8, 12, 12]","['sigmoid', 'tanh', 'tanh', 'elu', 'sigmoid', 'swish']",36f909004648,439,Adam,MaxAbsoluteDeviation,0.5020946264266968,0.4376373291015625,1.8200327000813559
"[11, 23, 8, 8, 12, 12]","['tanh', 'tanh', 'tanh', 'elu', 'sigmoid', 'swish']",39f909004648,439,Adam,MaxAbsoluteDeviation,0.5020946264266968,1.1055316925048828,1.8344685999909416
"[11, 23, 8, 8, 12, 12]","['sigmoid', 'tanh', 'tanh', 'elu', 'sigmoid', 'swish']",36f909004648,700,Adam,MaxAbsoluteDeviation,0.8028042316436768,0.9818611145019531,2.6143139000050724
"[11, 23, 8, 8, 12, 12]","['sigmoid', 'tanh', 'tanh', 'tanh', 'sigmoid', 'swish']",36f909094648,700,Adam,MaxAbsoluteDeviation,0.729013204574585,0.37512779235839844,3.92475879995618
"[11, 23, 8, 8, 12]","['sigmoid', 'tanh', 'tanh', 'tanh', 'sigmoid']",36f9090946,700,Adam,MaxAbsoluteDeviation,0.46495604515075684,0.6624861359596252,2.6742199999280274
"[11, 23, 8, 8, 12]","['sigmoid', 'tanh', 'tanh', 'sigmoid', 'sigmoid']",36f9090646,700,Adam,MaxAbsoluteDeviation,0.7602851390838623,0.7332711219787598,2.6896318000508472
"[11, 23, 8, 23, 12, 16]","['sigmoid', 'tanh', 'tanh', 'sigmoid', 'sigmoid', 'elu']",36f909f64680,700,Adam,MaxAbsoluteDeviation,0.3552682399749756,0.46602320671081543,2.813511300017126
"[11, 8, 8, 23, 12, 16]","['sigmoid', 'tanh', 'tanh', 'sigmoid', 'sigmoid', 'elu']",360909f64680,700,Adam,MaxAbsoluteDeviation,0.3552682399749756,0.7320461273193359,2.8050225999904796
"[11, 23, 8, 23, 12]","['sigmoid', 'tanh', 'tanh', 'sigmoid', 'sigmoid']",36f909f646,700,Adam,MaxAbsoluteDeviation,0.3552682399749756,8.217790603637695,2.622321099974215
"[11, 23, 8, 23, 12, 8]","['sigmoid', 'tanh', 'tanh', 'sigmoid', 'sigmoid', 'elu']",36f909f64600,700,Adam,MaxAbsoluteDeviation,0.2917066216468811,0.17065048217773438,2.8069799999939278
"[11, 23, 8, 23, 12, 8]","['sigmoid', 'tanh', 'tanh', 'elu', 'sigmoid', 'elu']",36f909f04600,700,Adam,MaxAbsoluteDeviation,0.2917066216468811,1.0819873809814453,2.758519100025296
"[11, 23, 8, 23, 12, 8, 12, 19]","['sigmoid', 'tanh', 'tanh', 'sigmoid', 'sigmoid', 'elu', 'elu', 'swish']",36f909f6460040b8,700,Adam,MaxAbsoluteDeviation,0.39698195457458496,0.38448429107666016,3.0293609999353066
"[11, 23, 8, 23, 12, 8, 12, 19]","['sigmoid', 'tanh', 'tanh', 'sigmoid', 'sigmoid', 'elu', 'elu', 'swish']",36f909f6460040b8,700,Adam,MaxAbsoluteDeviation,0.365590363740921,0.30684661865234375,3.057289500022307
"[11, 23, 8, 23, 8, 8, 12, 19]","['sigmoid', 'tanh', 'tanh', 'sigmoid', 'sigmoid', 'elu', 'elu', 'swish']",36f909f6060040b8,700,Adam,MaxAbsoluteDeviation,0.38470160961151123,0.6150016784667969,3.0875410001026466
"[11, 23, 8, 23, 8, 8, 12]","['sigmoid', 'tanh', 'tanh', 'sigmoid', 'sigmoid', 'elu', 'elu']",36f909f6060040,700,Adam,MaxAbsoluteDeviation,0.38470160961151123,0.35836219787597656,2.8909906001063064
"[11, 23, 8, 23, 8, 8, 12]","['sigmoid', 'tanh', 'tanh', 'sigmoid', 'sigmoid', 'elu', 'elu']",36f909f6060040,700,Adam,MaxAbsoluteDeviation,0.5921587944030762,1.039224624633789,2.8745448000263423
"[11, 23, 8, 23, 8, 8, 12, 21]","['sigmoid', 'tanh', 'tanh', 'sigmoid', 'sigmoid', 'elu', 'elu', 'sigmoid']",36f909f6060040d6,700,Adam,MaxAbsoluteDeviation,0.5921587944030762,8.508122444152832,2.9903615000657737
"[11, 23, 8, 23, 8, 8, 12]","['sigmoid', 'tanh', 'tanh', 'sigmoid', 'sigmoid', 'elu', 'elu']",36f909f6060040,613,Adam,MaxAbsoluteDeviation,0.3467675745487213,1.0714111328125,2.588545700069517
"[11, 23, 8, 23, 8, 8, 11]","['sigmoid', 'tanh', 'tanh', 'sigmoid', 'sigmoid', 'elu', 'elu']",36f909f6060030,613,Adam,MaxAbsoluteDeviation,0.25834351778030396,0.2774941921234131,2.530010300106369
"[11, 23, 8, 23, 8, 8, 11]","['sigmoid', 'tanh', 'tanh', 'sigmoid', 'sigmoid', 'elu', 'elu']",36f909f6060030,613,Adam,MaxAbsoluteDeviation,1.4455715417861938,0.730205774307251,2.542677699937485
"[11, 23, 8, 23, 8, 8, 11]","['sigmoid', 'tanh', 'tanh', 'sigmoid', 'sigmoid', 'elu', 'elu']",36f909f6060030,700,Adam,MaxAbsoluteDeviation,1.5407240390777588,1.3046760559082031,2.853366900002584
"[11, 23, 8, 23, 8, 8, 11]","['sigmoid', 'tanh', 'tanh', 'sigmoid', 'sigmoid', 'elu', 'elu']",36f909f6060030,440,Adam,MaxAbsoluteDeviation,0.8481399416923523,1.2705020904541016,1.9337343000806868
"[11, 23, 8, 23, 8, 8, 11, 9]","['sigmoid', 'tanh', 'tanh', 'sigmoid', 'sigmoid', 'elu', 'elu', 'tanh']",36f909f606003019,440,Adam,MaxAbsoluteDeviation,0.8481399416923523,8.704816818237305,2.06447240000125
"[11, 23, 8, 23, 8, 8, 11, 13]","['sigmoid', 'tanh', 'tanh', 'sigmoid', 'sigmoid', 'elu', 'elu', 'elu']",36f909f606003050,440,Adam,MaxAbsoluteDeviation,0.7609305381774902,0.5303936004638672,2.0517488999757916
"[11, 23, 23, 23, 8, 8, 11, 13]","['sigmoid', 'tanh', 'tanh', 'sigmoid', 'sigmoid', 'elu', 'elu', 'elu']",36f9f9f606003050,440,Adam,MaxAbsoluteDeviation,0.6830322742462158,1.6332616806030273,2.044020799919963
"[23, 23, 23, 23, 8, 8, 11, 13]","['sigmoid', 'tanh', 'tanh', 'sigmoid', 'sigmoid', 'elu', 'elu', 'elu']",f6f9f9f606003050,440,Adam,MaxAbsoluteDeviation,0.32507896423339844,0.4078369140625,2.0534404000500217
"[23, 23, 23, 23, 23, 8, 11, 13]","['sigmoid', 'tanh', 'swish', 'sigmoid', 'sigmoid', 'elu', 'elu', 'elu']",f6f9f8f6f6003050,700,Adam,MaxAbsoluteDeviation,1.3254733085632324,0.9433297514915466,2.917223699972965
"[23, 23, 23, 23, 23, 8, 11, 13]","['sigmoid', 'tanh', 'swish', 'sigmoid', 'sigmoid', 'elu', 'elu', 'elu']",f6f9f8f6f6003050,700,Adam,MaxAbsoluteDeviation,0.6621379256248474,1.0182209014892578,2.94968429999426
"[23, 23, 23, 23, 23, 8, 11, 13]","['sigmoid', 'tanh', 'swish', 'sigmoid', 'sigmoid', 'elu', 'elu', 'elu']",f6f9f8f6f6003050,435,Adam,MaxAbsoluteDeviation,0.5320761203765869,0.8963284492492676,3.294556000037119
"[23, 23, 23, 23, 23, 8, 11, 13]","['sigmoid', 'tanh', 'swish', 'sigmoid', 'sigmoid', 'elu', 'elu', 'sigmoid']",f6f9f8f6f6003056,435,Adam,MaxAbsoluteDeviation,0.5320761203765869,8.536185264587402,2.165565300034359
"[23, 23, 23, 23, 23, 8, 11, 13]","['sigmoid', 'tanh', 'swish', 'sigmoid', 'sigmoid', 'elu', 'elu', 'elu']",f6f9f8f6f6003050,700,Adam,MaxAbsoluteDeviation,0.6132386922836304,1.1424179077148438,3.1403795999940485
"[23, 23, 23, 23, 23, 8, 11, 13]","['sigmoid', 'tanh', 'swish', 'sigmoid', 'sigmoid', 'elu', 'elu', 'elu']",f6f9f8f6f6003050,671,Adam,MaxAbsoluteDeviation,1.0625325441360474,0.6101531982421875,3.0093624000437558
"[23, 23, 23, 23, 23, 8, 11, 13]","['sigmoid', 'tanh', 'swish', 'sigmoid', 'sigmoid', 'elu', 'elu', 'elu']",f6f9f8f6f6003050,671,Adam,MaxAbsoluteDeviation,0.8496431112289429,0.7603549957275391,3.038514500018209
"[23, 23, 23, 23, 23, 8, 11, 8]","['sigmoid', 'tanh', 'swish', 'sigmoid', 'sigmoid', 'elu', 'elu', 'elu']",f6f9f8f6f6003000,700,Adam,MaxAbsoluteDeviation,0.759122908115387,0.784770131111145,3.111015300033614
"[23, 23, 23, 23, 23, 8, 11, 8]","['sigmoid', 'tanh', 'swish', 'sigmoid', 'sigmoid', 'elu', 'elu', 'elu']",f6f9f8f6f6003000,342,Adam,MaxAbsoluteDeviation,0.759122908115387,0.808438241481781,1.8402749999659136
"[23, 23, 23, 23, 23, 8, 11, 8]","['sigmoid', 'tanh', 'swish', 'sigmoid', 'sigmoid', 'elu', 'elu', 'elu']",f6f9f8f6f6003000,700,Adam,MaxAbsoluteDeviation,0.7437824010848999,2.0423736572265625,3.1122874999418855
"[23, 23, 8, 23, 23, 8, 11, 8]","['sigmoid', 'tanh', 'swish', 'sigmoid', 'sigmoid', 'elu', 'elu', 'elu']",f6f908f6f6003000,700,Adam,MaxAbsoluteDeviation,0.3702240288257599,0.3753671646118164,3.1103155000600964
"[23, 23, 8, 23, 23, 8, 11, 8]","['sigmoid', 'tanh', 'swish', 'sigmoid', 'sigmoid', 'elu', 'elu', 'elu']",f6f908f6f6003000,700,Adam,MaxAbsoluteDeviation,0.7860418558120728,1.5298500061035156,3.093152999994345
"[23, 23, 8, 23, 23, 8, 11, 8, 12]","['sigmoid', 'tanh', 'swish', 'sigmoid', 'sigmoid', 'elu', 'elu', 'elu', 'sigmoid']",f6f908f6f600300046,700,Adam,MaxAbsoluteDeviation,0.7860418558120728,8.59782600402832,3.2686421000398695
"[23, 8, 8, 23, 23, 8, 11, 8, 21]","['sigmoid', 'tanh', 'swish', 'sigmoid', 'sigmoid', 'elu', 'elu', 'elu', 'tanh']",f60908f6f6003000d9,700,Adam,MaxAbsoluteDeviation,1.0748345851898193,0.5183086395263672,3.254302400047891
"[23, 8, 8, 23, 23, 8, 11, 8, 21, 23]","['sigmoid', 'tanh', 'swish', 'sigmoid', 'sigmoid', 'elu', 'elu', 'elu', 'tanh', 'tanh']",f60908f6f6003000d9f9,700,Adam,MaxAbsoluteDeviation,1.3697766065597534,2.2646713256835938,3.3586239999858662
"[23, 8, 8, 23, 23, 8, 11, 8, 21, 23]","['sigmoid', 'tanh', 'swish', 'sigmoid', 'sigmoid', 'elu', 'elu', 'elu', 'tanh', 'tanh']",f60908f6f6003000d9f9,385,Adam,MaxAbsoluteDeviation,1.5391840934753418,2.2431468963623047,2.1964880999876186
"[23, 8, 8, 23, 23, 8, 11, 8, 21, 23]","['sigmoid', 'tanh', 'swish', 'sigmoid', 'sigmoid', 'elu', 'elu', 'elu', 'tanh', 'tanh']",f60908f6f6003000d9f9,385,Adam,MaxAbsoluteDeviation,1.5391840934753418,8.156233787536621,2.2065479999873787
"[23, 8, 8, 23, 23, 8, 11, 8, 21, 23]","['sigmoid', 'tanh', 'swish', 'sigmoid', 'sigmoid', 'elu', 'elu', 'elu', 'tanh', 'tanh']",f60908f6f6003000d9f9,385,Adam,MaxAbsoluteDeviation,1.9675477743148804,2.106093406677246,2.1842559999786317
"[23, 8, 8, 23, 23, 8, 11, 8, 23, 23]","['sigmoid', 'tanh', 'swish', 'sigmoid', 'sigmoid', 'elu', 'elu', 'elu', 'tanh', 'tanh']",f60908f6f6003000f9f9,385,Adam,MaxAbsoluteDeviation,1.9675477743148804,4.488306045532227,2.1830358000006527
"[23, 8, 8, 23, 23, 8, 11, 8, 21]","['sigmoid', 'tanh', 'swish', 'sigmoid', 'sigmoid', 'elu', 'elu', 'elu', 'tanh']",f60908f6f6003000d9,385,Adam,MaxAbsoluteDeviation,1.9675477743148804,8.173462867736816,2.1001523999730125
"[23, 8, 8, 23, 23, 8, 11, 8, 21, 8]","['sigmoid', 'tanh', 'swish', 'sigmoid', 'sigmoid', 'elu', 'elu', 'elu', 'tanh', 'tanh']",f60908f6f6003000d909,385,Adam,MaxAbsoluteDeviation,1.9675477743148804,8.320707321166992,2.183666000026278
"[23, 23, 8, 23, 23, 8, 11, 8, 21, 23]","['sigmoid', 'tanh', 'swish', 'sigmoid', 'sigmoid', 'elu', 'elu', 'elu', 'tanh', 'tanh']",f6f908f6f6003000d9f9,385,Adam,MaxAbsoluteDeviation,1.6858303546905518,2.291071891784668,2.196650200057775
"[23, 23, 8, 23, 23, 8, 11, 8, 21, 23]","['sigmoid', 'tanh', 'swish', 'sigmoid', 'sigmoid', 'elu', 'elu', 'elu', 'tanh', 'tanh']",f6f908f6f6003000d9f9,385,Adam,MaxAbsoluteDeviation,1.1959412097930908,1.3018827438354492,2.2056824000319466
"[23, 23, 8, 23, 23, 8, 11, 8, 21]","['sigmoid', 'tanh', 'swish', 'sigmoid', 'sigmoid', 'elu', 'elu', 'elu', 'tanh']",f6f908f6f6003000d9,385,Adam,MaxAbsoluteDeviation,1.1959412097930908,8.691347122192383,2.084903300041333
"[23, 23, 8, 23, 23, 8, 11, 8, 21, 23, 18]","['sigmoid', 'tanh', 'swish', 'sigmoid', 'sigmoid', 'elu', 'elu', 'elu', 'tanh', 'tanh', 'swish']",f6f908f6f6003000d9f9a8,385,Adam,MaxAbsoluteDeviation,0.9585566520690918,0.9204093217849731,3.4548408000264317
"[23, 23, 8, 23, 23, 8, 11, 8, 21, 23, 18]","['sigmoid', 'tanh', 'swish', 'sigmoid', 'sigmoid', 'elu', 'elu', 'elu', 'tanh', 'tanh', 'swish']",f6f908f6f6003000d9f9a8,385,Adam,MaxAbsoluteDeviation,0.9585566520690918,1.1982202529907227,2.358401699922979
"[23, 23, 8, 23, 23, 8, 11, 8, 21, 23, 18]","['sigmoid', 'swish', 'swish', 'sigmoid', 'sigmoid', 'elu', 'elu', 'elu', 'tanh', 'tanh', 'swish']",f6f808f6f6003000d9f9a8,385,Adam,MaxAbsoluteDeviation,1.2611534595489502,1.5705853700637817,2.383394100004807
"[23, 23, 8, 23, 23, 8, 11, 8, 21, 23, 18]","['sigmoid', 'swish', 'swish', 'swish', 'tanh', 'elu', 'elu', 'elu', 'tanh', 'tanh', 'swish']",f6f808f8f9003000d9f9a8,385,Adam,MaxAbsoluteDeviation,1.2611534595489502,8.383584976196289,2.3798063000431284
"[23, 23, 8, 8, 23, 8, 11, 8, 21, 23, 18]","['sigmoid', 'swish', 'swish', 'sigmoid', 'sigmoid', 'elu', 'elu', 'elu', 'tanh', 'tanh', 'swish']",f6f80806f6003000d9f9a8,385,Adam,MaxAbsoluteDeviation,1.0405147075653076,0.9355850219726562,2.372843599994667
"[8, 23, 8, 8, 23, 8, 11, 8, 23, 23, 18]","['sigmoid', 'swish', 'swish', 'sigmoid', 'sigmoid', 'elu', 'elu', 'elu', 'tanh', 'tanh', 'swish']",06f80806f6003000f9f9a8,159,Adam,MaxAbsoluteDeviation,1.0405147075653076,8.28714656829834,1.5118617999833077
"[23, 23, 8, 8, 23, 8, 11, 8, 21, 23, 18]","['sigmoid', 'swish', 'swish', 'sigmoid', 'sigmoid', 'elu', 'elu', 'elu', 'tanh', 'tanh', 'swish']",f6f80806f6003000d9f9a8,256,Adam,MaxAbsoluteDeviation,1.0405147075653076,8.747289657592773,1.8720904999645427
"[23, 23, 8, 8, 23, 8, 11, 8, 21, 23, 18]","['sigmoid', 'swish', 'swish', 'sigmoid', 'sigmoid', 'elu', 'elu', 'elu', 'tanh', 'tanh', 'swish']",f6f80806f6003000d9f9a8,700,Adam,MaxAbsoluteDeviation,0.4939565360546112,0.6055710315704346,3.561573899933137
"[23, 23, 8, 8, 23, 8, 11, 8, 21, 23, 18]","['sigmoid', 'swish', 'swish', 'sigmoid', 'sigmoid', 'tanh', 'elu', 'elu', 'tanh', 'tanh', 'swish']",f6f80806f6093000d9f9a8,700,Adam,MaxAbsoluteDeviation,0.4939565360546112,8.33227252960205,3.617999400012195
"[23, 23, 8, 8, 23, 8, 11, 8, 21, 23, 18]","['sigmoid', 'swish', 'swish', 'sigmoid', 'sigmoid', 'elu', 'elu', 'elu', 'tanh', 'tanh', 'swish']",f6f80806f6003000d9f9a8,700,Adam,MaxAbsoluteDeviation,0.4939565360546112,0.9668197631835938,3.5486783999949694
"[23, 23, 8, 8, 23, 8, 11, 8, 21, 23, 18]","['sigmoid', 'swish', 'swish', 'sigmoid', 'swish', 'elu', 'elu', 'elu', 'tanh', 'tanh', 'swish']",f6f80806f8003000d9f9a8,700,Adam,MaxAbsoluteDeviation,0.4939565360546112,1.0600252151489258,3.6028344999067485
"[23, 23, 8, 23, 23, 8, 11, 8, 21, 23, 18]","['sigmoid', 'swish', 'swish', 'sigmoid', 'sigmoid', 'elu', 'elu', 'elu', 'tanh', 'tanh', 'swish']",f6f808f6f6003000d9f9a8,700,Adam,MaxAbsoluteDeviation,0.4939565360546112,8.182389259338379,3.523326199967414
"[23, 23, 8, 8, 23, 8, 11, 8, 21, 23, 18, 16]","['sigmoid', 'swish', 'swish', 'sigmoid', 'sigmoid', 'elu', 'elu', 'elu', 'tanh', 'tanh', 'swish', 'elu']",f6f80806f6003000d9f9a880,700,Adam,MaxAbsoluteDeviation,0.4939565360546112,8.95079231262207,3.7277485999511555
"[23, 23, 8, 8, 23, 8, 11, 8, 21, 23, 18]","['sigmoid', 'swish', 'swish', 'sigmoid', 'sigmoid', 'elu', 'elu', 'elu', 'tanh', 'tanh', 'swish']",f6f80806f6003000d9f9a8,700,Adam,MaxAbsoluteDeviation,0.4939565360546112,8.378011703491211,3.594376699998975
"[23, 23, 8, 8, 23, 8, 11, 8, 21, 23, 18]","['sigmoid', 'swish', 'swish', 'sigmoid', 'sigmoid', 'elu', 'elu', 'elu', 'tanh', 'tanh', 'swish']",f6f80806f6003000d9f9a8,100,Adam,MaxAbsoluteDeviation,0.4939565360546112,1.8026399612426758,1.2802124000154436
"[23, 23, 8, 8, 23, 8, 11, 8, 21, 23, 18, 15, 11]","['sigmoid', 'swish', 'swish', 'sigmoid', 'sigmoid', 'elu', 'elu', 'elu', 'tanh', 'tanh', 'swish', 'sigmoid', 'swish']",f6f80806f6003000d9f9a87638,700,Adam,MaxAbsoluteDeviation,0.4939565360546112,8.569412231445312,3.863786100060679
"[23, 8, 8, 8, 23, 8, 11, 8, 21, 23, 18]","['sigmoid', 'swish', 'swish', 'sigmoid', 'sigmoid', 'elu', 'elu', 'elu', 'tanh', 'tanh', 'swish']",f6080806f6003000d9f9a8,700,Adam,MaxAbsoluteDeviation,0.4939565360546112,0.47052550315856934,3.5690814999397844
"[23, 23, 8, 8, 23, 8, 11, 8, 21, 23]","['sigmoid', 'swish', 'swish', 'sigmoid', 'sigmoid', 'elu', 'elu', 'elu', 'tanh', 'tanh']",f6f80806f6003000d9f9,700,Adam,MaxAbsoluteDeviation,0.5408828258514404,0.7791740894317627,3.385984299937263
"[23, 23, 8, 8, 23, 8, 11, 8, 21, 23]","['sigmoid', 'swish', 'tanh', 'sigmoid', 'sigmoid', 'elu', 'elu', 'elu', 'tanh', 'tanh']",f6f80906f6003000d9f9,700,Adam,MaxAbsoluteDeviation,0.5408828258514404,8.380318641662598,3.345962999970652
"[23, 23, 8, 8, 23, 8, 11, 8, 21, 23]","['sigmoid', 'sigmoid', 'swish', 'sigmoid', 'sigmoid', 'elu', 'elu', 'elu', 'tanh', 'tanh']",f6f60806f6003000d9f9,700,Adam,MaxAbsoluteDeviation,0.5408828258514404,0.635197639465332,3.445088700042106
"[23, 23, 8, 8, 23, 8, 11, 8, 21, 23]","['sigmoid', 'swish', 'swish', 'sigmoid', 'sigmoid', 'elu', 'elu', 'elu', 'tanh', 'tanh']",f6f80806f6003000d9f9,700,Adam,MaxAbsoluteDeviation,0.5408828258514404,8.300493240356445,3.473093600012362
"[23, 23, 8, 8, 23, 8, 23, 8, 21, 23, 22, 20]","['sigmoid', 'swish', 'swish', 'sigmoid', 'sigmoid', 'elu', 'elu', 'elu', 'tanh', 'tanh', 'sigmoid', 'tanh']",f6f80806f600f000d9f9e6c9,700,Adam,MaxAbsoluteDeviation,0.5408828258514404,8.288734436035156,3.745058999978937
"[23, 23, 8, 8, 23, 8, 11, 8, 21, 8]","['sigmoid', 'swish', 'swish', 'sigmoid', 'sigmoid', 'elu', 'elu', 'elu', 'tanh', 'tanh']",f6f80806f6003000d909,700,Adam,MaxAbsoluteDeviation,0.5408828258514404,8.688908576965332,3.44111380004324
"[23, 23, 8, 8, 23, 8, 11, 8, 21, 23]","['sigmoid', 'swish', 'swish', 'sigmoid', 'sigmoid', 'elu', 'elu', 'elu', 'tanh', 'tanh']",f6f80806f6003000d9f9,700,Adam,MaxAbsoluteDeviation,0.5408828258514404,8.300822257995605,3.446813900023699
"[23, 23, 8, 8, 23, 8, 11, 8, 21]","['sigmoid', 'swish', 'swish', 'sigmoid', 'sigmoid', 'elu', 'elu', 'elu', 'tanh']",f6f80806f6003000d9,700,Adam,MaxAbsoluteDeviation,0.5408828258514404,8.189992904663086,3.3026314000599086
"[23, 23, 8, 8, 23, 8, 11, 8, 21, 23]","['sigmoid', 'swish', 'swish', 'sigmoid', 'sigmoid', 'elu', 'tanh', 'elu', 'tanh', 'tanh']",f6f80806f6003900d9f9,700,Adam,MaxAbsoluteDeviation,0.9651989936828613,0.7022668719291687,3.4556656000204384
"[23, 23, 8, 8, 23, 8, 11, 8, 21, 11]","['sigmoid', 'swish', 'swish', 'sigmoid', 'sigmoid', 'elu', 'tanh', 'elu', 'tanh', 'elu']",f6f80806f6003900d930,700,Adam,MaxAbsoluteDeviation,0.5570873022079468,1.014993667602539,3.456005800049752
"[23, 23, 8, 8, 23, 8, 11, 8, 21, 11]","['sigmoid', 'swish', 'swish', 'sigmoid', 'sigmoid', 'elu', 'tanh', 'elu', 'tanh', 'elu']",f6f80806f6003900d930,532,Adam,MaxAbsoluteDeviation,0.5570873022079468,8.161173820495605,2.806407400057651
"[23, 23, 8, 8, 23, 8, 11, 8, 21, 11]","['sigmoid', 'swish', 'swish', 'sigmoid', 'swish', 'elu', 'tanh', 'elu', 'tanh', 'elu']",f6f80806f8003900d930,700,Adam,MaxAbsoluteDeviation,0.6621111035346985,0.4094940423965454,3.4538538999622688
"[23, 23, 8, 8, 23, 8, 11, 8, 21, 11]","['sigmoid', 'swish', 'swish', 'sigmoid', 'swish', 'elu', 'tanh', 'elu', 'tanh', 'elu']",f6f80806f8003900d930,584,Adam,MaxAbsoluteDeviation,0.6621111035346985,8.50820255279541,2.999372099991888
"[23, 23, 8, 8, 23, 8, 11, 8, 21, 11]","['sigmoid', 'swish', 'swish', 'sigmoid', 'swish', 'elu', 'tanh', 'elu', 'tanh', 'elu']",f6f80806f8003900d930,678,Adam,MaxAbsoluteDeviation,0.6621111035346985,2.2633237838745117,3.355302800075151
"[23, 23, 8, 8, 23, 8, 11, 8, 21, 11]","['sigmoid', 'swish', 'swish', 'sigmoid', 'swish', 'elu', 'tanh', 'elu', 'tanh', 'elu']",f6f80806f8003900d930,700,Adam,MaxAbsoluteDeviation,0.6621111035346985,8.27114200592041,3.4250374999828637
"[23, 23, 8, 8, 23, 8, 11, 8, 21, 11]","['sigmoid', 'swish', 'swish', 'sigmoid', 'swish', 'elu', 'tanh', 'elu', 'tanh', 'elu']",f6f80806f8003900d930,700,Adam,MaxAbsoluteDeviation,0.6069364547729492,1.5027656555175781,3.4300102000124753
"[23, 23, 8, 8, 23, 8, 11, 8, 21, 11]","['sigmoid', 'swish', 'swish', 'sigmoid', 'swish', 'elu', 'tanh', 'elu', 'tanh', 'elu']",f6f80806f8003900d930,700,Adam,MaxAbsoluteDeviation,1.0155863761901855,1.3209381103515625,3.393018800066784
"[23, 23, 8, 8, 23, 8, 11, 23, 21, 8]","['sigmoid', 'swish', 'swish', 'sigmoid', 'swish', 'elu', 'tanh', 'elu', 'tanh', 'elu']",f6f80806f80039f0d900,700,Adam,MaxAbsoluteDeviation,1.0155863761901855,8.166940689086914,3.395350500009954
"[23, 23, 8, 8, 23, 8, 11, 8, 21, 8]","['sigmoid', 'swish', 'swish', 'sigmoid', 'swish', 'elu', 'tanh', 'elu', 'tanh', 'elu']",f6f80806f8003900d900,700,Adam,MaxAbsoluteDeviation,0.9838237166404724,2.2490406036376953,3.4336736999684945
"[23, 23, 8, 8, 23, 15, 11, 8, 21, 8, 18]","['sigmoid', 'swish', 'swish', 'sigmoid', 'swish', 'elu', 'tanh', 'elu', 'tanh', 'elu', 'sigmoid']",f6f80806f8703900d900a6,700,Adam,MaxAbsoluteDeviation,0.9838237166404724,8.445697784423828,3.563690400100313
"[23, 23, 8, 8, 8, 8, 11, 8, 21, 8]","['sigmoid', 'swish', 'swish', 'sigmoid', 'swish', 'elu', 'tanh', 'elu', 'tanh', 'elu']",f6f8080608003900d900,700,Adam,MaxAbsoluteDeviation,0.9838237166404724,0.32203102111816406,3.471909699961543
"[23, 23, 8, 8, 23, 8, 11, 8, 21, 8]","['sigmoid', 'swish', 'swish', 'sigmoid', 'swish', 'elu', 'tanh', 'elu', 'tanh', 'elu']",f6f80806f8003900d900,100,Adam,MaxAbsoluteDeviation,1.7358380556106567,2.168365001678467,1.1969320999924093
"[23, 23, 8, 8, 23, 8, 11, 8, 21, 8, 17]","['sigmoid', 'swish', 'swish', 'sigmoid', 'swish', 'elu', 'tanh', 'elu', 'tanh', 'elu', 'swish']",f6f80806f8003900d90098,100,Adam,MaxAbsoluteDeviation,1.7358380556106567,8.259880065917969,2.47502060001716
"[23, 23, 8, 8, 23, 8, 11, 8, 21]","['sigmoid', 'swish', 'swish', 'sigmoid', 'swish', 'elu', 'tanh', 'elu', 'tanh']",f6f80806f8003900d9,100,Adam,MaxAbsoluteDeviation,1.4831007719039917,1.6771645545959473,1.1442318999907002
"[23, 23, 8, 8, 23, 8, 11, 8, 21]","['sigmoid', 'swish', 'swish', 'sigmoid', 'swish', 'elu', 'tanh', 'elu', 'tanh']",f6f80806f8003900d9,700,Adam,MaxAbsoluteDeviation,1.4831007719039917,1.9231348037719727,3.350528599927202
"[23, 23, 8, 8, 23, 8, 11, 8]","['sigmoid', 'swish', 'swish', 'sigmoid', 'swish', 'elu', 'tanh', 'elu']",f6f80806f8003900,100,Adam,MaxAbsoluteDeviation,1.4831007719039917,8.341164588928223,1.0644943999359384
"[23, 23, 8, 8, 23, 8, 11, 8, 21]","['sigmoid', 'swish', 'swish', 'sigmoid', 'swish', 'elu', 'tanh', 'elu', 'tanh']",f6f80806f8003900d9,100,Adam,MaxAbsoluteDeviation,1.4831007719039917,8.641374588012695,1.1438074000179768
"[23, 23, 8, 8, 23, 8, 11, 8, 23]","['sigmoid', 'swish', 'swish', 'sigmoid', 'swish', 'elu', 'tanh', 'elu', 'tanh']",f6f80806f8003900f9,700,Adam,MaxAbsoluteDeviation,1.4831007719039917,8.387290954589844,3.298905699979514
"[23, 23, 8, 8, 23, 8, 11, 8, 21]","['sigmoid', 'swish', 'swish', 'sigmoid', 'tanh', 'elu', 'tanh', 'elu', 'tanh']",f6f80806f9003900d9,100,Adam,MaxAbsoluteDeviation,1.4831007719039917,1.6208524703979492,1.1266926999669522
"[23, 23, 8, 8, 23, 8, 11, 8, 21]","['sigmoid', 'swish', 'swish', 'sigmoid', 'swish', 'elu', 'tanh', 'elu', 'tanh']",f6f80806f8003900d9,100,Adam,MaxAbsoluteDeviation,1.4831007719039917,2.052741050720215,1.155383100034669
"[23, 23, 8, 8, 23, 8, 18, 8, 21]","['sigmoid', 'swish', 'swish', 'sigmoid', 'swish', 'elu', 'tanh', 'elu', 'tanh']",f6f80806f800a900d9,100,Adam,MaxAbsoluteDeviation,1.4831007719039917,8.685465812683105,1.143395899911411
"[23, 23, 8, 8, 23, 8, 11, 8]","['sigmoid', 'swish', 'swish', 'sigmoid', 'swish', 'elu', 'tanh', 'elu']",f6f80806f8003900,100,Adam,MaxAbsoluteDeviation,2.6807186603546143,2.4709949493408203,1.0842156999278814
"[23, 23, 8, 8, 23, 8, 11, 8, 22]","['sigmoid', 'swish', 'swish', 'sigmoid', 'swish', 'elu', 'tanh', 'elu', 'elu']",f6f80806f8003900e0,100,Adam,MaxAbsoluteDeviation,1.3935965299606323,1.5213613510131836,1.144218200002797
"[23, 23, 8, 8, 23, 8, 11, 8, 22]","['sigmoid', 'swish', 'swish', 'sigmoid', 'swish', 'elu', 'tanh', 'elu', 'elu']",f6f80806f8003900e0,700,Adam,MaxAbsoluteDeviation,1.3935965299606323,1.767053484916687,3.252841400098987
"[23, 23, 8, 8, 23, 8, 11, 8, 22]","['sigmoid', 'swish', 'swish', 'sigmoid', 'swish', 'elu', 'tanh', 'elu', 'elu']",f6f80806f8003900e0,100,Adam,MaxAbsoluteDeviation,1.1936472654342651,1.1319607496261597,1.1430247999960557
"[23, 23, 8, 8, 23, 8, 11, 8]","['sigmoid', 'swish', 'swish', 'sigmoid', 'swish', 'elu', 'tanh', 'elu']",f6f80806f8003900,100,Adam,MaxAbsoluteDeviation,0.6330669522285461,0.9654598236083984,1.0601279999827966
"[23, 23, 8, 8, 23, 8, 11, 8]","['sigmoid', 'swish', 'swish', 'sigmoid', 'swish', 'elu', 'tanh', 'elu']",f6f80806f8003900,100,Adam,MaxAbsoluteDeviation,0.6330669522285461,2.116398811340332,1.0622792999492958
"[23, 23, 8, 8, 23, 8, 11, 8]","['sigmoid', 'swish', 'swish', 'sigmoid', 'swish', 'tanh', 'tanh', 'elu']",f6f80806f8093900,100,Adam,MaxAbsoluteDeviation,0.6330669522285461,8.317933082580566,1.0796746999258175
"[23, 23, 8, 8, 23, 8, 11]","['sigmoid', 'swish', 'swish', 'sigmoid', 'swish', 'elu', 'tanh']",f6f80806f80039,100,Adam,MaxAbsoluteDeviation,0.6330669522285461,8.651483535766602,0.9875159999355674
"[23, 23, 8, 8, 23, 8, 8, 8]","['sigmoid', 'swish', 'swish', 'sigmoid', 'swish', 'elu', 'tanh', 'elu']",f6f80806f8000900,700,Adam,MaxAbsoluteDeviation,0.6330669522285461,8.54406452178955,3.159476100001484
"[23, 23, 8, 8, 23, 8, 11, 8, 13]","['sigmoid', 'swish', 'swish', 'sigmoid', 'swish', 'elu', 'tanh', 'elu', 'sigmoid']",f6f80806f800390056,100,Adam,MaxAbsoluteDeviation,0.6330669522285461,8.431035995483398,1.132632099906914
"[23, 23, 8, 8, 23, 8, 11]","['sigmoid', 'swish', 'swish', 'sigmoid', 'swish', 'elu', 'tanh']",f6f80806f80039,100,Adam,MaxAbsoluteDeviation,0.6330669522285461,8.401312828063965,0.9835153999738395
"[23, 23, 8, 8, 23, 8, 11]","['sigmoid', 'swish', 'swish', 'sigmoid', 'swish', 'elu', 'tanh']",f6f80806f80039,100,Adam,MaxAbsoluteDeviation,0.6330669522285461,8.450054168701172,0.9772257999284193
"[23, 23, 8, 8, 23, 8, 11, 8, 10]","['sigmoid', 'swish', 'swish', 'sigmoid', 'swish', 'elu', 'tanh', 'elu', 'sigmoid']",f6f80806f800390026,100,Adam,MaxAbsoluteDeviation,0.6330669522285461,8.211654663085938,1.1261033000191674
"[23, 23, 8, 8, 23, 8, 11, 8, 17]","['sigmoid', 'swish', 'swish', 'sigmoid', 'swish', 'elu', 'tanh', 'elu', 'tanh']",f6f80806f800390099,700,Adam,MaxAbsoluteDeviation,0.46149742603302,0.7313027381896973,4.502573300036602
"[23, 23, 8, 8, 23, 8, 11, 8, 17]","['sigmoid', 'swish', 'swish', 'sigmoid', 'swish', 'elu', 'tanh', 'elu', 'tanh']",f6f80806f800390099,700,Adam,MaxAbsoluteDeviation,0.7186061143875122,0.7453217506408691,3.3447489000391215
"[23, 23, 8, 8, 23, 8, 8, 8]","['sigmoid', 'swish', 'swish', 'sigmoid', 'swish', 'elu', 'tanh', 'elu']",f6f80806f8000900,700,Adam,MaxAbsoluteDeviation,0.7186061143875122,8.455177307128906,3.1905752999009565
"[23, 23, 8, 8, 23, 8, 11, 8, 17]","['sigmoid', 'swish', 'swish', 'sigmoid', 'swish', 'elu', 'tanh', 'elu', 'tanh']",f6f80806f800390099,700,Adam,MaxAbsoluteDeviation,0.7186061143875122,8.377153396606445,3.3285578000359237
"[23, 23, 8, 8, 23, 8, 11, 8, 17, 12]","['sigmoid', 'swish', 'swish', 'sigmoid', 'swish', 'elu', 'tanh', 'elu', 'tanh', 'elu']",f6f80806f80039009940,700,Adam,MaxAbsoluteDeviation,0.8450685143470764,0.8271293640136719,3.436572900041938
"[23, 23, 8, 8, 23, 8, 11, 8, 17, 12]","['sigmoid', 'swish', 'swish', 'sigmoid', 'swish', 'elu', 'tanh', 'elu', 'tanh', 'elu']",f6f80806f80039009940,700,Adam,MaxAbsoluteDeviation,0.8450685143470764,8.649438858032227,3.506463900092058
"[23, 23, 8, 8, 23, 8, 11, 8, 17, 12]","['sigmoid', 'swish', 'swish', 'sigmoid', 'swish', 'elu', 'tanh', 'elu', 'tanh', 'elu']",f6f80806f80039009940,700,Adam,MaxAbsoluteDeviation,0.8450685143470764,8.51529598236084,3.467860999982804
"[23, 23, 8, 8, 23, 8, 11, 8, 17, 12]","['tanh', 'swish', 'swish', 'sigmoid', 'swish', 'elu', 'tanh', 'elu', 'tanh', 'elu']",f9f80806f80039009940,700,Adam,MaxAbsoluteDeviation,1.0735368728637695,0.6927947998046875,3.4105570000829175
"[23, 23, 8, 8, 23, 8, 11, 8, 17, 12]","['tanh', 'swish', 'swish', 'sigmoid', 'swish', 'elu', 'tanh', 'elu', 'tanh', 'elu']",f9f80806f80039009940,700,Adam,MaxAbsoluteDeviation,0.9532325267791748,1.1052131652832031,3.4171205000020564
"[23, 23, 8, 8, 23, 8, 11, 8, 17, 12]","['tanh', 'swish', 'swish', 'sigmoid', 'swish', 'elu', 'tanh', 'elu', 'tanh', 'elu']",f9f80806f80039009940,110,Adam,MaxAbsoluteDeviation,0.9532325267791748,1.915460467338562,1.2690220999065787
"[23, 23, 8, 8, 8, 8, 11, 8, 17, 12]","['tanh', 'swish', 'swish', 'sigmoid', 'swish', 'elu', 'tanh', 'elu', 'tanh', 'elu']",f9f80806080039009940,700,Adam,MaxAbsoluteDeviation,0.6417357921600342,0.9825096130371094,3.4406237999210134
"[23, 23, 8, 8, 8, 8, 11, 8, 17, 12]","['tanh', 'swish', 'swish', 'sigmoid', 'swish', 'elu', 'tanh', 'elu', 'tanh', 'elu']",f9f80806080039009940,700,Adam,MaxAbsoluteDeviation,0.9455282688140869,1.5910272598266602,3.43323910003528
"[23, 23, 8, 8, 8, 8, 11, 8, 17, 12]","['tanh', 'swish', 'swish', 'sigmoid', 'swish', 'elu', 'tanh', 'elu', 'tanh', 'elu']",f9f80806080039009940,700,Adam,MaxAbsoluteDeviation,0.5940937995910645,0.8408212065696716,3.4183937000343576
"[23, 23, 8, 8, 8, 8, 11, 8, 17, 12, 23]","['tanh', 'swish', 'swish', 'sigmoid', 'swish', 'elu', 'tanh', 'elu', 'tanh', 'elu', 'elu']",f9f80806080039009940f0,700,Adam,MaxAbsoluteDeviation,0.7576683163642883,0.7678375244140625,3.5633660999592394
"[23, 23, 8, 8, 8, 8, 11, 8, 17, 12, 23, 18]","['tanh', 'swish', 'swish', 'sigmoid', 'swish', 'elu', 'tanh', 'elu', 'tanh', 'elu', 'elu', 'swish']",f9f80806080039009940f0a8,700,Adam,MaxAbsoluteDeviation,0.7576683163642883,1.3759002685546875,3.789052400039509
"[23, 23, 14, 8, 8, 8, 11, 8, 17, 12, 23]","['tanh', 'swish', 'swish', 'sigmoid', 'swish', 'elu', 'tanh', 'elu', 'tanh', 'elu', 'elu']",f9f86806080039009940f0,700,Adam,MaxAbsoluteDeviation,0.5719969868659973,1.336395263671875,3.5617338999873027
"[23, 23, 14, 8, 8, 8, 11, 8, 17, 12, 23]","['tanh', 'swish', 'swish', 'sigmoid', 'swish', 'elu', 'tanh', 'elu', 'tanh', 'elu', 'elu']",f9f86806080039009940f0,700,Adam,MaxAbsoluteDeviation,0.5719969868659973,1.7847251892089844,3.581061500008218
"[23, 23, 14, 8, 8, 8, 11, 8, 17, 12, 23]","['tanh', 'swish', 'swish', 'sigmoid', 'swish', 'elu', 'tanh', 'elu', 'tanh', 'elu', 'elu']",f9f86806080039009940f0,700,Adam,MaxAbsoluteDeviation,0.7725868225097656,0.8021335601806641,3.60063830006402
"[23, 23, 8, 8, 8, 8, 11, 8, 17, 12, 23]","['tanh', 'swish', 'swish', 'sigmoid', 'swish', 'elu', 'tanh', 'elu', 'tanh', 'elu', 'elu']",f9f80806080039009940f0,700,Adam,MaxAbsoluteDeviation,0.4853248596191406,0.30318641662597656,3.585638500051573
"[23, 23, 8, 8, 8, 8, 11, 8, 17, 12, 23]","['tanh', 'swish', 'swish', 'sigmoid', 'swish', 'elu', 'tanh', 'elu', 'tanh', 'elu', 'elu']",f9f80806080039009940f0,700,Adam,MaxAbsoluteDeviation,1.2409026622772217,1.3053793907165527,3.5360726000508294
"[23, 23, 8, 8, 8, 8, 11, 8, 17, 12, 23]","['tanh', 'swish', 'swish', 'sigmoid', 'swish', 'elu', 'tanh', 'elu', 'tanh', 'elu', 'elu']",f9f80806080039009940f0,700,Adam,MaxAbsoluteDeviation,0.48575296998023987,0.4292287826538086,4.805131100001745
"[23, 23, 8, 8, 8, 8, 11, 8, 17, 8, 23]","['tanh', 'swish', 'swish', 'sigmoid', 'swish', 'elu', 'tanh', 'elu', 'swish', 'elu', 'elu']",f9f80806080039009800f0,700,Adam,MaxAbsoluteDeviation,0.5145919919013977,0.7922524809837341,3.650015200022608
"[23, 23, 8, 8, 8, 8, 11, 8, 17, 8, 23, 21]","['tanh', 'swish', 'swish', 'sigmoid', 'swish', 'elu', 'tanh', 'elu', 'swish', 'elu', 'elu', 'swish']",f9f80806080039009800f0d8,700,Adam,MaxAbsoluteDeviation,0.5145919919013977,0.682952880859375,3.855163300060667
"[23, 23, 8, 8, 8, 8, 11, 8, 17, 8, 23]","['tanh', 'swish', 'swish', 'sigmoid', 'swish', 'elu', 'tanh', 'elu', 'swish', 'elu', 'elu']",f9f80806080039009800f0,700,Adam,MaxAbsoluteDeviation,1.001381278038025,1.6806221008300781,3.638411800027825
"[23, 23, 8, 8, 8, 8, 11, 8, 17, 8, 23]","['tanh', 'swish', 'swish', 'sigmoid', 'swish', 'elu', 'tanh', 'elu', 'swish', 'elu', 'elu']",f9f80806080039009800f0,595,Adam,MaxAbsoluteDeviation,1.1057276725769043,1.250526785850525,3.212567700073123
"[23, 23, 8, 23, 8, 8, 11, 8, 17, 8, 23]","['tanh', 'swish', 'swish', 'sigmoid', 'swish', 'elu', 'tanh', 'elu', 'swish', 'elu', 'elu']",f9f808f6080039009800f0,595,Adam,MaxAbsoluteDeviation,0.6654432415962219,1.7735155820846558,3.2178253000602126
"[23, 23, 8, 23, 8, 8, 11, 23, 17, 8, 23]","['tanh', 'swish', 'swish', 'sigmoid', 'swish', 'elu', 'tanh', 'elu', 'swish', 'elu', 'elu']",f9f808f6080039f09800f0,595,Adam,MaxAbsoluteDeviation,0.6654432415962219,1.2413902282714844,3.214878100086935
"[23, 23, 8, 23, 8, 8, 11, 8, 17, 8, 23, 13]","['tanh', 'swish', 'swish', 'sigmoid', 'swish', 'elu', 'tanh', 'elu', 'swish', 'elu', 'elu', 'swish']",f9f808f6080039009800f058,700,Adam,MaxAbsoluteDeviation,0.4244047999382019,0.4328765869140625,3.767643400002271
"[23, 23, 8, 23, 8, 8, 11, 8, 17, 8, 23]","['tanh', 'swish', 'swish', 'sigmoid', 'swish', 'elu', 'tanh', 'elu', 'swish', 'elu', 'elu']",f9f808f6080039009800f0,700,Adam,MaxAbsoluteDeviation,0.49457016587257385,0.27694129943847656,3.6570706999627873
"[23, 23, 8, 23, 8, 8, 11, 8, 17, 8, 23]","['tanh', 'swish', 'swish', 'sigmoid', 'swish', 'elu', 'tanh', 'elu', 'swish', 'elu', 'elu']",f9f808f6080039009800f0,700,Adam,MaxAbsoluteDeviation,0.5889886617660522,0.2878270149230957,3.6360094000119716
"[23, 23, 8, 23, 8, 8, 11, 8, 17, 8, 23]","['tanh', 'swish', 'swish', 'sigmoid', 'swish', 'elu', 'tanh', 'elu', 'swish', 'elu', 'elu']",f9f808f6080039009800f0,413,Adam,MaxAbsoluteDeviation,0.5889886617660522,1.6992149353027344,2.467488200054504
"[23, 23, 8, 23, 8, 8, 11, 8, 17, 8, 23]","['tanh', 'swish', 'swish', 'sigmoid', 'swish', 'elu', 'tanh', 'elu', 'swish', 'elu', 'elu']",f9f808f6080039009800f0,700,Adam,MaxAbsoluteDeviation,0.6536770462989807,0.4872894287109375,3.564690300030634
"[23, 23, 8, 23, 8, 8, 11, 8, 17, 8, 23]","['swish', 'swish', 'swish', 'sigmoid', 'swish', 'elu', 'tanh', 'elu', 'swish', 'elu', 'elu']",f8f808f6080039009800f0,700,Adam,MaxAbsoluteDeviation,0.8178410530090332,1.2554512023925781,3.63978029997088
"[23, 23, 8, 23, 8, 8, 11, 8, 17, 8, 23]","['swish', 'swish', 'swish', 'sigmoid', 'swish', 'elu', 'tanh', 'elu', 'swish', 'elu', 'elu']",f8f808f6080039009800f0,380,Adam,MaxAbsoluteDeviation,0.5835946202278137,1.149728775024414,2.3192310000304133
"[23, 23, 8, 23, 8, 8, 11, 8, 17, 8]","['swish', 'swish', 'swish', 'sigmoid', 'swish', 'elu', 'tanh', 'elu', 'swish', 'elu']",f8f808f6080039009800,380,Adam,MaxAbsoluteDeviation,0.5835946202278137,1.6247634887695312,2.2715084000956267
"[23, 23, 8, 23, 8, 8, 8, 8, 17, 8, 23]","['swish', 'swish', 'swish', 'sigmoid', 'swish', 'elu', 'tanh', 'elu', 'swish', 'elu', 'elu']",f8f808f6080009009800f0,380,Adam,MaxAbsoluteDeviation,0.6798774600028992,1.1128177642822266,2.3495549999643117
"[23, 23, 8, 23, 8, 8, 8, 8, 17, 8]","['swish', 'swish', 'swish', 'sigmoid', 'swish', 'elu', 'tanh', 'elu', 'swish', 'elu']",f8f808f6080009009800,380,Adam,MaxAbsoluteDeviation,0.6798774600028992,1.239847183227539,2.2482330000493675
"[23, 23, 8, 23, 8, 8, 8, 8, 17, 8, 23, 13]","['swish', 'swish', 'swish', 'sigmoid', 'swish', 'elu', 'tanh', 'elu', 'swish', 'elu', 'elu', 'elu']",f8f808f6080009009800f050,380,Adam,MaxAbsoluteDeviation,0.6798774600028992,1.3184298276901245,2.441324200015515
"[23, 23, 8, 23, 8, 8, 8, 8, 17, 8, 23]","['swish', 'swish', 'swish', 'sigmoid', 'swish', 'elu', 'tanh', 'elu', 'swish', 'elu', 'elu']",f8f808f6080009009800f0,312,Adam,MaxAbsoluteDeviation,0.8268595337867737,0.5350017547607422,2.0842642999486998
"[23, 23, 8, 23, 8, 8, 8, 8, 17, 8, 23]","['swish', 'swish', 'swish', 'sigmoid', 'swish', 'elu', 'tanh', 'elu', 'swish', 'elu', 'elu']",f8f808f6080009009800f0,100,Adam,MaxAbsoluteDeviation,0.8268595337867737,1.855067253112793,2.506596100050956
"[23, 23, 8, 23, 8, 8, 8, 8, 17, 8, 23]","['swish', 'swish', 'swish', 'sigmoid', 'swish', 'elu', 'tanh', 'elu', 'swish', 'elu', 'elu']",f8f808f6080009009800f0,114,Adam,MaxAbsoluteDeviation,0.7634152173995972,1.7733116149902344,1.3610208999598399
"[23, 23, 8, 23, 8, 8, 8, 8, 17, 8, 23]","['swish', 'swish', 'swish', 'sigmoid', 'swish', 'elu', 'tanh', 'elu', 'swish', 'elu', 'elu']",f8f808f6080009009800f0,114,Adam,MaxAbsoluteDeviation,0.7634152173995972,0.4039134979248047,1.382378000067547
"[23, 23, 8, 23, 8, 8, 8, 8, 17, 8, 23, 13]","['swish', 'swish', 'swish', 'sigmoid', 'swish', 'elu', 'tanh', 'elu', 'swish', 'elu', 'elu', 'elu']",f8f808f6080009009800f050,114,Adam,MaxAbsoluteDeviation,0.7634152173995972,3.5426626205444336,1.447147800005041
"[23, 23, 8, 23, 8, 8, 8, 8, 17, 8, 23]","['swish', 'swish', 'swish', 'sigmoid', 'swish', 'tanh', 'tanh', 'elu', 'swish', 'elu', 'elu']",f8f808f6080909009800f0,114,Adam,MaxAbsoluteDeviation,1.133849024772644,2.851865768432617,1.3742458000779152
"[23, 23, 8, 23, 8, 8, 8, 8, 17, 8, 23]","['swish', 'swish', 'swish', 'sigmoid', 'swish', 'tanh', 'tanh', 'elu', 'swish', 'elu', 'elu']",f8f808f6080909009800f0,114,Adam,MaxAbsoluteDeviation,1.133849024772644,8.820313453674316,1.374410199932754
"[23, 23, 8, 23, 8, 8, 8, 8, 17, 8, 23]","['swish', 'swish', 'swish', 'sigmoid', 'swish', 'tanh', 'tanh', 'elu', 'swish', 'elu', 'elu']",f8f808f6080909009800f0,100,Adam,MaxAbsoluteDeviation,1.0175131559371948,0.4832782745361328,1.3274600999429822
"[23, 23, 8, 23, 8, 8, 8, 8, 17, 8, 23]","['swish', 'tanh', 'swish', 'sigmoid', 'swish', 'tanh', 'tanh', 'elu', 'swish', 'elu', 'elu']",f8f908f6080909009800f0,100,Adam,MaxAbsoluteDeviation,1.419905662536621,0.9278120994567871,1.3147123999660835
"[23, 23, 8, 23, 8, 8, 8, 8, 17, 8, 23]","['swish', 'tanh', 'swish', 'sigmoid', 'swish', 'tanh', 'tanh', 'elu', 'swish', 'elu', 'elu']",f8f908f6080909009800f0,100,Adam,MaxAbsoluteDeviation,0.7943448424339294,0.5777406692504883,1.3236121999798343
"[23, 23, 8, 23, 8, 8, 8, 8, 17, 8, 23]","['swish', 'tanh', 'swish', 'sigmoid', 'swish', 'tanh', 'tanh', 'elu', 'swish', 'elu', 'elu']",f8f908f6080909009800f0,700,Adam,MaxAbsoluteDeviation,0.6743107438087463,0.6584224700927734,3.675186099950224
"[23, 23, 8, 23, 8, 8, 8, 8, 17, 8, 23]","['swish', 'tanh', 'swish', 'sigmoid', 'swish', 'tanh', 'tanh', 'elu', 'swish', 'elu', 'elu']",f8f908f6080909009800f0,244,Adam,MaxAbsoluteDeviation,0.9763432145118713,1.7961865663528442,1.849319800036028
"[23, 23, 8, 23, 8, 23, 8, 8, 17, 8, 23]","['swish', 'tanh', 'swish', 'sigmoid', 'swish', 'tanh', 'tanh', 'elu', 'swish', 'elu', 'elu']",f8f908f608f909009800f0,244,Adam,MaxAbsoluteDeviation,0.8813163638114929,0.6244535446166992,1.8258614999940619
"[23, 23, 8, 23, 8, 23, 8, 8, 23, 8, 23]","['swish', 'tanh', 'swish', 'sigmoid', 'swish', 'tanh', 'tanh', 'elu', 'swish', 'elu', 'elu']",f8f908f608f90900f800f0,244,Adam,MaxAbsoluteDeviation,0.8813163638114929,1.7273635864257812,1.8486959000583738
"[23, 23, 8, 23, 8, 23, 8, 8, 17, 8, 18]","['swish', 'tanh', 'swish', 'sigmoid', 'swish', 'tanh', 'tanh', 'elu', 'swish', 'elu', 'elu']",f8f908f608f909009800a0,244,Adam,MaxAbsoluteDeviation,1.0816700458526611,0.6602018475532532,1.8332489000167698
"[23, 23, 8, 23, 8, 23, 8, 23, 17, 8, 18]","['swish', 'tanh', 'swish', 'sigmoid', 'swish', 'tanh', 'tanh', 'elu', 'swish', 'elu', 'elu']",f8f908f608f909f09800a0,244,Adam,MaxAbsoluteDeviation,0.8536245226860046,1.197744369506836,1.8244502999586985
"[23, 23, 8, 23, 8, 23, 8, 23, 17, 8, 18]","['swish', 'tanh', 'swish', 'sigmoid', 'swish', 'tanh', 'tanh', 'elu', 'swish', 'elu', 'elu']",f8f908f608f909f09800a0,190,Adam,MaxAbsoluteDeviation,0.8536245226860046,1.0198259353637695,1.6217572999885306
"[23, 23, 8, 23, 8, 23, 8, 23, 8, 8, 18]","['swish', 'tanh', 'swish', 'sigmoid', 'swish', 'tanh', 'tanh', 'elu', 'swish', 'elu', 'elu']",f8f908f608f909f00800a0,244,Adam,MaxAbsoluteDeviation,1.675455927848816,1.025247573852539,1.8033012000378221
"[23, 23, 8, 23, 8, 23, 8, 23, 8, 8, 18]","['swish', 'tanh', 'swish', 'sigmoid', 'swish', 'tanh', 'tanh', 'elu', 'swish', 'elu', 'elu']",f8f908f608f909f00800a0,195,Adam,MaxAbsoluteDeviation,0.718441367149353,0.9264240264892578,1.642150399973616
"[23, 23, 8, 23, 8, 23, 8, 8, 8, 8, 18]","['swish', 'tanh', 'swish', 'sigmoid', 'swish', 'tanh', 'tanh', 'elu', 'swish', 'elu', 'elu']",f8f908f608f909000800a0,195,Adam,MaxAbsoluteDeviation,0.718441367149353,1.2568626403808594,1.6344743999652565
"[23, 23, 8, 23, 8, 23, 8, 23, 8, 8, 18, 23]","['swish', 'tanh', 'swish', 'sigmoid', 'swish', 'tanh', 'tanh', 'elu', 'swish', 'elu', 'elu', 'swish']",f8f908f608f909f00800a0f8,195,Adam,MaxAbsoluteDeviation,1.075993537902832,0.9728294610977173,2.9567784999962896
"[23, 23, 8, 23, 8, 23, 8, 23, 8, 8, 18, 23]","['swish', 'tanh', 'swish', 'sigmoid', 'swish', 'tanh', 'tanh', 'elu', 'swish', 'elu', 'elu', 'swish']",f8f908f608f909f00800a0f8,700,Adam,MaxAbsoluteDeviation,0.5101087689399719,1.1406517028808594,3.777658300008625
"[8, 23, 8, 23, 8, 23, 8, 23, 8, 8, 18, 23]","['swish', 'tanh', 'swish', 'sigmoid', 'swish', 'tanh', 'tanh', 'elu', 'swish', 'elu', 'elu', 'swish']",08f908f608f909f00800a0f8,700,Adam,MaxAbsoluteDeviation,0.9331851005554199,1.581842303276062,3.817711399984546
"[8, 23, 8, 23, 8, 23, 8, 23, 8, 8, 18]","['swish', 'tanh', 'swish', 'sigmoid', 'swish', 'tanh', 'tanh', 'elu', 'swish', 'elu', 'elu']",08f908f608f909f00800a0,342,Adam,MaxAbsoluteDeviation,0.60428786277771,1.056631088256836,2.2080796998925507
"[8, 23, 8, 23, 8, 23, 8, 23, 8, 8]","['swish', 'tanh', 'swish', 'sigmoid', 'swish', 'tanh', 'tanh', 'elu', 'swish', 'elu']",08f908f608f909f00800,342,Adam,MaxAbsoluteDeviation,1.0863571166992188,1.7728670835494995,2.124732100055553
"[8, 23, 8, 23, 8, 23, 8, 23, 8, 8]","['swish', 'tanh', 'swish', 'sigmoid', 'swish', 'tanh', 'tanh', 'elu', 'swish', 'elu']",08f908f608f909f00800,284,Adam,MaxAbsoluteDeviation,0.6700703501701355,1.0824394226074219,1.8641433999873698
"[8, 23, 8, 23, 8, 23, 8, 23, 8, 8, 11]","['swish', 'tanh', 'swish', 'sigmoid', 'swish', 'tanh', 'tanh', 'elu', 'swish', 'elu', 'sigmoid']",08f908f608f909f0080036,284,Adam,MaxAbsoluteDeviation,0.6700703501701355,8.463234901428223,1.9810982000781223
"[8, 23, 8, 23, 8, 23, 8, 23, 8, 8, 8]","['swish', 'tanh', 'swish', 'sigmoid', 'swish', 'tanh', 'tanh', 'elu', 'swish', 'elu', 'sigmoid']",08f908f608f909f0080006,100,Adam,MaxAbsoluteDeviation,0.6700703501701355,12.747891426086426,1.3167593999532983
"[8, 23, 8, 23, 8, 23, 8, 23, 8, 8]","['swish', 'tanh', 'swish', 'sigmoid', 'swish', 'tanh', 'tanh', 'elu', 'swish', 'elu']",08f908f608f909f00800,284,Adam,MaxAbsoluteDeviation,0.6700703501701355,2.1372456550598145,1.9094916000030935
"[8, 23, 8, 23, 8, 23, 8, 23, 8, 8]","['swish', 'tanh', 'swish', 'sigmoid', 'sigmoid', 'tanh', 'tanh', 'elu', 'swish', 'elu']",08f908f606f909f00800,284,Adam,MaxAbsoluteDeviation,0.8756005167961121,1.497198224067688,1.8657797999912873
"[8, 23, 8, 23, 8, 23, 8, 23, 8, 8]","['swish', 'tanh', 'swish', 'sigmoid', 'sigmoid', 'tanh', 'tanh', 'elu', 'swish', 'elu']",08f908f606f909f00800,700,Adam,MaxAbsoluteDeviation,0.6218865513801575,0.8805274963378906,3.4117883999133483
"[8, 23, 8, 23, 8, 23, 8, 23, 8, 8]","['swish', 'tanh', 'swish', 'sigmoid', 'sigmoid', 'tanh', 'tanh', 'elu', 'swish', 'elu']",08f908f606f909f00800,700,Adam,MaxAbsoluteDeviation,0.5406314134597778,0.6523056030273438,3.4536719999741763
"[8, 23, 8, 23, 8, 23, 8, 23, 8, 8]","['swish', 'tanh', 'swish', 'sigmoid', 'sigmoid', 'swish', 'tanh', 'elu', 'swish', 'elu']",08f908f606f809f00800,700,Adam,MaxAbsoluteDeviation,0.5406314134597778,0.6829738616943359,3.4353725999826565
"[8, 23, 8, 23, 8, 23, 8, 23, 8, 8, 23]","['swish', 'tanh', 'swish', 'sigmoid', 'sigmoid', 'tanh', 'tanh', 'elu', 'swish', 'elu', 'elu']",08f908f606f909f00800f0,700,Adam,MaxAbsoluteDeviation,0.5406314134597778,1.5498216152191162,3.5914584000129253
"[8, 23, 8, 23, 8, 23, 8, 23, 23, 8]","['swish', 'tanh', 'swish', 'sigmoid', 'sigmoid', 'tanh', 'tanh', 'elu', 'swish', 'elu']",08f908f606f909f0f800,700,Adam,MaxAbsoluteDeviation,0.7871553897857666,0.6871905326843262,3.4554342000046745
"[8, 23, 8, 23, 8, 23, 8, 23, 23, 8]","['swish', 'tanh', 'swish', 'sigmoid', 'sigmoid', 'tanh', 'tanh', 'elu', 'swish', 'elu']",08f908f606f909f0f800,247,Adam,MaxAbsoluteDeviation,0.5625478625297546,0.7100315093994141,1.7183098000241444
"[8, 23, 8, 23, 8, 23, 8, 23, 23, 8]","['swish', 'tanh', 'swish', 'sigmoid', 'sigmoid', 'tanh', 'tanh', 'elu', 'swish', 'elu']",08f908f606f909f0f800,700,Adam,MaxAbsoluteDeviation,0.46712520718574524,0.8994770050048828,3.4397629000013694
"[8, 23, 8, 23, 8, 23, 8, 23, 23, 8, 21]","['swish', 'tanh', 'swish', 'sigmoid', 'sigmoid', 'tanh', 'tanh', 'elu', 'swish', 'elu', 'tanh']",08f908f606f909f0f800d9,700,Adam,MaxAbsoluteDeviation,0.46712520718574524,1.5075101852416992,3.5823037000373006
"[23, 23, 8, 23, 8, 23, 8, 23, 23, 8]","['swish', 'tanh', 'swish', 'sigmoid', 'sigmoid', 'tanh', 'tanh', 'elu', 'swish', 'elu']",f8f908f606f909f0f800,700,Adam,MaxAbsoluteDeviation,0.605470597743988,1.0399761199951172,3.4593902000924572
"[23, 23, 8, 23, 8, 23, 8, 23, 23, 8]","['swish', 'tanh', 'swish', 'sigmoid', 'sigmoid', 'tanh', 'tanh', 'elu', 'swish', 'swish']",f8f908f606f909f0f808,700,Adam,MaxAbsoluteDeviation,0.6661701798439026,0.3950512409210205,3.4467619999777526
"[23, 23, 8, 23, 8, 23, 8, 23, 23, 23]","['swish', 'tanh', 'swish', 'sigmoid', 'sigmoid', 'tanh', 'tanh', 'elu', 'swish', 'swish']",f8f908f606f909f0f8f8,700,Adam,MaxAbsoluteDeviation,1.1067813634872437,1.0748519897460938,4.6882073999149725
"[23, 23, 8, 23, 8, 23, 23, 23, 23, 23, 8]","['swish', 'tanh', 'swish', 'sigmoid', 'sigmoid', 'tanh', 'tanh', 'elu', 'swish', 'swish', 'swish']",f8f908f606f9f9f0f8f808,700,Adam,MaxAbsoluteDeviation,0.3218933045864105,0.2962489128112793,3.730103899957612
"[23, 23, 8, 23, 8, 23, 23, 23, 23, 23]","['swish', 'tanh', 'swish', 'sigmoid', 'sigmoid', 'tanh', 'tanh', 'elu', 'swish', 'swish']",f8f908f606f9f9f0f8f8,700,Adam,MaxAbsoluteDeviation,0.3218933045864105,0.9393119812011719,3.548080899985507
"[23, 23, 8, 23, 8, 23, 23, 23, 23, 23, 8]","['swish', 'tanh', 'swish', 'sigmoid', 'sigmoid', 'tanh', 'tanh', 'elu', 'swish', 'swish', 'swish']",f8f908f606f9f9f0f8f808,642,Adam,MaxAbsoluteDeviation,0.3218933045864105,0.6943035125732422,3.39985779998824
"[23, 23, 8, 23, 8, 23, 23, 23, 23, 23]","['swish', 'tanh', 'swish', 'sigmoid', 'sigmoid', 'tanh', 'tanh', 'elu', 'swish', 'swish']",f8f908f606f9f9f0f8f8,700,Adam,MaxAbsoluteDeviation,0.3218933045864105,1.7363166809082031,3.5168513000244275
"[23, 23, 8, 23, 8, 23, 23, 23, 23, 23, 8, 23]","['swish', 'tanh', 'swish', 'sigmoid', 'sigmoid', 'tanh', 'tanh', 'elu', 'swish', 'swish', 'swish', 'swish']",f8f908f606f9f9f0f8f808f8,700,Adam,MaxAbsoluteDeviation,0.3218933045864105,0.2714500427246094,3.8830873999977484
"[23, 23, 8, 23, 8, 23, 23, 23, 23, 23, 8, 16]","['swish', 'tanh', 'swish', 'sigmoid', 'sigmoid', 'tanh', 'tanh', 'elu', 'swish', 'swish', 'swish', 'tanh']",f8f908f606f9f9f0f8f80889,700,Adam,MaxAbsoluteDeviation,0.3218933045864105,8.542532920837402,3.8767296998994425
"[23, 23, 8, 23, 8, 23, 23, 23, 23, 23, 8]","['swish', 'tanh', 'swish', 'sigmoid', 'sigmoid', 'tanh', 'tanh', 'elu', 'swish', 'swish', 'swish']",f8f908f606f9f9f0f8f808,700,Adam,MaxAbsoluteDeviation,0.7882844805717468,0.5985479354858398,3.686096500023268
"[23, 23, 8, 23, 8, 23, 23, 23, 23, 23, 8]","['swish', 'tanh', 'swish', 'sigmoid', 'sigmoid', 'tanh', 'tanh', 'elu', 'swish', 'swish', 'swish']",f8f908f606f9f9f0f8f808,675,Adam,MaxAbsoluteDeviation,0.8526828289031982,1.4190092086791992,3.6055294000543654
"[23, 23, 8, 23, 8, 23, 23, 23, 23, 23, 8]","['swish', 'tanh', 'swish', 'sigmoid', 'sigmoid', 'tanh', 'tanh', 'elu', 'swish', 'swish', 'swish']",f8f908f606f9f9f0f8f808,700,Adam,MaxAbsoluteDeviation,0.8217340111732483,0.2810478210449219,3.6891772999661043
"[23, 23, 8, 23, 8, 23, 23, 23, 23, 23, 8, 23]","['swish', 'tanh', 'swish', 'sigmoid', 'sigmoid', 'tanh', 'tanh', 'elu', 'swish', 'swish', 'swish', 'sigmoid']",f8f908f606f9f9f0f8f808f6,700,Adam,MaxAbsoluteDeviation,0.8217340111732483,8.662054061889648,3.851804800098762
"[23, 23, 8, 23, 8, 23, 23, 23, 23, 23, 8, 21]","['swish', 'tanh', 'swish', 'sigmoid', 'sigmoid', 'tanh', 'tanh', 'elu', 'swish', 'swish', 'swish', 'sigmoid']",f8f908f606f9f9f0f8f808d6,700,Adam,MaxAbsoluteDeviation,0.8217340111732483,8.855550765991211,3.8153181000379845
"[23, 23, 8, 23, 8, 23, 23, 23, 23, 23]","['swish', 'tanh', 'swish', 'sigmoid', 'sigmoid', 'tanh', 'tanh', 'elu', 'swish', 'swish']",f8f908f606f9f9f0f8f8,700,Adam,MaxAbsoluteDeviation,0.5691133737564087,1.1889772415161133,3.526490499963984
"[23, 23, 8, 23, 8, 23, 23, 23, 23, 23]","['swish', 'tanh', 'swish', 'sigmoid', 'sigmoid', 'tanh', 'tanh', 'elu', 'swish', 'swish']",f8f908f606f9f9f0f8f8,110,Adam,MaxAbsoluteDeviation,0.5691133737564087,2.794550895690918,1.265053000068292
"[8, 23, 8, 23, 8, 23, 23, 23, 23, 23]","['swish', 'tanh', 'swish', 'sigmoid', 'sigmoid', 'elu', 'tanh', 'elu', 'swish', 'swish']",08f908f606f0f9f0f8f8,700,Adam,MaxAbsoluteDeviation,0.42122483253479004,0.41527438163757324,3.4668671999825165
"[8, 23, 8, 23, 8, 23, 23, 23, 23, 23]","['swish', 'tanh', 'swish', 'sigmoid', 'sigmoid', 'elu', 'tanh', 'elu', 'swish', 'swish']",08f908f606f0f9f0f8f8,265,Adam,MaxAbsoluteDeviation,0.7336253523826599,1.1858043670654297,1.806622299947776
"[8, 23, 8, 23, 8, 23, 23, 23, 23]","['swish', 'tanh', 'swish', 'sigmoid', 'sigmoid', 'elu', 'tanh', 'elu', 'swish']",08f908f606f0f9f0f8,265,Adam,MaxAbsoluteDeviation,1.2441928386688232,0.40391218662261963,1.703835199936293
"[8, 23, 8, 23, 8, 23, 8, 23, 23]","['swish', 'tanh', 'swish', 'sigmoid', 'sigmoid', 'elu', 'tanh', 'elu', 'swish']",08f908f606f009f0f8,700,Adam,MaxAbsoluteDeviation,0.7601965069770813,1.317815899848938,3.298573699896224
"[8, 23, 8, 23, 8, 23, 8, 23, 23]","['swish', 'tanh', 'swish', 'sigmoid', 'sigmoid', 'elu', 'tanh', 'elu', 'swish']",08f908f606f009f0f8,700,Adam,MaxAbsoluteDeviation,0.5578845739364624,0.7067803740501404,3.2493595998967066
"[8, 23, 8, 23, 8, 23, 8, 23, 23]","['swish', 'tanh', 'swish', 'sigmoid', 'sigmoid', 'elu', 'tanh', 'elu', 'swish']",08f908f606f009f0f8,700,Adam,MaxAbsoluteDeviation,0.7703231573104858,0.48720404505729675,3.337846399983391
"[8, 23, 8, 23, 8, 23, 8, 23, 23]","['swish', 'tanh', 'swish', 'sigmoid', 'sigmoid', 'elu', 'tanh', 'elu', 'swish']",08f908f606f009f0f8,700,Adam,MaxAbsoluteDeviation,0.7218973636627197,0.5548439025878906,3.3726474000141025
"[8, 23, 8, 23, 8, 23, 8, 23, 23, 23]","['swish', 'tanh', 'swish', 'sigmoid', 'sigmoid', 'elu', 'tanh', 'elu', 'swish', 'sigmoid']",08f908f606f009f0f8f6,700,Adam,MaxAbsoluteDeviation,0.7218973636627197,8.414057731628418,4.754702800069936
"[8, 23, 8, 23, 8, 23, 8, 23, 23, 10]","['swish', 'tanh', 'swish', 'sigmoid', 'sigmoid', 'elu', 'tanh', 'elu', 'swish', 'sigmoid']",08f908f606f009f0f826,700,Adam,MaxAbsoluteDeviation,0.7218973636627197,8.210423469543457,3.6108765000244603
"[8, 23, 8, 23, 8, 23, 8, 23]","['swish', 'tanh', 'swish', 'sigmoid', 'sigmoid', 'elu', 'tanh', 'elu']",08f908f606f009f0,498,Adam,MaxAbsoluteDeviation,0.8362500071525574,0.6211624145507812,2.45432520005852
"[8, 23, 8, 23, 8, 23, 8, 23]","['swish', 'tanh', 'swish', 'sigmoid', 'sigmoid', 'elu', 'tanh', 'elu']",08f908f606f009f0,192,Adam,MaxAbsoluteDeviation,0.8501379489898682,0.9199771881103516,1.37527570000384
"[8, 23, 8, 23, 8, 23, 8, 23]","['swish', 'tanh', 'swish', 'sigmoid', 'sigmoid', 'elu', 'tanh', 'elu']",08f908f606f009f0,700,Adam,MaxAbsoluteDeviation,0.6151454448699951,0.6163249015808105,3.2172157999593765
"[8, 23, 8, 23, 8, 23, 8, 23]","['swish', 'tanh', 'swish', 'sigmoid', 'sigmoid', 'elu', 'tanh', 'elu']",08f908f606f009f0,540,Adam,MaxAbsoluteDeviation,0.7818303108215332,0.9229717254638672,2.5893765999935567
"[8, 23, 8, 23, 8, 23, 8, 23]","['swish', 'tanh', 'swish', 'sigmoid', 'sigmoid', 'elu', 'tanh', 'elu']",08f908f606f009f0,700,Adam,MaxAbsoluteDeviation,0.7513534426689148,0.6265220642089844,3.1802249000174925
"[8, 23, 8, 23, 8, 23, 8, 23, 11]","['swish', 'tanh', 'swish', 'sigmoid', 'sigmoid', 'elu', 'tanh', 'elu', 'elu']",08f908f606f009f030,700,Adam,MaxAbsoluteDeviation,0.7513534426689148,1.1477365493774414,3.3089368999935687
"[8, 23, 8, 23, 8, 23, 8, 23, 21]","['swish', 'tanh', 'swish', 'sigmoid', 'sigmoid', 'elu', 'tanh', 'elu', 'elu']",08f908f606f009f0d0,700,Adam,MaxAbsoluteDeviation,0.7804397344589233,1.8296966552734375,3.3736147999297827
"[8, 23, 8, 23, 8, 23, 8, 23, 21]","['swish', 'tanh', 'swish', 'sigmoid', 'sigmoid', 'elu', 'tanh', 'elu', 'elu']",08f908f606f009f0d0,700,Adam,MaxAbsoluteDeviation,0.9111756682395935,0.6105880737304688,3.370070999953896
"[8, 23, 8, 23, 8, 23, 8, 23]","['swish', 'tanh', 'swish', 'sigmoid', 'sigmoid', 'elu', 'tanh', 'elu']",08f908f606f009f0,700,Adam,MaxAbsoluteDeviation,0.9385090470314026,0.5320349931716919,3.204387200064957
"[8, 23, 8, 23, 8, 23, 8, 23]","['swish', 'tanh', 'swish', 'sigmoid', 'sigmoid', 'elu', 'tanh', 'elu']",08f908f606f009f0,700,Adam,MaxAbsoluteDeviation,1.4449859857559204,0.5496416091918945,3.1549916000803933
"[8, 23, 8, 23, 8, 23, 8, 23]","['swish', 'tanh', 'tanh', 'sigmoid', 'sigmoid', 'elu', 'tanh', 'elu']",08f909f606f009f0,700,Adam,MaxAbsoluteDeviation,0.7765231132507324,0.8661022186279297,3.1286727000260726
"[8, 23, 8, 23, 8, 23, 8, 23]","['swish', 'tanh', 'tanh', 'sigmoid', 'sigmoid', 'elu', 'tanh', 'elu']",08f909f606f009f0,700,Adam,MaxAbsoluteDeviation,0.7765231132507324,1.5922106504440308,3.193196599953808
"[8, 23, 8, 23, 8, 23, 8, 23]","['swish', 'tanh', 'tanh', 'sigmoid', 'sigmoid', 'elu', 'tanh', 'elu']",08f909f606f009f0,700,Adam,MaxAbsoluteDeviation,0.7765231132507324,0.9708489775657654,3.1481809000251815
"[8, 23, 8, 23, 8, 23, 8, 23]","['swish', 'tanh', 'tanh', 'sigmoid', 'sigmoid', 'elu', 'tanh', 'elu']",08f909f606f009f0,354,Adam,MaxAbsoluteDeviation,1.2894036769866943,0.5601239204406738,1.896043499931693
"[8, 23, 8, 23, 8, 23, 8, 23]","['swish', 'tanh', 'tanh', 'sigmoid', 'sigmoid', 'elu', 'tanh', 'elu']",08f909f606f009f0,354,Adam,MaxAbsoluteDeviation,0.4916779398918152,0.5743460655212402,1.9056074999971315
"[8, 23, 8, 23, 8, 23, 8, 23]","['swish', 'tanh', 'tanh', 'sigmoid', 'sigmoid', 'elu', 'tanh', 'elu']",08f909f606f009f0,354,Adam,MaxAbsoluteDeviation,1.0044846534729004,0.6194905042648315,1.8972733999835327
"[8, 23, 8, 23, 8, 23, 8]","['swish', 'tanh', 'tanh', 'sigmoid', 'sigmoid', 'elu', 'tanh']",08f909f606f009,354,Adam,MaxAbsoluteDeviation,1.0044846534729004,8.422576904296875,1.7634750000433996
"[8, 23, 23, 23, 8, 23, 8, 23]","['swish', 'tanh', 'tanh', 'sigmoid', 'sigmoid', 'elu', 'tanh', 'elu']",08f9f9f606f009f0,354,Adam,MaxAbsoluteDeviation,0.9062951803207397,0.6200764179229736,1.9147571000503376
"[8, 23, 23, 23, 8, 23, 8, 23, 19, 9]","['swish', 'tanh', 'tanh', 'sigmoid', 'sigmoid', 'elu', 'tanh', 'elu', 'elu', 'swish']",08f9f9f606f009f0b018,354,Adam,MaxAbsoluteDeviation,0.653049647808075,0.6527395844459534,2.1207515000132844
"[8, 23, 23, 23, 8, 23, 8, 23, 19, 9]","['swish', 'tanh', 'tanh', 'sigmoid', 'sigmoid', 'elu', 'tanh', 'elu', 'elu', 'swish']",08f9f9f606f009f0b018,191,Adam,MaxAbsoluteDeviation,0.653049647808075,1.8614606857299805,1.5269916999386624
"[8, 23, 23, 23, 8, 23, 8, 23, 19, 9]","['swish', 'tanh', 'tanh', 'sigmoid', 'sigmoid', 'elu', 'tanh', 'elu', 'elu', 'swish']",08f9f9f606f009f0b018,354,Adam,MaxAbsoluteDeviation,0.5946758985519409,1.034315586090088,2.1198753999779
"[8, 23, 23, 23, 8, 23, 8, 23, 19, 9]","['swish', 'tanh', 'tanh', 'sigmoid', 'sigmoid', 'elu', 'tanh', 'elu', 'elu', 'swish']",08f9f9f606f009f0b018,700,Adam,MaxAbsoluteDeviation,0.5946758985519409,0.5590637922286987,3.4574505001073703
"[23, 23, 23, 23, 8, 23, 8, 23, 19, 9]","['swish', 'tanh', 'tanh', 'sigmoid', 'sigmoid', 'elu', 'tanh', 'elu', 'elu', 'swish']",f8f9f9f606f009f0b018,354,Adam,MaxAbsoluteDeviation,0.35383540391921997,1.7775098085403442,3.373559599975124
"[23, 23, 23, 23, 8, 23, 8, 23, 19, 9, 14]","['swish', 'tanh', 'tanh', 'sigmoid', 'sigmoid', 'elu', 'tanh', 'elu', 'elu', 'swish', 'elu']",f8f9f9f606f009f0b01860,700,Adam,MaxAbsoluteDeviation,0.35383540391921997,0.7105340361595154,3.6617356999777257
"[23, 23, 23, 23, 8, 23, 8, 23, 19, 9]","['swish', 'tanh', 'tanh', 'sigmoid', 'sigmoid', 'elu', 'tanh', 'elu', 'elu', 'swish']",f8f9f9f606f009f0b018,700,Adam,MaxAbsoluteDeviation,0.8277372717857361,0.6569423675537109,3.5412162999855354
"[8, 23, 23, 23, 8, 23, 8, 23, 19]","['swish', 'tanh', 'tanh', 'sigmoid', 'sigmoid', 'elu', 'tanh', 'elu', 'elu']",08f9f9f606f009f0b0,700,Adam,MaxAbsoluteDeviation,0.8277372717857361,1.0573787689208984,3.3335842000087723
"[23, 23, 8, 23, 8, 23, 8, 23, 19, 9]","['swish', 'tanh', 'tanh', 'sigmoid', 'sigmoid', 'elu', 'tanh', 'elu', 'elu', 'swish']",f8f909f606f009f0b018,700,Adam,MaxAbsoluteDeviation,0.8277372717857361,1.0766942501068115,3.509878100012429
"[23, 23, 23, 23, 8, 23, 8, 23, 19]","['swish', 'tanh', 'tanh', 'sigmoid', 'sigmoid', 'elu', 'tanh', 'elu', 'elu']",f8f9f9f606f009f0b0,700,Adam,MaxAbsoluteDeviation,0.6890944838523865,0.7446131706237793,3.3388582000043243
"[23, 23, 23, 23, 23, 23, 8, 23, 19]","['swish', 'tanh', 'tanh', 'sigmoid', 'sigmoid', 'elu', 'tanh', 'elu', 'elu']",f8f9f9f6f6f009f0b0,700,Adam,MaxAbsoluteDeviation,0.5775185227394104,1.6388684511184692,3.3535181999905035
"[23, 23, 23, 23, 23, 23, 8, 8, 19]","['swish', 'tanh', 'tanh', 'sigmoid', 'sigmoid', 'elu', 'tanh', 'elu', 'elu']",f8f9f9f6f6f00900b0,626,Adam,MaxAbsoluteDeviation,0.4397912621498108,0.8695068359375,3.015290300012566
"[23, 23, 23, 23, 23, 23, 8, 8, 19]","['swish', 'tanh', 'tanh', 'sigmoid', 'sigmoid', 'elu', 'tanh', 'elu', 'elu']",f8f9f9f6f6f00900b0,626,Adam,MaxAbsoluteDeviation,0.4397912621498108,2.50057315826416,3.0340170999988914
"[23, 23, 23, 23, 23, 23, 8, 8, 19]","['swish', 'tanh', 'tanh', 'sigmoid', 'sigmoid', 'elu', 'tanh', 'elu', 'elu']",f8f9f9f6f6f00900b0,700,Adam,MaxAbsoluteDeviation,0.8729490637779236,0.6114225387573242,3.3551927000517026
"[23, 23, 23, 23, 23, 23, 23, 8, 19]","['swish', 'tanh', 'tanh', 'sigmoid', 'sigmoid', 'elu', 'tanh', 'elu', 'elu']",f8f9f9f6f6f0f900b0,700,Adam,MaxAbsoluteDeviation,0.9706786870956421,1.1139297485351562,3.355417300015688
"[23, 23, 23, 23, 23, 23, 23, 8, 19]","['swish', 'tanh', 'tanh', 'tanh', 'sigmoid', 'elu', 'tanh', 'elu', 'elu']",f8f9f9f9f6f0f900b0,700,Adam,MaxAbsoluteDeviation,0.6905117630958557,0.7466068267822266,3.3143969000084326
"[23, 23, 23, 23, 23, 23, 23, 8]","['swish', 'tanh', 'tanh', 'tanh', 'sigmoid', 'elu', 'tanh', 'elu']",f8f9f9f9f6f0f900,700,Adam,MaxAbsoluteDeviation,1.386055588722229,1.201486587524414,3.1824269000208005
"[23, 23, 23, 23, 23, 23, 23]","['swish', 'tanh', 'tanh', 'tanh', 'sigmoid', 'elu', 'tanh']",f8f9f9f9f6f0f9,700,Adam,MaxAbsoluteDeviation,1.1975107192993164,1.0573549270629883,2.976126699941233
"[23, 23, 23, 23, 23, 23, 9]","['swish', 'tanh', 'tanh', 'tanh', 'sigmoid', 'elu', 'tanh']",f8f9f9f9f6f019,700,Adam,MaxAbsoluteDeviation,1.119377851486206,1.203770637512207,2.975073700072244
"[23, 23, 23, 23, 23, 23, 9]","['swish', 'tanh', 'tanh', 'tanh', 'sigmoid', 'elu', 'tanh']",f8f9f9f9f6f019,494,Adam,MaxAbsoluteDeviation,1.119377851486206,6.307868003845215,2.2296666000038385
"[23, 23, 23, 23, 23, 23]","['swish', 'tanh', 'tanh', 'tanh', 'tanh', 'elu']",f8f9f9f9f9f0,700,Adam,MaxAbsoluteDeviation,1.2090636491775513,0.85268235206604,2.8128345999866724
"[23, 23, 23, 23, 23, 23]","['swish', 'tanh', 'tanh', 'tanh', 'tanh', 'elu']",f8f9f9f9f9f0,700,Adam,MaxAbsoluteDeviation,0.9532663226127625,0.39310264587402344,2.8161416000220925
"[23, 23, 23, 23, 23, 23]","['swish', 'elu', 'tanh', 'tanh', 'tanh', 'elu']",f8f0f9f9f9f0,700,Adam,MaxAbsoluteDeviation,0.836162269115448,0.47435009479522705,2.8054149999516085
"[23, 23, 23, 23, 23, 23]","['swish', 'elu', 'tanh', 'tanh', 'tanh', 'elu']",f8f0f9f9f9f0,700,Adam,MaxAbsoluteDeviation,0.6310651898384094,0.5481364727020264,2.7967568999156356
"[23, 23, 23, 23, 23, 8, 16]","['swish', 'elu', 'tanh', 'tanh', 'tanh', 'elu', 'tanh']",f8f0f9f9f90089,700,Adam,MaxAbsoluteDeviation,0.6310651898384094,2.770620346069336,2.947535999934189
"[23, 23, 23, 23, 23, 23]","['swish', 'elu', 'tanh', 'tanh', 'tanh', 'elu']",f8f0f9f9f9f0,160,Adam,MaxAbsoluteDeviation,0.6310651898384094,1.8208036422729492,1.0546658999519423
"[23, 23, 23, 23, 23, 23, 15]","['swish', 'elu', 'tanh', 'tanh', 'tanh', 'elu', 'sigmoid']",f8f0f9f9f9f076,700,Adam,MaxAbsoluteDeviation,0.9780491590499878,1.3967267274856567,2.935141499969177
"[23, 23, 23, 23, 23, 23, 15]","['swish', 'elu', 'tanh', 'tanh', 'tanh', 'elu', 'sigmoid']",f8f0f9f9f9f076,473,Adam,MaxAbsoluteDeviation,0.9780491590499878,2.9441909790039062,2.1463765000225976
"[23, 23, 23, 23, 23, 23, 15]","['swish', 'elu', 'tanh', 'tanh', 'tanh', 'elu', 'sigmoid']",f8f0f9f9f9f076,700,Adam,MaxAbsoluteDeviation,0.9780491590499878,5.497117519378662,2.8887202000478283
"[23, 23, 23, 23, 23, 23, 15]","['swish', 'elu', 'tanh', 'tanh', 'tanh', 'elu', 'sigmoid']",f8f0f9f9f9f076,700,Adam,MaxAbsoluteDeviation,2.196239709854126,2.6654605865478516,4.225028400076553
"[23, 23, 23, 23, 23, 23, 15]","['swish', 'elu', 'tanh', 'tanh', 'tanh', 'elu', 'sigmoid']",f8f0f9f9f9f076,700,Adam,MaxAbsoluteDeviation,1.2118326425552368,1.73337984085083,2.9786449000239372
"[23, 23, 23, 23, 23, 23, 15]","['swish', 'elu', 'tanh', 'tanh', 'tanh', 'elu', 'sigmoid']",f8f0f9f9f9f076,700,Adam,MaxAbsoluteDeviation,1.2118326425552368,2.858332633972168,3.0176223000744358
"[23, 23, 23, 23, 23, 23, 15, 21]","['swish', 'elu', 'tanh', 'tanh', 'tanh', 'elu', 'sigmoid', 'elu']",f8f0f9f9f9f076d0,700,Adam,MaxAbsoluteDeviation,1.1619426012039185,1.4837146997451782,3.182671800022945
"[23, 23, 23, 23, 23, 23, 15, 21]","['swish', 'elu', 'tanh', 'tanh', 'tanh', 'elu', 'sigmoid', 'elu']",f8f0f9f9f9f076d0,700,Adam,MaxAbsoluteDeviation,1.1210392713546753,0.5597214698791504,3.1771129000699148
"[23, 23, 23, 23, 23, 23, 15, 23]","['swish', 'elu', 'tanh', 'tanh', 'tanh', 'elu', 'sigmoid', 'elu']",f8f0f9f9f9f076f0,700,Adam,MaxAbsoluteDeviation,1.5898394584655762,1.7436981201171875,3.139753900002688
"[23, 23, 23, 23, 23, 23, 15, 23]","['swish', 'elu', 'tanh', 'tanh', 'tanh', 'elu', 'sigmoid', 'elu']",f8f0f9f9f9f076f0,700,Adam,MaxAbsoluteDeviation,1.0700182914733887,1.4375839233398438,3.160364900017157
"[23, 23, 23, 23, 23, 23, 15, 23]","['swish', 'elu', 'tanh', 'tanh', 'tanh', 'elu', 'sigmoid', 'elu']",f8f0f9f9f9f076f0,700,Adam,MaxAbsoluteDeviation,1.0700182914733887,0.954775333404541,3.183835400035605
"[23, 23, 23, 23, 23, 8, 15, 23]","['swish', 'elu', 'tanh', 'tanh', 'tanh', 'elu', 'sigmoid', 'elu']",f8f0f9f9f90076f0,700,Adam,MaxAbsoluteDeviation,0.5914664268493652,0.8303787708282471,3.149780899984762
"[23, 23, 23, 23, 23, 8, 23, 23]","['swish', 'elu', 'tanh', 'tanh', 'tanh', 'elu', 'sigmoid', 'elu']",f8f0f9f9f900f6f0,699,Adam,MaxAbsoluteDeviation,1.0570478439331055,0.9045467376708984,3.152701699989848
"[23, 23, 23, 23, 23, 8, 23, 23]","['swish', 'elu', 'sigmoid', 'tanh', 'tanh', 'elu', 'sigmoid', 'elu']",f8f0f6f9f900f6f0,699,Adam,MaxAbsoluteDeviation,1.0535950660705566,1.5899038314819336,3.1426925999112427
"[23, 23, 23, 23, 23, 8, 23, 23]","['swish', 'elu', 'sigmoid', 'tanh', 'tanh', 'elu', 'sigmoid', 'elu']",f8f0f6f9f900f6f0,700,Adam,MaxAbsoluteDeviation,0.8815707564353943,1.1043148040771484,3.1963505999883637
"[23, 23, 23, 23, 23, 8, 23, 23]","['swish', 'elu', 'sigmoid', 'tanh', 'tanh', 'elu', 'sigmoid', 'elu']",f8f0f6f9f900f6f0,700,Adam,MaxAbsoluteDeviation,1.9656319618225098,1.1311445236206055,3.1466510000173002
"[23, 23, 23, 23, 23, 8, 23, 23]","['swish', 'elu', 'sigmoid', 'tanh', 'tanh', 'elu', 'sigmoid', 'elu']",f8f0f6f9f900f6f0,700,Adam,MaxAbsoluteDeviation,0.7486370205879211,0.599946141242981,3.154370400006883
"[23, 23, 23, 23, 8, 8, 23, 23]","['swish', 'elu', 'sigmoid', 'tanh', 'tanh', 'elu', 'sigmoid', 'elu']",f8f0f6f90900f6f0,700,Adam,MaxAbsoluteDeviation,0.9461898803710938,0.7447242736816406,3.090971300029196
"[23, 23, 23, 23, 8, 8, 23, 23]","['swish', 'elu', 'sigmoid', 'tanh', 'tanh', 'elu', 'sigmoid', 'elu']",f8f0f6f90900f6f0,700,Adam,MaxAbsoluteDeviation,1.14189875125885,0.6465244293212891,3.1239135999931023
"[23, 23, 23, 23, 8, 8, 23, 23]","['swish', 'elu', 'sigmoid', 'tanh', 'tanh', 'elu', 'sigmoid', 'tanh']",f8f0f6f90900f6f9,700,Adam,MaxAbsoluteDeviation,0.9335519671440125,0.8425440788269043,3.088546199956909
"[23, 23, 23, 23, 8, 8, 23, 23, 20]","['swish', 'elu', 'sigmoid', 'tanh', 'tanh', 'elu', 'sigmoid', 'tanh', 'sigmoid']",f8f0f6f90900f6f9c6,700,Adam,MaxAbsoluteDeviation,1.3587919473648071,1.0258387327194214,3.2280297999968752
"[23, 23, 23, 23, 8, 8, 23, 23, 20]","['swish', 'elu', 'sigmoid', 'tanh', 'tanh', 'elu', 'sigmoid', 'tanh', 'sigmoid']",f8f0f6f90900f6f9c6,507,Adam,MaxAbsoluteDeviation,1.3587919473648071,8.257030487060547,2.5347365000052378
"[23, 23, 23, 23, 8, 8, 23, 23, 20]","['swish', 'elu', 'sigmoid', 'tanh', 'tanh', 'elu', 'sigmoid', 'tanh', 'sigmoid']",f8f0f6f90900f6f9c6,151,Adam,MaxAbsoluteDeviation,1.3587919473648071,1.6502925157546997,1.2760705000255257
"[23, 23, 23, 23, 8, 8, 23, 23, 20]","['swish', 'elu', 'sigmoid', 'tanh', 'tanh', 'elu', 'sigmoid', 'tanh', 'sigmoid']",f8f0f6f90900f6f9c6,700,Adam,MaxAbsoluteDeviation,2.203444480895996,1.357599139213562,3.297788399970159
"[23, 23, 23, 23, 8, 8, 23, 23]","['swish', 'elu', 'tanh', 'tanh', 'tanh', 'elu', 'sigmoid', 'tanh']",f8f0f9f90900f6f9,700,Adam,MaxAbsoluteDeviation,1.5081162452697754,1.5006322860717773,3.1422365999314934
"[23, 23, 23, 23, 8, 8, 23, 23]","['swish', 'elu', 'tanh', 'tanh', 'tanh', 'elu', 'sigmoid', 'tanh']",f8f0f9f90900f6f9,700,Adam,MaxAbsoluteDeviation,0.744718074798584,1.063455581665039,3.153825099929236
"[23, 23, 23, 23, 8, 8, 23, 23]","['swish', 'elu', 'tanh', 'tanh', 'tanh', 'elu', 'elu', 'tanh']",f8f0f9f90900f0f9,700,Adam,MaxAbsoluteDeviation,0.744718074798584,0.721259593963623,3.154519599978812
"[23, 23, 23, 23, 8, 8, 23, 23]","['swish', 'elu', 'tanh', 'tanh', 'tanh', 'elu', 'sigmoid', 'tanh']",f8f0f9f90900f6f9,504,Adam,MaxAbsoluteDeviation,0.6720561981201172,0.6380352973937988,2.390178900095634
"[23, 23, 23, 23, 8, 8, 23, 23]","['swish', 'elu', 'tanh', 'tanh', 'tanh', 'sigmoid', 'sigmoid', 'tanh']",f8f0f9f90906f6f9,504,Adam,MaxAbsoluteDeviation,0.818297266960144,1.1037063598632812,3.708190899924375
"[23, 8, 23, 23, 8, 8, 23, 23]","['swish', 'elu', 'tanh', 'tanh', 'tanh', 'sigmoid', 'sigmoid', 'tanh']",f800f9f90906f6f9,504,Adam,MaxAbsoluteDeviation,0.6599773168563843,0.7583627104759216,2.4324494999600574
"[23, 8, 23, 23, 8, 8, 23, 23, 13]","['swish', 'elu', 'tanh', 'tanh', 'tanh', 'sigmoid', 'sigmoid', 'tanh', 'tanh']",f800f9f90906f6f959,504,Adam,MaxAbsoluteDeviation,0.6599773168563843,8.822872161865234,2.5949118999997154
"[23, 8, 23, 23, 8, 8, 23, 23]","['swish', 'elu', 'tanh', 'tanh', 'tanh', 'sigmoid', 'sigmoid', 'tanh']",f800f9f90906f6f9,504,Adam,MaxAbsoluteDeviation,0.6599773168563843,0.8960609436035156,2.4558943998999894
"[23, 8, 23, 23, 8, 8, 23]","['swish', 'elu', 'tanh', 'tanh', 'tanh', 'sigmoid', 'sigmoid']",f800f9f90906f6,504,Adam,MaxAbsoluteDeviation,0.5460803508758545,0.3476123809814453,2.293982299976051
"[23, 23, 23, 23, 8, 8, 23]","['swish', 'elu', 'tanh', 'tanh', 'tanh', 'sigmoid', 'sigmoid']",f8f0f9f90906f6,504,Adam,MaxAbsoluteDeviation,0.8127315640449524,0.9519557952880859,2.3037213999778032
"[23, 23, 23, 23, 8, 8]","['swish', 'elu', 'tanh', 'tanh', 'tanh', 'sigmoid']",f8f0f9f90906,504,Adam,MaxAbsoluteDeviation,0.8127315640449524,2.8152923583984375,2.1969915999798104
"[23, 23, 23, 23, 8, 8, 23]","['swish', 'elu', 'tanh', 'tanh', 'tanh', 'sigmoid', 'sigmoid']",f8f0f9f90906f6,504,Adam,MaxAbsoluteDeviation,1.540794014930725,1.1125736236572266,2.3019568999297917
"[23, 23, 23, 23, 8, 8, 23]","['swish', 'elu', 'tanh', 'tanh', 'tanh', 'sigmoid', 'sigmoid']",f8f0f9f90906f6,100,Adam,MaxAbsoluteDeviation,1.489454984664917,3.2760438919067383,0.9563974000047892
"[23, 23, 23, 23, 8, 8, 23]","['swish', 'elu', 'tanh', 'tanh', 'tanh', 'sigmoid', 'sigmoid']",f8f0f9f90906f6,700,Adam,MaxAbsoluteDeviation,1.0496087074279785,0.5992422103881836,2.999856899958104
"[23, 23, 23, 23, 8, 8, 23]","['swish', 'elu', 'elu', 'tanh', 'tanh', 'sigmoid', 'sigmoid']",f8f0f0f90906f6,700,Adam,MaxAbsoluteDeviation,1.3973383903503418,1.0547411441802979,3.0147573000285774
"[23, 23, 23, 23, 8, 8, 23]","['swish', 'elu', 'elu', 'tanh', 'tanh', 'sigmoid', 'sigmoid']",f8f0f0f90906f6,700,Adam,MaxAbsoluteDeviation,1.5157043933868408,1.1520905494689941,3.0287015000358224
"[8, 23, 23, 23, 8, 8, 23]","['swish', 'elu', 'elu', 'tanh', 'tanh', 'sigmoid', 'sigmoid']",08f0f0f90906f6,700,Adam,MaxAbsoluteDeviation,1.2526484727859497,0.7451114654541016,2.995857400004752
"[8, 23, 8, 23, 8, 8, 23]","['swish', 'elu', 'elu', 'tanh', 'tanh', 'sigmoid', 'sigmoid']",08f000f90906f6,700,Adam,MaxAbsoluteDeviation,1.2526484727859497,2.1341075897216797,2.973406800068915
"[8, 23, 23, 23, 8, 8, 23]","['swish', 'elu', 'elu', 'tanh', 'tanh', 'sigmoid', 'sigmoid']",08f0f0f90906f6,700,Adam,MaxAbsoluteDeviation,0.6828379034996033,0.7129077911376953,2.940134400036186
"[8, 23, 23, 23, 8, 8, 23]","['swish', 'elu', 'elu', 'tanh', 'tanh', 'sigmoid', 'sigmoid']",08f0f0f90906f6,700,Adam,MaxAbsoluteDeviation,0.5675817131996155,0.5507326126098633,2.9518973999656737
"[23, 23, 23, 23, 8, 8]","['swish', 'elu', 'elu', 'tanh', 'tanh', 'sigmoid']",f8f0f0f90906,700,Adam,MaxAbsoluteDeviation,0.5675817131996155,6.341915130615234,2.8144549999851733
"[8, 23, 8, 23, 8, 8, 23]","['swish', 'elu', 'elu', 'tanh', 'tanh', 'sigmoid', 'sigmoid']",08f000f90906f6,700,Adam,MaxAbsoluteDeviation,0.5885819792747498,0.28928375244140625,2.9322491999482736
"[8, 23, 8, 23, 8, 8, 23, 20]","['swish', 'elu', 'elu', 'tanh', 'tanh', 'sigmoid', 'sigmoid', 'sigmoid']",08f000f90906f6c6,700,Adam,MaxAbsoluteDeviation,0.6975601315498352,0.8152713775634766,3.102051099995151
"[8, 23, 8, 23, 8, 8, 23, 20]","['swish', 'elu', 'elu', 'tanh', 'tanh', 'sigmoid', 'sigmoid', 'sigmoid']",08f000f90906f6c6,700,Adam,MaxAbsoluteDeviation,0.5079613327980042,0.7073546051979065,3.0512965000234544
"[8, 23, 8, 23, 8, 8, 23, 8]","['swish', 'elu', 'elu', 'tanh', 'tanh', 'sigmoid', 'sigmoid', 'sigmoid']",08f000f90906f606,700,Adam,MaxAbsoluteDeviation,0.5079613327980042,1.428339958190918,3.0318131999811158
"[8, 23, 8, 23, 8, 8, 23]","['swish', 'elu', 'elu', 'tanh', 'tanh', 'sigmoid', 'sigmoid']",08f000f90906f6,700,Adam,MaxAbsoluteDeviation,0.5079613327980042,1.5360755920410156,2.878215300035663
"[23, 23, 8, 23, 8, 8, 23, 20]","['swish', 'elu', 'elu', 'tanh', 'tanh', 'sigmoid', 'sigmoid', 'sigmoid']",f8f000f90906f6c6,700,Adam,MaxAbsoluteDeviation,0.8793637752532959,0.9148867130279541,3.072827500058338
"[23, 23, 8, 23, 8, 8, 23, 20]","['swish', 'elu', 'elu', 'tanh', 'tanh', 'sigmoid', 'sigmoid', 'sigmoid']",f8f000f90906f6c6,700,Adam,MaxAbsoluteDeviation,0.5652968883514404,0.5849103927612305,3.0537015000591055
"[23, 23, 8, 23, 8, 8, 23, 20]","['swish', 'elu', 'elu', 'tanh', 'tanh', 'sigmoid', 'sigmoid', 'sigmoid']",f8f000f90906f6c6,700,Adam,MaxAbsoluteDeviation,0.5084379315376282,0.9501171112060547,3.0510852999286726
"[23, 23, 8, 23, 8, 8, 23, 20]","['swish', 'elu', 'elu', 'tanh', 'tanh', 'sigmoid', 'sigmoid', 'sigmoid']",f8f000f90906f6c6,700,Adam,MaxAbsoluteDeviation,0.5084379315376282,0.9367942810058594,3.0379688000539318
"[23, 23, 8, 23, 8, 8, 23, 20]","['swish', 'elu', 'elu', 'tanh', 'tanh', 'sigmoid', 'sigmoid', 'sigmoid']",f8f000f90906f6c6,700,Adam,MaxAbsoluteDeviation,0.7180342078208923,1.1219863891601562,3.0751528000691906
"[23, 23, 8, 23, 23, 8, 23, 20]","['swish', 'elu', 'elu', 'tanh', 'tanh', 'sigmoid', 'sigmoid', 'sigmoid']",f8f000f9f906f6c6,700,Adam,MaxAbsoluteDeviation,0.779781699180603,1.0266895294189453,4.472253800020553
"[23, 23, 8, 23, 23, 8, 23]","['swish', 'elu', 'elu', 'tanh', 'tanh', 'sigmoid', 'sigmoid']",f8f000f9f906f6,700,Adam,MaxAbsoluteDeviation,0.7807990312576294,0.9870710968971252,3.071345500065945
"[23, 23, 8, 23, 23, 8, 23]","['swish', 'elu', 'elu', 'tanh', 'tanh', 'sigmoid', 'sigmoid']",f8f000f9f906f6,700,Adam,MaxAbsoluteDeviation,0.7807990312576294,1.0261478424072266,3.033054900006391
"[23, 23, 8, 8, 23, 8, 23]","['swish', 'elu', 'elu', 'tanh', 'tanh', 'sigmoid', 'sigmoid']",f8f00009f906f6,700,Adam,MaxAbsoluteDeviation,0.628277063369751,1.068063735961914,3.0341810999670997
"[23, 23, 8, 8, 23, 8, 23]","['swish', 'elu', 'elu', 'tanh', 'tanh', 'sigmoid', 'sigmoid']",f8f00009f906f6,700,Adam,MaxAbsoluteDeviation,0.433475524187088,0.32113778591156006,3.0031376000260934
"[23, 23, 8, 8, 23, 8, 23]","['swish', 'elu', 'elu', 'tanh', 'tanh', 'sigmoid', 'sigmoid']",f8f00009f906f6,700,Adam,MaxAbsoluteDeviation,1.9065266847610474,1.7262001037597656,3.0445693000219762
"[23, 23, 8, 8, 23, 23, 23, 8]","['swish', 'elu', 'elu', 'tanh', 'tanh', 'sigmoid', 'sigmoid', 'tanh']",f8f00009f9f6f609,700,Adam,MaxAbsoluteDeviation,1.7109466791152954,1.7012624740600586,3.190088800038211
"[23, 23, 8, 8, 23, 8, 23, 8]","['swish', 'elu', 'elu', 'tanh', 'tanh', 'sigmoid', 'sigmoid', 'tanh']",f8f00009f906f609,700,Adam,MaxAbsoluteDeviation,1.7109466791152954,5.065542221069336,3.1225119999144226
"[23, 23, 8, 8, 23, 23, 23, 8]","['swish', 'elu', 'elu', 'elu', 'tanh', 'sigmoid', 'sigmoid', 'tanh']",f8f00000f9f6f609,684,Adam,MaxAbsoluteDeviation,0.8132269978523254,0.6709284782409668,3.0870949999662116
"[23, 23, 8, 8, 23, 23, 23]","['swish', 'elu', 'elu', 'elu', 'tanh', 'sigmoid', 'sigmoid']",f8f00000f9f6f6,684,Adam,MaxAbsoluteDeviation,0.3294577896595001,1.4050674438476562,2.9755732999183238
"[23, 23, 8, 8, 23, 23, 23]","['swish', 'elu', 'elu', 'elu', 'tanh', 'sigmoid', 'sigmoid']",f8f00000f9f6f6,700,Adam,MaxAbsoluteDeviation,0.4139728844165802,1.1823234558105469,3.022814399912022
"[23, 23, 8, 8, 23, 23, 23]","['swish', 'elu', 'elu', 'elu', 'tanh', 'sigmoid', 'sigmoid']",f8f00000f9f6f6,700,Adam,MaxAbsoluteDeviation,0.5429412722587585,0.5256977081298828,3.0260233000153676
"[23, 23, 8, 8, 23, 23, 23, 8]","['swish', 'elu', 'elu', 'elu', 'tanh', 'sigmoid', 'sigmoid', 'sigmoid']",f8f00000f9f6f606,700,Adam,MaxAbsoluteDeviation,0.8005763292312622,0.7205657958984375,3.1356275998987257
"[23, 23, 8, 8, 23, 23, 23, 8]","['swish', 'elu', 'elu', 'elu', 'tanh', 'sigmoid', 'tanh', 'sigmoid']",f8f00000f9f6f906,700,Adam,MaxAbsoluteDeviation,0.8005763292312622,1.3689165115356445,3.134191400022246
"[23, 23, 8, 8, 23, 23, 23]","['swish', 'elu', 'elu', 'elu', 'tanh', 'sigmoid', 'sigmoid']",f8f00000f9f6f6,512,Adam,MaxAbsoluteDeviation,0.5452054738998413,0.63201904296875,2.286866799928248
"[23, 23, 8, 8, 23, 23, 19]","['swish', 'elu', 'elu', 'elu', 'tanh', 'sigmoid', 'sigmoid']",f8f00000f9f6b6,512,Adam,MaxAbsoluteDeviation,0.6674349904060364,1.184847354888916,2.320639899931848
"[23, 23, 8, 8, 23, 23, 19]","['swish', 'elu', 'elu', 'elu', 'tanh', 'sigmoid', 'sigmoid']",f8f00000f9f6b6,700,Adam,MaxAbsoluteDeviation,0.6048458814620972,0.663909912109375,2.9598422000417486
"[23, 23, 8, 8, 23, 23, 19]","['swish', 'elu', 'sigmoid', 'elu', 'tanh', 'sigmoid', 'sigmoid']",f8f00600f9f6b6,700,Adam,MaxAbsoluteDeviation,0.3438108563423157,0.43341922760009766,2.9143157000653446
"[23, 23, 8, 8, 23, 23, 19]","['swish', 'elu', 'sigmoid', 'elu', 'tanh', 'sigmoid', 'sigmoid']",f8f00600f9f6b6,700,Adam,MaxAbsoluteDeviation,0.3386959731578827,0.5051975250244141,2.968426199979149
"[23, 23, 8, 8, 23, 23, 19]","['swish', 'elu', 'sigmoid', 'elu', 'tanh', 'sigmoid', 'sigmoid']",f8f00600f9f6b6,700,Adam,MaxAbsoluteDeviation,0.6451699137687683,0.27792835235595703,2.943143800017424
"[8, 23, 8, 8, 23, 23, 19]","['swish', 'elu', 'sigmoid', 'elu', 'tanh', 'sigmoid', 'sigmoid']",08f00600f9f6b6,700,Adam,MaxAbsoluteDeviation,0.5118610262870789,0.4442253112792969,2.9795492000412196
"[8, 23, 8, 8, 23, 23, 19]","['swish', 'elu', 'sigmoid', 'elu', 'tanh', 'sigmoid', 'sigmoid']",08f00600f9f6b6,700,Adam,MaxAbsoluteDeviation,0.33038726449012756,0.1969989538192749,2.8972822000505403
"[8, 23, 8, 8, 23, 23]","['swish', 'elu', 'sigmoid', 'elu', 'tanh', 'sigmoid']",08f00600f9f6,700,Adam,MaxAbsoluteDeviation,0.35609862208366394,0.42270398139953613,2.799970200052485
"[8, 23, 8, 8, 23, 23]","['swish', 'elu', 'sigmoid', 'elu', 'tanh', 'sigmoid']",08f00600f9f6,700,Adam,MaxAbsoluteDeviation,0.419764906167984,0.5138673782348633,2.7701925999717787
"[23, 23, 8, 8, 23, 23]","['swish', 'elu', 'sigmoid', 'elu', 'tanh', 'sigmoid']",f8f00600f9f6,700,Adam,MaxAbsoluteDeviation,0.269257128238678,0.6856575012207031,2.7470649000024423
"[23, 23, 8, 8, 23, 23]","['swish', 'elu', 'swish', 'elu', 'tanh', 'sigmoid']",f8f00800f9f6,571,Adam,MaxAbsoluteDeviation,0.6810036301612854,0.4522876739501953,2.368622999987565
"[23, 23, 8, 8, 23, 23, 12]","['swish', 'elu', 'swish', 'elu', 'tanh', 'sigmoid', 'tanh']",f8f00800f9f649,571,Adam,MaxAbsoluteDeviation,0.415325403213501,0.4989505112171173,2.4518937000539154
"[23, 23, 8, 8, 23, 23, 12]","['swish', 'elu', 'swish', 'elu', 'tanh', 'sigmoid', 'tanh']",f8f00800f9f649,430,Adam,MaxAbsoluteDeviation,1.2955145835876465,0.8263568878173828,3.331821799976751
"[23, 23, 8, 8, 23, 23, 12]","['swish', 'elu', 'swish', 'elu', 'tanh', 'sigmoid', 'tanh']",f8f00800f9f649,700,Adam,MaxAbsoluteDeviation,0.950481653213501,0.9897138476371765,3.0296489000320435
"[23, 23, 8, 8, 23, 23]","['swish', 'elu', 'swish', 'elu', 'tanh', 'sigmoid']",f8f00800f9f6,700,Adam,MaxAbsoluteDeviation,0.6021764278411865,0.48969268798828125,2.924419100047089
"[23, 23, 8, 8, 23, 23, 20]","['swish', 'elu', 'tanh', 'elu', 'tanh', 'sigmoid', 'sigmoid']",f8f00900f9f6c6,700,Adam,MaxAbsoluteDeviation,0.39503371715545654,0.6512956023216248,3.0284971999935806
"[23, 23, 8, 8, 23, 23, 20]","['swish', 'elu', 'tanh', 'elu', 'tanh', 'sigmoid', 'sigmoid']",f8f00900f9f6c6,700,Adam,MaxAbsoluteDeviation,0.39503371715545654,0.7742519378662109,3.0265104999998584
"[23, 23, 8, 8, 23, 23, 20, 9]","['swish', 'elu', 'tanh', 'elu', 'tanh', 'sigmoid', 'sigmoid', 'swish']",f8f00900f9f6c618,700,Adam,MaxAbsoluteDeviation,0.6954977512359619,0.5904273986816406,3.1963132999371737
"[23, 23, 8, 8, 23, 23, 20, 9]","['swish', 'elu', 'tanh', 'elu', 'tanh', 'sigmoid', 'sigmoid', 'swish']",f8f00900f9f6c618,502,Adam,MaxAbsoluteDeviation,1.0035213232040405,0.9828798174858093,2.418347399914637
"[23, 23, 8, 8, 23, 8, 20, 9]","['swish', 'elu', 'tanh', 'elu', 'tanh', 'sigmoid', 'sigmoid', 'swish']",f8f00900f906c618,280,Adam,MaxAbsoluteDeviation,1.4675482511520386,1.332361102104187,1.6484121999237686
"[23, 23, 8, 8, 23, 8, 20, 9]","['swish', 'elu', 'tanh', 'elu', 'elu', 'sigmoid', 'sigmoid', 'swish']",f8f00900f006c618,280,Adam,MaxAbsoluteDeviation,0.6978051066398621,0.6515867710113525,1.6736860000528395
"[23, 23, 8, 8, 23, 8, 20, 9]","['swish', 'elu', 'tanh', 'elu', 'elu', 'sigmoid', 'sigmoid', 'swish']",f8f00900f006c618,280,Adam,MaxAbsoluteDeviation,0.6503653526306152,0.4325145483016968,1.6530873000156134
"[23, 23, 8, 8, 23, 8, 20, 9]","['swish', 'elu', 'tanh', 'elu', 'elu', 'sigmoid', 'sigmoid', 'swish']",f8f00900f006c618,700,Adam,MaxAbsoluteDeviation,0.7357028126716614,0.4653759002685547,3.194484900101088
"[23, 23, 8, 8, 23, 8, 20, 9]","['swish', 'elu', 'tanh', 'elu', 'elu', 'sigmoid', 'sigmoid', 'swish']",f8f00900f006c618,700,Adam,MaxAbsoluteDeviation,0.899170994758606,1.085465431213379,3.17863550002221
"[23, 23, 8, 8, 23, 8, 20, 9, 18]","['swish', 'elu', 'tanh', 'elu', 'elu', 'sigmoid', 'sigmoid', 'swish', 'swish']",f8f00900f006c618a8,700,Adam,MaxAbsoluteDeviation,1.2267946004867554,1.0206201076507568,3.3429876000154763
"[23, 23, 8, 8, 23, 8, 20, 9, 18]","['swish', 'elu', 'tanh', 'elu', 'elu', 'sigmoid', 'sigmoid', 'swish', 'swish']",f8f00900f006c618a8,486,Adam,MaxAbsoluteDeviation,0.8713465929031372,0.5725593566894531,2.5093890000134706
"[23, 23, 8, 8, 23, 23, 20, 9, 18]","['swish', 'elu', 'tanh', 'elu', 'elu', 'sigmoid', 'sigmoid', 'swish', 'swish']",f8f00900f0f6c618a8,486,Adam,MaxAbsoluteDeviation,0.5436552166938782,0.5325489044189453,2.509627899969928
"[23, 23, 8, 8, 23, 23, 20, 9, 18, 22]","['swish', 'elu', 'tanh', 'elu', 'elu', 'sigmoid', 'sigmoid', 'swish', 'swish', 'sigmoid']",f8f00900f0f6c618a8e6,486,Adam,MaxAbsoluteDeviation,0.5436552166938782,0.9329919219017029,2.638708099955693
"[23, 23, 8, 8, 23, 23, 20, 9, 18]","['swish', 'elu', 'tanh', 'elu', 'elu', 'sigmoid', 'sigmoid', 'swish', 'swish']",f8f00900f0f6c618a8,486,Adam,MaxAbsoluteDeviation,0.5436552166938782,0.5241575241088867,2.4762231999775395
"[23, 23, 8, 8, 23, 23, 20, 9]","['swish', 'elu', 'tanh', 'elu', 'elu', 'sigmoid', 'sigmoid', 'swish']",f8f00900f0f6c618,486,Adam,MaxAbsoluteDeviation,0.3670267164707184,0.6379776000976562,2.3255871000001207
"[23, 23, 8, 8, 8, 23, 20, 9]","['swish', 'elu', 'tanh', 'elu', 'elu', 'sigmoid', 'sigmoid', 'swish']",f8f0090000f6c618,486,Adam,MaxAbsoluteDeviation,0.5202043056488037,0.5228557586669922,2.337630199966952
"[23, 23, 8, 8, 8, 23, 20, 9]","['swish', 'elu', 'tanh', 'elu', 'elu', 'sigmoid', 'sigmoid', 'swish']",f8f0090000f6c618,217,Adam,MaxAbsoluteDeviation,1.0024162530899048,0.4969005584716797,1.4312660000286996
"[23, 23, 8, 8, 8, 23, 20, 9]","['swish', 'elu', 'tanh', 'elu', 'elu', 'sigmoid', 'sigmoid', 'swish']",f8f0090000f6c618,196,Adam,MaxAbsoluteDeviation,0.7996061444282532,0.5983552932739258,1.3677747000474483
"[23, 23, 8, 8, 8, 23, 23, 9]","['swish', 'elu', 'tanh', 'elu', 'elu', 'sigmoid', 'sigmoid', 'swish']",f8f0090000f6f618,196,Adam,MaxAbsoluteDeviation,0.7996061444282532,0.8259836435317993,1.3520689000142738
"[23, 23, 8, 8, 8, 23, 20, 9]","['swish', 'elu', 'tanh', 'elu', 'elu', 'sigmoid', 'sigmoid', 'swish']",f8f0090000f6c618,196,Adam,MaxAbsoluteDeviation,0.7996061444282532,0.910003662109375,1.345876400009729
"[23, 23, 8, 8, 8, 23, 20, 9]","['swish', 'elu', 'tanh', 'elu', 'elu', 'sigmoid', 'sigmoid', 'swish']",f8f0090000f6c618,196,Adam,MaxAbsoluteDeviation,0.6718717217445374,0.8098850250244141,1.3560115000000224
"[8, 23, 8, 8, 8, 23, 20, 9]","['swish', 'elu', 'tanh', 'elu', 'elu', 'sigmoid', 'sigmoid', 'swish']",08f0090000f6c618,196,Adam,MaxAbsoluteDeviation,1.4865351915359497,0.9959812164306641,1.3547377999639139
"[8, 23, 8, 8, 8, 23, 23, 9]","['swish', 'elu', 'tanh', 'elu', 'elu', 'sigmoid', 'sigmoid', 'swish']",08f0090000f6f618,196,Adam,MaxAbsoluteDeviation,1.3191760778427124,0.9994964599609375,2.654861700022593
"[23, 23, 8, 8, 8, 23, 23, 9]","['swish', 'elu', 'tanh', 'elu', 'elu', 'sigmoid', 'sigmoid', 'swish']",f8f0090000f6f618,196,Adam,MaxAbsoluteDeviation,0.7324092388153076,1.6007013320922852,1.3709896999644116
"[23, 23, 8, 8, 8, 23, 23, 9]","['swish', 'elu', 'tanh', 'elu', 'elu', 'sigmoid', 'sigmoid', 'swish']",f8f0090000f6f618,100,Adam,MaxAbsoluteDeviation,0.4806293547153473,0.4082145690917969,1.0564189000288025
"[23, 23, 8, 8, 8, 23, 23, 9, 23]","['swish', 'elu', 'tanh', 'elu', 'elu', 'sigmoid', 'sigmoid', 'swish', 'sigmoid']",f8f0090000f6f618f6,100,Adam,MaxAbsoluteDeviation,0.4806293547153473,8.594460487365723,1.1345735000213608
"[23, 23, 8, 8, 8, 23, 23, 9, 15]","['swish', 'elu', 'tanh', 'elu', 'elu', 'sigmoid', 'sigmoid', 'swish', 'elu']",f8f0090000f6f61870,100,Adam,MaxAbsoluteDeviation,0.4806293547153473,1.644606590270996,1.1345526999793947
"[8, 23, 8, 8, 8, 23, 23, 9]","['swish', 'elu', 'tanh', 'elu', 'elu', 'sigmoid', 'sigmoid', 'swish']",08f0090000f6f618,100,Adam,MaxAbsoluteDeviation,0.4806293547153473,4.350537300109863,1.054724600049667
"[23, 23, 8, 8, 8, 8, 23, 9, 15]","['swish', 'elu', 'tanh', 'elu', 'elu', 'sigmoid', 'sigmoid', 'swish', 'sigmoid']",f8f009000006f61876,100,Adam,MaxAbsoluteDeviation,0.4806293547153473,7.902077674865723,1.1338687000097707
"[23, 23, 8, 8, 8, 23, 23, 9, 11]","['swish', 'elu', 'tanh', 'elu', 'elu', 'sigmoid', 'sigmoid', 'swish', 'swish']",f8f0090000f6f61838,100,Adam,MaxAbsoluteDeviation,0.4067860543727875,1.2449665069580078,1.167007999960333
"[23, 23, 8, 8, 8, 23, 23, 9, 11]","['swish', 'elu', 'tanh', 'elu', 'elu', 'sigmoid', 'sigmoid', 'swish', 'swish']",f8f0090000f6f61838,700,Adam,MaxAbsoluteDeviation,0.25034019351005554,0.7124080657958984,3.3589167000027373
"[23, 23, 8, 8, 8, 23, 8, 9, 11]","['swish', 'elu', 'tanh', 'elu', 'elu', 'sigmoid', 'sigmoid', 'swish', 'swish']",f8f0090000f6061838,700,Adam,MaxAbsoluteDeviation,1.0836167335510254,0.8371590971946716,3.3749350999714807
"[23, 23, 8, 8, 8, 23, 8, 9, 11, 16]","['swish', 'elu', 'tanh', 'elu', 'elu', 'sigmoid', 'sigmoid', 'swish', 'swish', 'sigmoid']",f8f0090000f606183886,700,Adam,MaxAbsoluteDeviation,1.0836167335510254,8.49167251586914,3.5013808999210596
"[23, 23, 8, 8, 8, 23, 8, 9, 11, 17]","['swish', 'elu', 'tanh', 'elu', 'elu', 'sigmoid', 'sigmoid', 'swish', 'swish', 'tanh']",f8f0090000f606183899,700,Adam,MaxAbsoluteDeviation,1.0836167335510254,1.2601318359375,3.4437539000064135
"[23, 23, 8, 8, 8, 23, 8, 9]","['swish', 'elu', 'tanh', 'elu', 'elu', 'sigmoid', 'sigmoid', 'swish']",f8f0090000f60618,700,Adam,MaxAbsoluteDeviation,0.20144151151180267,0.5497360229492188,3.153305600048043
"[23, 23, 8, 8, 8, 23, 8, 9]","['swish', 'elu', 'tanh', 'elu', 'elu', 'sigmoid', 'sigmoid', 'swish']",f8f0090000f60618,700,Adam,MaxAbsoluteDeviation,0.44135239720344543,0.6381340026855469,3.1940127999987453
"[23, 23, 8, 8, 8, 23, 8, 11]","['swish', 'elu', 'tanh', 'elu', 'elu', 'sigmoid', 'sigmoid', 'sigmoid']",f8f0090000f60636,700,Adam,MaxAbsoluteDeviation,0.2688639163970947,0.3831195831298828,3.154417200013995
"[23, 23, 8, 8, 23, 23, 8]","['swish', 'elu', 'tanh', 'elu', 'elu', 'sigmoid', 'sigmoid']",f8f00900f0f606,700,Adam,MaxAbsoluteDeviation,0.2688639163970947,0.6296366453170776,3.014040100038983
"[23, 23, 8, 8, 8, 23, 8, 11]","['swish', 'elu', 'tanh', 'elu', 'elu', 'sigmoid', 'sigmoid', 'sigmoid']",f8f0090000f60636,700,Adam,MaxAbsoluteDeviation,0.46564704179763794,0.5470294952392578,3.144232299993746
"[23, 23, 8, 8, 8, 23, 8, 11]","['swish', 'elu', 'tanh', 'elu', 'elu', 'sigmoid', 'sigmoid', 'sigmoid']",f8f0090000f60636,700,Adam,MaxAbsoluteDeviation,0.5129753947257996,0.9096154570579529,3.0915280000772327
"[23, 23, 8, 8, 8, 23, 8, 11, 17, 22]","['swish', 'elu', 'tanh', 'elu', 'elu', 'sigmoid', 'sigmoid', 'sigmoid', 'sigmoid', 'tanh']",f8f0090000f6063696e9,700,Adam,MaxAbsoluteDeviation,0.5129753947257996,0.6373087167739868,3.4049496001098305
"[23, 23, 8, 8, 8, 23, 8, 11]","['swish', 'elu', 'tanh', 'elu', 'elu', 'sigmoid', 'sigmoid', 'sigmoid']",f8f0090000f60636,700,Adam,MaxAbsoluteDeviation,0.5970569849014282,0.8750991821289062,3.1408744999207556
"[23, 23, 8, 8, 8, 23, 8, 11, 14]","['swish', 'elu', 'tanh', 'elu', 'elu', 'sigmoid', 'sigmoid', 'sigmoid', 'sigmoid']",f8f0090000f6063666,700,Adam,MaxAbsoluteDeviation,0.5686855316162109,0.6778945922851562,3.278682400006801
"[23, 23, 8, 8, 8, 8, 8, 11, 14]","['swish', 'elu', 'tanh', 'elu', 'elu', 'sigmoid', 'sigmoid', 'sigmoid', 'sigmoid']",f8f009000006063666,700,Adam,MaxAbsoluteDeviation,0.3625665307044983,0.5744876861572266,3.272852999973111
"[23, 23, 8, 8, 8, 8, 8, 11, 14]","['swish', 'elu', 'tanh', 'elu', 'elu', 'sigmoid', 'sigmoid', 'sigmoid', 'sigmoid']",f8f009000006063666,700,Adam,MaxAbsoluteDeviation,0.379116415977478,0.5168218612670898,3.2411865999456495
"[23, 23, 8, 8, 8, 8, 8, 11, 14]","['swish', 'elu', 'tanh', 'elu', 'elu', 'sigmoid', 'sigmoid', 'sigmoid', 'sigmoid']",f8f009000006063666,700,Adam,MaxAbsoluteDeviation,0.727336585521698,0.9530429840087891,3.2724570999853313
"[23, 23, 8, 8, 8, 8, 8, 11, 14]","['swish', 'elu', 'tanh', 'elu', 'elu', 'sigmoid', 'sigmoid', 'sigmoid', 'sigmoid']",f8f009000006063666,700,Adam,MaxAbsoluteDeviation,0.727336585521698,8.235329627990723,4.582695299992338
"[23, 23, 8, 8, 8, 23, 8, 11, 14]","['swish', 'elu', 'tanh', 'elu', 'elu', 'sigmoid', 'sigmoid', 'sigmoid', 'sigmoid']",f8f0090000f6063666,700,Adam,MaxAbsoluteDeviation,0.4001569449901581,1.471014142036438,3.36343999998644
"[23, 23, 8, 8, 8, 23, 8, 11, 14]","['swish', 'elu', 'tanh', 'elu', 'elu', 'sigmoid', 'sigmoid', 'sigmoid', 'sigmoid']",f8f0090000f6063666,700,Adam,MaxAbsoluteDeviation,0.4001569449901581,8.512893676757812,3.354070600005798
"[23, 23, 8, 8, 8, 23, 8, 23, 14]","['swish', 'elu', 'tanh', 'elu', 'elu', 'sigmoid', 'sigmoid', 'sigmoid', 'sigmoid']",f8f0090000f606f666,700,Adam,MaxAbsoluteDeviation,0.7270364165306091,0.9565982818603516,3.2784426999278367
"[23, 23, 8, 8, 8, 23, 8, 23, 14, 15]","['swish', 'elu', 'tanh', 'elu', 'elu', 'sigmoid', 'sigmoid', 'sigmoid', 'sigmoid', 'tanh']",f8f0090000f606f66679,700,Adam,MaxAbsoluteDeviation,0.7270364165306091,8.24685287475586,3.4606283999746665
"[23, 23, 8, 8, 8, 23, 8, 23, 14, 17]","['swish', 'elu', 'tanh', 'elu', 'elu', 'sigmoid', 'sigmoid', 'sigmoid', 'sigmoid', 'swish']",f8f0090000f606f66698,700,Adam,MaxAbsoluteDeviation,0.6755961775779724,0.46912384033203125,3.50803119991906
"[23, 23, 8, 8, 8, 23, 8, 23, 14, 17]","['swish', 'elu', 'tanh', 'elu', 'elu', 'sigmoid', 'sigmoid', 'sigmoid', 'sigmoid', 'swish']",f8f0090000f606f66698,245,Adam,MaxAbsoluteDeviation,0.9688673615455627,1.5019407272338867,1.7324452999746427
"[23, 23, 8, 8, 8, 23, 8, 23, 14, 17]","['swish', 'elu', 'tanh', 'elu', 'swish', 'sigmoid', 'sigmoid', 'sigmoid', 'sigmoid', 'swish']",f8f0090008f606f66698,700,Adam,MaxAbsoluteDeviation,1.0323837995529175,0.9892739653587341,3.501719000050798
"[23, 23, 8, 8, 8, 23, 8, 23, 14, 17]","['swish', 'elu', 'tanh', 'elu', 'swish', 'sigmoid', 'sigmoid', 'sigmoid', 'sigmoid', 'swish']",f8f0090008f606f66698,700,Adam,MaxAbsoluteDeviation,0.3939134180545807,1.309809684753418,3.4972393999341875
"[23, 23, 8, 8, 8, 23, 8, 23, 14, 17, 20]","['swish', 'elu', 'tanh', 'elu', 'swish', 'sigmoid', 'sigmoid', 'sigmoid', 'sigmoid', 'swish', 'sigmoid']",f8f0090008f606f66698c6,700,Adam,MaxAbsoluteDeviation,0.3939134180545807,8.604195594787598,3.649040099931881
"[23, 23, 8, 8, 8, 23, 8, 23, 14]","['swish', 'elu', 'tanh', 'elu', 'swish', 'sigmoid', 'sigmoid', 'sigmoid', 'sigmoid']",f8f0090008f606f666,700,Adam,MaxAbsoluteDeviation,0.7140361666679382,0.7113189697265625,3.33194609999191
"[23, 23, 8, 8, 8, 23, 8, 23, 14]","['swish', 'elu', 'tanh', 'elu', 'swish', 'sigmoid', 'sigmoid', 'sigmoid', 'sigmoid']",f8f0090008f606f666,700,Adam,MaxAbsoluteDeviation,0.7140361666679382,8.152120590209961,3.304463000036776
"[23, 23, 8, 8, 8, 23, 8, 23]","['swish', 'elu', 'tanh', 'elu', 'swish', 'sigmoid', 'sigmoid', 'sigmoid']",f8f0090008f606f6,700,Adam,MaxAbsoluteDeviation,0.7140361666679382,0.6006393432617188,3.106003599939868
"[23, 23, 8, 8, 8, 8, 8, 23]","['swish', 'elu', 'tanh', 'elu', 'swish', 'sigmoid', 'sigmoid', 'sigmoid']",f8f00900080606f6,265,Adam,MaxAbsoluteDeviation,0.7019311785697937,0.5778428316116333,1.6046239000279456
"[23, 23, 8, 8, 8, 8, 8, 23, 19, 15]","['swish', 'elu', 'tanh', 'elu', 'swish', 'sigmoid', 'sigmoid', 'sigmoid', 'tanh', 'tanh']",f8f00900080606f6b979,265,Adam,MaxAbsoluteDeviation,0.7019311785697937,3.3484106063842773,1.7915807999670506
"[23, 23, 8, 8, 8, 23, 8, 23, 9]","['swish', 'elu', 'tanh', 'elu', 'swish', 'sigmoid', 'sigmoid', 'sigmoid', 'elu']",f8f0090008f606f610,265,Adam,MaxAbsoluteDeviation,0.7019311785697937,8.661368370056152,1.6776030000764877
"[23, 23, 8, 8, 8, 8, 8, 23, 16]","['swish', 'elu', 'tanh', 'elu', 'swish', 'sigmoid', 'sigmoid', 'sigmoid', 'tanh']",f8f00900080606f689,265,Adam,MaxAbsoluteDeviation,0.7019311785697937,8.375192642211914,1.6592993000522256
"[23, 23, 8, 8, 8, 8, 8, 23]","['swish', 'elu', 'tanh', 'elu', 'swish', 'sigmoid', 'sigmoid', 'sigmoid']",f8f00900080606f6,194,Adam,MaxAbsoluteDeviation,1.378930926322937,1.4054155349731445,1.3506246000761166
"[23, 23, 8, 8, 8, 8, 8, 23, 16]","['swish', 'elu', 'tanh', 'elu', 'swish', 'sigmoid', 'sigmoid', 'sigmoid', 'swish']",f8f00900080606f688,194,Adam,MaxAbsoluteDeviation,0.8939788937568665,0.6446266174316406,1.4596684999996796
"[23, 23, 8, 8, 8, 8, 8, 23, 16]","['swish', 'elu', 'tanh', 'elu', 'swish', 'sigmoid', 'sigmoid', 'sigmoid', 'swish']",f8f00900080606f688,700,Adam,MaxAbsoluteDeviation,0.7574468851089478,0.49819791316986084,3.294263199903071
"[23, 23, 8, 8, 8, 8, 8, 23, 16]","['swish', 'elu', 'tanh', 'elu', 'swish', 'sigmoid', 'sigmoid', 'sigmoid', 'swish']",f8f00900080606f688,700,Adam,MaxAbsoluteDeviation,0.47520530223846436,0.7110986113548279,3.2576809000456706
"[23, 23, 8, 8, 8, 8, 8, 23, 16, 10]","['swish', 'elu', 'tanh', 'elu', 'swish', 'sigmoid', 'sigmoid', 'sigmoid', 'swish', 'tanh']",f8f00900080606f68829,700,Adam,MaxAbsoluteDeviation,0.47520530223846436,8.150142669677734,3.4804657000349835
"[23, 23, 8, 8, 8, 8, 8, 23]","['swish', 'elu', 'tanh', 'elu', 'swish', 'sigmoid', 'sigmoid', 'sigmoid']",f8f00900080606f6,700,Adam,MaxAbsoluteDeviation,0.6815664768218994,0.5320408344268799,3.1573703000321984
"[23, 23, 8, 8, 8, 8, 8, 23]","['swish', 'elu', 'tanh', 'elu', 'swish', 'sigmoid', 'sigmoid', 'sigmoid']",f8f00900080606f6,700,Adam,MaxAbsoluteDeviation,0.4700852930545807,0.4495964050292969,4.495152199990116
"[23, 23, 23, 8, 8, 8, 8, 23, 19]","['swish', 'elu', 'tanh', 'elu', 'swish', 'sigmoid', 'sigmoid', 'sigmoid', 'tanh']",f8f0f900080606f6b9,700,Adam,MaxAbsoluteDeviation,0.31281378865242004,0.6674137115478516,3.343078500009142
"[23, 23, 23, 8, 8, 8, 8, 23, 19, 17, 19]","['swish', 'elu', 'tanh', 'elu', 'swish', 'sigmoid', 'sigmoid', 'sigmoid', 'tanh', 'tanh', 'tanh']",f8f0f900080606f6b999b9,700,Adam,MaxAbsoluteDeviation,0.31281378865242004,8.756330490112305,3.668641500058584
"[23, 23, 23, 8, 8, 8, 8, 23, 19]","['swish', 'elu', 'tanh', 'elu', 'swish', 'sigmoid', 'sigmoid', 'sigmoid', 'tanh']",f8f0f900080606f6b9,700,Adam,MaxAbsoluteDeviation,0.31281378865242004,1.5929536819458008,3.3516872000182047
"[23, 23, 23, 23, 8, 8, 8, 23, 19]","['swish', 'elu', 'tanh', 'elu', 'tanh', 'sigmoid', 'sigmoid', 'sigmoid', 'tanh']",f8f0f9f0090606f6b9,700,Adam,MaxAbsoluteDeviation,0.31281378865242004,8.793482780456543,3.3374384000198916
"[23, 23, 23, 8, 8, 8, 8, 23, 19]","['swish', 'elu', 'tanh', 'elu', 'swish', 'sigmoid', 'sigmoid', 'swish', 'tanh']",f8f0f900080606f8b9,700,Adam,MaxAbsoluteDeviation,0.31281378865242004,0.9784936308860779,3.404961199965328
"[23, 23, 23, 8, 8, 8, 8, 23]","['swish', 'elu', 'tanh', 'elu', 'swish', 'sigmoid', 'sigmoid', 'sigmoid']",f8f0f900080606f6,700,Adam,MaxAbsoluteDeviation,0.31281378865242004,2.299893379211426,3.1591232999926433
"[23, 23, 23, 8, 8, 8, 8, 23, 19]","['swish', 'elu', 'tanh', 'elu', 'swish', 'sigmoid', 'sigmoid', 'sigmoid', 'tanh']",f8f0f900080606f6b9,700,Adam,MaxAbsoluteDeviation,0.31281378865242004,8.361882209777832,3.3200655999826267
"[8, 23, 23, 8, 8, 8, 8, 23, 19]","['swish', 'elu', 'tanh', 'elu', 'swish', 'sigmoid', 'sigmoid', 'sigmoid', 'tanh']",08f0f900080606f6b9,700,Adam,MaxAbsoluteDeviation,0.31281378865242004,8.428810119628906,3.347190500004217
"[23, 23, 23, 8, 8, 8, 8, 23, 19]","['swish', 'elu', 'tanh', 'elu', 'swish', 'sigmoid', 'sigmoid', 'sigmoid', 'tanh']",f8f0f900080606f6b9,700,Adam,MaxAbsoluteDeviation,0.9121091961860657,0.9916057586669922,3.3864828000077978
"[23, 23, 23, 8, 8, 8, 8, 23, 19]","['swish', 'elu', 'tanh', 'elu', 'swish', 'sigmoid', 'sigmoid', 'sigmoid', 'tanh']",f8f0f900080606f6b9,653,Adam,MaxAbsoluteDeviation,0.663027822971344,1.111175537109375,3.108992599998601
"[23, 23, 8, 8, 8, 8, 8, 23, 19]","['swish', 'elu', 'tanh', 'elu', 'swish', 'sigmoid', 'sigmoid', 'sigmoid', 'tanh']",f8f00900080606f6b9,653,Adam,MaxAbsoluteDeviation,0.5115635395050049,0.6056709289550781,3.1321745000313967
"[23, 23, 8, 8, 8, 8, 8, 23, 19]","['swish', 'elu', 'tanh', 'elu', 'swish', 'sigmoid', 'sigmoid', 'sigmoid', 'tanh']",f8f00900080606f6b9,700,Adam,MaxAbsoluteDeviation,0.5115635395050049,1.3828020095825195,3.310414099949412
"[23, 23, 8, 8, 8, 8, 8, 23]","['swish', 'elu', 'tanh', 'elu', 'swish', 'sigmoid', 'sigmoid', 'sigmoid']",f8f00900080606f6,653,Adam,MaxAbsoluteDeviation,0.5115635395050049,0.8907089233398438,2.950714199920185
"[23, 23, 8, 8, 8, 8, 8, 23, 19]","['swish', 'elu', 'tanh', 'elu', 'swish', 'sigmoid', 'sigmoid', 'sigmoid', 'tanh']",f8f00900080606f6b9,653,Adam,MaxAbsoluteDeviation,0.5115635395050049,0.6617012023925781,3.112568899989128
"[23, 23, 8, 8, 8, 8, 8, 23, 19]","['swish', 'elu', 'tanh', 'elu', 'swish', 'sigmoid', 'sigmoid', 'sigmoid', 'tanh']",f8f00900080606f6b9,408,Adam,MaxAbsoluteDeviation,0.5115635395050049,0.5150488615036011,2.2643135000253096
"[23, 23, 8, 8, 8, 8, 8, 23, 19]","['swish', 'elu', 'tanh', 'elu', 'swish', 'sigmoid', 'sigmoid', 'sigmoid', 'tanh']",f8f00900080606f6b9,653,Adam,MaxAbsoluteDeviation,0.4547237455844879,0.6534071564674377,3.045803099987097
"[23, 23, 8, 8, 8, 8, 8, 23, 19, 16]","['swish', 'elu', 'tanh', 'elu', 'swish', 'sigmoid', 'sigmoid', 'sigmoid', 'tanh', 'elu']",f8f00900080606f6b980,653,Adam,MaxAbsoluteDeviation,0.4547237455844879,1.4344520568847656,3.249444799963385
"[23, 23, 8, 8, 8, 23, 8, 23, 19]","['swish', 'elu', 'tanh', 'elu', 'swish', 'sigmoid', 'sigmoid', 'sigmoid', 'tanh']",f8f0090008f606f6b9,653,Adam,MaxAbsoluteDeviation,0.4490757882595062,0.7937249541282654,3.1256646000547335
"[23, 23, 8, 8, 8, 23, 8, 23, 19]","['swish', 'elu', 'tanh', 'elu', 'swish', 'sigmoid', 'sigmoid', 'sigmoid', 'tanh']",f8f0090008f606f6b9,138,Adam,MaxAbsoluteDeviation,0.4490757882595062,9.617635726928711,1.2480628999182954
"[23, 23, 8, 8, 8, 23, 8, 23]","['swish', 'elu', 'tanh', 'elu', 'swish', 'sigmoid', 'sigmoid', 'sigmoid']",f8f0090008f606f6,653,Adam,MaxAbsoluteDeviation,0.6337093114852905,0.8208751678466797,2.9660821999423206
"[23, 23, 8, 8, 8, 23, 8, 23]","['swish', 'elu', 'tanh', 'elu', 'swish', 'sigmoid', 'sigmoid', 'sigmoid']",f8f0090008f606f6,700,Adam,MaxAbsoluteDeviation,0.7590160965919495,0.7544302940368652,3.107145700021647
"[23, 23, 8, 8, 8, 23, 8, 23]","['swish', 'elu', 'tanh', 'elu', 'swish', 'sigmoid', 'sigmoid', 'sigmoid']",f8f0090008f606f6,700,Adam,MaxAbsoluteDeviation,0.4658723771572113,0.5486809015274048,3.1267070999601856
"[23, 23, 8, 8, 8, 23, 8]","['swish', 'elu', 'tanh', 'elu', 'swish', 'sigmoid', 'sigmoid']",f8f0090008f606,700,Adam,MaxAbsoluteDeviation,0.2459922730922699,0.8934078216552734,2.997202800004743
"[23, 23, 8, 8, 8, 23, 8]","['swish', 'elu', 'tanh', 'elu', 'swish', 'sigmoid', 'sigmoid']",f8f0090008f606,700,Adam,MaxAbsoluteDeviation,0.2459922730922699,1.0446033477783203,4.289287699968554
"[23, 23, 8, 8, 8, 23, 8]","['swish', 'elu', 'tanh', 'elu', 'swish', 'sigmoid', 'sigmoid']",f8f0090008f606,700,Adam,MaxAbsoluteDeviation,0.5083247423171997,0.4112405776977539,3.0479837999446318
"[23, 23, 8, 8, 8, 8, 8]","['swish', 'elu', 'tanh', 'elu', 'swish', 'sigmoid', 'sigmoid']",f8f00900080606,700,Adam,MaxAbsoluteDeviation,0.6262328028678894,0.5912179946899414,3.054436100064777
"[23, 23, 8, 23, 8, 8, 8]","['swish', 'elu', 'tanh', 'elu', 'swish', 'sigmoid', 'sigmoid']",f8f009f0080606,700,Adam,MaxAbsoluteDeviation,0.6262328028678894,2.2027974128723145,3.0609398999949917
"[23, 23, 8, 8, 8, 8, 8]","['swish', 'elu', 'tanh', 'elu', 'swish', 'sigmoid', 'sigmoid']",f8f00900080606,700,Adam,MaxAbsoluteDeviation,0.6688053607940674,0.9729804992675781,2.994868000037968
"[23, 23, 8, 8, 8, 8, 8]","['swish', 'elu', 'tanh', 'elu', 'swish', 'sigmoid', 'swish']",f8f00900080608,700,Adam,MaxAbsoluteDeviation,0.42353904247283936,0.40626704692840576,3.0111813000403345
"[23, 23, 8, 8, 8, 8, 8]","['swish', 'elu', 'tanh', 'elu', 'swish', 'sigmoid', 'swish']",f8f00900080608,700,Adam,MaxAbsoluteDeviation,0.9043707251548767,0.5131626129150391,3.0618527999613434
"[23, 23, 8, 8, 8, 8, 8, 15]","['swish', 'elu', 'tanh', 'elu', 'swish', 'sigmoid', 'swish', 'sigmoid']",f8f0090008060876,700,Adam,MaxAbsoluteDeviation,1.3142797946929932,0.4783906936645508,3.10627150000073
"[23, 23, 8, 8, 8, 8, 8, 15]","['swish', 'elu', 'tanh', 'elu', 'swish', 'sigmoid', 'elu', 'sigmoid']",f8f0090008060076,700,Adam,MaxAbsoluteDeviation,0.5607887506484985,0.5720748901367188,3.1437686000717804
"[23, 23, 8, 8, 8, 8, 8, 23]","['swish', 'elu', 'tanh', 'elu', 'swish', 'sigmoid', 'elu', 'sigmoid']",f8f00900080600f6,700,Adam,MaxAbsoluteDeviation,0.5082755088806152,0.5704002380371094,3.169482099940069
"[23, 23, 23, 8, 8, 8, 8, 23]","['swish', 'elu', 'tanh', 'elu', 'swish', 'sigmoid', 'elu', 'sigmoid']",f8f0f900080600f6,700,Adam,MaxAbsoluteDeviation,0.5082755088806152,0.5403897762298584,3.194357700063847
"[23, 23, 8, 8, 8, 8, 8, 16]","['swish', 'elu', 'tanh', 'elu', 'swish', 'sigmoid', 'elu', 'swish']",f8f0090008060088,700,Adam,MaxAbsoluteDeviation,0.7358390688896179,0.9668064117431641,3.179477700032294
"[23, 23, 8, 8, 8, 8, 8, 16, 15]","['swish', 'elu', 'tanh', 'elu', 'swish', 'sigmoid', 'elu', 'swish', 'elu']",f8f009000806008870,700,Adam,MaxAbsoluteDeviation,0.49463722109794617,1.1064739227294922,3.331064499914646
"[23, 23, 8, 8, 8, 8, 8, 16, 15]","['swish', 'elu', 'tanh', 'elu', 'swish', 'sigmoid', 'elu', 'swish', 'elu']",f8f009000806008870,306,Adam,MaxAbsoluteDeviation,0.5753605365753174,0.9163246154785156,1.8495236000744626
"[23, 8, 8, 8, 8, 8, 8, 16, 15]","['swish', 'elu', 'tanh', 'elu', 'swish', 'sigmoid', 'elu', 'swish', 'elu']",f80009000806008870,306,Adam,MaxAbsoluteDeviation,0.5753605365753174,0.45070457458496094,1.8465580999618396
"[23, 23, 8, 8, 8, 8, 8, 16, 15]","['swish', 'elu', 'tanh', 'elu', 'swish', 'sigmoid', 'elu', 'swish', 'elu']",f8f009000806008870,700,Adam,MaxAbsoluteDeviation,0.4492623209953308,0.3468761444091797,3.26313370000571
"[23, 23, 8, 8, 8, 8, 8, 16]","['swish', 'elu', 'tanh', 'elu', 'swish', 'sigmoid', 'elu', 'swish']",f8f0090008060088,700,Adam,MaxAbsoluteDeviation,0.36099880933761597,0.539158821105957,3.1699165999889374
"[23, 23, 8, 8, 8, 8, 8]","['swish', 'elu', 'tanh', 'elu', 'swish', 'sigmoid', 'elu']",f8f00900080600,700,Adam,MaxAbsoluteDeviation,0.360818475484848,0.5191278457641602,2.948453100048937
"[23, 23, 8, 8, 8, 8]","['swish', 'elu', 'tanh', 'elu', 'swish', 'sigmoid']",f8f009000806,700,Adam,MaxAbsoluteDeviation,0.3794580101966858,0.27817344665527344,2.827435899991542
"[23, 23, 8, 8, 8, 8]","['sigmoid', 'elu', 'tanh', 'elu', 'swish', 'sigmoid']",f6f009000806,700,Adam,MaxAbsoluteDeviation,0.3794580101966858,8.148001670837402,2.7170194999780506
"[23, 23, 8, 8, 8, 8]","['swish', 'elu', 'tanh', 'elu', 'swish', 'sigmoid']",f8f009000806,700,Adam,MaxAbsoluteDeviation,0.36123234033584595,0.41178321838378906,2.80314939992968
"[23, 23, 8, 8, 8]","['swish', 'elu', 'tanh', 'elu', 'swish']",f8f0090008,700,Adam,MaxAbsoluteDeviation,0.1334434300661087,0.34210777282714844,2.6708268000511453
"[23, 23, 8, 8, 8, 18]","['swish', 'elu', 'tanh', 'elu', 'swish', 'elu']",f8f0090008a0,700,Adam,MaxAbsoluteDeviation,0.4002625346183777,0.602996826171875,2.754508199985139
"[23, 8, 8, 8, 8, 18]","['swish', 'elu', 'tanh', 'elu', 'swish', 'elu']",f800090008a0,700,Adam,MaxAbsoluteDeviation,0.2559981644153595,0.2293567657470703,2.797495699953288
"[23, 8, 8, 8, 8, 18]","['swish', 'elu', 'tanh', 'elu', 'swish', 'elu']",f800090008a0,217,Adam,MaxAbsoluteDeviation,0.9466389417648315,0.7989635467529297,1.2368213000008836
"[23, 8, 8, 8, 8, 18, 22]","['swish', 'elu', 'tanh', 'elu', 'swish', 'elu', 'tanh']",f800090008a0e9,217,Adam,MaxAbsoluteDeviation,1.4689035415649414,1.9056158065795898,1.3007397999754176
"[23, 8, 8, 8, 8, 18]","['swish', 'elu', 'tanh', 'elu', 'swish', 'elu']",f800090008a0,217,Adam,MaxAbsoluteDeviation,0.6798875331878662,0.8393898010253906,1.2288916000397876
"[23, 8, 8, 8, 8, 18]","['swish', 'elu', 'tanh', 'elu', 'swish', 'elu']",f800090008a0,183,Adam,MaxAbsoluteDeviation,0.6798875331878662,0.9174976348876953,2.4554279999574646
"[23, 8, 8, 8, 8, 18]","['swish', 'elu', 'tanh', 'elu', 'swish', 'elu']",f800090008a0,700,Adam,MaxAbsoluteDeviation,0.6798875331878662,0.8926544189453125,2.8509161999681965
"[23, 8, 8, 8, 8, 18]","['swish', 'elu', 'tanh', 'elu', 'swish', 'swish']",f800090008a8,217,Adam,MaxAbsoluteDeviation,0.3889450132846832,0.4911365509033203,1.284673499991186
"[23, 8, 8, 8, 8]","['swish', 'elu', 'tanh', 'elu', 'swish']",f800090008,217,Adam,MaxAbsoluteDeviation,1.2457079887390137,0.3056049346923828,1.1673608999699354
"[23, 8, 8, 8]","['swish', 'elu', 'tanh', 'elu']",f8000900,700,Adam,MaxAbsoluteDeviation,0.39878326654434204,0.35103607177734375,2.532642600010149
"[23, 8, 8, 8]","['elu', 'elu', 'tanh', 'elu']",f0000900,528,Adam,MaxAbsoluteDeviation,0.39719831943511963,0.3387942612171173,1.9709928999654949
"[23, 8, 8, 8]","['elu', 'elu', 'tanh', 'elu']",f0000900,115,Adam,MaxAbsoluteDeviation,0.39719831943511963,0.4386404752731323,0.7599959999788553
"[23, 8, 8, 8]","['elu', 'elu', 'tanh', 'elu']",f0000900,700,Adam,MaxAbsoluteDeviation,0.5626866221427917,0.3487415313720703,2.5163592000026256
"[23, 8, 8]","['elu', 'elu', 'tanh']",f00009,700,Adam,MaxAbsoluteDeviation,0.2560727596282959,0.303497314453125,2.3899590999353677
"[23, 8, 23]","['elu', 'elu', 'tanh']",f000f9,700,Adam,MaxAbsoluteDeviation,0.7434141635894775,0.6313791275024414,2.362726900028065
"[23, 8, 23, 19]","['elu', 'elu', 'tanh', 'swish']",f000f9b8,700,Adam,MaxAbsoluteDeviation,0.4220222532749176,1.084524154663086,2.4772781000938267
"[8, 8, 23, 19]","['elu', 'elu', 'tanh', 'swish']",0000f9b8,700,Adam,MaxAbsoluteDeviation,0.686347484588623,0.47664833068847656,2.498661799938418
"[8, 8, 23, 19]","['elu', 'elu', 'tanh', 'swish']",0000f9b8,700,Adam,MaxAbsoluteDeviation,0.89208984375,0.32359790802001953,2.5107311999890953
"[8, 8, 23, 19]","['elu', 'elu', 'tanh', 'swish']",0000f9b8,122,Adam,MaxAbsoluteDeviation,0.5755318999290466,0.48380565643310547,0.794929499970749
"[8, 8, 23, 19, 17]","['elu', 'elu', 'tanh', 'swish', 'swish']",0000f9b898,122,Adam,MaxAbsoluteDeviation,0.5755318999290466,0.9658889770507812,0.8862497000955045
"[8, 8, 23]","['elu', 'elu', 'tanh']",0000f9,122,Adam,MaxAbsoluteDeviation,0.30779117345809937,0.21629905700683594,0.7032695999369025
"[8, 8]","['elu', 'elu']",0000,122,Adam,MaxAbsoluteDeviation,0.30779117345809937,2.8764495849609375,0.6258693999843672
[8],['elu'],00,700,Adam,MaxAbsoluteDeviation,2.9786999225616455,2.905318260192871,2.0776948999846354
[8],['elu'],00,692,Adam,MaxAbsoluteDeviation,2.9818713665008545,3.035050392150879,2.0458038001088426
[8],['elu'],00,583,Adam,MaxAbsoluteDeviation,3.083009958267212,2.9056360721588135,1.7441072999499738
[8],['elu'],00,700,Adam,MaxAbsoluteDeviation,2.040590763092041,2.047520637512207,2.0701247999677435
[8],['tanh'],09,700,Adam,MaxAbsoluteDeviation,1.8611482381820679,1.7347779273986816,2.0694946999428794
[8],['tanh'],09,700,Adam,MaxAbsoluteDeviation,1.032921314239502,1.0094833374023438,2.078333199955523
[8],['tanh'],09,636,Adam,MaxAbsoluteDeviation,1.615189790725708,1.644659161567688,1.899976099957712
[8],['swish'],08,636,Adam,MaxAbsoluteDeviation,1.615189790725708,2.9288196563720703,1.9152469000546262
[8],['tanh'],09,700,Adam,MaxAbsoluteDeviation,1.629905104637146,1.2626371383666992,2.079888500040397
[23],['tanh'],f9,700,Adam,MaxAbsoluteDeviation,1.996209979057312,1.979455828666687,2.069916099891998
[23],['tanh'],f9,139,Adam,MaxAbsoluteDeviation,1.996209979057312,3.11667537689209,0.5976854000473395
[23],['tanh'],f9,111,Adam,MaxAbsoluteDeviation,3.246363639831543,3.122539758682251,0.5231471000006422
[23],['tanh'],f9,111,Adam,MaxAbsoluteDeviation,3.380419969558716,3.270627975463867,0.5291669999714941
[23],['tanh'],f9,700,Adam,MaxAbsoluteDeviation,1.4510492086410522,1.3213396072387695,2.071178499958478
[23],['tanh'],f9,150,Adam,MaxAbsoluteDeviation,3.1028714179992676,3.140409469604492,0.6219938000431284
[23],['tanh'],f9,150,Adam,MaxAbsoluteDeviation,3.0945606231689453,3.0436153411865234,0.6182554999832064
[23],['tanh'],f9,150,Adam,MaxAbsoluteDeviation,3.4774482250213623,2.9949681758880615,0.619567200075835
[23],['elu'],f0,150,Adam,MaxAbsoluteDeviation,2.7422635555267334,2.7720537185668945,0.6141755999997258
[23],['elu'],f0,700,Adam,MaxAbsoluteDeviation,1.2333550453186035,1.3373451232910156,2.069531699991785
[8],['elu'],00,237,Adam,MaxAbsoluteDeviation,2.9822919368743896,3.0093517303466797,0.8351615999126807
[8],['elu'],00,185,Adam,MaxAbsoluteDeviation,2.9822919368743896,3.010188579559326,0.7018803999526426
[8],['elu'],00,237,Adam,MaxAbsoluteDeviation,2.823201894760132,2.7679834365844727,0.8344034999608994
[8],['elu'],00,138,Adam,MaxAbsoluteDeviation,4.03065299987793,3.913968563079834,0.5914846000960097
[8],['elu'],00,138,Adam,MaxAbsoluteDeviation,4.095881462097168,3.8808798789978027,0.5921245000790805
[8],['elu'],00,700,Adam,MaxAbsoluteDeviation,2.517686605453491,2.459397315979004,2.0716261999914423
"[8, 15]","['elu', 'swish']",0078,700,Adam,MaxAbsoluteDeviation,0.169505313038826,0.13039207458496094,2.2163987000240013
"[8, 15]","['elu', 'swish']",0078,700,Adam,MaxAbsoluteDeviation,0.09059302508831024,0.21514034271240234,2.1979385999729857
