"[10, 9]","['swish', 'elu']",2810,202,Adam,MaxAbsoluteDeviation,0.3560320734977722,0.4810367822647095,2.02526270004455
"[10, 8]","['swish', 'elu']",2800,700,Adam,MaxAbsoluteDeviation,0.11946138739585876,0.10571302473545074,6.238253899966367
"[10, 8]","['swish', 'elu']",2800,700,Adam,MaxAbsoluteDeviation,0.2547238767147064,0.17302387952804565,6.252107899985276
[10],['swish'],28,700,Adam,MaxAbsoluteDeviation,0.16788482666015625,0.1260143667459488,5.8033703999826685
[10],['tanh'],29,700,Adam,MaxAbsoluteDeviation,0.131612166762352,0.05394773557782173,5.636166600044817
[10],['tanh'],29,700,Adam,MaxAbsoluteDeviation,0.11315637826919556,0.057799890637397766,5.629797699977644
"[10, 8]","['tanh', 'swish']",2908,700,Adam,MaxAbsoluteDeviation,0.10342797636985779,0.048382434993982315,7.332597600063309
"[10, 8, 16]","['tanh', 'swish', 'tanh']",290889,700,Adam,MaxAbsoluteDeviation,0.16418404877185822,0.03583228960633278,6.836221699952148
"[10, 8, 16]","['tanh', 'swish', 'tanh']",290889,145,Adam,MaxAbsoluteDeviation,0.32560959458351135,0.18325510621070862,1.6975911000045016
"[10, 8, 23]","['tanh', 'swish', 'tanh']",2908f9,700,Adam,MaxAbsoluteDeviation,0.16963931918144226,0.047507382929325104,6.607192700030282
"[10, 23, 23]","['tanh', 'swish', 'swish']",29f8f8,700,Adam,MaxAbsoluteDeviation,0.3908931612968445,0.10756925493478775,6.844935600063764
"[10, 23, 23]","['tanh', 'swish', 'swish']",29f8f8,700,Adam,MaxAbsoluteDeviation,0.11820922046899796,0.1259516328573227,6.7861240999773145
"[10, 23, 23]","['tanh', 'swish', 'swish']",29f8f8,700,Adam,MaxAbsoluteDeviation,0.12837690114974976,0.06939952820539474,6.905555399949662
"[10, 23]","['tanh', 'swish']",29f8,163,Adam,MaxAbsoluteDeviation,0.4072204828262329,0.05390714481472969,1.7309120999416336
"[10, 23, 23, 15]","['tanh', 'swish', 'swish', 'tanh']",29f8f879,700,Adam,MaxAbsoluteDeviation,0.4558632969856262,0.10463526099920273,7.2032250999473035
"[10, 23, 23, 15, 14, 17]","['tanh', 'swish', 'swish', 'tanh', 'elu', 'sigmoid']",29f8f8796096,700,Adam,MaxAbsoluteDeviation,0.3450581431388855,0.17093497514724731,7.922516299993731
"[10, 23, 23, 15, 14, 17, 11]","['tanh', 'swish', 'swish', 'sigmoid', 'elu', 'sigmoid', 'sigmoid']",29f8f876609636,700,Adam,MaxAbsoluteDeviation,0.3054181933403015,0.1378619521856308,8.363000800018199
"[10, 23, 23, 15, 14, 17, 8, 15]","['tanh', 'swish', 'swish', 'sigmoid', 'elu', 'sigmoid', 'sigmoid', 'tanh']",29f8f87660960679,700,Adam,MaxAbsoluteDeviation,0.3611036539077759,0.1791195124387741,8.732342700008303
"[10, 23, 23, 15, 14, 17, 8, 15, 22]","['tanh', 'swish', 'swish', 'sigmoid', 'elu', 'sigmoid', 'sigmoid', 'tanh', 'tanh']",29f8f87660960679e9,700,Adam,MaxAbsoluteDeviation,0.47016361355781555,0.271581768989563,9.056223000050522
"[10, 23, 23, 15, 14, 17, 8, 15, 22, 9]","['tanh', 'swish', 'swish', 'sigmoid', 'elu', 'sigmoid', 'sigmoid', 'tanh', 'tanh', 'elu']",29f8f87660960679e910,700,Adam,MaxAbsoluteDeviation,0.6019448637962341,0.23195135593414307,9.442981100059114
"[10, 23, 23, 15, 14, 17, 8, 15, 22, 9]","['tanh', 'swish', 'swish', 'sigmoid', 'elu', 'sigmoid', 'sigmoid', 'tanh', 'tanh', 'elu']",29f8f87660960679e910,346,Adam,MaxAbsoluteDeviation,0.6832697987556458,0.4237048327922821,5.205176400020719
"[10, 23, 23, 15, 14, 17, 8, 15, 22, 9]","['tanh', 'swish', 'swish', 'sigmoid', 'elu', 'sigmoid', 'sigmoid', 'tanh', 'tanh', 'elu']",29f8f87660960679e910,100,Adam,MaxAbsoluteDeviation,1.0917110443115234,0.5974259376525879,2.078698500059545
"[10, 23, 23, 15, 14, 17, 8, 15, 22, 9]","['tanh', 'swish', 'swish', 'sigmoid', 'elu', 'sigmoid', 'sigmoid', 'tanh', 'tanh', 'elu']",29f8f87660960679e910,100,Adam,MaxAbsoluteDeviation,1.2002549171447754,0.701890230178833,2.1178215999389067
"[10, 23, 23, 15, 14, 17, 8, 15, 22, 9]","['tanh', 'swish', 'swish', 'sigmoid', 'elu', 'elu', 'sigmoid', 'tanh', 'tanh', 'elu']",29f8f87660900679e910,100,Adam,MaxAbsoluteDeviation,9.162376403808594,6.69185733795166,2.1220023999921978
"[10, 23, 23, 15, 14, 17, 8, 15, 22, 9]","['tanh', 'swish', 'swish', 'elu', 'elu', 'sigmoid', 'sigmoid', 'tanh', 'tanh', 'elu']",29f8f87060960679e910,100,Adam,MaxAbsoluteDeviation,1.0012680292129517,0.4174197316169739,2.2217175000114366
"[10, 23, 23, 15, 14, 17, 8, 15, 22, 9]","['tanh', 'swish', 'swish', 'elu', 'elu', 'sigmoid', 'sigmoid', 'tanh', 'swish', 'elu']",29f8f87060960679e810,100,Adam,MaxAbsoluteDeviation,0.9312242865562439,0.5305311679840088,2.2406197000527754
"[10, 23, 23, 15, 14, 17, 8, 15, 22, 23]","['tanh', 'swish', 'swish', 'elu', 'elu', 'sigmoid', 'sigmoid', 'tanh', 'swish', 'elu']",29f8f87060960679e8f0,100,Adam,MaxAbsoluteDeviation,0.6425704956054688,0.33245423436164856,2.2288037000689656
"[10, 23, 23, 15, 8, 17, 23, 15, 22]","['tanh', 'swish', 'swish', 'elu', 'elu', 'sigmoid', 'sigmoid', 'tanh', 'swish']",29f8f8700096f679e8,100,Adam,MaxAbsoluteDeviation,0.7115606665611267,0.14625319838523865,2.1530969999730587
"[10, 23, 23, 15, 8, 17, 23, 15, 22]","['tanh', 'swish', 'swish', 'elu', 'elu', 'sigmoid', 'sigmoid', 'tanh', 'swish']",29f8f8700096f679e8,700,Adam,MaxAbsoluteDeviation,0.5597331523895264,0.28818339109420776,10.03409859992098
"[10, 23, 23, 15, 8, 17, 23, 15, 22, 9, 10]","['tanh', 'swish', 'swish', 'elu', 'elu', 'sigmoid', 'sigmoid', 'tanh', 'swish', 'tanh', 'swish']",29f8f8700096f679e81928,700,Adam,MaxAbsoluteDeviation,0.5533917546272278,0.24242162704467773,10.782715399982408
"[10, 23, 23, 15, 8, 17, 23, 15, 22, 9, 10]","['tanh', 'swish', 'swish', 'elu', 'elu', 'sigmoid', 'sigmoid', 'tanh', 'swish', 'tanh', 'swish']",29f8f8700096f679e81928,700,Adam,MaxAbsoluteDeviation,9.2091703414917,7.009065628051758,10.67216279997956
"[10, 23, 23, 15, 8, 17, 23, 15, 22, 9]","['tanh', 'swish', 'swish', 'elu', 'elu', 'sigmoid', 'sigmoid', 'tanh', 'swish', 'tanh']",29f8f8700096f679e819,700,Adam,MaxAbsoluteDeviation,9.172046661376953,6.810216903686523,10.026202999986708
"[10, 23, 23, 15, 8, 17, 23, 15, 22, 9, 10, 23, 18]","['tanh', 'swish', 'swish', 'elu', 'elu', 'sigmoid', 'sigmoid', 'tanh', 'swish', 'tanh', 'swish', 'swish', 'tanh']",29f8f8700096f679e81928f8a9,700,Adam,MaxAbsoluteDeviation,9.06743335723877,6.755688667297363,11.430546300020069
"[10, 23, 23, 15, 8, 17, 23, 15, 22, 9, 10]","['tanh', 'swish', 'swish', 'elu', 'elu', 'sigmoid', 'sigmoid', 'tanh', 'swish', 'tanh', 'swish']",29f8f8700096f679e81928,700,Adam,MaxAbsoluteDeviation,0.6541500687599182,0.31650036573410034,10.618600700050592
"[10, 23, 23, 15, 8, 17, 23, 15, 22, 9, 10]","['tanh', 'swish', 'swish', 'elu', 'elu', 'sigmoid', 'sigmoid', 'tanh', 'swish', 'tanh', 'swish']",29f8f8700096f679e81928,700,Adam,MaxAbsoluteDeviation,9.131302833557129,6.672927379608154,10.73627450002823
"[10, 23, 23, 15, 8, 17, 8, 15, 22, 9, 10]","['tanh', 'swish', 'swish', 'elu', 'elu', 'sigmoid', 'sigmoid', 'tanh', 'swish', 'tanh', 'swish']",29f8f87000960679e81928,700,Adam,MaxAbsoluteDeviation,0.8191614747047424,0.23624536395072937,10.709613000042737
"[10, 23, 23, 15, 8, 17, 8, 15, 22, 9, 10]","['tanh', 'swish', 'swish', 'elu', 'elu', 'sigmoid', 'sigmoid', 'tanh', 'swish', 'tanh', 'swish']",29f8f87000960679e81928,700,Adam,MaxAbsoluteDeviation,0.6423233151435852,0.42041298747062683,11.842379999929108
"[10, 23, 23, 15, 8, 17, 8, 15, 22, 9, 10, 9]","['tanh', 'swish', 'swish', 'elu', 'elu', 'sigmoid', 'sigmoid', 'tanh', 'swish', 'tanh', 'swish', 'sigmoid']",29f8f87000960679e8192816,700,Adam,MaxAbsoluteDeviation,9.10022258758545,6.675428867340088,11.597628500079736
"[10, 23, 23, 15, 8, 17, 8, 15, 22, 9, 10]","['tanh', 'swish', 'swish', 'elu', 'elu', 'sigmoid', 'sigmoid', 'tanh', 'swish', 'tanh', 'sigmoid']",29f8f87000960679e81926,700,Adam,MaxAbsoluteDeviation,8.98382568359375,6.740810394287109,11.059990999987349
"[10, 23, 23, 23, 8, 17, 8, 15, 22, 9, 10]","['tanh', 'swish', 'swish', 'elu', 'elu', 'sigmoid', 'sigmoid', 'tanh', 'swish', 'tanh', 'swish']",29f8f8f000960679e81928,700,Adam,MaxAbsoluteDeviation,2.608349084854126,1.0301839113235474,10.970586700015701
"[10, 23, 23, 15, 8, 17, 8, 15, 22, 9, 10]","['tanh', 'swish', 'swish', 'elu', 'elu', 'sigmoid', 'sigmoid', 'tanh', 'swish', 'tanh', 'swish']",29f8f87000960679e81928,700,Adam,MaxAbsoluteDeviation,9.04040241241455,6.7035040855407715,11.076848699944094
"[10, 23, 23, 15, 8, 17, 8, 15, 22, 9]","['tanh', 'swish', 'swish', 'elu', 'elu', 'sigmoid', 'sigmoid', 'tanh', 'swish', 'tanh']",29f8f87000960679e819,700,Adam,MaxAbsoluteDeviation,9.081316947937012,6.819859504699707,10.431100200046785
"[10, 23, 23, 15, 8, 17, 8, 15, 22, 9, 10, 16]","['tanh', 'swish', 'swish', 'elu', 'elu', 'sigmoid', 'sigmoid', 'tanh', 'swish', 'tanh', 'swish', 'tanh']",29f8f87000960679e8192889,700,Adam,MaxAbsoluteDeviation,9.206637382507324,6.8307013511657715,11.103456299984828
"[10, 23, 23, 15, 8, 17, 8, 15, 22, 9, 10, 21]","['tanh', 'swish', 'swish', 'elu', 'elu', 'swish', 'sigmoid', 'tanh', 'swish', 'tanh', 'swish', 'elu']",29f8f87000980679e81928d0,700,Adam,MaxAbsoluteDeviation,0.8804470896720886,0.3654939532279968,11.556473100092262
"[10, 23, 23, 15, 8, 17, 8, 15, 22, 9, 23, 21]","['tanh', 'swish', 'swish', 'elu', 'elu', 'swish', 'sigmoid', 'tanh', 'swish', 'tanh', 'swish', 'elu']",29f8f87000980679e819f8d0,700,Adam,MaxAbsoluteDeviation,9.087299346923828,6.710149765014648,11.438670400064439
"[10, 23, 23, 15, 8, 17, 8, 15, 22, 9, 10, 23, 10]","['tanh', 'swish', 'swish', 'elu', 'elu', 'swish', 'sigmoid', 'tanh', 'swish', 'tanh', 'swish', 'elu', 'tanh']",29f8f87000980679e81928f029,700,Adam,MaxAbsoluteDeviation,9.084985733032227,6.847064018249512,11.515526599949226
"[10, 23, 23, 15, 8, 23, 8, 15, 22, 9, 10, 21]","['tanh', 'swish', 'swish', 'elu', 'elu', 'swish', 'sigmoid', 'tanh', 'swish', 'tanh', 'swish', 'elu']",29f8f87000f80679e81928d0,700,Adam,MaxAbsoluteDeviation,9.198288917541504,6.809549331665039,11.020796600030735
"[10, 23, 23, 15, 8, 17, 8, 15, 22, 9, 10, 21]","['tanh', 'swish', 'swish', 'elu', 'elu', 'swish', 'sigmoid', 'tanh', 'swish', 'tanh', 'swish', 'elu']",29f8f87000980679e81928d0,163,Adam,MaxAbsoluteDeviation,0.7629072070121765,0.7116646766662598,3.4892980000004172
"[23, 23, 23, 15, 8, 17, 8, 15, 22, 9, 10, 21]","['tanh', 'swish', 'swish', 'elu', 'elu', 'swish', 'sigmoid', 'tanh', 'swish', 'tanh', 'swish', 'elu']",f9f8f87000980679e81928d0,163,Adam,MaxAbsoluteDeviation,1.4474098682403564,0.6192214488983154,3.4838011000538245
"[23, 23, 23, 15, 8, 17, 8, 15, 22, 9, 10, 21]","['tanh', 'swish', 'swish', 'elu', 'elu', 'swish', 'sigmoid', 'tanh', 'swish', 'tanh', 'swish', 'elu']",f9f8f87000980679e81928d0,163,Adam,MaxAbsoluteDeviation,9.175887107849121,6.756134033203125,3.4581717000110075
"[23, 23, 23, 23, 8, 17, 8, 15, 22, 9, 10, 21, 10]","['tanh', 'swish', 'swish', 'elu', 'elu', 'swish', 'sigmoid', 'tanh', 'swish', 'tanh', 'elu', 'elu', 'sigmoid']",f9f8f8f000980679e81920d026,163,Adam,MaxAbsoluteDeviation,9.133515357971191,6.847271919250488,3.6701084999367595
"[23, 23, 23, 15, 8, 17, 8, 15, 22, 9, 10, 21]","['tanh', 'swish', 'swish', 'elu', 'elu', 'swish', 'sigmoid', 'tanh', 'swish', 'tanh', 'swish', 'elu']",f9f8f87000980679e81928d0,700,Adam,MaxAbsoluteDeviation,0.6896119713783264,0.42766982316970825,11.439352500019595
"[23, 23, 23, 15, 8, 17, 8, 15, 22, 9, 10, 21, 18]","['tanh', 'swish', 'swish', 'elu', 'elu', 'swish', 'sigmoid', 'tanh', 'swish', 'tanh', 'swish', 'elu', 'sigmoid']",f9f8f87000980679e81928d0a6,700,Adam,MaxAbsoluteDeviation,9.106354713439941,6.713759899139404,11.834249300067313
"[23, 23, 23, 15, 8, 17, 8, 15, 22, 9, 10, 21]","['tanh', 'tanh', 'swish', 'elu', 'elu', 'swish', 'sigmoid', 'tanh', 'swish', 'tanh', 'swish', 'elu']",f9f9f87000980679e81928d0,700,Adam,MaxAbsoluteDeviation,0.7346716523170471,0.460424542427063,11.311806000070646
"[23, 23, 23, 15, 8, 17, 8, 15, 22, 9, 10, 21, 18]","['tanh', 'tanh', 'swish', 'elu', 'elu', 'swish', 'sigmoid', 'tanh', 'swish', 'tanh', 'swish', 'elu', 'sigmoid']",f9f9f87000980679e81928d0a6,700,Adam,MaxAbsoluteDeviation,9.086706161499023,6.647963047027588,11.824348599999212
"[23, 23, 23, 15, 8, 17, 8, 15, 22, 9, 10, 21]","['tanh', 'tanh', 'swish', 'elu', 'elu', 'swish', 'sigmoid', 'tanh', 'swish', 'tanh', 'swish', 'elu']",f9f9f87000980679e81928d0,700,Adam,MaxAbsoluteDeviation,9.168405532836914,6.84134578704834,11.206407399964519
"[23, 23, 23, 15, 8, 17, 8, 15, 22, 9, 10, 21]","['tanh', 'tanh', 'swish', 'elu', 'elu', 'swish', 'sigmoid', 'tanh', 'swish', 'tanh', 'swish', 'elu']",f9f9f87000980679e81928d0,700,Adam,MaxAbsoluteDeviation,9.109996795654297,7.046220779418945,11.56343590002507
"[23, 23, 23, 15, 8, 17, 8, 15, 22, 8, 10, 21]","['tanh', 'tanh', 'swish', 'elu', 'elu', 'swish', 'sigmoid', 'tanh', 'swish', 'tanh', 'swish', 'elu']",f9f9f87000980679e80928d0,700,Adam,MaxAbsoluteDeviation,0.5592222213745117,0.36317434906959534,10.987156299990602
"[23, 23, 23, 15, 8, 17, 8, 15, 22, 8, 10]","['tanh', 'tanh', 'swish', 'elu', 'elu', 'swish', 'sigmoid', 'tanh', 'swish', 'tanh', 'swish']",f9f9f87000980679e80928,700,Adam,MaxAbsoluteDeviation,9.091178894042969,6.7956318855285645,10.68866710003931
"[23, 23, 23, 15, 8, 17, 8, 15, 22, 8, 10]","['tanh', 'tanh', 'swish', 'elu', 'elu', 'swish', 'sigmoid', 'tanh', 'swish', 'tanh', 'swish']",f9f9f87000980679e80928,700,Adam,MaxAbsoluteDeviation,9.097347259521484,6.728784561157227,11.475048599997535
"[23, 23, 23, 15, 8, 17, 8, 15, 22, 8, 10, 21]","['tanh', 'tanh', 'swish', 'elu', 'elu', 'swish', 'sigmoid', 'tanh', 'swish', 'tanh', 'swish', 'elu']",f9f9f87000980679e80928d0,700,Adam,MaxAbsoluteDeviation,9.216141700744629,7.0129008293151855,11.460937700001523
"[23, 23, 23, 15, 8, 17, 8, 15, 22, 8, 10, 21]","['tanh', 'elu', 'swish', 'elu', 'elu', 'swish', 'sigmoid', 'tanh', 'swish', 'tanh', 'swish', 'elu']",f9f0f87000980679e80928d0,700,Adam,MaxAbsoluteDeviation,9.164141654968262,6.8290629386901855,11.587815999984741
"[23, 8, 23, 15, 8, 17, 8, 15, 22, 8, 10, 21]","['tanh', 'tanh', 'swish', 'elu', 'elu', 'swish', 'sigmoid', 'tanh', 'swish', 'tanh', 'swish', 'elu']",f909f87000980679e80928d0,700,Adam,MaxAbsoluteDeviation,9.09005069732666,6.657076835632324,11.440758400014602
"[23, 23, 23, 15, 8, 17, 8, 15, 22, 8, 10, 21]","['swish', 'tanh', 'swish', 'elu', 'elu', 'swish', 'sigmoid', 'tanh', 'swish', 'tanh', 'swish', 'elu']",f8f9f87000980679e80928d0,700,Adam,MaxAbsoluteDeviation,0.5632058382034302,0.27466270327568054,11.47616759990342
"[23, 23, 23, 15, 8, 17, 8, 15, 22, 8, 10, 21, 16]","['swish', 'tanh', 'swish', 'elu', 'elu', 'swish', 'sigmoid', 'tanh', 'swish', 'tanh', 'swish', 'elu', 'sigmoid']",f8f9f87000980679e80928d086,700,Adam,MaxAbsoluteDeviation,8.99285888671875,6.728930473327637,12.296999500016682
"[23, 23, 23, 15, 8, 17, 8, 15, 22, 8, 10, 21, 12]","['swish', 'tanh', 'swish', 'elu', 'elu', 'swish', 'sigmoid', 'tanh', 'swish', 'tanh', 'swish', 'elu', 'sigmoid']",f8f9f87000980679e80928d046,700,Adam,MaxAbsoluteDeviation,9.19198989868164,6.720932483673096,12.210912000038661
"[23, 23, 23, 15, 8, 17, 8, 15, 22, 8, 10, 21]","['swish', 'tanh', 'swish', 'elu', 'elu', 'swish', 'sigmoid', 'tanh', 'swish', 'tanh', 'swish', 'elu']",f8f9f87000980679e80928d0,700,Adam,MaxAbsoluteDeviation,0.52378249168396,0.22063805162906647,11.434730099979788
"[23, 23, 23, 15, 8, 17, 8, 15, 22, 8, 10, 21]","['swish', 'tanh', 'swish', 'elu', 'elu', 'swish', 'sigmoid', 'tanh', 'swish', 'tanh', 'swish', 'elu']",f8f9f87000980679e80928d0,700,Adam,MaxAbsoluteDeviation,9.069341659545898,6.611274242401123,11.258820299990475
"[23, 23, 23, 15, 8, 17, 8, 15, 22, 8, 10, 21]","['swish', 'tanh', 'swish', 'elu', 'elu', 'swish', 'sigmoid', 'tanh', 'swish', 'tanh', 'swish', 'elu']",f8f9f87000980679e80928d0,700,Adam,MaxAbsoluteDeviation,9.120383262634277,6.695456504821777,11.28011710010469
"[23, 23, 23, 15, 8, 17, 8, 15, 22, 8, 10, 21, 10]","['swish', 'tanh', 'swish', 'elu', 'elu', 'swish', 'sigmoid', 'tanh', 'swish', 'tanh', 'swish', 'elu', 'elu']",f8f9f87000980679e80928d020,700,Adam,MaxAbsoluteDeviation,0.5067355632781982,0.39980095624923706,11.792000799905509
"[23, 23, 23, 15, 8, 17, 8, 15, 8, 8, 10, 21, 10]","['swish', 'tanh', 'swish', 'elu', 'elu', 'swish', 'sigmoid', 'tanh', 'swish', 'tanh', 'swish', 'elu', 'elu']",f8f9f87000980679080928d020,700,Adam,MaxAbsoluteDeviation,9.084213256835938,6.731064319610596,11.394107299973257
"[23, 23, 23, 15, 8, 17, 8, 15, 22, 8, 10, 21, 10]","['swish', 'tanh', 'swish', 'elu', 'elu', 'swish', 'sigmoid', 'tanh', 'swish', 'tanh', 'swish', 'elu', 'elu']",f8f9f87000980679e80928d020,700,Adam,MaxAbsoluteDeviation,0.49729976058006287,0.6473730206489563,12.506416999967769
"[23, 23, 23, 15, 8, 17, 8, 15, 22, 8, 10, 21, 10]","['swish', 'tanh', 'swish', 'elu', 'elu', 'swish', 'sigmoid', 'tanh', 'swish', 'tanh', 'swish', 'elu', 'elu']",f8f9f87000980679e80928d020,700,Adam,MaxAbsoluteDeviation,8.982309341430664,6.543255805969238,12.030515699996613
"[23, 23, 23, 15, 8, 17, 8, 15, 22, 8, 10, 21, 10, 11, 23]","['swish', 'tanh', 'swish', 'elu', 'elu', 'swish', 'sigmoid', 'tanh', 'swish', 'tanh', 'swish', 'elu', 'elu', 'sigmoid', 'elu']",f8f9f87000980679e80928d02036f0,700,Adam,MaxAbsoluteDeviation,9.14208698272705,6.8240885734558105,13.346606599981897
"[23, 23, 23, 15, 8, 17, 23, 15, 22, 8, 10, 21, 10]","['swish', 'tanh', 'swish', 'elu', 'elu', 'swish', 'sigmoid', 'tanh', 'swish', 'tanh', 'swish', 'elu', 'elu']",f8f9f8700098f679e80928d020,700,Adam,MaxAbsoluteDeviation,9.168130874633789,6.8269853591918945,12.110893899924122
"[23, 23, 23, 15, 8, 17, 8, 15, 22, 8, 10, 21, 10, 20]","['swish', 'tanh', 'swish', 'elu', 'elu', 'swish', 'sigmoid', 'tanh', 'swish', 'tanh', 'swish', 'elu', 'elu', 'elu']",f8f9f87000980679e80928d020c0,700,Adam,MaxAbsoluteDeviation,9.132347106933594,6.855844497680664,12.322889300063252
"[23, 23, 23, 15, 8, 17, 8, 15, 22, 8, 10, 21, 10, 10]","['swish', 'tanh', 'swish', 'elu', 'elu', 'swish', 'sigmoid', 'tanh', 'swish', 'tanh', 'swish', 'elu', 'elu', 'tanh']",f8f9f87000980679e80928d02029,700,Adam,MaxAbsoluteDeviation,9.147072792053223,6.767171859741211,12.35528240003623
"[23, 23, 23, 15, 8, 17, 8, 15, 22, 8, 23, 21]","['swish', 'tanh', 'swish', 'elu', 'elu', 'swish', 'sigmoid', 'tanh', 'swish', 'tanh', 'swish', 'elu']",f8f9f87000980679e809f8d0,700,Adam,MaxAbsoluteDeviation,0.8023135662078857,0.5591906905174255,11.38416060002055
"[23, 23, 23, 15, 8, 17, 8, 15, 22, 8, 23, 21]","['swish', 'tanh', 'swish', 'elu', 'elu', 'swish', 'sigmoid', 'tanh', 'sigmoid', 'tanh', 'swish', 'elu']",f8f9f87000980679e609f8d0,700,Adam,MaxAbsoluteDeviation,0.7317838072776794,0.40099960565567017,11.067178299999796
"[23, 23, 23, 15, 8, 17, 8, 15, 22, 8, 23, 21]","['swish', 'tanh', 'swish', 'elu', 'elu', 'swish', 'sigmoid', 'tanh', 'sigmoid', 'tanh', 'swish', 'elu']",f8f9f87000980679e609f8d0,700,Adam,MaxAbsoluteDeviation,0.9536402821540833,0.48258650302886963,11.358440299984068
"[23, 23, 23, 15, 8, 17, 8, 15, 22, 8, 23, 23, 16]","['swish', 'tanh', 'swish', 'elu', 'elu', 'swish', 'sigmoid', 'tanh', 'sigmoid', 'tanh', 'swish', 'elu', 'elu']",f8f9f87000980679e609f8f080,700,Adam,MaxAbsoluteDeviation,9.21566390991211,6.6048712730407715,11.58691519999411
"[23, 23, 23, 15, 8, 17, 8, 15, 22, 8, 23, 21]","['swish', 'tanh', 'swish', 'elu', 'elu', 'swish', 'sigmoid', 'tanh', 'sigmoid', 'tanh', 'swish', 'elu']",f8f9f87000980679e609f8d0,700,Adam,MaxAbsoluteDeviation,0.5014653205871582,0.28534454107284546,11.227396099944599
"[23, 23, 23, 15, 8, 17, 8, 15, 22, 8, 23, 21]","['swish', 'tanh', 'swish', 'elu', 'elu', 'tanh', 'sigmoid', 'tanh', 'sigmoid', 'tanh', 'swish', 'elu']",f8f9f87000990679e609f8d0,700,Adam,MaxAbsoluteDeviation,0.8478418588638306,0.595985472202301,12.310692299972288
"[23, 23, 23, 15, 8, 17, 8, 15, 22, 8, 23]","['swish', 'tanh', 'swish', 'elu', 'elu', 'swish', 'sigmoid', 'tanh', 'sigmoid', 'tanh', 'swish']",f8f9f87000980679e609f8,700,Adam,MaxAbsoluteDeviation,9.254727363586426,6.935046195983887,10.917634300072677
"[23, 23, 23, 8, 8, 17, 8, 15, 22, 8, 23, 21]","['swish', 'tanh', 'swish', 'elu', 'elu', 'swish', 'sigmoid', 'tanh', 'sigmoid', 'tanh', 'swish', 'elu']",f8f9f80000980679e609f8d0,700,Adam,MaxAbsoluteDeviation,9.130106925964355,6.819488525390625,11.537471799994819
"[23, 23, 23, 15, 8, 17, 8, 15, 22, 8, 23, 8]","['swish', 'tanh', 'swish', 'elu', 'elu', 'swish', 'sigmoid', 'tanh', 'sigmoid', 'tanh', 'swish', 'elu']",f8f9f87000980679e609f800,700,Adam,MaxAbsoluteDeviation,9.209395408630371,6.940530776977539,11.422804399975576
"[23, 23, 23, 15, 8, 17, 8, 15, 22, 8, 23, 21]","['swish', 'tanh', 'swish', 'elu', 'elu', 'swish', 'sigmoid', 'tanh', 'sigmoid', 'tanh', 'swish', 'elu']",f8f9f87000980679e609f8d0,700,Adam,MaxAbsoluteDeviation,9.146600723266602,6.719423770904541,11.412347899982706
"[23, 23, 23, 15, 8, 17, 8, 15, 22, 8, 23]","['swish', 'tanh', 'swish', 'elu', 'elu', 'swish', 'sigmoid', 'tanh', 'sigmoid', 'tanh', 'swish']",f8f9f87000980679e609f8,700,Adam,MaxAbsoluteDeviation,9.147907257080078,6.840909481048584,11.143779400037602
"[23, 23, 23, 15, 8, 17, 8, 15, 22, 8, 23, 21]","['swish', 'tanh', 'swish', 'elu', 'elu', 'swish', 'sigmoid', 'tanh', 'sigmoid', 'tanh', 'swish', 'elu']",f8f9f87000980679e609f8d0,700,Adam,MaxAbsoluteDeviation,9.142122268676758,6.720443248748779,11.464716000016779
"[23, 23, 23, 15, 8, 17, 8, 15, 8, 8, 23, 21]","['swish', 'tanh', 'swish', 'elu', 'elu', 'swish', 'sigmoid', 'tanh', 'sigmoid', 'tanh', 'swish', 'elu']",f8f9f870009806790609f8d0,700,Adam,MaxAbsoluteDeviation,0.757670521736145,0.37936919927597046,11.511941500008106
"[23, 23, 23, 15, 8, 17, 8, 15, 8, 8, 23, 23]","['swish', 'tanh', 'swish', 'elu', 'elu', 'swish', 'sigmoid', 'tanh', 'sigmoid', 'tanh', 'swish', 'elu']",f8f9f870009806790609f8f0,700,Adam,MaxAbsoluteDeviation,0.9896308183670044,0.5517673492431641,11.286005300004035
"[23, 23, 23, 23, 8, 17, 8, 15, 8, 8, 23, 23]","['swish', 'tanh', 'swish', 'elu', 'elu', 'swish', 'sigmoid', 'tanh', 'sigmoid', 'tanh', 'swish', 'elu']",f8f9f8f0009806790609f8f0,700,Adam,MaxAbsoluteDeviation,0.5137245655059814,0.22698606550693512,11.172254599980079
"[8, 23, 23, 23, 8, 17, 8, 15, 8, 8, 23, 23]","['swish', 'tanh', 'swish', 'elu', 'elu', 'swish', 'sigmoid', 'tanh', 'sigmoid', 'tanh', 'swish', 'elu']",08f9f8f0009806790609f8f0,700,Adam,MaxAbsoluteDeviation,9.068387031555176,6.803179740905762,10.957280299975537
"[23, 23, 23, 23, 8, 17, 8, 15, 8, 8, 23, 23, 21]","['swish', 'tanh', 'swish', 'elu', 'elu', 'swish', 'sigmoid', 'tanh', 'sigmoid', 'tanh', 'swish', 'elu', 'sigmoid']",f8f9f8f0009806790609f8f0d6,700,Adam,MaxAbsoluteDeviation,9.124338150024414,6.876434326171875,11.929401400033385
"[23, 23, 23, 23, 8, 17, 8, 15, 8, 8, 23, 23]","['swish', 'tanh', 'swish', 'elu', 'elu', 'swish', 'sigmoid', 'tanh', 'sigmoid', 'tanh', 'swish', 'elu']",f8f9f8f0009806790609f8f0,700,Adam,MaxAbsoluteDeviation,9.017067909240723,6.734115123748779,10.95400459994562
"[23, 23, 23, 23, 8, 17, 8, 8, 8, 8, 23, 23]","['swish', 'tanh', 'swish', 'elu', 'elu', 'swish', 'sigmoid', 'tanh', 'sigmoid', 'tanh', 'swish', 'elu']",f8f9f8f0009806090609f8f0,700,Adam,MaxAbsoluteDeviation,0.534298300743103,0.3127818703651428,11.930628700065427
"[23, 23, 23, 23, 8, 17, 8, 8, 8, 8, 23, 23]","['swish', 'tanh', 'swish', 'elu', 'elu', 'swish', 'sigmoid', 'tanh', 'sigmoid', 'tanh', 'swish', 'elu']",f8f9f8f0009806090609f8f0,700,Adam,MaxAbsoluteDeviation,9.050606727600098,6.548220157623291,11.327618699986488
"[23, 23, 23, 23, 8, 17, 8, 8, 8, 8, 23, 23]","['swish', 'tanh', 'swish', 'elu', 'elu', 'swish', 'sigmoid', 'tanh', 'sigmoid', 'tanh', 'swish', 'elu']",f8f9f8f0009806090609f8f0,223,Adam,MaxAbsoluteDeviation,9.284226417541504,6.827366828918457,4.253384500043467
"[23, 23, 23, 23, 8, 17, 8, 8, 8, 8, 23, 23]","['swish', 'tanh', 'swish', 'elu', 'elu', 'swish', 'sigmoid', 'tanh', 'sigmoid', 'tanh', 'swish', 'elu']",f8f9f8f0009806090609f8f0,700,Adam,MaxAbsoluteDeviation,0.5891165733337402,0.40622299909591675,11.355529900058173
"[23, 23, 23, 8, 8, 17, 8, 8, 8, 8, 23, 23]","['swish', 'tanh', 'swish', 'elu', 'elu', 'swish', 'sigmoid', 'tanh', 'sigmoid', 'tanh', 'swish', 'elu']",f8f9f800009806090609f8f0,700,Adam,MaxAbsoluteDeviation,0.7093826532363892,0.5597984194755554,11.193434000015259
"[23, 23, 23, 8, 8, 17, 8, 8, 8, 8, 23, 23]","['swish', 'tanh', 'swish', 'elu', 'elu', 'swish', 'sigmoid', 'tanh', 'sigmoid', 'tanh', 'swish', 'elu']",f8f9f800009806090609f8f0,700,Adam,MaxAbsoluteDeviation,0.6910967826843262,0.33669984340667725,11.569792299997061
"[23, 23, 23, 8, 8, 17, 8, 8, 8, 8, 23]","['swish', 'tanh', 'swish', 'elu', 'elu', 'swish', 'sigmoid', 'tanh', 'sigmoid', 'tanh', 'swish']",f8f9f800009806090609f8,700,Adam,MaxAbsoluteDeviation,0.9896332621574402,0.5556105971336365,10.679351300001144
"[23, 23, 23, 8, 8, 17, 8, 8, 8, 8, 23]","['swish', 'tanh', 'swish', 'elu', 'elu', 'swish', 'sigmoid', 'tanh', 'sigmoid', 'tanh', 'swish']",f8f9f800009806090609f8,700,Adam,MaxAbsoluteDeviation,9.013465881347656,6.8580732345581055,10.755161500070244
"[23, 23, 23, 23, 8, 17, 8, 8, 8, 8, 23]","['swish', 'tanh', 'swish', 'elu', 'elu', 'swish', 'sigmoid', 'tanh', 'sigmoid', 'tanh', 'swish']",f8f9f8f0009806090609f8,700,Adam,MaxAbsoluteDeviation,9.177240371704102,6.728541851043701,10.729275199933909
"[23, 23, 23, 8, 8, 17, 8, 8, 8, 8, 23]","['swish', 'tanh', 'swish', 'elu', 'elu', 'swish', 'sigmoid', 'tanh', 'sigmoid', 'tanh', 'swish']",f8f9f800009806090609f8,700,Adam,MaxAbsoluteDeviation,0.6257743835449219,0.34123116731643677,10.778111500083469
"[23, 23, 23, 8, 8, 17, 8, 8, 8, 8, 23]","['swish', 'tanh', 'swish', 'elu', 'elu', 'swish', 'sigmoid', 'tanh', 'sigmoid', 'tanh', 'swish']",f8f9f800009806090609f8,100,Adam,MaxAbsoluteDeviation,0.9466590881347656,0.9293968081474304,2.406595299951732
"[23, 23, 23, 8, 8, 17, 8, 8, 8, 8, 23, 9]","['swish', 'tanh', 'swish', 'elu', 'elu', 'swish', 'sigmoid', 'tanh', 'sigmoid', 'tanh', 'swish', 'tanh']",f8f9f800009806090609f819,700,Adam,MaxAbsoluteDeviation,9.11944580078125,6.688472270965576,10.769185000099242
"[23, 23, 23, 8, 8, 17, 8, 8, 8, 8, 23]","['swish', 'tanh', 'swish', 'elu', 'elu', 'swish', 'sigmoid', 'tanh', 'sigmoid', 'tanh', 'swish']",f8f9f800009806090609f8,700,Adam,MaxAbsoluteDeviation,0.5514131784439087,0.3912489414215088,11.651639900053851
"[23, 23, 23, 8, 8, 17, 8, 8, 8, 8]","['swish', 'tanh', 'swish', 'elu', 'elu', 'swish', 'sigmoid', 'tanh', 'sigmoid', 'tanh']",f8f9f800009806090609,700,Adam,MaxAbsoluteDeviation,8.982551574707031,6.744074821472168,10.24553910002578
"[23, 23, 23, 8, 8, 17, 8, 8, 8, 8, 23, 15]","['swish', 'tanh', 'swish', 'elu', 'elu', 'swish', 'sigmoid', 'tanh', 'sigmoid', 'tanh', 'swish', 'sigmoid']",f8f9f800009806090609f876,700,Adam,MaxAbsoluteDeviation,8.992083549499512,6.704629421234131,11.30906900006812
"[23, 23, 23, 8, 8, 17, 8, 8, 8, 8, 23]","['swish', 'tanh', 'swish', 'elu', 'elu', 'swish', 'sigmoid', 'tanh', 'sigmoid', 'tanh', 'swish']",f8f9f800009806090609f8,700,Adam,MaxAbsoluteDeviation,0.6436688899993896,0.34753867983818054,10.715986600029282
"[23, 23, 23, 8, 8, 17, 8, 8, 8, 8, 8]","['swish', 'tanh', 'swish', 'elu', 'elu', 'swish', 'sigmoid', 'tanh', 'sigmoid', 'tanh', 'swish']",f8f9f80000980609060908,700,Adam,MaxAbsoluteDeviation,0.5175957083702087,0.33545684814453125,11.024339900002815
"[23, 23, 23, 8, 8, 17, 8, 8, 8]","['swish', 'tanh', 'swish', 'elu', 'elu', 'swish', 'sigmoid', 'tanh', 'sigmoid']",f8f9f8000098060906,700,Adam,MaxAbsoluteDeviation,9.091890335083008,6.735863208770752,9.591442700009793
"[23, 23, 23, 8, 8, 17, 8, 23, 8, 8, 8]","['swish', 'tanh', 'swish', 'elu', 'elu', 'swish', 'sigmoid', 'tanh', 'sigmoid', 'tanh', 'swish']",f8f9f800009806f9060908,700,Adam,MaxAbsoluteDeviation,9.164926528930664,6.822298526763916,10.764108299976215
"[23, 23, 23, 8, 8, 17, 8, 8, 8, 8, 8]","['swish', 'tanh', 'swish', 'elu', 'elu', 'swish', 'sigmoid', 'tanh', 'sigmoid', 'tanh', 'swish']",f8f9f80000980609060908,700,Adam,MaxAbsoluteDeviation,9.192747116088867,6.845402240753174,10.82858720002696
"[23, 23, 23, 8, 8, 17, 8, 8, 8, 8, 8]","['swish', 'tanh', 'swish', 'elu', 'elu', 'swish', 'sigmoid', 'tanh', 'sigmoid', 'tanh', 'swish']",f8f9f80000980609060908,700,Adam,MaxAbsoluteDeviation,9.152397155761719,6.8951568603515625,10.237034699996002
"[23, 23, 23, 8, 8, 17, 8, 8, 8, 8, 8, 11]","['swish', 'tanh', 'swish', 'elu', 'elu', 'swish', 'sigmoid', 'tanh', 'sigmoid', 'tanh', 'swish', 'swish']",f8f9f8000098060906090838,700,Adam,MaxAbsoluteDeviation,9.204631805419922,6.847111701965332,11.18100450001657
"[23, 23, 23, 8, 8, 17, 8, 8, 8, 8, 8, 13]","['swish', 'tanh', 'swish', 'elu', 'elu', 'swish', 'sigmoid', 'tanh', 'sigmoid', 'tanh', 'swish', 'swish']",f8f9f8000098060906090858,700,Adam,MaxAbsoluteDeviation,0.6649319529533386,0.25158119201660156,10.925985399982892
"[23, 23, 23, 8, 8, 17, 8, 8, 8, 8, 8, 13]","['swish', 'tanh', 'swish', 'elu', 'elu', 'swish', 'sigmoid', 'tanh', 'sigmoid', 'tanh', 'tanh', 'swish']",f8f9f8000098060906090958,700,Adam,MaxAbsoluteDeviation,9.166447639465332,6.83538818359375,11.293346200021915
"[23, 23, 23, 8, 8, 17, 8, 8, 8, 8, 8]","['swish', 'tanh', 'swish', 'elu', 'elu', 'swish', 'sigmoid', 'tanh', 'sigmoid', 'tanh', 'swish']",f8f9f80000980609060908,700,Adam,MaxAbsoluteDeviation,9.168724060058594,6.926297664642334,11.1770428000018
"[23, 23, 23, 8, 8, 17, 8, 8, 8, 8, 8, 13]","['swish', 'elu', 'swish', 'elu', 'elu', 'swish', 'sigmoid', 'tanh', 'sigmoid', 'tanh', 'swish', 'swish']",f8f0f8000098060906090858,700,Adam,MaxAbsoluteDeviation,0.7636834979057312,0.22177933156490326,12.706649599946104
"[23, 23, 23, 8, 8, 17, 8, 8, 8, 8, 8, 13]","['swish', 'elu', 'swish', 'elu', 'elu', 'swish', 'sigmoid', 'tanh', 'sigmoid', 'tanh', 'swish', 'swish']",f8f0f8000098060906090858,700,Adam,MaxAbsoluteDeviation,9.23244571685791,6.9004435539245605,11.544598300009966
"[23, 23, 23, 8, 8, 17, 8, 8, 8, 8, 8, 13]","['swish', 'elu', 'swish', 'elu', 'elu', 'swish', 'sigmoid', 'tanh', 'sigmoid', 'tanh', 'swish', 'swish']",f8f0f8000098060906090858,700,Adam,MaxAbsoluteDeviation,0.3929003179073334,0.17898578941822052,10.965150499949232
"[23, 23, 23, 8, 8, 17, 23, 8, 8, 8, 8, 13]","['swish', 'elu', 'swish', 'elu', 'elu', 'swish', 'sigmoid', 'tanh', 'sigmoid', 'tanh', 'swish', 'swish']",f8f0f8000098f60906090858,227,Adam,MaxAbsoluteDeviation,1.1090741157531738,0.5084386467933655,4.4610860999673605
"[23, 23, 23, 8, 8, 17, 23, 8, 8, 8, 8, 13]","['swish', 'elu', 'swish', 'elu', 'elu', 'swish', 'sigmoid', 'tanh', 'sigmoid', 'tanh', 'swish', 'swish']",f8f0f8000098f60906090858,227,Adam,MaxAbsoluteDeviation,0.6184227466583252,0.6771599650382996,4.427239300101064
"[23, 23, 23, 8, 8, 17, 23, 8, 8, 8, 8, 13, 17]","['swish', 'elu', 'swish', 'elu', 'elu', 'swish', 'sigmoid', 'tanh', 'sigmoid', 'tanh', 'swish', 'swish', 'tanh']",f8f0f8000098f6090609085899,227,Adam,MaxAbsoluteDeviation,9.190529823303223,6.905460357666016,4.599999999976717
"[23, 23, 23, 8, 8, 17, 23, 8, 8, 8, 8, 13]","['sigmoid', 'elu', 'swish', 'elu', 'elu', 'swish', 'sigmoid', 'tanh', 'sigmoid', 'tanh', 'swish', 'swish']",f6f0f8000098f60906090858,700,Adam,MaxAbsoluteDeviation,9.193765640258789,7.038013935089111,11.525491600041278
"[23, 23, 23, 8, 8, 17, 23, 8, 8, 8, 8]","['swish', 'elu', 'swish', 'elu', 'elu', 'swish', 'sigmoid', 'tanh', 'sigmoid', 'tanh', 'swish']",f8f0f8000098f609060908,227,Adam,MaxAbsoluteDeviation,0.9593426585197449,0.6895030736923218,4.159785700030625
"[23, 23, 23, 8, 8, 17, 23, 8, 8, 8, 8]","['swish', 'elu', 'swish', 'elu', 'elu', 'swish', 'sigmoid', 'tanh', 'sigmoid', 'tanh', 'swish']",f8f0f8000098f609060908,700,Adam,MaxAbsoluteDeviation,0.6550486087799072,0.49627548456192017,10.568626699969172
"[23, 23, 23, 8, 8, 17, 23, 8, 8, 8, 8, 22]","['swish', 'elu', 'swish', 'elu', 'elu', 'swish', 'sigmoid', 'tanh', 'sigmoid', 'tanh', 'swish', 'sigmoid']",f8f0f8000098f609060908e6,700,Adam,MaxAbsoluteDeviation,0.470001220703125,0.29373523592948914,11.273758600000292
"[23, 23, 23, 8, 8, 23, 23, 8, 8, 8, 8, 22]","['swish', 'elu', 'swish', 'elu', 'elu', 'swish', 'sigmoid', 'tanh', 'sigmoid', 'tanh', 'swish', 'sigmoid']",f8f0f80000f8f609060908e6,700,Adam,MaxAbsoluteDeviation,9.143791198730469,6.701331615447998,10.845148099935614
"[23, 23, 8, 8, 8, 17, 23, 8, 8, 8, 8, 22]","['swish', 'elu', 'swish', 'elu', 'elu', 'swish', 'sigmoid', 'tanh', 'sigmoid', 'tanh', 'swish', 'sigmoid']",f8f008000098f609060908e6,700,Adam,MaxAbsoluteDeviation,9.13440227508545,6.650936126708984,11.382451999932528
"[23, 23, 23, 8, 8, 17, 23, 8, 8, 8, 8, 22]","['swish', 'elu', 'swish', 'elu', 'elu', 'swish', 'sigmoid', 'tanh', 'sigmoid', 'tanh', 'swish', 'swish']",f8f0f8000098f609060908e8,700,Adam,MaxAbsoluteDeviation,0.41750720143318176,0.34822532534599304,12.2041479999898
"[23, 23, 23, 8, 8, 17, 23, 8, 8, 8, 8, 22]","['swish', 'elu', 'swish', 'elu', 'elu', 'swish', 'sigmoid', 'tanh', 'sigmoid', 'tanh', 'swish', 'swish']",f8f0f8000098f609060908e8,395,Adam,MaxAbsoluteDeviation,9.191838264465332,6.700155735015869,6.874802200007252
"[23, 23, 23, 8, 8, 17, 23, 23, 8, 8, 8, 22]","['swish', 'elu', 'swish', 'elu', 'elu', 'swish', 'sigmoid', 'tanh', 'sigmoid', 'tanh', 'swish', 'swish']",f8f0f8000098f6f9060908e8,700,Adam,MaxAbsoluteDeviation,0.6448525190353394,0.4467175304889679,11.324824500014074
"[23, 23, 23, 8, 8, 17, 23, 8, 23, 8, 8]","['swish', 'elu', 'swish', 'elu', 'elu', 'swish', 'sigmoid', 'tanh', 'sigmoid', 'tanh', 'swish']",f8f0f8000098f609f60908,700,Adam,MaxAbsoluteDeviation,0.5433922410011292,0.3117891550064087,10.880102999974042
"[23, 23, 23, 8, 8, 23, 23, 8, 23, 8, 8]","['swish', 'elu', 'swish', 'elu', 'elu', 'swish', 'sigmoid', 'tanh', 'sigmoid', 'tanh', 'swish']",f8f0f80000f8f609f60908,700,Adam,MaxAbsoluteDeviation,9.223408699035645,6.8343000411987305,10.861014000023715
"[23, 23, 23, 8, 8, 17, 23, 8, 23, 8, 8]","['swish', 'elu', 'swish', 'elu', 'elu', 'swish', 'sigmoid', 'swish', 'sigmoid', 'tanh', 'swish']",f8f0f8000098f608f60908,700,Adam,MaxAbsoluteDeviation,0.5618955492973328,0.3853992521762848,10.745819699950516
"[23, 23, 23, 8, 8, 17, 23, 8, 23, 8, 8, 15]","['swish', 'elu', 'swish', 'elu', 'elu', 'swish', 'sigmoid', 'swish', 'sigmoid', 'tanh', 'swish', 'elu']",f8f0f8000098f608f6090870,700,Adam,MaxAbsoluteDeviation,0.426159143447876,0.27851399779319763,11.366006599972025
"[23, 23, 23, 8, 8, 17, 23, 8, 23, 8, 8, 15]","['swish', 'elu', 'swish', 'elu', 'elu', 'swish', 'sigmoid', 'swish', 'sigmoid', 'tanh', 'swish', 'elu']",f8f0f8000098f608f6090870,700,Adam,MaxAbsoluteDeviation,0.5383542776107788,0.23886838555335999,11.226292900042608
"[23, 23, 23, 8, 8, 17, 23, 8, 23, 8, 23, 15]","['swish', 'elu', 'swish', 'elu', 'elu', 'swish', 'sigmoid', 'swish', 'sigmoid', 'tanh', 'swish', 'elu']",f8f0f8000098f608f609f870,700,Adam,MaxAbsoluteDeviation,0.5817289352416992,0.24995103478431702,11.449549100012518
"[23, 23, 23, 8, 8, 17, 23, 8, 23, 8, 23, 23]","['swish', 'elu', 'swish', 'elu', 'elu', 'swish', 'sigmoid', 'swish', 'sigmoid', 'tanh', 'swish', 'elu']",f8f0f8000098f608f609f8f0,700,Adam,MaxAbsoluteDeviation,0.6150388121604919,0.6096299886703491,11.366669999901205
"[8, 23, 23, 8, 8, 17, 23, 8, 23, 8, 23, 15]","['swish', 'elu', 'swish', 'elu', 'elu', 'swish', 'sigmoid', 'swish', 'sigmoid', 'tanh', 'swish', 'elu']",08f0f8000098f608f609f870,700,Adam,MaxAbsoluteDeviation,0.4816890060901642,0.218345046043396,11.465473200078122
"[8, 23, 23, 8, 8, 17, 23, 8, 23, 8, 23, 15]","['swish', 'elu', 'swish', 'elu', 'elu', 'swish', 'sigmoid', 'swish', 'sigmoid', 'tanh', 'swish', 'elu']",08f0f8000098f608f609f870,700,Adam,MaxAbsoluteDeviation,1.228318691253662,0.624622106552124,11.234397000051104
"[8, 23, 23, 8, 8, 17, 23, 8, 23, 8, 23, 15]","['swish', 'elu', 'swish', 'elu', 'elu', 'swish', 'sigmoid', 'swish', 'sigmoid', 'tanh', 'swish', 'elu']",08f0f8000098f608f609f870,341,Adam,MaxAbsoluteDeviation,0.7250581979751587,0.23642408847808838,5.83615720004309
"[8, 23, 23, 8, 8, 17, 23, 8, 8, 8, 23, 15]","['swish', 'elu', 'swish', 'elu', 'elu', 'swish', 'sigmoid', 'swish', 'sigmoid', 'tanh', 'swish', 'elu']",08f0f8000098f6080609f870,341,Adam,MaxAbsoluteDeviation,0.49209359288215637,0.33203262090682983,7.086309000034817
"[8, 23, 23, 8, 8, 17, 23, 8, 8, 8, 23, 15]","['swish', 'elu', 'swish', 'elu', 'elu', 'swish', 'sigmoid', 'swish', 'sigmoid', 'tanh', 'swish', 'elu']",08f0f8000098f6080609f870,700,Adam,MaxAbsoluteDeviation,0.5224202275276184,0.26964738965034485,11.748372199945152
"[8, 23, 23, 8, 8, 17, 23, 8, 8, 8, 23, 15]","['swish', 'elu', 'swish', 'elu', 'elu', 'swish', 'sigmoid', 'swish', 'sigmoid', 'tanh', 'swish', 'elu']",08f0f8000098f6080609f870,700,Adam,MaxAbsoluteDeviation,0.5372968912124634,0.4484751224517822,11.455781499971636
"[8, 23, 23, 8, 8, 17, 23, 8, 8, 8, 23, 15]","['swish', 'elu', 'swish', 'elu', 'elu', 'swish', 'sigmoid', 'swish', 'sigmoid', 'tanh', 'swish', 'elu']",08f0f8000098f6080609f870,700,Adam,MaxAbsoluteDeviation,0.6193482279777527,0.2952776253223419,11.75617280008737
"[8, 23, 23, 8, 8, 17, 23, 8, 8, 8, 23, 15, 17]","['swish', 'elu', 'swish', 'elu', 'elu', 'swish', 'sigmoid', 'swish', 'sigmoid', 'tanh', 'swish', 'elu', 'tanh']",08f0f8000098f6080609f87099,700,Adam,MaxAbsoluteDeviation,9.291441917419434,6.793316841125488,12.38670649996493
"[8, 23, 23, 8, 8, 17, 23, 8, 8, 8, 23, 15]","['swish', 'elu', 'swish', 'elu', 'elu', 'swish', 'sigmoid', 'swish', 'sigmoid', 'tanh', 'swish', 'elu']",08f0f8000098f6080609f870,608,Adam,MaxAbsoluteDeviation,1.0217877626419067,0.4868623614311218,10.04106319998391
"[8, 23, 23, 8, 8, 17, 23, 8, 8, 8, 23, 15]","['swish', 'elu', 'swish', 'elu', 'elu', 'swish', 'sigmoid', 'swish', 'sigmoid', 'tanh', 'swish', 'elu']",08f0f8000098f6080609f870,700,Adam,MaxAbsoluteDeviation,0.4373234510421753,0.2558914124965668,11.702440200024284
"[8, 23, 23, 8, 8, 17, 23, 8, 8, 8, 23, 15]","['swish', 'elu', 'swish', 'elu', 'elu', 'swish', 'sigmoid', 'swish', 'sigmoid', 'tanh', 'swish', 'elu']",08f0f8000098f6080609f870,700,Adam,MaxAbsoluteDeviation,0.6221746206283569,0.3645559549331665,11.02511270006653
"[8, 23, 23, 8, 8, 17, 23, 8, 8, 8, 23, 15]","['swish', 'elu', 'swish', 'elu', 'elu', 'swish', 'sigmoid', 'swish', 'sigmoid', 'tanh', 'swish', 'elu']",08f0f8000098f6080609f870,700,Adam,MaxAbsoluteDeviation,0.39738714694976807,0.5693546533584595,11.449487800011411
"[8, 23, 23, 8, 8, 17, 23, 8, 8, 8]","['swish', 'elu', 'swish', 'elu', 'elu', 'swish', 'sigmoid', 'swish', 'sigmoid', 'tanh']",08f0f8000098f6080609,700,Adam,MaxAbsoluteDeviation,9.151477813720703,6.727133274078369,10.51598839997314
"[8, 23, 23, 8, 8, 17, 23, 8, 8, 8, 23, 15]","['swish', 'elu', 'swish', 'elu', 'elu', 'swish', 'sigmoid', 'swish', 'sigmoid', 'tanh', 'swish', 'elu']",08f0f8000098f6080609f870,700,Adam,MaxAbsoluteDeviation,0.4330008327960968,0.3514619469642639,11.609745800029486
"[8, 23, 23, 8, 8, 17, 23, 8, 8, 8, 23, 15]","['swish', 'elu', 'swish', 'elu', 'elu', 'swish', 'sigmoid', 'swish', 'sigmoid', 'tanh', 'swish', 'elu']",08f0f8000098f6080609f870,700,Adam,MaxAbsoluteDeviation,0.514671802520752,0.32794296741485596,10.874205600004643
"[8, 23, 23, 8, 8, 17, 23, 8, 8, 8, 23]","['swish', 'elu', 'swish', 'elu', 'elu', 'swish', 'sigmoid', 'swish', 'sigmoid', 'tanh', 'swish']",08f0f8000098f6080609f8,700,Adam,MaxAbsoluteDeviation,0.31458523869514465,0.11847072839736938,10.781170999980532
"[8, 23, 23, 8, 8, 17, 23, 8, 8, 23, 23]","['swish', 'elu', 'swish', 'elu', 'elu', 'swish', 'sigmoid', 'swish', 'sigmoid', 'tanh', 'swish']",08f0f8000098f60806f9f8,700,Adam,MaxAbsoluteDeviation,0.5352040529251099,0.1827542632818222,11.089638700010255
"[8, 23, 23, 8, 8, 17, 23, 8, 8, 23]","['swish', 'elu', 'swish', 'elu', 'elu', 'swish', 'sigmoid', 'swish', 'sigmoid', 'tanh']",08f0f8000098f60806f9,700,Adam,MaxAbsoluteDeviation,0.6054646968841553,0.20013101398944855,10.486151100019924
"[8, 23, 23, 8, 8, 17, 23, 8, 8, 23]","['swish', 'elu', 'swish', 'elu', 'elu', 'swish', 'sigmoid', 'swish', 'sigmoid', 'tanh']",08f0f8000098f60806f9,700,Adam,MaxAbsoluteDeviation,0.5280786752700806,0.6428564190864563,10.27163059997838
"[8, 23, 23, 8, 8, 17, 23, 8, 8, 23]","['swish', 'elu', 'swish', 'elu', 'elu', 'swish', 'sigmoid', 'swish', 'sigmoid', 'tanh']",08f0f8000098f60806f9,700,Adam,MaxAbsoluteDeviation,0.5177351236343384,0.3405091166496277,10.02607010002248
"[8, 23, 23, 8, 8, 17, 23, 8, 8, 23]","['swish', 'elu', 'swish', 'elu', 'elu', 'swish', 'sigmoid', 'swish', 'sigmoid', 'tanh']",08f0f8000098f60806f9,700,Adam,MaxAbsoluteDeviation,0.45924341678619385,0.2824937701225281,10.134166200063191
"[8, 23, 23, 8, 8, 17, 23, 8, 8, 23, 18]","['swish', 'elu', 'swish', 'elu', 'elu', 'swish', 'sigmoid', 'swish', 'sigmoid', 'tanh', 'elu']",08f0f8000098f60806f9a0,100,Adam,MaxAbsoluteDeviation,0.5770528316497803,0.3961193561553955,2.3769760000286624
"[8, 23, 23, 8, 8, 17, 23, 8, 8, 23]","['swish', 'elu', 'swish', 'elu', 'elu', 'swish', 'sigmoid', 'swish', 'sigmoid', 'tanh']",08f0f8000098f60806f9,100,Adam,MaxAbsoluteDeviation,0.615801990032196,0.25782471895217896,2.278186699957587
"[8, 23, 23, 8, 8, 17, 23, 8, 8, 20]","['swish', 'elu', 'swish', 'elu', 'elu', 'swish', 'sigmoid', 'swish', 'sigmoid', 'tanh']",08f0f8000098f60806c9,100,Adam,MaxAbsoluteDeviation,0.8095756769180298,0.4171556234359741,2.218369900016114
"[8, 23, 23, 8, 8, 17, 23, 8, 8]","['swish', 'elu', 'swish', 'elu', 'elu', 'swish', 'sigmoid', 'swish', 'sigmoid']",08f0f8000098f60806,100,Adam,MaxAbsoluteDeviation,9.098045349121094,6.745172023773193,2.106831599958241
"[8, 23, 23, 8, 8, 17, 23, 8, 8]","['swish', 'elu', 'swish', 'elu', 'elu', 'swish', 'sigmoid', 'swish', 'sigmoid']",08f0f8000098f60806,100,Adam,MaxAbsoluteDeviation,9.039371490478516,6.789107799530029,2.1223535999888554
"[8, 23, 23, 8, 8, 17, 23, 8, 8, 20]","['swish', 'elu', 'swish', 'elu', 'elu', 'swish', 'sigmoid', 'swish', 'sigmoid', 'tanh']",08f0f8000098f60806c9,700,Adam,MaxAbsoluteDeviation,9.134716033935547,6.662930488586426,10.157224199967459
"[8, 23, 23, 8, 8, 17, 23, 8, 8, 20]","['swish', 'elu', 'swish', 'elu', 'elu', 'swish', 'sigmoid', 'swish', 'sigmoid', 'tanh']",08f0f8000098f60806c9,700,Adam,MaxAbsoluteDeviation,0.7404811382293701,0.27830249071121216,10.146721299970523
"[8, 23, 23, 8, 8, 17, 23, 8, 8, 20]","['sigmoid', 'elu', 'swish', 'elu', 'elu', 'swish', 'sigmoid', 'swish', 'sigmoid', 'tanh']",06f0f8000098f60806c9,700,Adam,MaxAbsoluteDeviation,8.94027328491211,6.687066078186035,10.407805699971505
"[8, 23, 23, 8, 8, 17, 23, 8, 8, 20]","['swish', 'elu', 'swish', 'elu', 'elu', 'swish', 'sigmoid', 'swish', 'sigmoid', 'tanh']",08f0f8000098f60806c9,700,Adam,MaxAbsoluteDeviation,0.5645963549613953,0.326689213514328,11.250380799989216
"[8, 23, 23, 8, 8, 17, 23, 8, 8, 20]","['swish', 'elu', 'swish', 'elu', 'elu', 'swish', 'sigmoid', 'swish', 'sigmoid', 'tanh']",08f0f8000098f60806c9,700,Adam,MaxAbsoluteDeviation,0.39077872037887573,0.3424583375453949,10.876487399917096
"[8, 23, 23, 23, 8, 17, 23, 8, 8, 20]","['swish', 'elu', 'swish', 'elu', 'elu', 'swish', 'sigmoid', 'swish', 'sigmoid', 'tanh']",08f0f8f00098f60806c9,700,Adam,MaxAbsoluteDeviation,0.5651903748512268,0.35908302664756775,10.557024399982765
"[8, 23, 23, 23, 8, 8, 23, 8, 8, 20]","['swish', 'elu', 'swish', 'elu', 'elu', 'swish', 'sigmoid', 'swish', 'sigmoid', 'tanh']",08f0f8f00008f60806c9,126,Adam,MaxAbsoluteDeviation,1.8257920742034912,0.8207586407661438,2.6780918000731617
"[8, 23, 23, 23, 8, 17, 23, 8, 8, 20]","['swish', 'elu', 'swish', 'elu', 'elu', 'swish', 'sigmoid', 'swish', 'sigmoid', 'tanh']",08f0f8f00098f60806c9,700,Adam,MaxAbsoluteDeviation,0.5160104632377625,0.37854522466659546,10.676699699950404
"[8, 23, 23, 23, 8, 17, 23, 8, 8]","['swish', 'elu', 'swish', 'elu', 'elu', 'swish', 'sigmoid', 'swish', 'sigmoid']",08f0f8f00098f60806,674,Adam,MaxAbsoluteDeviation,9.171606063842773,6.697732448577881,9.852157699991949
"[8, 23, 23, 23, 8, 17, 23, 8, 8, 20]","['swish', 'elu', 'swish', 'elu', 'elu', 'swish', 'sigmoid', 'swish', 'sigmoid', 'tanh']",08f0f8f00098f60806c9,700,Adam,MaxAbsoluteDeviation,9.140932083129883,6.702015399932861,10.380906299920753
"[8, 23, 23, 23, 8, 17, 23, 8, 8, 20]","['swish', 'elu', 'swish', 'elu', 'elu', 'swish', 'sigmoid', 'swish', 'sigmoid', 'tanh']",08f0f8f00098f60806c9,700,Adam,MaxAbsoluteDeviation,0.5691946744918823,0.44848641753196716,10.42599319992587
"[8, 23, 23, 23, 8, 17, 23, 8, 8, 20]","['swish', 'elu', 'swish', 'elu', 'elu', 'swish', 'sigmoid', 'swish', 'sigmoid', 'tanh']",08f0f8f00098f60806c9,700,Adam,MaxAbsoluteDeviation,0.42670848965644836,0.33128196001052856,9.96514479990583
"[8, 23, 23, 23, 8, 23, 23, 8, 8, 20]","['swish', 'elu', 'swish', 'elu', 'elu', 'swish', 'sigmoid', 'swish', 'sigmoid', 'tanh']",08f0f8f000f8f60806c9,700,Adam,MaxAbsoluteDeviation,0.35023850202560425,0.13222083449363708,10.316662700031884
"[8, 23, 23, 23, 8, 23, 23, 8, 8, 20]","['swish', 'elu', 'swish', 'elu', 'elu', 'swish', 'sigmoid', 'swish', 'sigmoid', 'tanh']",08f0f8f000f8f60806c9,700,Adam,MaxAbsoluteDeviation,0.7709435820579529,0.5002874135971069,10.282614500029013
"[8, 23, 23, 23, 8, 23, 23, 8, 8, 20, 18]","['swish', 'elu', 'swish', 'elu', 'elu', 'swish', 'sigmoid', 'swish', 'sigmoid', 'tanh', 'sigmoid']",08f0f8f000f8f60806c9a6,700,Adam,MaxAbsoluteDeviation,8.980430603027344,6.808656215667725,10.863875099923462
"[8, 23, 23, 8, 8, 23, 23, 8, 8, 20]","['swish', 'elu', 'swish', 'elu', 'elu', 'swish', 'sigmoid', 'swish', 'sigmoid', 'tanh']",08f0f80000f8f60806c9,700,Adam,MaxAbsoluteDeviation,0.6567162871360779,0.5258703231811523,10.10050079994835
"[8, 8, 23, 8, 8, 23, 23, 8, 8, 20]","['swish', 'elu', 'swish', 'elu', 'elu', 'swish', 'tanh', 'swish', 'sigmoid', 'tanh']",0800f80000f8f90806c9,700,Adam,MaxAbsoluteDeviation,9.115242004394531,6.9931793212890625,10.235153199988417
"[8, 23, 23, 8, 8, 23, 23, 8, 8, 20, 20]","['swish', 'elu', 'swish', 'elu', 'elu', 'swish', 'sigmoid', 'swish', 'sigmoid', 'tanh', 'sigmoid']",08f0f80000f8f60806c9c6,700,Adam,MaxAbsoluteDeviation,0.3980204463005066,0.29373711347579956,10.503639900009148
"[8, 23, 23, 8, 8, 23, 23, 8, 8, 20]","['swish', 'elu', 'swish', 'elu', 'elu', 'swish', 'sigmoid', 'swish', 'sigmoid', 'tanh']",08f0f80000f8f60806c9,523,Adam,MaxAbsoluteDeviation,0.5279266238212585,0.45212334394454956,8.224092800053768
"[8, 23, 23, 8, 8, 23, 23, 8, 8]","['swish', 'elu', 'swish', 'elu', 'elu', 'swish', 'sigmoid', 'swish', 'sigmoid']",08f0f80000f8f60806,523,Adam,MaxAbsoluteDeviation,0.45190179347991943,0.3175504803657532,7.5700288999360055
"[8, 23, 23, 8, 8, 23, 23, 8, 8, 11]","['swish', 'elu', 'swish', 'elu', 'elu', 'swish', 'sigmoid', 'swish', 'sigmoid', 'swish']",08f0f80000f8f6080638,523,Adam,MaxAbsoluteDeviation,0.7987802028656006,0.5179764032363892,8.155000299913809
"[8, 23, 23, 8, 8, 23, 23, 8, 8, 11]","['swish', 'elu', 'swish', 'elu', 'elu', 'swish', 'sigmoid', 'swish', 'sigmoid', 'swish']",08f0f80000f8f6080638,271,Adam,MaxAbsoluteDeviation,9.21518325805664,6.829185962677002,4.69305160001386
"[8, 23, 23, 8, 8, 23, 23, 8, 8, 11, 16]","['swish', 'elu', 'swish', 'elu', 'elu', 'swish', 'sigmoid', 'swish', 'sigmoid', 'swish', 'sigmoid']",08f0f80000f8f608063886,523,Adam,MaxAbsoluteDeviation,9.035798072814941,6.629148960113525,8.568003499996848
"[8, 23, 23, 8, 8, 23, 23, 8, 8, 11, 12]","['swish', 'elu', 'swish', 'elu', 'elu', 'swish', 'sigmoid', 'swish', 'sigmoid', 'swish', 'elu']",08f0f80000f8f608063840,523,Adam,MaxAbsoluteDeviation,0.33028000593185425,0.17756427824497223,8.62584369990509
"[8, 23, 23, 8, 8, 23, 23, 8, 8, 11, 12, 12]","['swish', 'elu', 'swish', 'elu', 'elu', 'swish', 'sigmoid', 'swish', 'sigmoid', 'swish', 'elu', 'tanh']",08f0f80000f8f60806384049,523,Adam,MaxAbsoluteDeviation,9.18933391571045,6.70704460144043,8.97146580007393
"[8, 23, 23, 8, 8, 23, 23, 8, 8, 11, 12]","['swish', 'elu', 'swish', 'elu', 'elu', 'swish', 'sigmoid', 'swish', 'sigmoid', 'swish', 'elu']",08f0f80000f8f608063840,117,Adam,MaxAbsoluteDeviation,0.6255634427070618,0.18321868777275085,2.675750800059177
"[8, 23, 23, 8, 8, 23, 23, 8, 8, 11, 12]","['swish', 'elu', 'swish', 'sigmoid', 'elu', 'swish', 'sigmoid', 'swish', 'sigmoid', 'swish', 'elu']",08f0f80600f8f608063840,117,Adam,MaxAbsoluteDeviation,0.7095426321029663,0.4206819236278534,2.6679856999544427
"[8, 23, 23, 8, 8, 23, 23, 8, 8, 11, 12]","['swish', 'elu', 'swish', 'sigmoid', 'elu', 'swish', 'sigmoid', 'swish', 'sigmoid', 'swish', 'elu']",08f0f80600f8f608063840,700,Adam,MaxAbsoluteDeviation,0.5052999258041382,0.4829327464103699,10.89474290004
"[8, 23, 23, 8, 8, 23, 23, 8, 8, 11, 12, 11]","['swish', 'elu', 'swish', 'sigmoid', 'elu', 'swish', 'sigmoid', 'swish', 'sigmoid', 'swish', 'elu', 'swish']",08f0f80600f8f60806384038,700,Adam,MaxAbsoluteDeviation,0.5627598762512207,0.2368934601545334,11.639461499988101
"[8, 23, 23, 8, 8, 23, 23, 8, 8, 11, 12, 11]","['swish', 'elu', 'swish', 'sigmoid', 'elu', 'swish', 'sigmoid', 'swish', 'sigmoid', 'swish', 'elu', 'swish']",08f0f80600f8f60806384038,149,Adam,MaxAbsoluteDeviation,0.7540073990821838,0.4714968800544739,3.3180087000364438
"[8, 23, 8, 8, 8, 23, 23, 8, 8, 11, 12, 11]","['swish', 'elu', 'swish', 'sigmoid', 'elu', 'swish', 'sigmoid', 'swish', 'sigmoid', 'swish', 'elu', 'swish']",08f0080600f8f60806384038,700,Adam,MaxAbsoluteDeviation,0.5282619595527649,0.27756789326667786,11.116609299904667
"[8, 23, 8, 8, 8, 23, 23, 8, 8, 11, 12, 11, 15]","['swish', 'elu', 'swish', 'sigmoid', 'elu', 'swish', 'sigmoid', 'swish', 'sigmoid', 'swish', 'elu', 'swish', 'tanh']",08f0080600f8f6080638403879,700,Adam,MaxAbsoluteDeviation,0.2495182603597641,0.25257354974746704,14.61622259998694
"[8, 23, 8, 8, 8, 23, 23, 8, 8, 11, 12, 11]","['swish', 'elu', 'swish', 'sigmoid', 'elu', 'swish', 'sigmoid', 'swish', 'sigmoid', 'swish', 'elu', 'swish']",08f0080600f8f60806384038,700,Adam,MaxAbsoluteDeviation,0.41639474034309387,0.2365965098142624,12.46876110008452
"[8, 23, 8, 8, 8, 23, 23, 8, 8, 11, 12, 11, 20]","['swish', 'elu', 'swish', 'sigmoid', 'elu', 'swish', 'sigmoid', 'swish', 'sigmoid', 'swish', 'elu', 'swish', 'elu']",08f0080600f8f60806384038c0,197,Adam,MaxAbsoluteDeviation,0.4997853934764862,0.5116122961044312,4.528918899944983
"[8, 23, 8, 8, 8, 23, 23, 8, 8, 11, 12, 23, 20]","['swish', 'elu', 'swish', 'sigmoid', 'elu', 'swish', 'sigmoid', 'swish', 'sigmoid', 'swish', 'elu', 'swish', 'elu']",08f0080600f8f608063840f8c0,197,Adam,MaxAbsoluteDeviation,0.792405366897583,0.5065343379974365,4.471577599993907
"[8, 23, 8, 8, 8, 23, 23, 8, 8, 11, 12, 23, 20]","['swish', 'elu', 'swish', 'sigmoid', 'elu', 'swish', 'sigmoid', 'swish', 'sigmoid', 'swish', 'elu', 'swish', 'elu']",08f0080600f8f608063840f8c0,197,Adam,MaxAbsoluteDeviation,1.1492046117782593,0.5302029848098755,4.494129600003362
"[8, 23, 8, 8, 8, 23, 23, 8, 8, 11, 12, 23, 20, 9]","['swish', 'elu', 'swish', 'sigmoid', 'elu', 'swish', 'sigmoid', 'swish', 'sigmoid', 'swish', 'elu', 'swish', 'elu', 'tanh']",08f0080600f8f608063840f8c019,197,Adam,MaxAbsoluteDeviation,9.152410507202148,6.828436374664307,4.749855300062336
"[8, 23, 8, 8, 8, 23, 23, 8, 8, 11, 12, 23, 20, 16]","['swish', 'elu', 'swish', 'sigmoid', 'elu', 'swish', 'sigmoid', 'swish', 'sigmoid', 'swish', 'elu', 'swish', 'elu', 'sigmoid']",08f0080600f8f608063840f8c086,197,Adam,MaxAbsoluteDeviation,9.032327651977539,6.671768665313721,4.597527100006118
"[8, 23, 8, 8, 8, 23, 23, 8, 8, 11, 12, 23]","['swish', 'elu', 'swish', 'sigmoid', 'elu', 'swish', 'sigmoid', 'swish', 'sigmoid', 'swish', 'elu', 'swish']",08f0080600f8f608063840f8,197,Adam,MaxAbsoluteDeviation,0.7805517315864563,0.5598013401031494,3.9438201999291778
"[8, 23, 8, 8, 8, 23, 23, 8, 8, 11, 12, 23]","['swish', 'elu', 'swish', 'sigmoid', 'elu', 'swish', 'sigmoid', 'swish', 'sigmoid', 'swish', 'elu', 'tanh']",08f0080600f8f608063840f9,197,Adam,MaxAbsoluteDeviation,9.228873252868652,6.790136814117432,3.9110387000255287
"[8, 23, 8, 8, 8, 23, 23, 8, 8, 11, 12, 23]","['swish', 'elu', 'swish', 'sigmoid', 'elu', 'swish', 'sigmoid', 'swish', 'sigmoid', 'swish', 'elu', 'swish']",08f0080600f8f608063840f8,700,Adam,MaxAbsoluteDeviation,0.46925270557403564,0.2800948917865753,11.366633599973284
"[8, 23, 8, 8, 8, 23, 23, 8, 8, 11, 12, 23]","['swish', 'elu', 'swish', 'sigmoid', 'elu', 'swish', 'sigmoid', 'swish', 'sigmoid', 'swish', 'elu', 'swish']",08f0080600f8f608063840f8,383,Adam,MaxAbsoluteDeviation,0.9207659959793091,0.3280079662799835,6.632842699997127
"[8, 23, 8, 8, 8, 23, 23, 8, 8, 11, 12, 23]","['swish', 'elu', 'swish', 'sigmoid', 'elu', 'swish', 'elu', 'swish', 'sigmoid', 'swish', 'elu', 'swish']",08f0080600f8f008063840f8,383,Adam,MaxAbsoluteDeviation,0.7828410267829895,0.532585084438324,6.7085967999883
"[8, 23, 8, 8, 8, 23, 23, 8, 8, 11, 12, 23]","['swish', 'tanh', 'swish', 'sigmoid', 'elu', 'swish', 'elu', 'swish', 'sigmoid', 'swish', 'elu', 'swish']",08f9080600f8f008063840f8,383,Adam,MaxAbsoluteDeviation,0.6243811845779419,0.3942796289920807,7.734865200007334
"[8, 23, 8, 8, 8, 23, 23, 8, 8, 11, 12]","['swish', 'tanh', 'swish', 'sigmoid', 'elu', 'swish', 'elu', 'swish', 'sigmoid', 'swish', 'elu']",08f9080600f8f008063840,383,Adam,MaxAbsoluteDeviation,0.8499326109886169,0.6159898638725281,6.372282600030303
"[8, 23, 8, 8, 8, 23, 23, 8, 8, 11, 12]","['swish', 'tanh', 'swish', 'sigmoid', 'elu', 'swish', 'elu', 'swish', 'sigmoid', 'swish', 'elu']",08f9080600f8f008063840,700,Adam,MaxAbsoluteDeviation,9.029905319213867,6.6746745109558105,10.994152099941857
"[8, 23, 8, 8, 8, 23, 23, 8, 8, 11, 12]","['swish', 'tanh', 'swish', 'sigmoid', 'elu', 'swish', 'elu', 'swish', 'sigmoid', 'swish', 'elu']",08f9080600f8f008063840,700,Adam,MaxAbsoluteDeviation,9.164963722229004,6.750050067901611,11.06671219994314
"[8, 23, 8, 8, 8, 23, 23, 8, 8, 11]","['swish', 'tanh', 'swish', 'sigmoid', 'elu', 'swish', 'elu', 'swish', 'sigmoid', 'swish']",08f9080600f8f0080638,383,Adam,MaxAbsoluteDeviation,9.264167785644531,6.882409572601318,6.387244199984707
"[8, 23, 8, 8, 8, 23, 23, 8, 8, 11, 12, 23]","['swish', 'tanh', 'swish', 'sigmoid', 'elu', 'swish', 'elu', 'swish', 'sigmoid', 'swish', 'elu', 'elu']",08f9080600f8f008063840f0,383,Adam,MaxAbsoluteDeviation,0.6560337543487549,0.2709740698337555,6.49624660005793
"[8, 23, 8, 8, 8, 23, 23, 8, 8, 11, 12, 23, 17]","['swish', 'tanh', 'swish', 'sigmoid', 'elu', 'swish', 'elu', 'swish', 'sigmoid', 'swish', 'elu', 'elu', 'elu']",08f9080600f8f008063840f090,383,Adam,MaxAbsoluteDeviation,0.5280001759529114,0.3119489550590515,7.248349600005895
"[8, 23, 8, 8, 8, 23, 23, 8, 8, 11, 12, 23]","['swish', 'tanh', 'swish', 'sigmoid', 'elu', 'swish', 'elu', 'swish', 'sigmoid', 'swish', 'elu', 'elu']",08f9080600f8f008063840f0,185,Adam,MaxAbsoluteDeviation,1.0015404224395752,0.3770886957645416,3.7338595000328496
"[8, 23, 8, 8, 8, 23, 23, 8, 8, 11, 12]","['swish', 'tanh', 'swish', 'sigmoid', 'elu', 'swish', 'elu', 'swish', 'sigmoid', 'swish', 'elu']",08f9080600f8f008063840,185,Adam,MaxAbsoluteDeviation,9.144549369812012,6.430212020874023,3.5497555000474676
"[8, 23, 8, 8, 8, 23, 23, 8, 23, 11, 12, 23, 15]","['swish', 'tanh', 'swish', 'sigmoid', 'elu', 'swish', 'elu', 'swish', 'sigmoid', 'swish', 'elu', 'elu', 'sigmoid']",08f9080600f8f008f63840f076,185,Adam,MaxAbsoluteDeviation,9.038585662841797,6.8029465675354,3.983062099898234
"[8, 23, 8, 8, 8, 8, 23, 8, 8, 11, 12, 23]","['swish', 'tanh', 'swish', 'sigmoid', 'elu', 'swish', 'elu', 'swish', 'sigmoid', 'swish', 'elu', 'elu']",08f908060008f008063840f0,185,Adam,MaxAbsoluteDeviation,0.8625817894935608,0.70512855052948,3.699676600052044
"[8, 23, 8, 8, 8, 8, 23, 8, 8, 11, 12, 23]","['swish', 'tanh', 'swish', 'sigmoid', 'elu', 'swish', 'elu', 'swish', 'sigmoid', 'swish', 'elu', 'elu']",08f908060008f008063840f0,700,Adam,MaxAbsoluteDeviation,0.4267856180667877,0.2049364149570465,10.669846200034954
"[8, 23, 8, 8, 8, 8, 23, 8, 8, 11, 12]","['swish', 'tanh', 'swish', 'sigmoid', 'elu', 'swish', 'elu', 'swish', 'sigmoid', 'swish', 'elu']",08f908060008f008063840,700,Adam,MaxAbsoluteDeviation,0.3293708562850952,0.15454240143299103,10.852899699937552
"[8, 23, 8, 8, 8, 8, 23, 8, 8, 11, 12]","['swish', 'tanh', 'swish', 'sigmoid', 'elu', 'swish', 'elu', 'swish', 'sigmoid', 'swish', 'elu']",08f908060008f008063840,700,Adam,MaxAbsoluteDeviation,0.5001863837242126,0.35587605834007263,12.013898300006986
"[8, 23, 8, 8, 8, 8, 23, 8, 8, 11]","['swish', 'tanh', 'swish', 'sigmoid', 'elu', 'swish', 'elu', 'swish', 'sigmoid', 'swish']",08f908060008f0080638,700,Adam,MaxAbsoluteDeviation,0.6727179884910583,0.2859452962875366,10.617319299955852
"[8, 23, 8, 8, 8, 8, 23, 8, 8, 11]","['swish', 'tanh', 'swish', 'sigmoid', 'elu', 'swish', 'elu', 'swish', 'sigmoid', 'swish']",08f908060008f0080638,700,Adam,MaxAbsoluteDeviation,0.6201651692390442,0.6126140356063843,10.804975199978799
"[8, 23, 8, 8, 8, 8, 23, 8, 8, 11]","['swish', 'tanh', 'swish', 'sigmoid', 'elu', 'tanh', 'elu', 'swish', 'sigmoid', 'swish']",08f908060009f0080638,700,Adam,MaxAbsoluteDeviation,9.134422302246094,6.756208419799805,10.030960300005972
"[23, 23, 8, 8, 8, 8, 23, 8, 8, 11]","['swish', 'tanh', 'swish', 'sigmoid', 'elu', 'swish', 'elu', 'swish', 'sigmoid', 'swish']",f8f908060008f0080638,700,Adam,MaxAbsoluteDeviation,0.4481602609157562,0.1305958777666092,10.784775299951434
"[23, 23, 8, 8, 8, 8, 23, 8, 8, 11, 14]","['swish', 'tanh', 'swish', 'sigmoid', 'elu', 'swish', 'elu', 'swish', 'sigmoid', 'swish', 'elu']",f8f908060008f008063860,700,Adam,MaxAbsoluteDeviation,0.5358671545982361,0.22295543551445007,11.186783299897797
"[23, 23, 8, 8, 8, 8, 23, 8, 8, 11]","['swish', 'tanh', 'swish', 'sigmoid', 'elu', 'swish', 'elu', 'swish', 'sigmoid', 'swish']",f8f908060008f0080638,700,Adam,MaxAbsoluteDeviation,0.5058714151382446,0.3204212188720703,10.325900300056674
"[23, 23, 8, 8, 8, 8, 23, 8, 8]","['swish', 'tanh', 'swish', 'sigmoid', 'elu', 'swish', 'elu', 'swish', 'sigmoid']",f8f908060008f00806,700,Adam,MaxAbsoluteDeviation,9.01827621459961,6.744373798370361,9.755202100030147
"[13, 23, 8, 8, 8, 8, 23, 8, 8, 11]","['swish', 'tanh', 'swish', 'sigmoid', 'elu', 'swish', 'elu', 'swish', 'sigmoid', 'swish']",58f908060008f0080638,700,Adam,MaxAbsoluteDeviation,0.41706448793411255,0.40897002816200256,10.460579800070263
"[13, 23, 8, 8, 8, 8, 23, 8, 8, 11]","['swish', 'tanh', 'swish', 'sigmoid', 'elu', 'swish', 'elu', 'swish', 'sigmoid', 'swish']",58f908060008f0080638,700,Adam,MaxAbsoluteDeviation,9.135403633117676,7.083881378173828,10.301216099993326
"[13, 23, 8, 23, 8, 8, 23, 8, 8, 11]","['swish', 'tanh', 'swish', 'sigmoid', 'elu', 'swish', 'elu', 'swish', 'sigmoid', 'swish']",58f908f60008f0080638,700,Adam,MaxAbsoluteDeviation,0.44043272733688354,0.15324287116527557,10.030439900001511
"[13, 23, 8, 23, 8, 8, 23, 8, 8, 11]","['tanh', 'tanh', 'swish', 'sigmoid', 'elu', 'swish', 'elu', 'swish', 'sigmoid', 'swish']",59f908f60008f0080638,700,Adam,MaxAbsoluteDeviation,9.154423713684082,6.900633335113525,9.891022600000724
"[13, 23, 8, 23, 8, 8, 23, 8, 8]","['swish', 'tanh', 'swish', 'sigmoid', 'elu', 'swish', 'elu', 'swish', 'sigmoid']",58f908f60008f00806,700,Adam,MaxAbsoluteDeviation,9.083849906921387,6.649236679077148,9.768617700086907
"[13, 23, 8, 23, 8, 8, 23, 8, 8, 11]","['swish', 'tanh', 'swish', 'sigmoid', 'elu', 'swish', 'elu', 'swish', 'sigmoid', 'swish']",58f908f60008f0080638,700,Adam,MaxAbsoluteDeviation,0.24150682985782623,0.1997242420911789,10.161755600012839
"[13, 23, 8, 23, 8, 8, 23, 8, 8, 11, 18]","['swish', 'tanh', 'swish', 'sigmoid', 'elu', 'swish', 'elu', 'swish', 'sigmoid', 'swish', 'sigmoid']",58f908f60008f0080638a6,700,Adam,MaxAbsoluteDeviation,9.104055404663086,6.677567958831787,11.596599400043488
"[13, 23, 8, 23, 8, 8, 23, 8, 8]","['swish', 'tanh', 'swish', 'sigmoid', 'elu', 'swish', 'elu', 'swish', 'sigmoid']",58f908f60008f00806,700,Adam,MaxAbsoluteDeviation,9.114171028137207,6.771826267242432,10.31418730004225
"[13, 23, 23, 23, 8, 8, 23, 8, 8, 11]","['swish', 'tanh', 'swish', 'sigmoid', 'elu', 'swish', 'elu', 'swish', 'sigmoid', 'swish']",58f9f8f60008f0080638,700,Adam,MaxAbsoluteDeviation,8.980998992919922,6.714921474456787,10.441393900080584
"[13, 23, 8, 23, 8, 8, 23, 8, 8, 11]","['swish', 'tanh', 'swish', 'sigmoid', 'elu', 'swish', 'elu', 'elu', 'sigmoid', 'swish']",58f908f60008f0000638,700,Adam,MaxAbsoluteDeviation,0.5859284996986389,0.2700313627719879,10.53680609993171
"[13, 23, 8, 23, 8, 8, 23, 8, 8, 11]","['swish', 'tanh', 'swish', 'sigmoid', 'elu', 'swish', 'elu', 'elu', 'sigmoid', 'swish']",58f908f60008f0000638,700,Adam,MaxAbsoluteDeviation,9.128673553466797,6.683696269989014,10.305286800023168
"[13, 23, 8, 23, 8, 8, 23, 8, 8, 11]","['swish', 'tanh', 'swish', 'sigmoid', 'elu', 'swish', 'elu', 'elu', 'sigmoid', 'swish']",58f908f60008f0000638,700,Adam,MaxAbsoluteDeviation,9.116369247436523,6.670874118804932,10.317643700051121
"[13, 23, 8, 23, 8, 8, 23, 8, 8, 11]","['swish', 'tanh', 'swish', 'sigmoid', 'elu', 'swish', 'elu', 'elu', 'sigmoid', 'swish']",58f908f60008f0000638,700,Adam,MaxAbsoluteDeviation,0.5205520987510681,0.3254649341106415,10.7294843000127
"[13, 23, 8, 23, 8, 8, 8, 8, 8, 11]","['swish', 'tanh', 'swish', 'sigmoid', 'elu', 'swish', 'elu', 'elu', 'sigmoid', 'swish']",58f908f6000800000638,700,Adam,MaxAbsoluteDeviation,0.4130597412586212,0.28911206126213074,10.088740900042467
"[13, 23, 8, 23, 8, 8, 8, 8, 8, 11, 14]","['swish', 'tanh', 'swish', 'sigmoid', 'elu', 'swish', 'elu', 'elu', 'sigmoid', 'swish', 'swish']",58f908f600080000063868,700,Adam,MaxAbsoluteDeviation,0.6610325574874878,0.3979807198047638,10.895394300110638
"[13, 23, 8, 23, 8, 8, 8, 8, 8, 23]","['swish', 'tanh', 'swish', 'sigmoid', 'elu', 'swish', 'elu', 'elu', 'sigmoid', 'swish']",58f908f60008000006f8,700,Adam,MaxAbsoluteDeviation,9.174175262451172,6.7731170654296875,10.138244400033727
"[13, 23, 8, 23, 8, 10, 8, 8, 8, 11, 14]","['swish', 'tanh', 'swish', 'sigmoid', 'elu', 'swish', 'elu', 'elu', 'sigmoid', 'swish', 'swish']",58f908f600280000063868,700,Adam,MaxAbsoluteDeviation,0.363196462392807,0.14416836202144623,10.655658799922094
"[13, 23, 8, 23, 8, 10, 8, 8, 8, 11, 14]","['swish', 'tanh', 'swish', 'sigmoid', 'elu', 'swish', 'elu', 'elu', 'sigmoid', 'elu', 'swish']",58f908f600280000063068,700,Adam,MaxAbsoluteDeviation,0.21996477246284485,0.15111792087554932,10.600930499960668
"[13, 23, 8, 23, 8, 10, 8, 8, 8, 11, 14, 14]","['swish', 'tanh', 'swish', 'sigmoid', 'elu', 'swish', 'elu', 'elu', 'sigmoid', 'elu', 'swish', 'swish']",58f908f60028000006306868,700,Adam,MaxAbsoluteDeviation,0.4780513644218445,0.3307696580886841,10.898641900043003
"[13, 23, 8, 23, 8, 10, 8, 8, 23, 11, 14]","['swish', 'tanh', 'swish', 'sigmoid', 'elu', 'swish', 'elu', 'elu', 'sigmoid', 'elu', 'swish']",58f908f600280000f63068,318,Adam,MaxAbsoluteDeviation,0.8119198679924011,0.33325567841529846,5.290601200074889
"[13, 23, 8, 23, 8, 10, 8, 8, 8, 11, 14, 15]","['swish', 'tanh', 'swish', 'sigmoid', 'elu', 'swish', 'elu', 'elu', 'sigmoid', 'elu', 'swish', 'sigmoid']",58f908f60028000006306876,700,Adam,MaxAbsoluteDeviation,9.082433700561523,6.766965389251709,12.157097699935548
"[13, 23, 8, 23, 8, 10, 8, 8, 8, 11, 14]","['swish', 'tanh', 'swish', 'sigmoid', 'elu', 'swish', 'elu', 'elu', 'sigmoid', 'elu', 'swish']",58f908f600280000063068,700,Adam,MaxAbsoluteDeviation,0.37072518467903137,0.14092648029327393,10.923897400032729
"[13, 23, 8, 23, 8, 10, 8, 8, 8, 11, 13]","['swish', 'tanh', 'swish', 'sigmoid', 'elu', 'swish', 'elu', 'elu', 'sigmoid', 'elu', 'sigmoid']",58f908f600280000063056,700,Adam,MaxAbsoluteDeviation,9.04034423828125,6.820735931396484,11.143260700046085
"[13, 23, 8, 23, 8, 10, 8, 8, 8, 11, 14]","['swish', 'tanh', 'swish', 'sigmoid', 'elu', 'swish', 'elu', 'elu', 'sigmoid', 'elu', 'swish']",58f908f600280000063068,700,Adam,MaxAbsoluteDeviation,0.8225642442703247,0.5717397332191467,10.903773700003512
"[13, 23, 8, 23, 8, 10, 8, 8, 8, 11, 14]","['swish', 'tanh', 'swish', 'sigmoid', 'elu', 'swish', 'elu', 'elu', 'sigmoid', 'elu', 'swish']",58f908f600280000063068,700,Adam,MaxAbsoluteDeviation,0.5758528709411621,0.4447496831417084,11.081254699965939
"[13, 23, 8, 23, 8, 10, 23, 8, 8, 11, 14]","['swish', 'tanh', 'swish', 'sigmoid', 'elu', 'swish', 'elu', 'elu', 'sigmoid', 'elu', 'swish']",58f908f60028f000063068,700,Adam,MaxAbsoluteDeviation,9.250402450561523,6.941368579864502,11.27149960002862
"[13, 23, 8, 23, 8, 10, 8, 8, 8, 11, 14]","['swish', 'tanh', 'swish', 'sigmoid', 'elu', 'swish', 'elu', 'elu', 'sigmoid', 'elu', 'swish']",58f908f600280000063068,551,Adam,MaxAbsoluteDeviation,0.695539116859436,0.564012885093689,8.75288519996684
"[13, 23, 8, 23, 8, 10, 8, 8, 8, 11, 14]","['swish', 'tanh', 'swish', 'sigmoid', 'elu', 'swish', 'elu', 'elu', 'sigmoid', 'elu', 'swish']",58f908f600280000063068,700,Adam,MaxAbsoluteDeviation,0.41190487146377563,0.21985512971878052,10.851991900010034
"[13, 23, 8, 23, 8, 10, 8, 8, 8, 11, 14]","['swish', 'tanh', 'swish', 'swish', 'elu', 'swish', 'elu', 'elu', 'sigmoid', 'elu', 'swish']",58f908f800280000063068,700,Adam,MaxAbsoluteDeviation,9.099081993103027,6.911987781524658,11.02014669997152
"[13, 23, 8, 23, 8, 10, 8, 8, 8, 11, 14, 12]","['swish', 'tanh', 'swish', 'sigmoid', 'elu', 'swish', 'elu', 'elu', 'sigmoid', 'elu', 'swish', 'swish']",58f908f60028000006306848,700,Adam,MaxAbsoluteDeviation,0.6165040731430054,0.230559840798378,11.148345699999481
"[13, 23, 23, 23, 8, 10, 8, 8, 8, 11, 14, 12]","['swish', 'tanh', 'swish', 'sigmoid', 'elu', 'swish', 'elu', 'elu', 'sigmoid', 'elu', 'swish', 'swish']",58f9f8f60028000006306848,700,Adam,MaxAbsoluteDeviation,0.4834061861038208,0.32742515206336975,11.255161699955352
"[13, 23, 23, 23, 8, 10, 8, 8, 8, 11, 14, 8]","['swish', 'tanh', 'swish', 'sigmoid', 'elu', 'swish', 'elu', 'elu', 'sigmoid', 'elu', 'swish', 'swish']",58f9f8f60028000006306808,700,Adam,MaxAbsoluteDeviation,0.6242104172706604,0.2202606201171875,11.170037600095384
"[13, 23, 23, 8, 8, 10, 8, 8, 8, 11, 14, 8]","['swish', 'tanh', 'swish', 'sigmoid', 'elu', 'swish', 'elu', 'elu', 'sigmoid', 'elu', 'swish', 'swish']",58f9f8060028000006306808,700,Adam,MaxAbsoluteDeviation,0.7647184729576111,0.4822876751422882,11.33616169996094
"[13, 23, 23, 8, 8, 10, 8, 8, 8, 11, 14, 8]","['swish', 'tanh', 'swish', 'sigmoid', 'elu', 'swish', 'elu', 'elu', 'sigmoid', 'elu', 'swish', 'swish']",58f9f8060028000006306808,700,Adam,MaxAbsoluteDeviation,0.35874107480049133,0.08156141638755798,12.338803499937057
"[13, 23, 23, 8, 8, 10, 8, 8, 8, 11, 14, 8, 14]","['swish', 'tanh', 'swish', 'sigmoid', 'elu', 'swish', 'elu', 'elu', 'sigmoid', 'elu', 'swish', 'swish', 'swish']",58f9f806002800000630680868,700,Adam,MaxAbsoluteDeviation,0.4769962430000305,0.18199662864208221,12.40906019997783
"[13, 23, 23, 8, 8, 10, 8, 8, 8, 11, 14, 8]","['swish', 'tanh', 'swish', 'sigmoid', 'elu', 'swish', 'elu', 'elu', 'sigmoid', 'elu', 'swish', 'swish']",58f9f8060028000006306808,683,Adam,MaxAbsoluteDeviation,9.201295852661133,6.779305458068848,11.400445700041018
"[13, 23, 23, 8, 8, 23, 8, 8, 8, 11, 14, 8]","['swish', 'tanh', 'swish', 'sigmoid', 'elu', 'swish', 'elu', 'elu', 'sigmoid', 'elu', 'swish', 'swish']",58f9f80600f8000006306808,700,Adam,MaxAbsoluteDeviation,0.4053586721420288,0.39070838689804077,11.302291000029072
"[13, 23, 23, 8, 8, 23, 8, 8, 8, 11, 14, 8]","['swish', 'tanh', 'swish', 'sigmoid', 'elu', 'swish', 'elu', 'elu', 'sigmoid', 'elu', 'swish', 'swish']",58f9f80600f8000006306808,700,Adam,MaxAbsoluteDeviation,0.5617645978927612,0.501691460609436,11.983036400051787
"[13, 23, 23, 8, 8, 23, 8, 8, 8, 8, 14, 8]","['swish', 'tanh', 'swish', 'sigmoid', 'elu', 'swish', 'elu', 'elu', 'sigmoid', 'elu', 'swish', 'swish']",58f9f80600f8000006006808,193,Adam,MaxAbsoluteDeviation,0.5119569301605225,0.540004551410675,3.911842199973762
"[13, 23, 23, 8, 8, 23, 8, 8, 8, 8, 14, 8]","['swish', 'tanh', 'swish', 'sigmoid', 'elu', 'swish', 'elu', 'elu', 'sigmoid', 'elu', 'tanh', 'swish']",58f9f80600f8000006006908,133,Adam,MaxAbsoluteDeviation,0.9723402261734009,0.7308009266853333,2.96120009990409
"[13, 23, 23, 8, 8, 23, 8, 8, 8, 8, 14, 8, 9]","['swish', 'tanh', 'swish', 'sigmoid', 'elu', 'swish', 'elu', 'elu', 'sigmoid', 'elu', 'swish', 'swish', 'sigmoid']",58f9f80600f800000600680816,193,Adam,MaxAbsoluteDeviation,9.064484596252441,6.811575889587402,4.089856300037354
"[13, 23, 23, 8, 8, 23, 23, 8, 8, 8, 14, 8]","['swish', 'tanh', 'swish', 'sigmoid', 'elu', 'swish', 'elu', 'elu', 'sigmoid', 'elu', 'swish', 'swish']",58f9f80600f8f00006006808,193,Adam,MaxAbsoluteDeviation,9.155582427978516,6.724157333374023,3.8259197000879794
"[13, 23, 23, 8, 8, 23, 23, 8, 8, 8, 14, 8]","['swish', 'tanh', 'swish', 'sigmoid', 'elu', 'swish', 'elu', 'elu', 'sigmoid', 'elu', 'swish', 'swish']",58f9f80600f8f00006006808,100,Adam,MaxAbsoluteDeviation,0.5099718570709229,0.33555054664611816,2.528449899982661
"[13, 23, 23, 8, 8, 23, 23, 8, 8, 8, 14, 8]","['swish', 'tanh', 'swish', 'sigmoid', 'elu', 'swish', 'elu', 'elu', 'sigmoid', 'elu', 'swish', 'swish']",58f9f80600f8f00006006808,700,Adam,MaxAbsoluteDeviation,1.199167013168335,0.5760324001312256,11.413086899905466
"[13, 23, 23, 8, 8, 23, 23, 8, 8, 8, 14, 8]","['swish', 'tanh', 'swish', 'sigmoid', 'elu', 'swish', 'elu', 'elu', 'sigmoid', 'elu', 'swish', 'swish']",58f9f80600f8f00006006808,700,Adam,MaxAbsoluteDeviation,9.110215187072754,7.003655433654785,10.953777299961075
"[13, 23, 23, 8, 8, 23, 23, 8, 8, 8, 14, 8, 14]","['swish', 'tanh', 'swish', 'sigmoid', 'elu', 'swish', 'elu', 'elu', 'sigmoid', 'elu', 'swish', 'swish', 'tanh']",58f9f80600f8f0000600680869,100,Adam,MaxAbsoluteDeviation,9.116362571716309,6.926508903503418,2.6097306000301614
"[13, 23, 23, 8, 8, 23, 23, 8, 8, 8, 14, 8, 20]","['swish', 'tanh', 'swish', 'sigmoid', 'elu', 'swish', 'elu', 'elu', 'sigmoid', 'elu', 'swish', 'swish', 'swish']",58f9f80600f8f00006006808c8,100,Adam,MaxAbsoluteDeviation,0.9723080992698669,0.985049843788147,3.5254430000204593
"[13, 23, 23, 8, 8, 23, 23, 8, 8, 8, 14, 8, 11]","['swish', 'tanh', 'swish', 'sigmoid', 'elu', 'swish', 'elu', 'elu', 'sigmoid', 'elu', 'swish', 'swish', 'tanh']",58f9f80600f8f0000600680839,100,Adam,MaxAbsoluteDeviation,9.221904754638672,6.78664493560791,2.709048099932261
"[13, 23, 23, 8, 8, 23, 23, 8, 8, 8, 14, 8]","['swish', 'tanh', 'swish', 'sigmoid', 'elu', 'swish', 'sigmoid', 'elu', 'sigmoid', 'elu', 'swish', 'swish']",58f9f80600f8f60006006808,100,Adam,MaxAbsoluteDeviation,0.48130252957344055,0.5057867169380188,2.5461067999713123
"[13, 23, 8, 8, 8, 23, 8, 8, 8, 8, 14, 14]","['swish', 'tanh', 'swish', 'sigmoid', 'elu', 'swish', 'sigmoid', 'elu', 'sigmoid', 'elu', 'sigmoid', 'swish']",58f9080600f8060006006668,100,Adam,MaxAbsoluteDeviation,0.6483133435249329,0.6396520137786865,2.4957276000641286
"[13, 23, 8, 8, 8, 23, 8, 8, 8, 8, 14]","['swish', 'tanh', 'swish', 'sigmoid', 'elu', 'swish', 'sigmoid', 'elu', 'sigmoid', 'elu', 'sigmoid']",58f9080600f80600060066,100,Adam,MaxAbsoluteDeviation,0.7680643200874329,0.489817351102829,2.377112800022587
"[13, 23, 8, 8, 8, 23, 8, 8, 8, 8, 14, 18]","['swish', 'tanh', 'swish', 'sigmoid', 'elu', 'swish', 'sigmoid', 'elu', 'sigmoid', 'elu', 'sigmoid', 'sigmoid']",58f9080600f80600060066a6,100,Adam,MaxAbsoluteDeviation,9.093938827514648,6.686933994293213,2.5241077000973746
"[13, 23, 8, 8, 23, 23, 8, 23, 8, 8]","['swish', 'tanh', 'swish', 'sigmoid', 'elu', 'swish', 'sigmoid', 'elu', 'sigmoid', 'elu']",58f90806f0f806f00600,100,Adam,MaxAbsoluteDeviation,9.156953811645508,6.880447864532471,2.2609633998945355
"[13, 23, 23, 8, 8, 23, 8, 8, 8]","['swish', 'tanh', 'swish', 'sigmoid', 'elu', 'swish', 'sigmoid', 'elu', 'sigmoid']",58f9f80600f8060006,100,Adam,MaxAbsoluteDeviation,9.165329933166504,6.803133487701416,2.067357499967329
"[13, 23, 8, 8, 8, 23, 8, 8, 8, 8, 14]","['swish', 'tanh', 'swish', 'sigmoid', 'elu', 'swish', 'sigmoid', 'elu', 'sigmoid', 'elu', 'sigmoid']",58f9080600f80600060066,100,Adam,MaxAbsoluteDeviation,9.019988059997559,6.732177257537842,2.3606576999882236
"[13, 23, 8, 8, 8, 23, 8, 8, 8, 8, 14]","['swish', 'tanh', 'swish', 'sigmoid', 'elu', 'swish', 'sigmoid', 'elu', 'sigmoid', 'swish', 'sigmoid']",58f9080600f80600060866,100,Adam,MaxAbsoluteDeviation,0.9672552347183228,0.36698418855667114,2.3641236000694335
"[13, 23, 8, 8, 8, 23, 8, 8, 8, 8, 14, 9]","['swish', 'tanh', 'swish', 'sigmoid', 'elu', 'swish', 'sigmoid', 'elu', 'sigmoid', 'swish', 'sigmoid', 'sigmoid']",58f9080600f8060006086616,100,Adam,MaxAbsoluteDeviation,9.122669219970703,6.789003372192383,2.4787596999667585
"[13, 23, 8, 8, 8, 23, 8, 8, 8, 23, 14]","['swish', 'tanh', 'swish', 'sigmoid', 'elu', 'swish', 'sigmoid', 'elu', 'sigmoid', 'swish', 'sigmoid']",58f9080600f8060006f866,100,Adam,MaxAbsoluteDeviation,9.056135177612305,6.653280735015869,2.355558400042355
"[13, 23, 8, 8, 8, 23, 8, 8, 8, 8, 14]","['swish', 'tanh', 'swish', 'sigmoid', 'elu', 'swish', 'sigmoid', 'elu', 'sigmoid', 'swish', 'sigmoid']",58f9080600f80600060866,700,Adam,MaxAbsoluteDeviation,9.089950561523438,6.779062271118164,10.460537999984808
"[13, 23, 8, 8, 8, 23, 8, 8, 8, 8]","['swish', 'tanh', 'swish', 'sigmoid', 'elu', 'swish', 'sigmoid', 'elu', 'sigmoid', 'swish']",58f9080600f806000608,100,Adam,MaxAbsoluteDeviation,0.8101748824119568,0.41955962777137756,2.226783699938096
"[13, 23, 8, 8, 8, 8, 8, 8, 8, 8]","['swish', 'tanh', 'swish', 'sigmoid', 'elu', 'swish', 'sigmoid', 'elu', 'sigmoid', 'swish']",58f90806000806000608,100,Adam,MaxAbsoluteDeviation,0.534341037273407,0.3033560812473297,3.1699379000347108
"[13, 23, 8, 8, 8, 8, 8, 8, 8, 8, 15]","['swish', 'tanh', 'swish', 'sigmoid', 'elu', 'swish', 'sigmoid', 'elu', 'sigmoid', 'swish', 'elu']",58f9080600080600060870,100,Adam,MaxAbsoluteDeviation,0.6525686383247375,0.9799121618270874,2.3903040000004694
"[13, 23, 8, 8, 8, 8, 8, 8, 8, 8, 15]","['swish', 'tanh', 'swish', 'sigmoid', 'elu', 'swish', 'sigmoid', 'elu', 'sigmoid', 'swish', 'elu']",58f9080600080600060870,700,Adam,MaxAbsoluteDeviation,0.40452468395233154,0.2572164237499237,11.041853599948809
"[13, 23, 8, 8, 8, 8, 8, 8, 8, 8, 15, 15]","['swish', 'tanh', 'swish', 'sigmoid', 'elu', 'swish', 'sigmoid', 'elu', 'sigmoid', 'swish', 'elu', 'tanh']",58f908060008060006087079,700,Adam,MaxAbsoluteDeviation,9.172624588012695,6.703222751617432,11.590604300028645
"[13, 23, 8, 8, 8, 8, 8, 8, 8, 8, 15]","['swish', 'tanh', 'swish', 'sigmoid', 'elu', 'swish', 'sigmoid', 'elu', 'sigmoid', 'swish', 'elu']",58f9080600080600060870,700,Adam,MaxAbsoluteDeviation,0.6051012277603149,0.2701088786125183,11.176235700026155
"[13, 23, 8, 8, 23, 8, 8, 8, 8, 8, 15]","['swish', 'tanh', 'swish', 'sigmoid', 'elu', 'swish', 'sigmoid', 'elu', 'sigmoid', 'swish', 'elu']",58f90806f0080600060870,700,Adam,MaxAbsoluteDeviation,0.3785492181777954,0.22145843505859375,11.110895000048913
"[13, 23, 8, 8, 23, 8, 8, 8, 8, 23]","['swish', 'tanh', 'swish', 'sigmoid', 'elu', 'swish', 'sigmoid', 'elu', 'sigmoid', 'swish']",58f90806f008060006f8,700,Adam,MaxAbsoluteDeviation,0.4519164562225342,0.15225465595722198,10.66513209999539
"[13, 23, 8, 8, 23, 8, 8, 23, 8, 23]","['swish', 'tanh', 'swish', 'sigmoid', 'elu', 'swish', 'sigmoid', 'elu', 'sigmoid', 'swish']",58f90806f00806f006f8,700,Adam,MaxAbsoluteDeviation,0.4351004660129547,0.3476531207561493,10.749092099955305
"[13, 23, 8, 8, 23, 8, 8, 23, 8, 23]","['swish', 'tanh', 'swish', 'sigmoid', 'elu', 'swish', 'sigmoid', 'elu', 'sigmoid', 'elu']",58f90806f00806f006f0,700,Adam,MaxAbsoluteDeviation,0.5374728441238403,0.28749150037765503,10.404688999988139
"[13, 23, 8, 8, 23, 8, 8, 23, 8, 23, 21]","['swish', 'tanh', 'swish', 'sigmoid', 'elu', 'swish', 'sigmoid', 'elu', 'sigmoid', 'swish', 'elu']",58f90806f00806f006f8d0,700,Adam,MaxAbsoluteDeviation,0.6622248291969299,0.26312777400016785,10.925782500067726
"[13, 23, 8, 8, 23, 8, 8, 23, 8, 23, 21]","['swish', 'tanh', 'swish', 'sigmoid', 'elu', 'swish', 'sigmoid', 'elu', 'sigmoid', 'swish', 'elu']",58f90806f00806f006f8d0,700,Adam,MaxAbsoluteDeviation,0.9674097299575806,0.3303166925907135,10.687678799964488
"[13, 23, 8, 8, 23, 8, 8, 23, 8, 23]","['swish', 'tanh', 'swish', 'sigmoid', 'elu', 'swish', 'sigmoid', 'elu', 'sigmoid', 'swish']",58f90806f00806f006f8,700,Adam,MaxAbsoluteDeviation,0.45422831177711487,0.42661231756210327,10.423955300007947
"[13, 23, 8, 8, 23, 8, 23, 23, 8, 23]","['swish', 'tanh', 'swish', 'sigmoid', 'elu', 'swish', 'sigmoid', 'elu', 'sigmoid', 'swish']",58f90806f008f6f006f8,459,Adam,MaxAbsoluteDeviation,0.883057713508606,0.36117294430732727,7.146323999972083
"[13, 23, 8, 8, 23, 8, 23, 23, 8]","['swish', 'tanh', 'swish', 'sigmoid', 'elu', 'swish', 'sigmoid', 'elu', 'sigmoid']",58f90806f008f6f006,700,Adam,MaxAbsoluteDeviation,9.101561546325684,6.716559410095215,9.519751599989831
"[13, 23, 8, 8, 23, 8, 23, 23, 8, 23]","['swish', 'tanh', 'swish', 'sigmoid', 'elu', 'swish', 'sigmoid', 'elu', 'sigmoid', 'swish']",58f90806f008f6f006f8,459,Adam,MaxAbsoluteDeviation,0.5598284006118774,0.5084625482559204,7.084472200018354
"[13, 23, 8, 8, 23, 8, 8, 23, 8, 23]","['swish', 'tanh', 'swish', 'sigmoid', 'elu', 'swish', 'sigmoid', 'elu', 'sigmoid', 'swish']",58f90806f00806f006f8,459,Adam,MaxAbsoluteDeviation,1.018426537513733,0.49827149510383606,8.287909699953161
"[13, 23, 8, 8, 23, 8, 8, 23, 8, 23]","['swish', 'tanh', 'swish', 'sigmoid', 'elu', 'swish', 'sigmoid', 'elu', 'sigmoid', 'swish']",58f90806f00806f006f8,459,Adam,MaxAbsoluteDeviation,0.5809867978096008,0.3980969190597534,7.3049702000571415
"[13, 23, 8, 8, 23, 8, 8, 23, 8, 23]","['swish', 'tanh', 'swish', 'sigmoid', 'elu', 'swish', 'sigmoid', 'elu', 'sigmoid', 'swish']",58f90806f00806f006f8,100,Adam,MaxAbsoluteDeviation,0.732958972454071,0.37888434529304504,2.3460771000245586
"[13, 23, 8, 8, 23, 8, 8, 23, 8, 23]","['swish', 'tanh', 'swish', 'sigmoid', 'elu', 'swish', 'sigmoid', 'elu', 'sigmoid', 'swish']",58f90806f00806f006f8,100,Adam,MaxAbsoluteDeviation,0.6332190036773682,0.21055757999420166,2.3147551000583917
"[13, 23, 23, 8, 23, 8, 8, 23, 8, 23]","['swish', 'tanh', 'swish', 'sigmoid', 'elu', 'swish', 'sigmoid', 'elu', 'sigmoid', 'swish']",58f9f806f00806f006f8,100,Adam,MaxAbsoluteDeviation,0.8364265561103821,0.35513824224472046,2.32645940000657
"[13, 23, 23, 8, 23, 8, 8, 8, 8, 23, 9]","['swish', 'tanh', 'swish', 'sigmoid', 'elu', 'swish', 'sigmoid', 'elu', 'sigmoid', 'swish', 'elu']",58f9f806f008060006f810,100,Adam,MaxAbsoluteDeviation,0.858262836933136,1.069097638130188,2.4580055000260472
"[13, 23, 23, 8, 23, 8, 8, 8, 8, 23, 9]","['swish', 'tanh', 'swish', 'sigmoid', 'elu', 'swish', 'sigmoid', 'elu', 'sigmoid', 'swish', 'elu']",58f9f806f008060006f810,700,Adam,MaxAbsoluteDeviation,0.50331711769104,0.15543733537197113,11.063592699938454
"[13, 23, 23, 8, 23, 8, 8, 8, 8, 23, 9]","['swish', 'tanh', 'swish', 'sigmoid', 'elu', 'swish', 'sigmoid', 'elu', 'sigmoid', 'swish', 'elu']",58f9f806f008060006f810,700,Adam,MaxAbsoluteDeviation,0.7159420251846313,0.14339284598827362,10.973209799965844
"[13, 23, 23, 8, 23, 23, 8, 8, 8, 23, 9]","['swish', 'tanh', 'swish', 'sigmoid', 'elu', 'swish', 'sigmoid', 'elu', 'sigmoid', 'swish', 'elu']",58f9f806f0f8060006f810,489,Adam,MaxAbsoluteDeviation,0.766955554485321,0.23550209403038025,8.100964299985208
"[13, 23, 23, 8, 23, 8, 8, 8, 8, 23, 9]","['swish', 'tanh', 'swish', 'sigmoid', 'elu', 'swish', 'sigmoid', 'elu', 'sigmoid', 'swish', 'elu']",58f9f806f008060006f810,489,Adam,MaxAbsoluteDeviation,0.845207929611206,0.29392972588539124,8.128051599953324
"[13, 23, 23, 8, 23, 8, 8, 8, 8, 23, 9]","['swish', 'tanh', 'swish', 'sigmoid', 'elu', 'swish', 'sigmoid', 'elu', 'sigmoid', 'swish', 'elu']",58f9f806f008060006f810,700,Adam,MaxAbsoluteDeviation,0.6031261086463928,0.25669562816619873,11.120744200074114
"[13, 23, 23, 8, 23, 8, 8, 8, 8, 23]","['swish', 'tanh', 'swish', 'sigmoid', 'elu', 'swish', 'sigmoid', 'elu', 'sigmoid', 'swish']",58f9f806f008060006f8,700,Adam,MaxAbsoluteDeviation,0.4387159049510956,0.12443546205759048,10.372064399998635
"[13, 23, 23, 8, 23, 8, 8, 8, 8]","['swish', 'tanh', 'swish', 'sigmoid', 'elu', 'swish', 'sigmoid', 'elu', 'sigmoid']",58f9f806f008060006,700,Adam,MaxAbsoluteDeviation,9.09643268585205,6.730781078338623,9.789807299966924
"[13, 23, 23, 8, 23, 8, 8, 8, 8, 23]","['swish', 'tanh', 'swish', 'sigmoid', 'elu', 'swish', 'sigmoid', 'elu', 'sigmoid', 'swish']",58f9f806f008060006f8,700,Adam,MaxAbsoluteDeviation,0.8536419868469238,0.8340636491775513,9.958843400003389
"[13, 23, 23, 8, 23, 8, 8, 8, 8, 23, 14]","['swish', 'tanh', 'swish', 'sigmoid', 'elu', 'swish', 'sigmoid', 'elu', 'sigmoid', 'swish', 'elu']",58f9f806f008060006f860,700,Adam,MaxAbsoluteDeviation,0.4696315824985504,0.35632750391960144,10.610404300037771
"[13, 23, 23, 8, 23, 8, 8, 8, 8, 23, 14]","['swish', 'tanh', 'swish', 'sigmoid', 'elu', 'swish', 'sigmoid', 'elu', 'sigmoid', 'swish', 'elu']",58f9f806f008060006f860,700,Adam,MaxAbsoluteDeviation,0.6901397705078125,0.7563416957855225,11.973874000017531
"[13, 23, 23, 8, 23, 8, 8, 8, 8, 23, 14]","['swish', 'tanh', 'swish', 'sigmoid', 'elu', 'swish', 'sigmoid', 'elu', 'sigmoid', 'swish', 'elu']",58f9f806f008060006f860,540,Adam,MaxAbsoluteDeviation,0.4936838448047638,0.18873566389083862,8.815526199992746
"[13, 23, 23, 8, 23, 8, 8, 8, 8, 23, 14]","['swish', 'tanh', 'swish', 'sigmoid', 'elu', 'swish', 'sigmoid', 'elu', 'sigmoid', 'swish', 'elu']",58f9f806f008060006f860,700,Adam,MaxAbsoluteDeviation,0.41198432445526123,0.2536610960960388,11.153469300013967
"[13, 23, 23, 8, 23, 8, 8, 8, 8, 23, 14, 12]","['swish', 'tanh', 'swish', 'sigmoid', 'elu', 'swish', 'sigmoid', 'elu', 'sigmoid', 'swish', 'elu', 'sigmoid']",58f9f806f008060006f86046,700,Adam,MaxAbsoluteDeviation,8.963593482971191,6.687308311462402,11.80441629991401
"[13, 23, 23, 8, 23, 8, 8, 8, 8, 23, 14]","['swish', 'tanh', 'swish', 'sigmoid', 'elu', 'swish', 'sigmoid', 'elu', 'sigmoid', 'swish', 'elu']",58f9f806f008060006f860,700,Adam,MaxAbsoluteDeviation,0.9678216576576233,0.2730398178100586,11.359543099999428
"[13, 23, 8, 8, 23, 8, 8, 8, 8, 23, 14]","['swish', 'tanh', 'swish', 'sigmoid', 'elu', 'swish', 'sigmoid', 'elu', 'sigmoid', 'swish', 'elu']",58f90806f008060006f860,700,Adam,MaxAbsoluteDeviation,0.592269241809845,0.23631078004837036,11.196391300065443
"[13, 23, 8, 8, 23, 8, 8, 8, 8, 23]","['swish', 'tanh', 'swish', 'sigmoid', 'elu', 'swish', 'sigmoid', 'elu', 'sigmoid', 'swish']",58f90806f008060006f8,700,Adam,MaxAbsoluteDeviation,9.144318580627441,6.804554462432861,10.87499859998934
"[13, 23, 8, 8, 23, 8, 8, 8, 8, 23, 14]","['swish', 'tanh', 'swish', 'sigmoid', 'elu', 'swish', 'sigmoid', 'elu', 'sigmoid', 'swish', 'elu']",58f90806f008060006f860,700,Adam,MaxAbsoluteDeviation,0.4462447464466095,0.4580904245376587,10.839870999916457
"[13, 23, 8, 8, 23, 8, 8, 8, 8, 23, 14, 18]","['swish', 'tanh', 'swish', 'sigmoid', 'elu', 'swish', 'sigmoid', 'elu', 'sigmoid', 'swish', 'elu', 'elu']",58f90806f008060006f860a0,700,Adam,MaxAbsoluteDeviation,0.9486969113349915,0.47232842445373535,11.754833200015128
"[13, 23, 8, 23, 23, 8, 8, 8, 8, 23, 14, 18]","['swish', 'tanh', 'swish', 'sigmoid', 'elu', 'swish', 'sigmoid', 'elu', 'sigmoid', 'swish', 'elu', 'elu']",58f908f6f008060006f860a0,700,Adam,MaxAbsoluteDeviation,0.49165183305740356,0.3597153425216675,11.737830700003542
"[13, 23, 8, 23, 23, 8, 8, 8, 8, 23, 14, 18]","['swish', 'tanh', 'swish', 'sigmoid', 'elu', 'swish', 'sigmoid', 'elu', 'sigmoid', 'swish', 'elu', 'elu']",58f908f6f008060006f860a0,700,Adam,MaxAbsoluteDeviation,0.4333670437335968,0.20073381066322327,11.19329620001372
"[13, 23, 8, 23, 23, 8, 8, 8, 8, 23, 14, 18, 11]","['swish', 'tanh', 'swish', 'sigmoid', 'elu', 'swish', 'sigmoid', 'elu', 'sigmoid', 'swish', 'elu', 'elu', 'swish']",58f908f6f008060006f860a038,700,Adam,MaxAbsoluteDeviation,0.5853984355926514,0.15942959487438202,12.052630300051533
"[13, 23, 8, 23, 23, 8, 8, 8, 8, 23, 14, 8, 11]","['swish', 'tanh', 'swish', 'sigmoid', 'elu', 'swish', 'sigmoid', 'elu', 'sigmoid', 'swish', 'elu', 'elu', 'swish']",58f908f6f008060006f8600038,700,Adam,MaxAbsoluteDeviation,0.7554154396057129,0.3686321973800659,11.628444700036198
"[13, 23, 8, 23, 23, 8, 8, 8, 8, 23, 14, 8]","['swish', 'tanh', 'swish', 'sigmoid', 'elu', 'swish', 'sigmoid', 'elu', 'sigmoid', 'swish', 'elu', 'elu']",58f908f6f008060006f86000,700,Adam,MaxAbsoluteDeviation,0.7613051533699036,0.5459809899330139,11.336528999963775
"[13, 23, 8, 23, 23, 8, 8, 8, 8, 23, 23, 8, 14]","['swish', 'tanh', 'swish', 'sigmoid', 'elu', 'swish', 'sigmoid', 'elu', 'sigmoid', 'swish', 'elu', 'elu', 'swish']",58f908f6f008060006f8f00068,700,Adam,MaxAbsoluteDeviation,0.4915497303009033,0.4115999937057495,13.21224860008806
"[13, 23, 8, 23, 23, 8, 8, 8, 8, 23, 23, 8, 14, 15]","['swish', 'tanh', 'elu', 'sigmoid', 'elu', 'swish', 'sigmoid', 'elu', 'sigmoid', 'swish', 'elu', 'elu', 'swish', 'tanh']",58f900f6f008060006f8f0006879,700,Adam,MaxAbsoluteDeviation,9.174642562866211,6.912257671356201,13.052024099975824
"[13, 23, 8, 23, 23, 8, 8, 8, 8, 23, 23, 8, 14]","['swish', 'tanh', 'swish', 'sigmoid', 'elu', 'swish', 'sigmoid', 'elu', 'sigmoid', 'swish', 'elu', 'elu', 'swish']",58f908f6f008060006f8f00068,100,Adam,MaxAbsoluteDeviation,1.0602344274520874,0.4208815097808838,2.713628099998459
"[13, 23, 8, 23, 23, 8, 8, 8, 8, 23, 23, 8, 14]","['swish', 'tanh', 'swish', 'sigmoid', 'elu', 'swish', 'sigmoid', 'elu', 'sigmoid', 'swish', 'elu', 'elu', 'swish']",58f908f6f008060006f8f00068,430,Adam,MaxAbsoluteDeviation,0.49485093355178833,0.1695975512266159,7.8650454999879
"[13, 23, 8, 23, 23, 8, 8, 23, 8, 23, 23, 8, 14]","['swish', 'tanh', 'swish', 'sigmoid', 'elu', 'swish', 'sigmoid', 'elu', 'sigmoid', 'swish', 'elu', 'elu', 'swish']",58f908f6f00806f006f8f00068,430,Adam,MaxAbsoluteDeviation,0.4691031575202942,0.22681044042110443,8.3108862999361
"[13, 23, 8, 23, 23, 8, 8, 23, 8, 23, 23, 8, 14]","['swish', 'tanh', 'swish', 'sigmoid', 'elu', 'swish', 'sigmoid', 'elu', 'sigmoid', 'swish', 'elu', 'elu', 'swish']",58f908f6f00806f006f8f00068,700,Adam,MaxAbsoluteDeviation,1.0166540145874023,0.26154154539108276,12.13300499995239
"[13, 23, 8, 23, 23, 8, 8, 23, 8, 23, 23, 8, 14]","['swish', 'tanh', 'swish', 'sigmoid', 'elu', 'swish', 'sigmoid', 'elu', 'sigmoid', 'swish', 'elu', 'elu', 'swish']",58f908f6f00806f006f8f00068,430,Adam,MaxAbsoluteDeviation,0.8691460490226746,0.9634886980056763,8.002696000039577
"[13, 23, 8, 23, 23, 8, 8, 23, 8, 23, 23, 8, 14]","['swish', 'tanh', 'swish', 'sigmoid', 'elu', 'swish', 'sigmoid', 'elu', 'sigmoid', 'swish', 'elu', 'elu', 'swish']",58f908f6f00806f006f8f00068,700,Adam,MaxAbsoluteDeviation,0.6463639736175537,0.42158210277557373,12.487868400057778
"[13, 23, 8, 23, 23, 8, 23, 23, 8, 23, 23, 8, 14]","['swish', 'tanh', 'swish', 'sigmoid', 'elu', 'swish', 'sigmoid', 'elu', 'sigmoid', 'swish', 'elu', 'elu', 'swish']",58f908f6f008f6f006f8f00068,430,Adam,MaxAbsoluteDeviation,0.5258685350418091,0.37725526094436646,8.148075599921867
"[13, 23, 8, 23, 23, 23, 23, 23, 8, 23, 23, 8, 14]","['swish', 'tanh', 'swish', 'sigmoid', 'elu', 'swish', 'sigmoid', 'elu', 'sigmoid', 'swish', 'elu', 'elu', 'swish']",58f908f6f0f8f6f006f8f00068,430,Adam,MaxAbsoluteDeviation,1.1658718585968018,0.8394936919212341,7.832173399976455
"[13, 23, 8, 23, 23, 23, 23, 23, 8, 23, 23, 8, 14]","['swish', 'tanh', 'swish', 'sigmoid', 'elu', 'swish', 'sigmoid', 'elu', 'sigmoid', 'swish', 'elu', 'elu', 'swish']",58f908f6f0f8f6f006f8f00068,700,Adam,MaxAbsoluteDeviation,0.6525322198867798,0.40014857053756714,12.168776899925433
"[13, 23, 8, 23, 23, 23, 23, 23, 8, 23, 23, 8, 14]","['swish', 'tanh', 'swish', 'sigmoid', 'elu', 'swish', 'sigmoid', 'elu', 'sigmoid', 'swish', 'elu', 'elu', 'swish']",58f908f6f0f8f6f006f8f00068,302,Adam,MaxAbsoluteDeviation,0.514163076877594,0.3188818395137787,5.69439560000319
"[13, 23, 8, 23, 23, 23, 23, 23, 8, 23, 23, 8, 14]","['swish', 'tanh', 'swish', 'sigmoid', 'elu', 'swish', 'sigmoid', 'elu', 'sigmoid', 'swish', 'elu', 'elu', 'swish']",58f908f6f0f8f6f006f8f00068,302,Adam,MaxAbsoluteDeviation,0.5518618226051331,0.49002447724342346,6.885176999960095
"[13, 23, 8, 23, 23, 23, 23, 23, 8, 23, 23, 8, 8, 17]","['swish', 'tanh', 'swish', 'sigmoid', 'elu', 'swish', 'sigmoid', 'elu', 'sigmoid', 'swish', 'elu', 'elu', 'swish', 'swish']",58f908f6f0f8f6f006f8f0000898,302,Adam,MaxAbsoluteDeviation,1.0247361660003662,0.5620021224021912,6.081007799948566
"[13, 23, 8, 8, 23, 23, 23, 23, 8, 23, 23, 8, 14]","['swish', 'tanh', 'swish', 'sigmoid', 'elu', 'swish', 'sigmoid', 'elu', 'sigmoid', 'swish', 'elu', 'elu', 'swish']",58f90806f0f8f6f006f8f00068,700,Adam,MaxAbsoluteDeviation,9.149112701416016,7.080850601196289,12.630289099994116
"[13, 23, 8, 8, 23, 23, 23, 23, 8, 23, 23, 8, 14]","['swish', 'tanh', 'swish', 'sigmoid', 'elu', 'swish', 'sigmoid', 'elu', 'sigmoid', 'swish', 'elu', 'elu', 'swish']",58f90806f0f8f6f006f8f00068,302,Adam,MaxAbsoluteDeviation,0.9652083516120911,0.4416174590587616,5.981817299965769
"[13, 23, 8, 23, 23, 23, 23, 23, 8, 23, 23, 8]","['swish', 'tanh', 'swish', 'sigmoid', 'elu', 'swish', 'sigmoid', 'elu', 'sigmoid', 'swish', 'elu', 'elu']",58f908f6f0f8f6f006f8f000,302,Adam,MaxAbsoluteDeviation,0.6983407735824585,0.36936378479003906,5.37822270009201
"[13, 23, 8, 23, 23, 23, 23, 23, 8, 23]","['swish', 'tanh', 'swish', 'sigmoid', 'elu', 'swish', 'sigmoid', 'elu', 'sigmoid', 'swish']",58f908f6f0f8f6f006f8,107,Adam,MaxAbsoluteDeviation,1.5786322355270386,1.621657133102417,2.4201265000738204
"[13, 23, 8, 23, 23, 23, 23, 23, 8, 23, 23, 8]","['swish', 'tanh', 'swish', 'sigmoid', 'elu', 'swish', 'sigmoid', 'elu', 'sigmoid', 'swish', 'elu', 'elu']",58f908f6f0f8f6f006f8f000,700,Adam,MaxAbsoluteDeviation,9.106380462646484,6.834716796875,11.471845400054008
"[13, 23, 8, 23, 23, 23, 23, 23, 8, 23, 23, 8]","['swish', 'tanh', 'swish', 'sigmoid', 'elu', 'swish', 'sigmoid', 'elu', 'sigmoid', 'swish', 'elu', 'elu']",58f908f6f0f8f6f006f8f000,100,Adam,MaxAbsoluteDeviation,1.29243803024292,0.5894464254379272,2.5658340000081807
"[13, 23, 8, 23, 23, 23, 23, 23, 8, 23, 23, 23, 20]","['swish', 'tanh', 'swish', 'sigmoid', 'elu', 'swish', 'sigmoid', 'elu', 'sigmoid', 'swish', 'elu', 'elu', 'elu']",58f908f6f0f8f6f006f8f0f0c0,302,Adam,MaxAbsoluteDeviation,1.0849957466125488,0.6200499534606934,6.023592900019139
"[13, 23, 8, 23, 23, 23, 23, 23, 8, 23, 23, 8]","['swish', 'tanh', 'swish', 'sigmoid', 'elu', 'swish', 'sigmoid', 'elu', 'sigmoid', 'swish', 'elu', 'elu']",58f908f6f0f8f6f006f8f000,252,Adam,MaxAbsoluteDeviation,1.267229437828064,0.42960280179977417,4.793800799991004
"[13, 23, 8, 23, 23, 23, 23, 23, 8, 23, 23]","['swish', 'tanh', 'swish', 'sigmoid', 'elu', 'swish', 'sigmoid', 'elu', 'sigmoid', 'swish', 'elu']",58f908f6f0f8f6f006f8f0,302,Adam,MaxAbsoluteDeviation,0.9528931975364685,0.46544161438941956,5.264748700079508
"[13, 23, 8, 23, 23, 8, 23, 23, 8, 23, 23]","['swish', 'tanh', 'swish', 'sigmoid', 'elu', 'swish', 'sigmoid', 'elu', 'sigmoid', 'swish', 'elu']",58f908f6f008f6f006f8f0,700,Adam,MaxAbsoluteDeviation,0.9161349534988403,0.661090075969696,10.859957900014706
"[13, 23, 8, 23, 23, 8, 23, 23, 8, 23, 8]","['swish', 'tanh', 'swish', 'sigmoid', 'elu', 'swish', 'sigmoid', 'elu', 'sigmoid', 'swish', 'elu']",58f908f6f008f6f006f800,700,Adam,MaxAbsoluteDeviation,0.5154740214347839,0.29043591022491455,10.875796400010586
"[13, 23, 8, 23, 23, 8, 23, 23, 8, 23, 8]","['swish', 'tanh', 'swish', 'sigmoid', 'elu', 'swish', 'tanh', 'elu', 'sigmoid', 'swish', 'elu']",58f908f6f008f9f006f800,700,Adam,MaxAbsoluteDeviation,9.110749244689941,6.844937801361084,11.107414299971424
"[13, 23, 8, 23, 23, 8, 23, 23, 8, 23, 8, 16]","['swish', 'tanh', 'elu', 'sigmoid', 'elu', 'swish', 'sigmoid', 'elu', 'sigmoid', 'swish', 'elu', 'sigmoid']",58f900f6f008f6f006f80086,700,Adam,MaxAbsoluteDeviation,9.142044067382812,6.788082122802734,12.967190900002606
"[13, 23, 8, 23, 23, 8, 23, 23, 8, 23, 8]","['swish', 'tanh', 'swish', 'sigmoid', 'elu', 'swish', 'sigmoid', 'elu', 'sigmoid', 'swish', 'elu']",58f908f6f008f6f006f800,700,Adam,MaxAbsoluteDeviation,0.5892707109451294,0.3683548867702484,11.20912200002931
"[13, 23, 8, 23, 23, 8, 23, 23, 8, 23, 8, 20]","['swish', 'tanh', 'swish', 'sigmoid', 'elu', 'swish', 'sigmoid', 'elu', 'sigmoid', 'swish', 'elu', 'elu']",58f908f6f008f6f006f800c0,700,Adam,MaxAbsoluteDeviation,0.733436644077301,0.35830458998680115,11.785244500031695
"[13, 23, 8, 23, 23, 8, 23, 23, 8, 23, 8, 18]","['swish', 'tanh', 'swish', 'sigmoid', 'elu', 'swish', 'sigmoid', 'elu', 'sigmoid', 'swish', 'elu', 'elu']",58f908f6f008f6f006f800a0,700,Adam,MaxAbsoluteDeviation,1.0010374784469604,0.6339595317840576,12.003240199992433
"[13, 8, 8, 23, 23, 8, 23, 23, 8, 23, 8, 18]","['swish', 'tanh', 'swish', 'sigmoid', 'elu', 'swish', 'sigmoid', 'elu', 'sigmoid', 'swish', 'elu', 'elu']",580908f6f008f6f006f800a0,700,Adam,MaxAbsoluteDeviation,0.5740081667900085,0.28308531641960144,11.859967799973674
"[13, 8, 8, 23, 23, 8, 23, 23, 8, 23, 23, 18]","['swish', 'tanh', 'swish', 'sigmoid', 'elu', 'swish', 'sigmoid', 'elu', 'sigmoid', 'swish', 'elu', 'elu']",580908f6f008f6f006f8f0a0,700,Adam,MaxAbsoluteDeviation,0.49669575691223145,0.27354493737220764,11.737351100076921
"[13, 23, 8, 23, 23, 8, 23, 23, 8, 23, 23, 18]","['swish', 'tanh', 'swish', 'sigmoid', 'elu', 'swish', 'sigmoid', 'elu', 'sigmoid', 'swish', 'elu', 'elu']",58f908f6f008f6f006f8f0a0,700,Adam,MaxAbsoluteDeviation,0.7346082925796509,0.3569381833076477,11.59139340010006
"[13, 23, 8, 23, 23, 8, 23, 23, 8, 23, 23, 18]","['swish', 'tanh', 'swish', 'sigmoid', 'elu', 'swish', 'sigmoid', 'elu', 'sigmoid', 'swish', 'elu', 'elu']",58f908f6f008f6f006f8f0a0,700,Adam,MaxAbsoluteDeviation,0.9137935042381287,0.7160793542861938,11.486473999917507
"[13, 23, 8, 23, 23, 8, 23, 23, 8, 23, 23, 23]","['swish', 'tanh', 'swish', 'tanh', 'elu', 'swish', 'sigmoid', 'elu', 'sigmoid', 'swish', 'elu', 'elu']",58f908f9f008f6f006f8f0f0,700,Adam,MaxAbsoluteDeviation,0.8477268815040588,0.6562450528144836,11.428071400034241
"[13, 23, 8, 23, 23, 8, 23, 23, 8, 23, 23]","['swish', 'tanh', 'swish', 'tanh', 'elu', 'swish', 'sigmoid', 'elu', 'sigmoid', 'swish', 'elu']",58f908f9f008f6f006f8f0,700,Adam,MaxAbsoluteDeviation,0.5014639496803284,0.2313796430826187,11.202233299962245
"[8, 23, 8, 23, 23, 8, 23, 23, 8, 23, 23]","['swish', 'tanh', 'swish', 'tanh', 'elu', 'swish', 'sigmoid', 'elu', 'sigmoid', 'swish', 'elu']",08f908f9f008f6f006f8f0,700,Adam,MaxAbsoluteDeviation,0.585538387298584,0.3564775884151459,10.832543199998327
"[8, 23, 8, 23, 23, 8, 23, 23, 8, 23]","['swish', 'tanh', 'swish', 'tanh', 'elu', 'swish', 'sigmoid', 'elu', 'sigmoid', 'swish']",08f908f9f008f6f006f8,700,Adam,MaxAbsoluteDeviation,0.7937464714050293,0.5707961916923523,10.637236800044775
"[8, 23, 8, 23, 23, 8, 23, 23, 8]","['swish', 'tanh', 'swish', 'tanh', 'elu', 'swish', 'sigmoid', 'elu', 'sigmoid']",08f908f9f008f6f006,648,Adam,MaxAbsoluteDeviation,9.128074645996094,6.753225803375244,9.233155600028113
"[8, 23, 8, 23, 23, 8, 23, 23, 8, 23, 19]","['swish', 'tanh', 'swish', 'tanh', 'elu', 'swish', 'sigmoid', 'elu', 'sigmoid', 'swish', 'sigmoid']",08f908f9f008f6f006f8b6,700,Adam,MaxAbsoluteDeviation,0.969587504863739,0.37743714451789856,10.657872100011446
"[8, 23, 8, 23, 23, 8, 23, 23, 8, 23]","['swish', 'tanh', 'swish', 'tanh', 'elu', 'swish', 'sigmoid', 'elu', 'sigmoid', 'swish']",08f908f9f008f6f006f8,649,Adam,MaxAbsoluteDeviation,0.5331831574440002,0.3313819169998169,9.8470718000317
"[8, 23, 8, 23, 23, 8, 23, 23, 8]","['swish', 'tanh', 'swish', 'tanh', 'elu', 'swish', 'sigmoid', 'elu', 'sigmoid']",08f908f9f008f6f006,649,Adam,MaxAbsoluteDeviation,9.091340065002441,6.74256706237793,9.500760599970818
"[8, 23, 8, 23, 23, 8, 23, 23, 8, 23, 9]","['swish', 'tanh', 'swish', 'tanh', 'elu', 'swish', 'sigmoid', 'elu', 'sigmoid', 'swish', 'sigmoid']",08f908f9f008f6f006f816,649,Adam,MaxAbsoluteDeviation,9.132269859313965,6.726912021636963,10.202163600013591
"[8, 23, 8, 23, 23, 8, 23, 23, 8, 23]","['swish', 'tanh', 'swish', 'tanh', 'elu', 'swish', 'sigmoid', 'elu', 'sigmoid', 'swish']",08f908f9f008f6f006f8,537,Adam,MaxAbsoluteDeviation,9.067657470703125,6.844415664672852,8.07192830007989
"[8, 23, 8, 23, 23, 8, 23, 23, 8]","['swish', 'tanh', 'swish', 'tanh', 'elu', 'swish', 'sigmoid', 'elu', 'sigmoid']",08f908f9f008f6f006,649,Adam,MaxAbsoluteDeviation,9.111083030700684,6.765646457672119,9.561200500000268
"[8, 23, 8, 23, 23, 8, 23, 23, 8, 23]","['swish', 'tanh', 'swish', 'tanh', 'elu', 'swish', 'sigmoid', 'elu', 'sigmoid', 'swish']",08f908f9f008f6f006f8,649,Adam,MaxAbsoluteDeviation,1.0522198677062988,0.6086114645004272,9.906270899926312
"[8, 23, 8, 23, 23, 8, 23, 23, 8, 23, 15]","['swish', 'tanh', 'swish', 'tanh', 'elu', 'swish', 'sigmoid', 'elu', 'sigmoid', 'swish', 'sigmoid']",08f908f9f008f6f006f876,649,Adam,MaxAbsoluteDeviation,8.994463920593262,6.747174263000488,9.86533979990054
"[8, 23, 8, 23, 23, 8, 23, 23, 8, 23]","['swish', 'tanh', 'sigmoid', 'tanh', 'elu', 'swish', 'sigmoid', 'elu', 'sigmoid', 'swish']",08f906f9f008f6f006f8,649,Adam,MaxAbsoluteDeviation,0.563229501247406,0.26745426654815674,9.797683199984021
"[8, 23, 8, 23, 23, 8, 23, 23, 8, 23]","['swish', 'tanh', 'sigmoid', 'sigmoid', 'elu', 'swish', 'sigmoid', 'elu', 'sigmoid', 'swish']",08f906f6f008f6f006f8,649,Adam,MaxAbsoluteDeviation,0.6437288522720337,0.6924188137054443,9.91787939995993
"[8, 23, 8, 23, 23, 8, 23, 23, 8]","['swish', 'tanh', 'sigmoid', 'sigmoid', 'elu', 'swish', 'sigmoid', 'elu', 'sigmoid']",08f906f6f008f6f006,649,Adam,MaxAbsoluteDeviation,9.063244819641113,6.747503757476807,8.820429599960335
"[8, 23, 8, 23, 23, 8, 23, 23, 8, 23]","['swish', 'tanh', 'sigmoid', 'sigmoid', 'elu', 'swish', 'sigmoid', 'elu', 'sigmoid', 'swish']",08f906f6f008f6f006f8,700,Adam,MaxAbsoluteDeviation,0.5317293405532837,0.43003976345062256,10.641917099943385
"[8, 8, 8, 23, 23, 8, 23, 23, 8, 23]","['swish', 'tanh', 'sigmoid', 'sigmoid', 'elu', 'swish', 'sigmoid', 'elu', 'sigmoid', 'swish']",080906f6f008f6f006f8,700,Adam,MaxAbsoluteDeviation,0.7950822710990906,0.8378039598464966,10.449880999978632
"[8, 23, 8, 23, 23, 8, 23, 23, 8, 23, 21]","['swish', 'tanh', 'sigmoid', 'sigmoid', 'elu', 'swish', 'sigmoid', 'elu', 'sigmoid', 'swish', 'swish']",08f906f6f008f6f006f8d8,700,Adam,MaxAbsoluteDeviation,9.021222114562988,6.662331581115723,10.893023999989964
"[8, 23, 8, 23, 23, 8, 23, 23, 8, 23]","['swish', 'tanh', 'sigmoid', 'sigmoid', 'elu', 'swish', 'sigmoid', 'elu', 'sigmoid', 'swish']",08f906f6f008f6f006f8,677,Adam,MaxAbsoluteDeviation,0.5772899985313416,0.31842178106307983,10.09561910002958
"[8, 23, 8, 23, 23, 8, 23, 23, 8, 23, 10]","['swish', 'tanh', 'sigmoid', 'sigmoid', 'elu', 'swish', 'sigmoid', 'elu', 'sigmoid', 'swish', 'sigmoid']",08f906f6f008f6f006f826,677,Adam,MaxAbsoluteDeviation,9.109381675720215,6.7471842765808105,10.239893799996935
"[8, 23, 8, 23, 23, 8, 23, 23, 23, 23, 11]","['swish', 'tanh', 'sigmoid', 'sigmoid', 'elu', 'swish', 'sigmoid', 'elu', 'sigmoid', 'swish', 'elu']",08f906f6f008f6f0f6f830,677,Adam,MaxAbsoluteDeviation,0.48808643221855164,0.2676081359386444,10.6454888000153
"[8, 23, 8, 23, 23, 8, 23, 23, 23, 23, 11, 18]","['swish', 'tanh', 'sigmoid', 'sigmoid', 'elu', 'swish', 'sigmoid', 'elu', 'sigmoid', 'swish', 'elu', 'sigmoid']",08f906f6f008f6f0f6f830a6,677,Adam,MaxAbsoluteDeviation,9.12480354309082,6.929770469665527,12.589156699948944
"[8, 23, 8, 8, 23, 8, 23, 23, 23, 23, 11]","['swish', 'tanh', 'sigmoid', 'sigmoid', 'elu', 'swish', 'sigmoid', 'elu', 'sigmoid', 'swish', 'elu']",08f90606f008f6f0f6f830,677,Adam,MaxAbsoluteDeviation,0.37875956296920776,0.23159414529800415,10.86708770005498
"[8, 23, 8, 8, 23, 8, 23, 23, 23, 23, 11]","['swish', 'tanh', 'sigmoid', 'sigmoid', 'elu', 'swish', 'sigmoid', 'elu', 'sigmoid', 'swish', 'elu']",08f90606f008f6f0f6f830,331,Adam,MaxAbsoluteDeviation,0.6745709180831909,0.37240180373191833,5.8288564999820665
"[8, 23, 8, 8, 23, 8, 23, 23, 23, 23, 11]","['swish', 'tanh', 'sigmoid', 'sigmoid', 'elu', 'swish', 'sigmoid', 'elu', 'sigmoid', 'swish', 'elu']",08f90606f008f6f0f6f830,700,Adam,MaxAbsoluteDeviation,0.468275249004364,0.25622057914733887,11.381076600053348
"[8, 23, 8, 8, 23, 8, 23, 23, 23]","['swish', 'tanh', 'sigmoid', 'sigmoid', 'elu', 'swish', 'sigmoid', 'elu', 'sigmoid']",08f90606f008f6f0f6,700,Adam,MaxAbsoluteDeviation,0.3296225070953369,0.19706003367900848,10.209253499982879
"[8, 23, 8, 8, 23, 8, 23, 23, 23]","['swish', 'tanh', 'sigmoid', 'sigmoid', 'elu', 'swish', 'sigmoid', 'elu', 'sigmoid']",08f90606f008f6f0f6,558,Adam,MaxAbsoluteDeviation,0.5483428239822388,0.3720259964466095,8.192932300036773
"[8, 23, 8, 8, 23, 8, 23, 23, 23]","['swish', 'tanh', 'sigmoid', 'sigmoid', 'elu', 'swish', 'sigmoid', 'swish', 'sigmoid']",08f90606f008f6f8f6,558,Adam,MaxAbsoluteDeviation,0.4818585216999054,0.445367693901062,8.02608009998221
"[8, 23, 8, 8, 23, 8, 23, 23, 23]","['swish', 'elu', 'sigmoid', 'sigmoid', 'elu', 'swish', 'sigmoid', 'swish', 'sigmoid']",08f00606f008f6f8f6,558,Adam,MaxAbsoluteDeviation,0.522183895111084,0.28783294558525085,8.207053799997084
"[8, 23, 8, 8, 23, 8, 23, 23]","['swish', 'elu', 'sigmoid', 'sigmoid', 'elu', 'swish', 'sigmoid', 'swish']",08f00606f008f6f8,301,Adam,MaxAbsoluteDeviation,0.3897360563278198,0.11060899496078491,4.554580099997111
"[8, 23, 8, 8, 23, 8, 23, 23]","['swish', 'elu', 'sigmoid', 'sigmoid', 'elu', 'swish', 'sigmoid', 'swish']",08f00606f008f6f8,700,Adam,MaxAbsoluteDeviation,0.44682908058166504,0.3423632085323334,9.459691499941982
"[8, 23, 8, 8, 23, 8, 23, 23]","['swish', 'elu', 'sigmoid', 'sigmoid', 'elu', 'swish', 'sigmoid', 'swish']",08f00606f008f6f8,700,Adam,MaxAbsoluteDeviation,0.4159690737724304,0.15317189693450928,9.467395299929194
"[8, 23, 8, 8, 23, 8, 23, 23]","['swish', 'elu', 'sigmoid', 'sigmoid', 'elu', 'swish', 'sigmoid', 'swish']",08f00606f008f6f8,700,Adam,MaxAbsoluteDeviation,0.49052536487579346,0.18968839943408966,9.249402999994345
"[8, 23, 8, 8, 23, 8, 23, 23, 23]","['swish', 'elu', 'sigmoid', 'sigmoid', 'elu', 'swish', 'sigmoid', 'swish', 'elu']",08f00606f008f6f8f0,133,Adam,MaxAbsoluteDeviation,0.5090065002441406,0.12131837755441666,2.5797133001033217
"[23, 23, 8, 8, 23, 8, 23, 23, 23, 10]","['swish', 'elu', 'sigmoid', 'sigmoid', 'elu', 'swish', 'sigmoid', 'swish', 'elu', 'sigmoid']",f8f00606f008f6f8f026,133,Adam,MaxAbsoluteDeviation,8.98215103149414,6.722522735595703,2.706934400019236
"[8, 23, 8, 8, 23, 8, 23, 23, 23]","['swish', 'elu', 'sigmoid', 'sigmoid', 'elu', 'swish', 'sigmoid', 'swish', 'elu']",08f00606f008f6f8f0,700,Adam,MaxAbsoluteDeviation,0.3281218707561493,0.19155436754226685,10.199819999979809
"[8, 23, 8, 8, 23, 8, 23, 23]","['swish', 'elu', 'sigmoid', 'sigmoid', 'elu', 'swish', 'sigmoid', 'swish']",08f00606f008f6f8,700,Adam,MaxAbsoluteDeviation,0.28818753361701965,0.28174474835395813,9.385583200026304
"[8, 23, 8, 8, 23, 8, 23, 23, 10]","['swish', 'elu', 'sigmoid', 'sigmoid', 'elu', 'swish', 'sigmoid', 'swish', 'swish']",08f00606f008f6f828,691,Adam,MaxAbsoluteDeviation,0.37684571743011475,0.2342614233493805,9.534363600076176
"[8, 23, 8, 8, 23, 8, 23, 23, 10]","['swish', 'elu', 'sigmoid', 'sigmoid', 'elu', 'swish', 'sigmoid', 'swish', 'swish']",08f00606f008f6f828,100,Adam,MaxAbsoluteDeviation,0.46445372700691223,0.31187552213668823,3.136225999915041
"[8, 23, 8, 8, 23, 8, 23, 23, 10]","['swish', 'tanh', 'sigmoid', 'sigmoid', 'elu', 'swish', 'sigmoid', 'swish', 'swish']",08f90606f008f6f828,100,Adam,MaxAbsoluteDeviation,1.0033624172210693,0.5275684595108032,2.1941224999027327
"[8, 23, 8, 8, 23, 8, 23, 23]","['swish', 'tanh', 'sigmoid', 'sigmoid', 'elu', 'swish', 'sigmoid', 'swish']",08f90606f008f6f8,100,Adam,MaxAbsoluteDeviation,0.4802747964859009,0.44971176981925964,2.0514412000775337
"[8, 23, 8, 8, 23, 8, 23, 23, 10, 23]","['swish', 'tanh', 'sigmoid', 'sigmoid', 'elu', 'swish', 'sigmoid', 'swish', 'sigmoid', 'tanh']",08f90606f008f6f826f9,100,Adam,MaxAbsoluteDeviation,0.7985435724258423,0.45193496346473694,2.2886619000928476
"[8, 23, 8, 8, 23, 8, 23, 23, 10]","['swish', 'tanh', 'sigmoid', 'sigmoid', 'elu', 'swish', 'sigmoid', 'swish', 'sigmoid']",08f90606f008f6f826,100,Adam,MaxAbsoluteDeviation,9.119911193847656,6.867659091949463,2.242119700065814
"[8, 23, 8, 8, 23, 8, 23, 8, 10, 23]","['swish', 'tanh', 'sigmoid', 'sigmoid', 'elu', 'swish', 'sigmoid', 'swish', 'sigmoid', 'tanh']",08f90606f008f60826f9,100,Adam,MaxAbsoluteDeviation,1.414727807044983,0.9550517797470093,2.3315678000217304
"[8, 23, 8, 8, 23, 8, 23, 23, 10, 23]","['elu', 'tanh', 'sigmoid', 'sigmoid', 'elu', 'swish', 'sigmoid', 'swish', 'sigmoid', 'tanh']",00f90606f008f6f826f9,100,Adam,MaxAbsoluteDeviation,0.7868034243583679,0.5909249186515808,2.2893521999940276
"[8, 23, 8, 8, 23, 8, 23, 23, 10, 23]","['elu', 'tanh', 'sigmoid', 'sigmoid', 'elu', 'swish', 'sigmoid', 'swish', 'sigmoid', 'tanh']",00f90606f008f6f826f9,700,Adam,MaxAbsoluteDeviation,9.114023208618164,6.752612113952637,10.408183800056577
"[8, 23, 8, 8, 23, 23, 23, 23, 10, 23]","['elu', 'tanh', 'sigmoid', 'sigmoid', 'elu', 'swish', 'sigmoid', 'swish', 'sigmoid', 'tanh']",00f90606f0f8f6f826f9,100,Adam,MaxAbsoluteDeviation,8.498129844665527,5.524128437042236,2.3962407999206334
"[8, 23, 8, 8, 23, 8, 8, 23, 10, 23]","['elu', 'tanh', 'sigmoid', 'sigmoid', 'elu', 'swish', 'sigmoid', 'swish', 'sigmoid', 'tanh']",00f90606f00806f826f9,700,Adam,MaxAbsoluteDeviation,0.4107123911380768,0.21013465523719788,10.365111300023273
"[8, 23, 8, 8, 23, 8, 8, 23, 10, 23, 19]","['elu', 'tanh', 'sigmoid', 'sigmoid', 'elu', 'swish', 'sigmoid', 'swish', 'sigmoid', 'tanh', 'tanh']",00f90606f00806f826f9b9,700,Adam,MaxAbsoluteDeviation,9.004613876342773,6.6236467361450195,10.050044700037688
"[8, 23, 8, 8, 23, 8, 8, 23, 10]","['elu', 'tanh', 'sigmoid', 'sigmoid', 'elu', 'swish', 'sigmoid', 'swish', 'sigmoid']",00f90606f00806f826,700,Adam,MaxAbsoluteDeviation,0.3817279040813446,0.3178507089614868,9.348513600067236
"[8, 23, 23, 8, 23, 8, 8, 23, 10, 18]","['elu', 'tanh', 'sigmoid', 'sigmoid', 'elu', 'swish', 'sigmoid', 'swish', 'sigmoid', 'swish']",00f9f606f00806f826a8,197,Adam,MaxAbsoluteDeviation,0.39439141750335693,0.23220616579055786,3.4564923000289127
"[8, 23, 23, 8, 23, 8, 8, 23, 10, 18]","['elu', 'tanh', 'sigmoid', 'sigmoid', 'elu', 'swish', 'sigmoid', 'swish', 'sigmoid', 'swish']",00f9f606f00806f826a8,700,Adam,MaxAbsoluteDeviation,0.4192775785923004,0.3055514991283417,9.996157400077209
"[8, 23, 23, 8, 23, 8, 8, 23, 10, 18]","['elu', 'tanh', 'sigmoid', 'sigmoid', 'elu', 'swish', 'sigmoid', 'swish', 'sigmoid', 'swish']",00f9f606f00806f826a8,700,Adam,MaxAbsoluteDeviation,0.6694023609161377,0.24051401019096375,9.960443099960685
"[8, 23, 23, 8, 23, 8, 8, 23, 10, 18]","['elu', 'tanh', 'sigmoid', 'sigmoid', 'elu', 'swish', 'sigmoid', 'swish', 'sigmoid', 'swish']",00f9f606f00806f826a8,700,Adam,MaxAbsoluteDeviation,0.37228935956954956,0.286286860704422,10.23707849998027
"[8, 23, 23, 8, 23, 8, 8, 23, 10, 18]","['elu', 'tanh', 'sigmoid', 'sigmoid', 'elu', 'swish', 'sigmoid', 'swish', 'sigmoid', 'swish']",00f9f606f00806f826a8,700,Adam,MaxAbsoluteDeviation,0.3869047164916992,0.36693644523620605,9.730819400050677
"[8, 23, 23, 8, 23, 8, 8, 23, 10, 18, 16, 23]","['elu', 'tanh', 'sigmoid', 'sigmoid', 'elu', 'swish', 'sigmoid', 'swish', 'sigmoid', 'swish', 'sigmoid', 'swish']",00f9f606f00806f826a886f8,700,Adam,MaxAbsoluteDeviation,0.5288720726966858,0.423491507768631,12.463047400000505
"[8, 23, 23, 8, 23, 8, 8, 23, 10, 18, 16, 23]","['elu', 'tanh', 'sigmoid', 'sigmoid', 'elu', 'swish', 'sigmoid', 'swish', 'sigmoid', 'swish', 'sigmoid', 'swish']",00f9f606f00806f826a886f8,700,Adam,MaxAbsoluteDeviation,0.4757858216762543,0.4022172689437866,11.336133999982849
"[8, 23, 23, 8, 23, 8, 8, 23, 10, 18, 16, 23]","['elu', 'tanh', 'sigmoid', 'sigmoid', 'elu', 'swish', 'sigmoid', 'swish', 'sigmoid', 'swish', 'sigmoid', 'swish']",00f9f606f00806f826a886f8,700,Adam,MaxAbsoluteDeviation,9.204211235046387,6.7340922355651855,11.245344700058922
"[8, 23, 23, 8, 23, 8, 8, 23, 10, 18, 16, 23]","['elu', 'tanh', 'sigmoid', 'sigmoid', 'elu', 'swish', 'tanh', 'swish', 'sigmoid', 'swish', 'sigmoid', 'swish']",00f9f606f00809f826a886f8,700,Adam,MaxAbsoluteDeviation,0.721935510635376,0.28188061714172363,11.156887000077404
"[8, 23, 23, 8, 23, 8, 8, 23, 10, 18, 16, 23]","['elu', 'tanh', 'sigmoid', 'sigmoid', 'elu', 'swish', 'tanh', 'swish', 'sigmoid', 'swish', 'sigmoid', 'swish']",00f9f606f00809f826a886f8,346,Adam,MaxAbsoluteDeviation,0.5861270427703857,0.39174574613571167,6.0518175000324845
"[23, 23, 23, 8, 23, 8, 8, 23, 10, 18, 16, 23]","['elu', 'tanh', 'sigmoid', 'sigmoid', 'elu', 'swish', 'tanh', 'swish', 'sigmoid', 'swish', 'sigmoid', 'swish']",f0f9f606f00809f826a886f8,346,Adam,MaxAbsoluteDeviation,1.2689311504364014,0.9138129949569702,6.231519000022672
"[23, 23, 23, 8, 23, 8, 8, 23, 10, 18, 16, 23]","['elu', 'tanh', 'sigmoid', 'sigmoid', 'elu', 'swish', 'tanh', 'swish', 'sigmoid', 'swish', 'sigmoid', 'swish']",f0f9f606f00809f826a886f8,700,Adam,MaxAbsoluteDeviation,0.6954846382141113,0.6305978894233704,11.637223900062963
"[23, 23, 23, 8, 23, 8, 8, 23, 10, 18, 16, 23, 13]","['elu', 'tanh', 'sigmoid', 'sigmoid', 'elu', 'swish', 'tanh', 'swish', 'sigmoid', 'swish', 'sigmoid', 'swish', 'sigmoid']",f0f9f606f00809f826a886f856,700,Adam,MaxAbsoluteDeviation,9.061047554016113,6.739321231842041,11.722045000060461
"[23, 23, 23, 8, 23, 8, 8, 23, 10, 18, 16, 23]","['elu', 'tanh', 'sigmoid', 'sigmoid', 'elu', 'swish', 'tanh', 'swish', 'sigmoid', 'swish', 'sigmoid', 'elu']",f0f9f606f00809f826a886f0,700,Adam,MaxAbsoluteDeviation,0.8743629455566406,0.34046509861946106,11.66046419995837
"[23, 23, 23, 8, 23, 8, 8, 23, 10, 18, 16, 23]","['elu', 'tanh', 'sigmoid', 'sigmoid', 'elu', 'swish', 'tanh', 'swish', 'sigmoid', 'swish', 'sigmoid', 'elu']",f0f9f606f00809f826a886f0,700,Adam,MaxAbsoluteDeviation,9.135902404785156,6.778299331665039,11.376986299990676
"[23, 23, 23, 8, 23, 8, 8, 23, 10, 18, 16, 12]","['elu', 'tanh', 'sigmoid', 'sigmoid', 'elu', 'swish', 'tanh', 'swish', 'sigmoid', 'swish', 'sigmoid', 'sigmoid']",f0f9f606f00809f826a88646,700,Adam,MaxAbsoluteDeviation,9.043557167053223,6.631134033203125,11.319249299936928
"[23, 23, 23, 8, 23, 8, 8, 23, 10, 18, 23, 23]","['elu', 'tanh', 'sigmoid', 'sigmoid', 'elu', 'swish', 'tanh', 'swish', 'sigmoid', 'swish', 'sigmoid', 'elu']",f0f9f606f00809f826a8f6f0,700,Adam,MaxAbsoluteDeviation,0.5901311635971069,0.49932971596717834,11.151968799997121
"[23, 23, 23, 8, 23, 8, 8, 23, 10, 18, 23, 23]","['elu', 'tanh', 'sigmoid', 'sigmoid', 'elu', 'swish', 'tanh', 'swish', 'tanh', 'swish', 'sigmoid', 'elu']",f0f9f606f00809f829a8f6f0,700,Adam,MaxAbsoluteDeviation,9.089798927307129,6.676389217376709,11.168171599972993
"[23, 23, 23, 8, 23, 8, 8, 23, 10, 18, 23, 23]","['elu', 'tanh', 'sigmoid', 'sigmoid', 'elu', 'swish', 'tanh', 'swish', 'sigmoid', 'swish', 'sigmoid', 'elu']",f0f9f606f00809f826a8f6f0,192,Adam,MaxAbsoluteDeviation,0.5544624924659729,0.44057518243789673,3.6890337000368163
"[23, 23, 23, 8, 23, 8, 8, 23, 10, 18, 23, 23]","['elu', 'tanh', 'sigmoid', 'sigmoid', 'elu', 'swish', 'tanh', 'swish', 'sigmoid', 'swish', 'sigmoid', 'elu']",f0f9f606f00809f826a8f6f0,107,Adam,MaxAbsoluteDeviation,9.151714324951172,7.0080742835998535,3.6018410000251606
"[23, 23, 23, 8, 23, 8, 8, 23, 10, 18, 23, 23]","['elu', 'tanh', 'sigmoid', 'sigmoid', 'elu', 'swish', 'tanh', 'swish', 'sigmoid', 'swish', 'sigmoid', 'elu']",f0f9f606f00809f826a8f6f0,700,Adam,MaxAbsoluteDeviation,9.064723014831543,6.827394485473633,11.68593219993636
"[23, 23, 23, 8, 23, 8, 8, 23, 10, 18, 23, 23, 19]","['elu', 'tanh', 'sigmoid', 'sigmoid', 'elu', 'swish', 'tanh', 'swish', 'sigmoid', 'swish', 'sigmoid', 'elu', 'tanh']",f0f9f606f00809f826a8f6f0b9,700,Adam,MaxAbsoluteDeviation,9.177002906799316,6.847165584564209,12.016815299983136
"[23, 8, 23, 8, 23, 8, 8, 23, 10, 18, 23, 23, 10]","['elu', 'tanh', 'sigmoid', 'sigmoid', 'elu', 'swish', 'tanh', 'swish', 'sigmoid', 'swish', 'sigmoid', 'elu', 'swish']",f009f606f00809f826a8f6f028,192,Adam,MaxAbsoluteDeviation,0.7219157218933105,0.5312435626983643,3.999732500058599
"[23, 8, 8, 8, 23, 8, 8, 23, 10, 18, 23, 23, 10]","['elu', 'tanh', 'sigmoid', 'sigmoid', 'elu', 'swish', 'tanh', 'swish', 'sigmoid', 'swish', 'sigmoid', 'elu', 'swish']",f0090606f00809f826a8f6f028,192,Adam,MaxAbsoluteDeviation,9.210474967956543,6.959625244140625,4.136601700098254
"[23, 8, 23, 8, 23, 8, 8, 23, 10, 18, 23, 23, 10]","['elu', 'tanh', 'sigmoid', 'sigmoid', 'elu', 'swish', 'tanh', 'swish', 'sigmoid', 'swish', 'sigmoid', 'elu', 'swish']",f009f606f00809f826a8f6f028,118,Adam,MaxAbsoluteDeviation,1.1672255992889404,0.5236852765083313,3.0188634999794886
"[23, 8, 23, 8, 23, 8, 8, 23, 10, 18, 23, 23, 10]","['elu', 'tanh', 'sigmoid', 'sigmoid', 'elu', 'swish', 'tanh', 'swish', 'sigmoid', 'swish', 'sigmoid', 'elu', 'swish']",f009f606f00809f826a8f6f028,700,Adam,MaxAbsoluteDeviation,0.7192575335502625,0.36301901936531067,12.217546200030483
"[23, 8, 23, 8, 23, 8, 8, 23, 10, 18, 23, 8, 10]","['elu', 'tanh', 'sigmoid', 'sigmoid', 'elu', 'swish', 'tanh', 'swish', 'sigmoid', 'swish', 'sigmoid', 'elu', 'swish']",f009f606f00809f826a8f60028,700,Adam,MaxAbsoluteDeviation,9.50073528289795,6.710750102996826,12.119375000009313
"[23, 8, 23, 23, 23, 8, 8, 23, 10, 18, 23, 23, 10]","['elu', 'tanh', 'sigmoid', 'sigmoid', 'elu', 'swish', 'tanh', 'swish', 'sigmoid', 'swish', 'sigmoid', 'elu', 'swish']",f009f6f6f00809f826a8f6f028,700,Adam,MaxAbsoluteDeviation,0.6621480584144592,0.6592233777046204,11.919333499972709
"[23, 8, 23, 23, 23, 8, 8, 23, 10, 18, 23, 23, 10]","['elu', 'tanh', 'sigmoid', 'sigmoid', 'elu', 'swish', 'tanh', 'swish', 'sigmoid', 'swish', 'sigmoid', 'elu', 'swish']",f009f6f6f00809f826a8f6f028,700,Adam,MaxAbsoluteDeviation,0.7968962788581848,0.4566727876663208,12.060413700062782
"[23, 8, 23, 23, 23, 8, 8, 23, 10, 18, 23, 23, 10]","['elu', 'tanh', 'sigmoid', 'sigmoid', 'elu', 'swish', 'tanh', 'swish', 'sigmoid', 'swish', 'sigmoid', 'elu', 'swish']",f009f6f6f00809f826a8f6f028,700,Adam,MaxAbsoluteDeviation,1.02852201461792,0.3452562689781189,12.001790300011635
"[23, 8, 23, 23, 23, 8, 8, 23, 10, 18, 23, 23, 10]","['elu', 'tanh', 'sigmoid', 'sigmoid', 'elu', 'swish', 'tanh', 'swish', 'sigmoid', 'elu', 'sigmoid', 'elu', 'swish']",f009f6f6f00809f826a0f6f028,700,Adam,MaxAbsoluteDeviation,9.138806343078613,6.9101786613464355,12.103556400048546
"[23, 8, 23, 23, 23, 8, 8, 23, 10, 18, 23, 23, 10]","['elu', 'tanh', 'sigmoid', 'sigmoid', 'elu', 'swish', 'tanh', 'swish', 'sigmoid', 'swish', 'sigmoid', 'elu', 'swish']",f009f6f6f00809f826a8f6f028,700,Adam,MaxAbsoluteDeviation,9.1392240524292,6.818269729614258,11.915372499963269
"[23, 8, 23, 23, 23, 8, 8, 23, 10, 18, 23, 23, 10]","['elu', 'tanh', 'sigmoid', 'sigmoid', 'elu', 'swish', 'tanh', 'swish', 'sigmoid', 'swish', 'sigmoid', 'elu', 'swish']",f009f6f6f00809f826a8f6f028,700,Adam,MaxAbsoluteDeviation,9.168336868286133,6.407225131988525,12.045737199950963
"[23, 8, 23, 23, 23, 8, 8, 23, 10, 18, 23, 23]","['elu', 'tanh', 'sigmoid', 'sigmoid', 'elu', 'swish', 'tanh', 'swish', 'sigmoid', 'swish', 'sigmoid', 'elu']",f009f6f6f00809f826a8f6f0,700,Adam,MaxAbsoluteDeviation,0.3389926552772522,0.16241231560707092,11.755732499994338
"[23, 8, 23, 23, 23, 8, 8, 23, 10, 18, 23, 23]","['elu', 'tanh', 'sigmoid', 'sigmoid', 'elu', 'swish', 'tanh', 'swish', 'sigmoid', 'swish', 'sigmoid', 'elu']",f009f6f6f00809f826a8f6f0,700,Adam,MaxAbsoluteDeviation,0.5204306244850159,0.35100165009498596,11.522020399919711
"[23, 8, 23, 23, 23, 8, 8, 23, 10, 18, 23, 23]","['elu', 'tanh', 'sigmoid', 'sigmoid', 'elu', 'swish', 'tanh', 'swish', 'sigmoid', 'swish', 'sigmoid', 'elu']",f009f6f6f00809f826a8f6f0,700,Adam,MaxAbsoluteDeviation,9.171741485595703,6.729259490966797,11.532060500001535
"[23, 8, 23, 23, 23, 8, 8, 23, 10, 18, 23, 23]","['elu', 'tanh', 'sigmoid', 'sigmoid', 'elu', 'tanh', 'tanh', 'swish', 'sigmoid', 'swish', 'sigmoid', 'elu']",f009f6f6f00909f826a8f6f0,700,Adam,MaxAbsoluteDeviation,0.48015907406806946,0.2876167893409729,11.278195000020787
"[23, 8, 23, 23, 23, 8, 8, 23, 10, 18, 23]","['elu', 'tanh', 'sigmoid', 'sigmoid', 'elu', 'tanh', 'tanh', 'swish', 'sigmoid', 'swish', 'sigmoid']",f009f6f6f00909f826a8f6,700,Adam,MaxAbsoluteDeviation,9.067376136779785,6.7484130859375,10.643602999974973
"[23, 8, 23, 23, 23, 8, 23, 23, 10, 18, 23, 23]","['elu', 'tanh', 'sigmoid', 'sigmoid', 'elu', 'tanh', 'tanh', 'swish', 'sigmoid', 'swish', 'sigmoid', 'elu']",f009f6f6f009f9f826a8f6f0,700,Adam,MaxAbsoluteDeviation,9.078548431396484,6.6790876388549805,11.437186200055294
"[23, 8, 23, 23, 23, 8, 8, 23, 10, 18, 23, 23, 19]","['elu', 'tanh', 'sigmoid', 'sigmoid', 'elu', 'tanh', 'tanh', 'swish', 'sigmoid', 'swish', 'sigmoid', 'elu', 'tanh']",f009f6f6f00909f826a8f6f0b9,700,Adam,MaxAbsoluteDeviation,9.031717300415039,6.614631175994873,11.934602500055917
"[23, 8, 23, 23, 23, 8, 8, 23, 10, 18, 23, 23]","['elu', 'elu', 'sigmoid', 'sigmoid', 'elu', 'tanh', 'tanh', 'swish', 'sigmoid', 'swish', 'sigmoid', 'elu']",f000f6f6f00909f826a8f6f0,700,Adam,MaxAbsoluteDeviation,9.13766860961914,6.797330379486084,11.320024400018156
"[23, 8, 23, 23, 23, 8, 8, 23, 10, 18, 23, 23]","['elu', 'tanh', 'sigmoid', 'sigmoid', 'elu', 'tanh', 'tanh', 'swish', 'tanh', 'swish', 'sigmoid', 'elu']",f009f6f6f00909f829a8f6f0,700,Adam,MaxAbsoluteDeviation,0.7671154737472534,0.5975813269615173,11.188839900074527
"[23, 8, 23, 23, 23, 8, 8, 23, 10, 18, 23, 23, 14]","['elu', 'tanh', 'sigmoid', 'sigmoid', 'elu', 'tanh', 'tanh', 'swish', 'sigmoid', 'swish', 'sigmoid', 'elu', 'elu']",f009f6f6f00909f826a8f6f060,700,Adam,MaxAbsoluteDeviation,9.08446979522705,6.471367835998535,11.789247200009413
"[23, 8, 23, 23, 23, 8, 8, 23, 10, 18, 23, 23, 10]","['elu', 'tanh', 'sigmoid', 'sigmoid', 'elu', 'tanh', 'tanh', 'swish', 'sigmoid', 'swish', 'sigmoid', 'elu', 'swish']",f009f6f6f00909f826a8f6f028,700,Adam,MaxAbsoluteDeviation,9.205976486206055,6.885153293609619,11.967139400076121
"[23, 8, 23, 23, 23, 8, 8, 23, 10, 18, 23, 23]","['elu', 'tanh', 'sigmoid', 'sigmoid', 'elu', 'tanh', 'tanh', 'swish', 'sigmoid', 'swish', 'sigmoid', 'elu']",f009f6f6f00909f826a8f6f0,700,Adam,MaxAbsoluteDeviation,9.119036674499512,6.741390228271484,11.493280200054869
"[23, 8, 23, 23, 23, 8, 8, 23, 10, 18, 23, 23]","['elu', 'tanh', 'sigmoid', 'sigmoid', 'elu', 'tanh', 'tanh', 'swish', 'sigmoid', 'swish', 'sigmoid', 'elu']",f009f6f6f00909f826a8f6f0,329,Adam,MaxAbsoluteDeviation,9.14505672454834,6.746150970458984,5.74183750001248
"[23, 8, 23, 23, 23, 8, 8, 23, 10, 18, 23, 23]","['elu', 'tanh', 'sigmoid', 'sigmoid', 'elu', 'tanh', 'tanh', 'swish', 'sigmoid', 'swish', 'sigmoid', 'elu']",f009f6f6f00909f826a8f6f0,420,Adam,MaxAbsoluteDeviation,0.8751989006996155,0.46323180198669434,7.186537900008261
"[23, 8, 23, 23, 23, 8, 8, 23, 10, 18, 23, 23, 21]","['elu', 'tanh', 'sigmoid', 'sigmoid', 'elu', 'tanh', 'tanh', 'swish', 'sigmoid', 'swish', 'sigmoid', 'elu', 'swish']",f009f6f6f00909f826a8f6f0d8,420,Adam,MaxAbsoluteDeviation,0.7978204488754272,0.40228384733200073,8.608348100096919
"[23, 8, 23, 23, 23, 8, 8, 23, 10, 18, 23, 23, 21]","['elu', 'tanh', 'tanh', 'sigmoid', 'elu', 'tanh', 'tanh', 'swish', 'sigmoid', 'swish', 'sigmoid', 'elu', 'swish']",f009f9f6f00909f826a8f6f0d8,420,Adam,MaxAbsoluteDeviation,9.166825294494629,6.6408305168151855,7.592839500051923
"[23, 8, 23, 23, 23, 8, 8, 23, 23, 18, 23, 23, 21]","['elu', 'tanh', 'sigmoid', 'sigmoid', 'elu', 'tanh', 'tanh', 'swish', 'sigmoid', 'swish', 'sigmoid', 'elu', 'swish']",f009f6f6f00909f8f6a8f6f0d8,415,Adam,MaxAbsoluteDeviation,9.229392051696777,6.7162346839904785,7.770527700078674
"[23, 8, 23, 23, 23, 8, 8, 23, 10, 18, 23, 23]","['elu', 'tanh', 'sigmoid', 'sigmoid', 'elu', 'tanh', 'tanh', 'swish', 'sigmoid', 'swish', 'sigmoid', 'elu']",f009f6f6f00909f826a8f6f0,420,Adam,MaxAbsoluteDeviation,9.066352844238281,6.7089385986328125,7.141163000022061
"[23, 8, 23, 23, 23, 8, 8, 23, 10, 18, 23, 23, 21]","['elu', 'tanh', 'sigmoid', 'sigmoid', 'elu', 'tanh', 'tanh', 'swish', 'sigmoid', 'swish', 'sigmoid', 'elu', 'swish']",f009f6f6f00909f826a8f6f0d8,700,Adam,MaxAbsoluteDeviation,0.9709182977676392,0.9740167260169983,12.136280200094916
"[23, 8, 23, 23, 23, 8, 8, 23, 10, 18, 23, 23]","['elu', 'tanh', 'sigmoid', 'sigmoid', 'elu', 'tanh', 'tanh', 'swish', 'sigmoid', 'swish', 'sigmoid', 'elu']",f009f6f6f00909f826a8f6f0,700,Adam,MaxAbsoluteDeviation,9.109807968139648,6.651312351226807,11.261075900052674
"[23, 8, 23, 23, 23, 8, 8, 23, 10, 18, 23, 23, 21, 23]","['elu', 'tanh', 'sigmoid', 'sigmoid', 'elu', 'tanh', 'tanh', 'swish', 'sigmoid', 'swish', 'sigmoid', 'elu', 'swish', 'tanh']",f009f6f6f00909f826a8f6f0d8f9,700,Adam,MaxAbsoluteDeviation,9.0234375,6.801097393035889,12.394446999998763
"[23, 8, 23, 23, 23, 8, 8, 23, 10, 18, 23, 23, 21]","['elu', 'tanh', 'sigmoid', 'sigmoid', 'elu', 'tanh', 'tanh', 'swish', 'sigmoid', 'swish', 'sigmoid', 'elu', 'swish']",f009f6f6f00909f826a8f6f0d8,700,Adam,MaxAbsoluteDeviation,9.1792631149292,6.779803276062012,12.15941640001256
"[23, 8, 23, 23, 23, 8, 8, 23, 10, 8, 23, 23, 21]","['elu', 'tanh', 'sigmoid', 'sigmoid', 'elu', 'tanh', 'tanh', 'swish', 'sigmoid', 'swish', 'sigmoid', 'elu', 'swish']",f009f6f6f00909f82608f6f0d8,450,Adam,MaxAbsoluteDeviation,0.9574934244155884,0.6337918043136597,7.935625799931586
"[23, 8, 23, 23, 23, 8, 8, 23, 10, 8, 23, 23]","['elu', 'tanh', 'sigmoid', 'sigmoid', 'elu', 'tanh', 'tanh', 'swish', 'sigmoid', 'swish', 'sigmoid', 'elu']",f009f6f6f00909f82608f6f0,450,Adam,MaxAbsoluteDeviation,0.7121803760528564,0.49216580390930176,7.531370499986224
"[23, 8, 23, 23, 23, 8, 8, 23, 10, 8, 23, 23, 21]","['elu', 'tanh', 'sigmoid', 'sigmoid', 'elu', 'tanh', 'tanh', 'swish', 'sigmoid', 'swish', 'sigmoid', 'elu', 'elu']",f009f6f6f00909f82608f6f0d0,450,Adam,MaxAbsoluteDeviation,0.7800216674804688,0.27532365918159485,7.929035499924794
"[23, 8, 23, 23, 23, 8, 8, 23, 10, 8, 23, 23, 21]","['elu', 'tanh', 'sigmoid', 'sigmoid', 'elu', 'tanh', 'tanh', 'swish', 'sigmoid', 'swish', 'sigmoid', 'elu', 'elu']",f009f6f6f00909f82608f6f0d0,700,Adam,MaxAbsoluteDeviation,9.203368186950684,6.874341011047363,12.085139199974947
"[23, 8, 23, 23, 23, 8, 8, 23, 10, 8, 23, 23, 21]","['elu', 'tanh', 'sigmoid', 'sigmoid', 'elu', 'tanh', 'tanh', 'swish', 'sigmoid', 'swish', 'sigmoid', 'elu', 'tanh']",f009f6f6f00909f82608f6f0d9,450,Adam,MaxAbsoluteDeviation,9.135244369506836,6.899592399597168,7.975464900024235
"[23, 8, 23, 23, 23, 8, 8, 23, 10, 8, 23, 23, 21]","['elu', 'tanh', 'sigmoid', 'sigmoid', 'elu', 'tanh', 'tanh', 'swish', 'sigmoid', 'swish', 'sigmoid', 'elu', 'elu']",f009f6f6f00909f82608f6f0d0,450,Adam,MaxAbsoluteDeviation,9.237614631652832,6.630446910858154,7.949224299984053
"[23, 8, 23, 23, 23, 8, 8, 23, 10, 8, 23, 23, 21]","['elu', 'tanh', 'sigmoid', 'sigmoid', 'elu', 'tanh', 'tanh', 'swish', 'sigmoid', 'swish', 'sigmoid', 'elu', 'elu']",f009f6f6f00909f82608f6f0d0,700,Adam,MaxAbsoluteDeviation,0.5522660613059998,0.464811772108078,12.586393099976704
"[23, 8, 23, 23, 23, 8, 8, 23, 10, 8, 23, 23, 21]","['elu', 'tanh', 'sigmoid', 'sigmoid', 'elu', 'tanh', 'tanh', 'swish', 'sigmoid', 'swish', 'sigmoid', 'elu', 'elu']",f009f6f6f00909f82608f6f0d0,700,Adam,MaxAbsoluteDeviation,9.200739860534668,6.861086845397949,12.279521099990234
"[23, 8, 23, 23, 23, 8, 8, 23, 10, 8, 23, 23, 21]","['elu', 'tanh', 'sigmoid', 'sigmoid', 'elu', 'tanh', 'tanh', 'swish', 'sigmoid', 'swish', 'sigmoid', 'elu', 'elu']",f009f6f6f00909f82608f6f0d0,700,Adam,MaxAbsoluteDeviation,0.802605390548706,0.3940521478652954,12.12086109991651
"[23, 8, 23, 23, 23, 8, 8, 23, 10, 8, 23, 23]","['elu', 'tanh', 'sigmoid', 'sigmoid', 'elu', 'tanh', 'tanh', 'swish', 'sigmoid', 'swish', 'sigmoid', 'elu']",f009f6f6f00909f82608f6f0,700,Adam,MaxAbsoluteDeviation,0.7298441529273987,0.40152159333229065,11.555623600026593
"[23, 23, 23, 23, 23, 8, 8, 23, 10, 8, 23, 23]","['elu', 'tanh', 'sigmoid', 'sigmoid', 'elu', 'tanh', 'tanh', 'swish', 'sigmoid', 'swish', 'sigmoid', 'elu']",f0f9f6f6f00909f82608f6f0,700,Adam,MaxAbsoluteDeviation,9.101971626281738,6.926838397979736,11.392251300043426
"[23, 8, 23, 23, 23, 8, 8, 23, 10, 8, 23, 23, 17]","['elu', 'tanh', 'sigmoid', 'sigmoid', 'elu', 'tanh', 'tanh', 'swish', 'sigmoid', 'swish', 'sigmoid', 'elu', 'sigmoid']",f009f6f6f00909f82608f6f096,700,Adam,MaxAbsoluteDeviation,9.038887023925781,6.722706317901611,11.924982399912551
"[23, 8, 23, 23, 23, 8, 8, 23, 10, 23, 23, 23]","['elu', 'tanh', 'sigmoid', 'sigmoid', 'elu', 'tanh', 'tanh', 'swish', 'sigmoid', 'swish', 'sigmoid', 'elu']",f009f6f6f00909f826f8f6f0,700,Adam,MaxAbsoluteDeviation,9.055486679077148,6.545854568481445,11.67649550002534
"[23, 8, 23, 23, 23, 8, 8, 23, 10, 8, 23, 23]","['elu', 'tanh', 'sigmoid', 'sigmoid', 'elu', 'tanh', 'tanh', 'swish', 'sigmoid', 'swish', 'sigmoid', 'elu']",f009f6f6f00909f82608f6f0,700,Adam,MaxAbsoluteDeviation,9.002652168273926,6.678691387176514,11.250705600017682
"[23, 8, 23, 23, 23, 8, 8, 23, 10, 8, 23, 23]","['elu', 'tanh', 'sigmoid', 'sigmoid', 'elu', 'tanh', 'tanh', 'swish', 'sigmoid', 'swish', 'sigmoid', 'elu']",f009f6f6f00909f82608f6f0,700,Adam,MaxAbsoluteDeviation,9.321643829345703,6.973687648773193,11.405169900041074
"[23, 8, 23, 23, 23, 8, 8, 23, 10, 8, 23]","['elu', 'tanh', 'sigmoid', 'sigmoid', 'elu', 'tanh', 'tanh', 'swish', 'sigmoid', 'swish', 'sigmoid']",f009f6f6f00909f82608f6,700,Adam,MaxAbsoluteDeviation,9.132569313049316,6.757625579833984,10.35251989995595
"[23, 8, 23, 23, 23, 8, 8, 23, 10, 8, 23, 23, 15, 17]","['elu', 'tanh', 'sigmoid', 'sigmoid', 'elu', 'tanh', 'tanh', 'swish', 'sigmoid', 'swish', 'sigmoid', 'elu', 'tanh', 'elu']",f009f6f6f00909f82608f6f07990,700,Adam,MaxAbsoluteDeviation,9.161701202392578,6.794527530670166,12.350012599956244
"[23, 8, 23, 23, 23, 8, 8, 23, 10, 8, 23, 23]","['elu', 'tanh', 'sigmoid', 'sigmoid', 'elu', 'tanh', 'tanh', 'swish', 'sigmoid', 'swish', 'sigmoid', 'elu']",f009f6f6f00909f82608f6f0,442,Adam,MaxAbsoluteDeviation,0.9005009531974792,0.3997516930103302,7.356802899972536
"[23, 8, 23, 23, 23, 8, 8, 23, 10, 8, 23, 23]","['elu', 'tanh', 'sigmoid', 'sigmoid', 'elu', 'tanh', 'tanh', 'swish', 'sigmoid', 'swish', 'sigmoid', 'elu']",f009f6f6f00909f82608f6f0,442,Adam,MaxAbsoluteDeviation,9.2301025390625,6.764748573303223,7.355175399919972
"[23, 8, 23, 23, 23, 8, 8, 23, 10, 8, 23, 23]","['elu', 'tanh', 'sigmoid', 'sigmoid', 'elu', 'tanh', 'tanh', 'swish', 'tanh', 'swish', 'sigmoid', 'elu']",f009f6f6f00909f82908f6f0,442,Adam,MaxAbsoluteDeviation,9.11414623260498,6.900489330291748,7.291915699956007
"[23, 8, 23, 23, 23, 8, 8, 23, 10, 8, 23, 23]","['elu', 'tanh', 'sigmoid', 'sigmoid', 'elu', 'tanh', 'tanh', 'swish', 'sigmoid', 'swish', 'sigmoid', 'elu']",f009f6f6f00909f82608f6f0,420,Adam,MaxAbsoluteDeviation,9.120380401611328,6.812916278839111,6.920053999987431
"[23, 8, 23, 23, 23, 8, 8, 23, 10, 8, 23, 23]","['elu', 'tanh', 'sigmoid', 'sigmoid', 'elu', 'tanh', 'tanh', 'swish', 'sigmoid', 'swish', 'sigmoid', 'elu']",f009f6f6f00909f82608f6f0,268,Adam,MaxAbsoluteDeviation,9.39904499053955,6.577030658721924,5.9462933000177145
"[23, 8, 23, 23, 23, 8, 8, 23, 10, 8, 23, 23, 21]","['elu', 'tanh', 'sigmoid', 'sigmoid', 'elu', 'tanh', 'tanh', 'swish', 'sigmoid', 'swish', 'sigmoid', 'elu', 'tanh']",f009f6f6f00909f82608f6f0d9,442,Adam,MaxAbsoluteDeviation,9.104613304138184,6.877989292144775,7.8356498999055475
"[23, 8, 23, 23, 23, 8, 8, 23, 10, 8, 23, 23, 18]","['elu', 'tanh', 'sigmoid', 'sigmoid', 'elu', 'tanh', 'tanh', 'swish', 'sigmoid', 'swish', 'sigmoid', 'elu', 'tanh']",f009f6f6f00909f82608f6f0a9,442,Adam,MaxAbsoluteDeviation,9.190120697021484,6.746674060821533,8.016975300037302
"[23, 8, 23, 23, 23, 8, 8, 23, 10, 8, 23, 23]","['elu', 'tanh', 'sigmoid', 'sigmoid', 'elu', 'tanh', 'tanh', 'swish', 'sigmoid', 'swish', 'sigmoid', 'elu']",f009f6f6f00909f82608f6f0,700,Adam,MaxAbsoluteDeviation,9.053912162780762,6.826299667358398,11.161452999920584
"[23, 8, 23, 23, 23, 8, 8, 23, 10, 8, 23, 23]","['elu', 'tanh', 'sigmoid', 'sigmoid', 'elu', 'tanh', 'tanh', 'swish', 'sigmoid', 'swish', 'sigmoid', 'elu']",f009f6f6f00909f82608f6f0,700,Adam,MaxAbsoluteDeviation,9.093169212341309,6.7141337394714355,11.300769800087437
"[23, 8, 23, 23, 23, 8, 8, 23, 10, 8, 8, 23, 19]","['elu', 'tanh', 'sigmoid', 'sigmoid', 'elu', 'tanh', 'tanh', 'swish', 'sigmoid', 'swish', 'sigmoid', 'elu', 'elu']",f009f6f6f00909f8260806f0b0,442,Adam,MaxAbsoluteDeviation,9.159079551696777,6.834165096282959,8.031949100084603
"[23, 8, 23, 23, 23, 8, 8, 8, 10, 8, 23, 23]","['elu', 'tanh', 'sigmoid', 'sigmoid', 'elu', 'tanh', 'tanh', 'swish', 'tanh', 'swish', 'sigmoid', 'elu']",f009f6f6f00909082908f6f0,442,Adam,MaxAbsoluteDeviation,9.083322525024414,6.778108596801758,7.567590399994515
"[23, 8, 23, 23, 23, 8, 8, 23, 8, 8, 23, 23]","['elu', 'tanh', 'sigmoid', 'sigmoid', 'elu', 'tanh', 'tanh', 'swish', 'sigmoid', 'swish', 'sigmoid', 'elu']",f009f6f6f00909f80608f6f0,442,Adam,MaxAbsoluteDeviation,0.6766106486320496,0.4829319715499878,7.494642499950714
"[23, 8, 23, 23, 23, 8, 8, 23, 8, 8, 23, 23]","['elu', 'tanh', 'sigmoid', 'sigmoid', 'elu', 'tanh', 'tanh', 'swish', 'sigmoid', 'swish', 'sigmoid', 'elu']",f009f6f6f00909f80608f6f0,700,Adam,MaxAbsoluteDeviation,9.161995887756348,6.8068013191223145,11.281807799939997
"[23, 8, 23, 23, 23, 8, 8, 23, 8, 8, 23, 23, 12]","['elu', 'tanh', 'sigmoid', 'sigmoid', 'elu', 'tanh', 'tanh', 'swish', 'sigmoid', 'swish', 'sigmoid', 'elu', 'swish']",f009f6f6f00909f80608f6f048,442,Adam,MaxAbsoluteDeviation,9.143675804138184,6.865537166595459,7.7201634999364614
"[23, 8, 23, 23, 23, 8, 8, 23, 8, 8, 23, 23]","['elu', 'tanh', 'sigmoid', 'sigmoid', 'elu', 'tanh', 'tanh', 'swish', 'sigmoid', 'swish', 'sigmoid', 'elu']",f009f6f6f00909f80608f6f0,442,Adam,MaxAbsoluteDeviation,9.037962913513184,6.5858306884765625,7.332039300003089
"[23, 8, 23, 23, 23, 8, 8, 23, 8, 8, 23, 23]","['elu', 'tanh', 'sigmoid', 'sigmoid', 'elu', 'tanh', 'tanh', 'swish', 'sigmoid', 'swish', 'sigmoid', 'elu']",f009f6f6f00909f80608f6f0,700,Adam,MaxAbsoluteDeviation,0.5235884189605713,0.305021733045578,11.106824800022878
"[23, 8, 23, 23, 23, 8, 8, 23, 8, 8, 23, 23]","['elu', 'tanh', 'sigmoid', 'sigmoid', 'elu', 'tanh', 'tanh', 'swish', 'sigmoid', 'swish', 'sigmoid', 'elu']",f009f6f6f00909f80608f6f0,700,Adam,MaxAbsoluteDeviation,9.013341903686523,6.697109222412109,11.329783900058828
"[23, 8, 23, 23, 23, 8, 8, 23, 8, 8, 23, 16]","['elu', 'tanh', 'sigmoid', 'sigmoid', 'elu', 'tanh', 'tanh', 'swish', 'sigmoid', 'swish', 'sigmoid', 'elu']",f009f6f6f00909f80608f680,700,Adam,MaxAbsoluteDeviation,9.033551216125488,6.55820369720459,10.787912099971436
"[23, 8, 23, 23, 23, 8, 8, 23, 8, 8, 23]","['elu', 'tanh', 'sigmoid', 'sigmoid', 'elu', 'tanh', 'tanh', 'swish', 'sigmoid', 'swish', 'sigmoid']",f009f6f6f00909f80608f6,700,Adam,MaxAbsoluteDeviation,9.106796264648438,6.762452602386475,10.535369300050661
"[23, 8, 23, 23, 23, 8, 8, 23, 8, 8, 23]","['elu', 'tanh', 'sigmoid', 'sigmoid', 'elu', 'tanh', 'tanh', 'swish', 'sigmoid', 'swish', 'sigmoid']",f009f6f6f00909f80608f6,700,Adam,MaxAbsoluteDeviation,9.216289520263672,6.773548126220703,10.46076849999372
"[23, 8, 23, 23, 23, 8, 8, 23, 8, 8, 23, 23, 8]","['elu', 'tanh', 'sigmoid', 'sigmoid', 'swish', 'tanh', 'tanh', 'swish', 'sigmoid', 'swish', 'sigmoid', 'elu', 'tanh']",f009f6f6f80909f80608f6f009,700,Adam,MaxAbsoluteDeviation,9.17770767211914,6.724074840545654,12.071060199989006
"[23, 8, 23, 23, 23, 8, 8, 23, 8, 8, 23, 23]","['elu', 'tanh', 'sigmoid', 'sigmoid', 'elu', 'tanh', 'tanh', 'swish', 'sigmoid', 'swish', 'sigmoid', 'elu']",f009f6f6f00909f80608f6f0,700,Adam,MaxAbsoluteDeviation,0.718146562576294,0.4451635479927063,11.177738699945621
"[23, 8, 23, 23, 23, 8, 8, 23, 8, 8, 23, 23]","['elu', 'tanh', 'sigmoid', 'sigmoid', 'elu', 'tanh', 'tanh', 'swish', 'sigmoid', 'swish', 'sigmoid', 'elu']",f009f6f6f00909f80608f6f0,378,Adam,MaxAbsoluteDeviation,1.0530122518539429,0.37444549798965454,6.657407299964689
"[23, 8, 23, 23, 23, 8, 8, 23, 8, 8, 23]","['elu', 'tanh', 'sigmoid', 'sigmoid', 'elu', 'tanh', 'tanh', 'swish', 'sigmoid', 'swish', 'sigmoid']",f009f6f6f00909f80608f6,378,Adam,MaxAbsoluteDeviation,9.15039348602295,6.646541118621826,6.210558400023729
"[23, 8, 23, 23, 23, 8, 8, 23, 8, 8, 23, 23]","['elu', 'tanh', 'sigmoid', 'sigmoid', 'elu', 'tanh', 'tanh', 'swish', 'sigmoid', 'swish', 'sigmoid', 'elu']",f009f6f6f00909f80608f6f0,700,Adam,MaxAbsoluteDeviation,0.6503175497055054,0.4828932583332062,11.367517999955453
"[23, 8, 23, 23, 23, 8, 8, 23, 8, 8, 23, 23, 9]","['elu', 'tanh', 'sigmoid', 'sigmoid', 'elu', 'tanh', 'tanh', 'swish', 'sigmoid', 'swish', 'sigmoid', 'elu', 'swish']",f009f6f6f00909f80608f6f018,700,Adam,MaxAbsoluteDeviation,1.454432725906372,0.511782169342041,12.087269900017418
"[23, 8, 23, 23, 23, 8, 8, 23, 8, 8, 23, 23]","['elu', 'tanh', 'sigmoid', 'sigmoid', 'elu', 'tanh', 'tanh', 'swish', 'sigmoid', 'swish', 'sigmoid', 'elu']",f009f6f6f00909f80608f6f0,700,Adam,MaxAbsoluteDeviation,9.08519172668457,6.6731977462768555,11.37410760007333
"[23, 8, 23, 23, 23, 8, 8, 23, 8, 8, 23, 23, 9, 18]","['elu', 'tanh', 'sigmoid', 'sigmoid', 'elu', 'tanh', 'tanh', 'swish', 'sigmoid', 'swish', 'sigmoid', 'elu', 'swish', 'sigmoid']",f009f6f6f00909f80608f6f018a6,700,Adam,MaxAbsoluteDeviation,9.071114540100098,6.737884998321533,12.46780890005175
"[23, 8, 23, 23, 23, 8, 8, 23, 8, 8, 23, 23]","['elu', 'tanh', 'sigmoid', 'sigmoid', 'elu', 'tanh', 'tanh', 'swish', 'sigmoid', 'swish', 'sigmoid', 'elu']",f009f6f6f00909f80608f6f0,461,Adam,MaxAbsoluteDeviation,9.128897666931152,6.751687526702881,7.64262190007139
"[23, 8, 23, 23, 23, 8, 8, 23, 8, 8, 23, 23, 9, 14]","['elu', 'tanh', 'sigmoid', 'sigmoid', 'elu', 'tanh', 'tanh', 'swish', 'sigmoid', 'swish', 'sigmoid', 'elu', 'swish', 'elu']",f009f6f6f00909f80608f6f01860,656,Adam,MaxAbsoluteDeviation,9.131011962890625,6.724096298217773,11.463447000016458
"[23, 8, 23, 23, 23, 8, 8, 23, 8, 8, 23, 23]","['elu', 'tanh', 'sigmoid', 'sigmoid', 'elu', 'tanh', 'tanh', 'swish', 'sigmoid', 'swish', 'sigmoid', 'elu']",f009f6f6f00909f80608f6f0,700,Adam,MaxAbsoluteDeviation,0.5670129060745239,0.38321974873542786,11.264597499975935
"[23, 8, 23, 23, 23, 8, 8, 23, 8, 8, 23, 23]","['elu', 'tanh', 'sigmoid', 'sigmoid', 'elu', 'tanh', 'tanh', 'swish', 'sigmoid', 'swish', 'sigmoid', 'elu']",f009f6f6f00909f80608f6f0,567,Adam,MaxAbsoluteDeviation,9.060628890991211,6.781215667724609,8.9959930999903
"[23, 8, 23, 23, 23, 8, 8, 23, 8, 8, 23]","['elu', 'tanh', 'sigmoid', 'sigmoid', 'elu', 'tanh', 'tanh', 'swish', 'sigmoid', 'swish', 'sigmoid']",f009f6f6f00909f80608f6,700,Adam,MaxAbsoluteDeviation,9.107902526855469,6.721087455749512,10.48010929999873
"[23, 8, 23, 23, 23, 8, 8, 23, 8, 8, 23, 23]","['elu', 'tanh', 'sigmoid', 'sigmoid', 'elu', 'tanh', 'tanh', 'swish', 'sigmoid', 'swish', 'sigmoid', 'elu']",f009f6f6f00909f80608f6f0,700,Adam,MaxAbsoluteDeviation,9.130975723266602,6.941212177276611,11.00830899993889
"[23, 8, 23, 23, 23, 8, 8, 23, 8, 8, 23, 23, 11]","['elu', 'tanh', 'sigmoid', 'sigmoid', 'elu', 'tanh', 'tanh', 'swish', 'sigmoid', 'swish', 'sigmoid', 'elu', 'sigmoid']",f009f6f6f00909f80608f6f036,700,Adam,MaxAbsoluteDeviation,9.228870391845703,6.825284004211426,11.465495500015095
"[23, 8, 23, 23, 23, 8, 8, 23, 8, 8, 23, 23, 14]","['elu', 'tanh', 'sigmoid', 'sigmoid', 'elu', 'tanh', 'tanh', 'swish', 'sigmoid', 'swish', 'sigmoid', 'elu', 'elu']",f009f6f6f00909f80608f6f060,700,Adam,MaxAbsoluteDeviation,9.11429214477539,6.832937717437744,12.918335699941963
"[23, 8, 23, 23, 23, 8, 8, 23, 8, 8, 23, 23]","['elu', 'tanh', 'sigmoid', 'sigmoid', 'elu', 'tanh', 'tanh', 'swish', 'sigmoid', 'swish', 'sigmoid', 'elu']",f009f6f6f00909f80608f6f0,700,Adam,MaxAbsoluteDeviation,8.937716484069824,6.672926425933838,11.451778599992394
"[23, 8, 23, 23, 23, 8, 8, 23, 8, 8, 23, 23]","['elu', 'tanh', 'sigmoid', 'sigmoid', 'elu', 'tanh', 'tanh', 'swish', 'sigmoid', 'swish', 'sigmoid', 'elu']",f009f6f6f00909f80608f6f0,700,Adam,MaxAbsoluteDeviation,9.112131118774414,6.836456775665283,11.159215399995446
"[23, 8, 23, 23, 23, 23, 8, 23, 8, 8, 23, 8]","['elu', 'tanh', 'sigmoid', 'sigmoid', 'elu', 'tanh', 'tanh', 'swish', 'sigmoid', 'swish', 'sigmoid', 'elu']",f009f6f6f0f909f80608f600,700,Adam,MaxAbsoluteDeviation,9.038111686706543,6.809317111968994,11.57751690002624
"[23, 8, 23, 23, 23, 8, 8, 23, 8, 8, 23, 23]","['elu', 'tanh', 'sigmoid', 'sigmoid', 'elu', 'tanh', 'tanh', 'swish', 'sigmoid', 'swish', 'sigmoid', 'elu']",f009f6f6f00909f80608f6f0,492,Adam,MaxAbsoluteDeviation,9.030659675598145,6.3366265296936035,8.234568100073375
"[23, 8, 23, 23, 23, 8, 8, 23, 8, 8, 23, 23]","['elu', 'tanh', 'sigmoid', 'sigmoid', 'elu', 'tanh', 'tanh', 'swish', 'sigmoid', 'swish', 'sigmoid', 'elu']",f009f6f6f00909f80608f6f0,700,Adam,MaxAbsoluteDeviation,0.741895318031311,0.44535592198371887,11.27355839998927
"[23, 23, 23, 23, 23, 8, 8, 23, 8, 8, 23, 23]","['elu', 'tanh', 'sigmoid', 'sigmoid', 'elu', 'tanh', 'tanh', 'swish', 'sigmoid', 'swish', 'sigmoid', 'elu']",f0f9f6f6f00909f80608f6f0,700,Adam,MaxAbsoluteDeviation,9.097824096679688,6.735706329345703,11.434286399977282
"[23, 8, 23, 23, 23, 8, 8, 23, 8, 8, 23, 23]","['elu', 'tanh', 'sigmoid', 'sigmoid', 'elu', 'tanh', 'tanh', 'swish', 'sigmoid', 'swish', 'sigmoid', 'elu']",f009f6f6f00909f80608f6f0,700,Adam,MaxAbsoluteDeviation,9.145166397094727,6.804812431335449,11.166683599934913
"[23, 8, 23, 23, 23, 8, 8, 23, 8, 8, 23, 23]","['elu', 'tanh', 'sigmoid', 'sigmoid', 'elu', 'tanh', 'tanh', 'swish', 'sigmoid', 'swish', 'sigmoid', 'elu']",f009f6f6f00909f80608f6f0,700,Adam,MaxAbsoluteDeviation,0.6231839656829834,0.5668608546257019,11.300755799980834
"[23, 8, 23, 23, 23, 8, 8, 23, 8, 8, 23, 23, 11]","['elu', 'tanh', 'sigmoid', 'sigmoid', 'elu', 'tanh', 'tanh', 'swish', 'sigmoid', 'swish', 'sigmoid', 'elu', 'sigmoid']",f009f6f6f00909f80608f6f036,700,Adam,MaxAbsoluteDeviation,9.080513954162598,6.672454357147217,11.708455400075763
"[23, 8, 23, 23, 23, 8, 8, 23, 8, 8, 23, 23, 11]","['elu', 'tanh', 'sigmoid', 'sigmoid', 'elu', 'tanh', 'tanh', 'swish', 'sigmoid', 'swish', 'sigmoid', 'elu', 'swish']",f009f6f6f00909f80608f6f038,100,Adam,MaxAbsoluteDeviation,9.419029235839844,6.148159027099609,2.662282400066033
"[23, 8, 23, 23, 23, 8, 8, 23, 8, 8, 23, 23, 21]","['elu', 'tanh', 'sigmoid', 'sigmoid', 'elu', 'tanh', 'tanh', 'swish', 'sigmoid', 'swish', 'sigmoid', 'elu', 'sigmoid']",f009f6f6f00909f80608f6f0d6,525,Adam,MaxAbsoluteDeviation,9.105447769165039,6.72532844543457,8.908906899974681
"[23, 8, 23, 23, 23, 8, 8, 23, 8, 8, 23, 23]","['elu', 'tanh', 'sigmoid', 'sigmoid', 'elu', 'tanh', 'tanh', 'swish', 'sigmoid', 'swish', 'sigmoid', 'elu']",f009f6f6f00909f80608f6f0,700,Adam,MaxAbsoluteDeviation,9.282320976257324,6.403015613555908,11.361237999983132
"[23, 8, 23, 23, 23, 8, 8, 23, 8, 8, 23, 23]","['elu', 'tanh', 'sigmoid', 'sigmoid', 'elu', 'tanh', 'tanh', 'swish', 'sigmoid', 'swish', 'sigmoid', 'elu']",f009f6f6f00909f80608f6f0,700,Adam,MaxAbsoluteDeviation,8.863332748413086,6.589176177978516,10.712011700030416
"[23, 8, 23, 23, 23, 8, 8, 23, 8, 8, 23, 23]","['elu', 'tanh', 'sigmoid', 'swish', 'elu', 'tanh', 'tanh', 'swish', 'sigmoid', 'swish', 'sigmoid', 'elu']",f009f6f8f00909f80608f6f0,700,Adam,MaxAbsoluteDeviation,9.203719139099121,6.9427080154418945,10.764046999975108
"[23, 8, 23, 23, 23, 8, 8, 23, 8, 8, 23, 23]","['elu', 'tanh', 'sigmoid', 'sigmoid', 'elu', 'tanh', 'tanh', 'swish', 'sigmoid', 'swish', 'sigmoid', 'elu']",f009f6f6f00909f80608f6f0,423,Adam,MaxAbsoluteDeviation,9.090465545654297,6.740929126739502,8.261451400001533
"[23, 8, 23, 23, 23, 8, 8, 23, 8, 8, 23, 23]","['elu', 'tanh', 'sigmoid', 'sigmoid', 'elu', 'tanh', 'tanh', 'swish', 'sigmoid', 'swish', 'sigmoid', 'elu']",f009f6f6f00909f80608f6f0,700,Adam,MaxAbsoluteDeviation,9.12135124206543,6.828883647918701,11.594966899952851
"[23, 8, 23, 23, 23, 8, 8, 23, 8, 8, 23, 23]","['elu', 'tanh', 'sigmoid', 'sigmoid', 'elu', 'tanh', 'tanh', 'swish', 'sigmoid', 'swish', 'sigmoid', 'elu']",f009f6f6f00909f80608f6f0,700,Adam,MaxAbsoluteDeviation,9.1333646774292,6.738971710205078,11.237490899977274
"[23, 8, 23, 23, 23, 8, 8, 23, 8, 8, 23, 23]","['elu', 'tanh', 'sigmoid', 'sigmoid', 'elu', 'tanh', 'tanh', 'swish', 'sigmoid', 'swish', 'sigmoid', 'elu']",f009f6f6f00909f80608f6f0,700,Adam,MaxAbsoluteDeviation,9.091294288635254,6.745232105255127,11.197475599939935
"[23, 8, 23, 23, 23, 8, 8, 23, 8, 8, 23, 23]","['elu', 'tanh', 'sigmoid', 'sigmoid', 'elu', 'tanh', 'tanh', 'swish', 'sigmoid', 'swish', 'sigmoid', 'elu']",f009f6f6f00909f80608f6f0,610,Adam,MaxAbsoluteDeviation,9.112674713134766,6.80195426940918,9.941528800060041
"[23, 8, 23, 23, 23, 8, 8, 23, 8, 8, 23, 23]","['elu', 'tanh', 'sigmoid', 'sigmoid', 'elu', 'tanh', 'tanh', 'swish', 'sigmoid', 'swish', 'sigmoid', 'elu']",f009f6f6f00909f80608f6f0,700,Adam,MaxAbsoluteDeviation,0.4970238506793976,0.38484981656074524,11.423323699971661
"[23, 8, 23, 23, 23, 8, 8, 23, 8, 8, 23, 23]","['elu', 'tanh', 'sigmoid', 'sigmoid', 'elu', 'tanh', 'tanh', 'swish', 'sigmoid', 'swish', 'sigmoid', 'elu']",f009f6f6f00909f80608f6f0,700,Adam,MaxAbsoluteDeviation,9.18089485168457,6.746773719787598,11.149515800061636
"[23, 8, 23, 23, 23, 8, 8, 23, 8, 8, 23, 23]","['elu', 'tanh', 'sigmoid', 'sigmoid', 'elu', 'tanh', 'tanh', 'swish', 'tanh', 'swish', 'sigmoid', 'elu']",f009f6f6f00909f80908f6f0,700,Adam,MaxAbsoluteDeviation,9.234482765197754,6.68067741394043,11.421152299968526
"[23, 8, 23, 23, 23, 8, 8, 23, 8, 8, 23, 23]","['elu', 'elu', 'sigmoid', 'sigmoid', 'elu', 'tanh', 'tanh', 'swish', 'sigmoid', 'swish', 'sigmoid', 'elu']",f000f6f6f00909f80608f6f0,700,Adam,MaxAbsoluteDeviation,9.086840629577637,6.70838737487793,11.215769000002183
"[23, 8, 23, 23, 23, 8, 8, 23, 8, 8, 23, 23, 12]","['elu', 'tanh', 'sigmoid', 'sigmoid', 'elu', 'tanh', 'tanh', 'swish', 'sigmoid', 'swish', 'sigmoid', 'elu', 'tanh']",f009f6f6f00909f80608f6f049,700,Adam,MaxAbsoluteDeviation,9.106555938720703,6.824413299560547,11.407447100034915
"[23, 8, 23, 23, 23, 8, 8, 23, 8, 8, 23, 23]","['elu', 'tanh', 'sigmoid', 'sigmoid', 'elu', 'tanh', 'tanh', 'swish', 'sigmoid', 'swish', 'sigmoid', 'elu']",f009f6f6f00909f80608f6f0,700,Adam,MaxAbsoluteDeviation,9.127985000610352,6.677533149719238,10.796399599988945
"[23, 8, 23, 23, 23, 8, 8, 23, 8, 8, 23, 23]","['elu', 'tanh', 'sigmoid', 'sigmoid', 'elu', 'tanh', 'tanh', 'swish', 'sigmoid', 'swish', 'sigmoid', 'elu']",f009f6f6f00909f80608f6f0,700,Adam,MaxAbsoluteDeviation,9.085517883300781,6.429408550262451,11.016095499973744
"[23, 8, 23, 23, 23, 8, 8, 23, 8, 8, 23, 23]","['elu', 'tanh', 'sigmoid', 'sigmoid', 'elu', 'tanh', 'tanh', 'swish', 'sigmoid', 'swish', 'sigmoid', 'elu']",f009f6f6f00909f80608f6f0,700,Adam,MaxAbsoluteDeviation,9.165521621704102,6.917996883392334,10.961847899947315
"[23, 8, 23, 23, 23, 8, 8, 23, 8, 8, 23]","['elu', 'tanh', 'sigmoid', 'sigmoid', 'elu', 'tanh', 'tanh', 'swish', 'sigmoid', 'swish', 'sigmoid']",f009f6f6f00909f80608f6,100,Adam,MaxAbsoluteDeviation,9.067816734313965,6.681697368621826,2.314139800029807
"[23, 8, 23, 23, 23, 8, 8, 23, 8, 8]","['elu', 'tanh', 'sigmoid', 'sigmoid', 'elu', 'tanh', 'tanh', 'swish', 'sigmoid', 'swish']",f009f6f6f00909f80608,700,Adam,MaxAbsoluteDeviation,9.046442031860352,6.802654266357422,10.154772099922411
"[23, 8, 23, 23, 23, 8, 8, 23, 8, 8, 23, 23]","['elu', 'elu', 'sigmoid', 'sigmoid', 'elu', 'tanh', 'tanh', 'swish', 'sigmoid', 'swish', 'sigmoid', 'elu']",f000f6f6f00909f80608f6f0,700,Adam,MaxAbsoluteDeviation,9.111065864562988,6.69683837890625,12.389503799960949
"[23, 8, 23, 23, 23, 8, 8, 23, 8, 8, 23, 23, 9]","['elu', 'tanh', 'sigmoid', 'sigmoid', 'elu', 'tanh', 'tanh', 'swish', 'sigmoid', 'swish', 'sigmoid', 'elu', 'elu']",f009f6f6f00909f80608f6f010,700,Adam,MaxAbsoluteDeviation,9.133474349975586,6.806730270385742,12.342904699966311
"[23, 8, 23, 23, 23, 8, 8, 23, 8, 8, 23, 23]","['elu', 'tanh', 'sigmoid', 'sigmoid', 'elu', 'tanh', 'tanh', 'swish', 'sigmoid', 'swish', 'sigmoid', 'elu']",f009f6f6f00909f80608f6f0,700,Adam,MaxAbsoluteDeviation,9.114948272705078,6.752635478973389,11.601342700072564
"[23, 8, 23, 23, 23, 8, 8, 23, 8, 8, 23, 23]","['elu', 'tanh', 'sigmoid', 'sigmoid', 'elu', 'tanh', 'tanh', 'swish', 'sigmoid', 'swish', 'sigmoid', 'elu']",f009f6f6f00909f80608f6f0,642,Adam,MaxAbsoluteDeviation,0.7409067749977112,0.4561583995819092,10.382666799938306
"[23, 8, 23, 23, 23, 8, 8, 23, 8, 8, 23, 23]","['elu', 'tanh', 'sigmoid', 'sigmoid', 'elu', 'tanh', 'tanh', 'swish', 'sigmoid', 'swish', 'sigmoid', 'elu']",f009f6f6f00909f80608f6f0,700,Adam,MaxAbsoluteDeviation,0.8403983116149902,0.4833313822746277,11.340697100036778
"[23, 8, 23, 23, 23, 8, 8, 23, 8, 8, 23, 23]","['elu', 'tanh', 'sigmoid', 'sigmoid', 'elu', 'tanh', 'tanh', 'swish', 'sigmoid', 'swish', 'sigmoid', 'elu']",f009f6f6f00909f80608f6f0,700,Adam,MaxAbsoluteDeviation,9.141960144042969,6.875272274017334,11.402912500081584
"[23, 8, 23, 23, 23, 8, 8, 23, 8, 8, 23, 23]","['elu', 'tanh', 'sigmoid', 'sigmoid', 'elu', 'tanh', 'tanh', 'swish', 'sigmoid', 'swish', 'sigmoid', 'elu']",f009f6f6f00909f80608f6f0,700,Adam,MaxAbsoluteDeviation,9.160967826843262,6.63491678237915,11.450286299921572
"[23, 8, 23, 23, 23, 8, 8, 23, 8, 8, 23]","['elu', 'tanh', 'sigmoid', 'sigmoid', 'elu', 'tanh', 'tanh', 'swish', 'sigmoid', 'swish', 'sigmoid']",f009f6f6f00909f80608f6,700,Adam,MaxAbsoluteDeviation,9.025765419006348,6.6385111808776855,10.832227499922737
"[23, 8, 23, 23, 23, 8, 8, 23, 8, 23, 23, 23]","['elu', 'tanh', 'sigmoid', 'sigmoid', 'elu', 'tanh', 'tanh', 'swish', 'sigmoid', 'swish', 'sigmoid', 'elu']",f009f6f6f00909f806f8f6f0,700,Adam,MaxAbsoluteDeviation,9.142403602600098,6.93443489074707,11.367180600063875
"[23, 8, 23, 23, 23, 8, 8, 23, 23, 8, 23, 23]","['elu', 'tanh', 'sigmoid', 'sigmoid', 'elu', 'tanh', 'tanh', 'swish', 'sigmoid', 'swish', 'sigmoid', 'elu']",f009f6f6f00909f8f608f6f0,700,Adam,MaxAbsoluteDeviation,9.130992889404297,6.707515716552734,11.361977500026114
"[23, 8, 23, 23, 23, 8, 8, 23, 8, 8, 23]","['elu', 'tanh', 'sigmoid', 'sigmoid', 'elu', 'tanh', 'tanh', 'swish', 'sigmoid', 'swish', 'swish']",f009f6f6f00909f80608f8,692,Adam,MaxAbsoluteDeviation,0.48620444536209106,0.2202802151441574,10.778523400076665
"[23, 8, 23, 23, 23, 8, 8, 23, 8, 8, 23, 15]","['elu', 'tanh', 'sigmoid', 'sigmoid', 'elu', 'tanh', 'tanh', 'swish', 'sigmoid', 'swish', 'swish', 'elu']",f009f6f6f00909f80608f870,692,Adam,MaxAbsoluteDeviation,0.506580114364624,0.2958518862724304,11.00033860001713
"[23, 8, 23, 23, 23, 8, 8, 23, 8, 8, 23, 8]","['elu', 'tanh', 'sigmoid', 'sigmoid', 'elu', 'tanh', 'tanh', 'swish', 'sigmoid', 'swish', 'swish', 'elu']",f009f6f6f00909f80608f800,692,Adam,MaxAbsoluteDeviation,0.5375770330429077,0.306535542011261,11.025227400008589
"[23, 8, 23, 23, 23, 8, 8, 23, 8, 8, 23, 8]","['tanh', 'tanh', 'sigmoid', 'sigmoid', 'elu', 'tanh', 'tanh', 'swish', 'sigmoid', 'swish', 'swish', 'elu']",f909f6f6f00909f80608f800,692,Adam,MaxAbsoluteDeviation,9.143462181091309,6.817352771759033,11.336850300082006
"[23, 8, 23, 23, 23, 8, 8, 23, 8, 8, 23, 8, 15]","['elu', 'tanh', 'sigmoid', 'sigmoid', 'elu', 'tanh', 'tanh', 'swish', 'sigmoid', 'swish', 'swish', 'elu', 'sigmoid']",f009f6f6f00909f80608f80076,692,Adam,MaxAbsoluteDeviation,9.103584289550781,6.74774169921875,11.240109500009567
"[23, 8, 23, 23, 23, 8, 8, 23, 8, 8, 23, 8]","['elu', 'tanh', 'sigmoid', 'sigmoid', 'elu', 'tanh', 'tanh', 'swish', 'sigmoid', 'swish', 'swish', 'elu']",f009f6f6f00909f80608f800,692,Adam,MaxAbsoluteDeviation,0.5658455491065979,0.2580134868621826,11.047724799951538
"[23, 8, 23, 8, 23, 8, 8, 23, 8, 8, 23, 8]","['elu', 'tanh', 'sigmoid', 'sigmoid', 'elu', 'tanh', 'tanh', 'swish', 'sigmoid', 'swish', 'swish', 'elu']",f009f606f00909f80608f800,692,Adam,MaxAbsoluteDeviation,0.6219397783279419,0.28348395228385925,11.338699399959296
"[23, 8, 23, 8, 23, 8, 8, 23, 8, 8, 23, 8]","['elu', 'tanh', 'sigmoid', 'sigmoid', 'elu', 'tanh', 'tanh', 'swish', 'sigmoid', 'swish', 'swish', 'elu']",f009f606f00909f80608f800,100,Adam,MaxAbsoluteDeviation,1.2554949522018433,0.34231194853782654,2.5525679000420496
"[23, 8, 23, 8, 23, 8, 8, 23, 8, 8, 23, 8, 10, 16]","['elu', 'tanh', 'sigmoid', 'sigmoid', 'elu', 'tanh', 'tanh', 'swish', 'sigmoid', 'swish', 'swish', 'elu', 'elu', 'elu']",f009f606f00909f80608f8002080,700,Adam,MaxAbsoluteDeviation,0.8292285203933716,0.29446128010749817,12.664804300060496
"[23, 8, 23, 8, 23, 8, 8, 23, 8, 8, 23, 8, 10, 16]","['elu', 'tanh', 'sigmoid', 'sigmoid', 'elu', 'swish', 'tanh', 'swish', 'sigmoid', 'sigmoid', 'swish', 'elu', 'elu', 'elu']",f009f606f00809f80606f8002080,700,Adam,MaxAbsoluteDeviation,9.030633926391602,6.73967170715332,12.477861399995163
"[23, 8, 23, 8, 23, 8, 8, 23, 8, 8, 23, 8, 10]","['elu', 'tanh', 'sigmoid', 'sigmoid', 'elu', 'tanh', 'tanh', 'swish', 'sigmoid', 'swish', 'swish', 'elu', 'elu']",f009f606f00909f80608f80020,700,Adam,MaxAbsoluteDeviation,0.5902860164642334,0.27847614884376526,11.505234400043264
"[23, 8, 23, 8, 23, 8, 8, 23, 8, 8, 23, 8, 10]","['elu', 'tanh', 'sigmoid', 'sigmoid', 'elu', 'tanh', 'tanh', 'swish', 'sigmoid', 'swish', 'swish', 'elu', 'elu']",f009f606f00909f80608f80020,700,Adam,MaxAbsoluteDeviation,0.6288381814956665,0.3142695426940918,12.059417900047265
"[23, 8, 23, 8, 23, 23, 8, 23, 8, 8, 23, 8, 10]","['elu', 'tanh', 'sigmoid', 'sigmoid', 'elu', 'tanh', 'tanh', 'swish', 'sigmoid', 'swish', 'swish', 'elu', 'elu']",f009f606f0f909f80608f80020,700,Adam,MaxAbsoluteDeviation,9.041492462158203,6.546778678894043,11.846432899939828
"[23, 8, 23, 8, 23, 8, 8, 23, 8, 8, 23, 8, 10]","['elu', 'tanh', 'sigmoid', 'sigmoid', 'elu', 'tanh', 'tanh', 'swish', 'sigmoid', 'swish', 'swish', 'elu', 'elu']",f009f606f00909f80608f80020,700,Adam,MaxAbsoluteDeviation,0.5004141330718994,0.28162050247192383,11.81490009999834
"[23, 8, 23, 8, 23, 8, 8, 23, 8, 8, 23, 8, 10]","['elu', 'tanh', 'sigmoid', 'sigmoid', 'elu', 'tanh', 'tanh', 'swish', 'sigmoid', 'swish', 'swish', 'elu', 'elu']",f009f606f00909f80608f80020,334,Adam,MaxAbsoluteDeviation,0.5490216612815857,0.48397186398506165,6.299586900044233
"[23, 8, 23, 8, 23, 8, 8, 23, 8, 8, 23, 8]","['elu', 'tanh', 'sigmoid', 'sigmoid', 'elu', 'tanh', 'tanh', 'swish', 'sigmoid', 'swish', 'swish', 'elu']",f009f606f00909f80608f800,334,Adam,MaxAbsoluteDeviation,0.7986398935317993,0.4491168260574341,5.975345899933018
"[23, 8, 23, 8, 23, 8, 8, 23, 8, 8, 23, 8, 10, 13]","['elu', 'tanh', 'sigmoid', 'sigmoid', 'elu', 'tanh', 'tanh', 'swish', 'sigmoid', 'swish', 'swish', 'elu', 'elu', 'sigmoid']",f009f606f00909f80608f8002056,334,Adam,MaxAbsoluteDeviation,8.989059448242188,6.727960586547852,6.478006900055334
"[23, 8, 23, 8, 23, 8, 8, 23, 8, 8, 23, 8, 10]","['elu', 'tanh', 'sigmoid', 'sigmoid', 'elu', 'tanh', 'tanh', 'swish', 'sigmoid', 'swish', 'swish', 'elu', 'elu']",f009f606f00909f80608f80020,334,Adam,MaxAbsoluteDeviation,0.7781310081481934,0.5852465629577637,6.101632600068115
"[23, 8, 23, 8, 23, 8, 8, 23, 8, 8, 23, 8]","['elu', 'tanh', 'sigmoid', 'sigmoid', 'elu', 'tanh', 'tanh', 'swish', 'sigmoid', 'swish', 'swish', 'elu']",f009f606f00909f80608f800,334,Adam,MaxAbsoluteDeviation,0.8445413708686829,0.26523351669311523,5.905463399947621
"[23, 8, 23, 8, 23, 8, 8, 23, 8, 8, 23, 8, 10]","['elu', 'tanh', 'sigmoid', 'sigmoid', 'elu', 'tanh', 'tanh', 'swish', 'sigmoid', 'swish', 'swish', 'elu', 'elu']",f009f606f00909f80608f80020,334,Adam,MaxAbsoluteDeviation,0.7022775411605835,0.5814573168754578,6.098489099997096
"[23, 8, 23, 8, 23, 8, 8, 23, 8, 23, 23, 8, 10]","['elu', 'tanh', 'sigmoid', 'sigmoid', 'elu', 'tanh', 'tanh', 'swish', 'sigmoid', 'swish', 'swish', 'elu', 'elu']",f009f606f00909f806f8f80020,100,Adam,MaxAbsoluteDeviation,9.429193496704102,7.218791961669922,3.6464243999216706
"[23, 8, 23, 8, 23, 8, 8, 23, 8, 8, 23, 8, 10]","['elu', 'tanh', 'sigmoid', 'sigmoid', 'elu', 'tanh', 'tanh', 'sigmoid', 'sigmoid', 'swish', 'swish', 'elu', 'elu']",f009f606f00909f60608f80020,334,Adam,MaxAbsoluteDeviation,0.6793553829193115,0.35530349612236023,6.309686099993996
"[23, 8, 23, 8, 23, 8, 8, 23, 8, 8, 23, 8, 10]","['elu', 'tanh', 'sigmoid', 'sigmoid', 'elu', 'tanh', 'tanh', 'sigmoid', 'sigmoid', 'swish', 'swish', 'elu', 'elu']",f009f606f00909f60608f80020,700,Adam,MaxAbsoluteDeviation,0.7819437980651855,0.2512921988964081,12.057139099924825
"[23, 8, 23, 8, 23, 8, 8, 23, 8, 8, 23, 8]","['elu', 'tanh', 'sigmoid', 'sigmoid', 'elu', 'tanh', 'tanh', 'sigmoid', 'sigmoid', 'swish', 'swish', 'elu']",f009f606f00909f60608f800,700,Adam,MaxAbsoluteDeviation,0.5452628135681152,0.3263933062553406,11.197588799986988
"[23, 8, 23, 8, 23, 8, 8, 23, 8, 8, 23, 8]","['elu', 'tanh', 'sigmoid', 'sigmoid', 'elu', 'tanh', 'tanh', 'sigmoid', 'sigmoid', 'swish', 'swish', 'elu']",f009f606f00909f60608f800,700,Adam,MaxAbsoluteDeviation,0.7032449841499329,0.33666205406188965,11.355123199988157
"[23, 8, 23, 8, 23, 8, 8, 23, 8, 8, 23, 8, 20]","['elu', 'tanh', 'sigmoid', 'sigmoid', 'elu', 'tanh', 'tanh', 'sigmoid', 'sigmoid', 'swish', 'swish', 'elu', 'elu']",f009f606f00909f60608f800c0,700,Adam,MaxAbsoluteDeviation,9.146432876586914,6.6144700050354,11.947000200045295
"[23, 8, 23, 8, 23, 8, 8, 23, 8, 8, 23]","['elu', 'tanh', 'sigmoid', 'sigmoid', 'elu', 'tanh', 'tanh', 'sigmoid', 'sigmoid', 'swish', 'swish']",f009f606f00909f60608f8,143,Adam,MaxAbsoluteDeviation,0.8212510943412781,0.9251050353050232,3.011025100015104
"[23, 8, 23, 8, 23, 8, 8, 23, 8, 8, 23]","['elu', 'tanh', 'sigmoid', 'sigmoid', 'elu', 'tanh', 'tanh', 'sigmoid', 'sigmoid', 'swish', 'swish']",f009f606f00909f60608f8,143,Adam,MaxAbsoluteDeviation,0.552429735660553,0.5928604006767273,3.0042935999808833
"[23, 8, 23, 8, 23, 8, 8, 23, 8, 8, 23]","['elu', 'tanh', 'elu', 'sigmoid', 'elu', 'tanh', 'tanh', 'sigmoid', 'sigmoid', 'swish', 'swish']",f009f006f00909f60608f8,143,Adam,MaxAbsoluteDeviation,0.9024372696876526,0.4660714864730835,3.0013815000420436
"[23, 8, 23, 8, 23, 8, 8, 23, 8, 8, 23, 18]","['elu', 'tanh', 'elu', 'sigmoid', 'elu', 'tanh', 'tanh', 'sigmoid', 'sigmoid', 'swish', 'swish', 'tanh']",f009f006f00909f60608f8a9,143,Adam,MaxAbsoluteDeviation,9.033210754394531,6.638820648193359,3.0910857999697328
"[23, 8, 23, 8, 23, 8, 8, 23, 8, 8, 23]","['elu', 'tanh', 'elu', 'sigmoid', 'elu', 'tanh', 'tanh', 'sigmoid', 'sigmoid', 'swish', 'swish']",f009f006f00909f60608f8,700,Adam,MaxAbsoluteDeviation,0.7315003871917725,0.3490660786628723,10.614964000065811
"[23, 8, 23, 8, 23, 8, 8, 23, 8, 8, 23]","['elu', 'tanh', 'elu', 'sigmoid', 'elu', 'tanh', 'tanh', 'sigmoid', 'sigmoid', 'swish', 'swish']",f009f006f00909f60608f8,700,Adam,MaxAbsoluteDeviation,0.5790535807609558,0.2705523371696472,10.840366400079802
"[23, 8, 23, 8, 23, 8, 8, 23, 8, 8, 23]","['elu', 'tanh', 'elu', 'sigmoid', 'elu', 'tanh', 'tanh', 'sigmoid', 'sigmoid', 'swish', 'swish']",f009f006f00909f60608f8,700,Adam,MaxAbsoluteDeviation,0.385578453540802,0.31028684973716736,10.909683500067331
"[23, 8, 23, 8, 23, 8, 8, 23, 8, 8, 23]","['elu', 'tanh', 'elu', 'sigmoid', 'elu', 'tanh', 'tanh', 'sigmoid', 'sigmoid', 'swish', 'swish']",f009f006f00909f60608f8,700,Adam,MaxAbsoluteDeviation,0.6345568299293518,0.3168637156486511,10.738856900017709
"[23, 8, 23, 8, 23, 8, 8, 23, 8, 23, 23]","['elu', 'tanh', 'elu', 'sigmoid', 'elu', 'tanh', 'tanh', 'sigmoid', 'sigmoid', 'swish', 'swish']",f009f006f00909f606f8f8,700,Adam,MaxAbsoluteDeviation,1.130966305732727,0.3696654438972473,10.86267369997222
"[23, 8, 23, 8, 23, 8, 8, 23, 8, 23, 23]","['elu', 'tanh', 'elu', 'sigmoid', 'elu', 'tanh', 'tanh', 'sigmoid', 'sigmoid', 'swish', 'swish']",f009f006f00909f606f8f8,700,Adam,MaxAbsoluteDeviation,0.6180214881896973,0.2848546504974365,10.654136199969798
"[23, 8, 23, 8, 23, 8, 8, 23, 8, 23, 23]","['elu', 'tanh', 'elu', 'sigmoid', 'elu', 'tanh', 'tanh', 'sigmoid', 'sigmoid', 'swish', 'swish']",f009f006f00909f606f8f8,329,Adam,MaxAbsoluteDeviation,0.6717693209648132,0.3242153227329254,5.764214999973774
"[23, 8, 23, 8, 23, 8, 8, 23, 8, 23, 23, 21]","['elu', 'tanh', 'elu', 'sigmoid', 'elu', 'tanh', 'tanh', 'sigmoid', 'sigmoid', 'swish', 'swish', 'swish']",f009f006f00909f606f8f8d8,329,Adam,MaxAbsoluteDeviation,0.5807023644447327,0.5419944524765015,5.880625999998301
"[23, 8, 23, 8, 23, 8, 8, 23, 8, 23, 23, 21, 23]","['elu', 'tanh', 'elu', 'sigmoid', 'elu', 'tanh', 'tanh', 'sigmoid', 'sigmoid', 'swish', 'swish', 'swish', 'elu']",f009f006f00909f606f8f8d8f0,700,Adam,MaxAbsoluteDeviation,0.6663273572921753,0.383739709854126,12.234657699940726
"[23, 23, 23, 8, 23, 8, 8, 23, 8, 23, 23, 21, 23]","['elu', 'tanh', 'elu', 'sigmoid', 'elu', 'tanh', 'tanh', 'sigmoid', 'sigmoid', 'swish', 'swish', 'swish', 'elu']",f0f9f006f00909f606f8f8d8f0,700,Adam,MaxAbsoluteDeviation,0.7499871253967285,0.5621793270111084,12.065331199904904
"[23, 23, 23, 8, 23, 8, 8, 23, 8, 23, 23, 23, 23, 9]","['elu', 'tanh', 'elu', 'sigmoid', 'elu', 'tanh', 'tanh', 'sigmoid', 'sigmoid', 'swish', 'swish', 'swish', 'elu', 'swish']",f0f9f006f00909f606f8f8f8f018,700,Adam,MaxAbsoluteDeviation,9.240891456604004,6.95181131362915,12.643359599984251
"[23, 23, 23, 8, 23, 8, 8, 23, 8, 23, 23, 21, 23]","['elu', 'tanh', 'elu', 'sigmoid', 'elu', 'tanh', 'tanh', 'sigmoid', 'sigmoid', 'swish', 'swish', 'swish', 'elu']",f0f9f006f00909f606f8f8d8f0,700,Adam,MaxAbsoluteDeviation,1.0784406661987305,0.3985934853553772,12.191888900008053
"[23, 23, 23, 8, 23, 8, 8, 23, 8, 23, 23, 21]","['elu', 'tanh', 'elu', 'sigmoid', 'elu', 'tanh', 'tanh', 'sigmoid', 'sigmoid', 'tanh', 'swish', 'swish']",f0f9f006f00909f606f9f8d8,700,Adam,MaxAbsoluteDeviation,1.1083781719207764,1.0719813108444214,11.532935200026259
"[23, 23, 23, 8, 23, 8, 8, 23, 8, 23, 23, 21, 16]","['elu', 'tanh', 'elu', 'sigmoid', 'elu', 'tanh', 'tanh', 'sigmoid', 'sigmoid', 'tanh', 'swish', 'swish', 'tanh']",f0f9f006f00909f606f9f8d889,700,Adam,MaxAbsoluteDeviation,9.188897132873535,6.6347527503967285,12.360749599989504
"[23, 23, 23, 8, 23, 8, 8, 23, 8, 23, 23, 21, 13, 15]","['elu', 'tanh', 'elu', 'sigmoid', 'elu', 'tanh', 'tanh', 'elu', 'sigmoid', 'tanh', 'swish', 'swish', 'elu', 'sigmoid']",f0f9f006f00909f006f9f8d85076,700,Adam,MaxAbsoluteDeviation,9.029623031616211,6.691524028778076,12.29594600002747
"[23, 23, 23, 8, 23, 8, 8, 23, 8, 23, 23, 21]","['elu', 'tanh', 'elu', 'sigmoid', 'elu', 'tanh', 'tanh', 'sigmoid', 'sigmoid', 'tanh', 'swish', 'swish']",f0f9f006f00909f606f9f8d8,700,Adam,MaxAbsoluteDeviation,1.664036750793457,0.3947679102420807,11.594163300003856
"[23, 23, 23, 8, 23, 8, 8, 23, 8, 23, 23, 21]","['elu', 'tanh', 'elu', 'sigmoid', 'elu', 'tanh', 'tanh', 'sigmoid', 'sigmoid', 'tanh', 'swish', 'swish']",f0f9f006f00909f606f9f8d8,700,Adam,MaxAbsoluteDeviation,0.8846508264541626,0.6375896334648132,11.664047400001436
"[23, 23, 23, 8, 23, 8, 8, 23, 8, 23, 23, 21]","['elu', 'tanh', 'elu', 'sigmoid', 'elu', 'tanh', 'tanh', 'sigmoid', 'sigmoid', 'tanh', 'swish', 'swish']",f0f9f006f00909f606f9f8d8,370,Adam,MaxAbsoluteDeviation,0.9105755686759949,0.8933889865875244,6.394624699954875
"[23, 23, 23, 8, 23, 8, 8, 23, 8, 23, 23, 21]","['elu', 'tanh', 'elu', 'sigmoid', 'elu', 'tanh', 'tanh', 'sigmoid', 'sigmoid', 'tanh', 'swish', 'swish']",f0f9f006f00909f606f9f8d8,700,Adam,MaxAbsoluteDeviation,0.8276675939559937,0.2917737066745758,11.315821600030176
"[23, 23, 23, 8, 23, 8, 8, 23, 8, 23, 23, 21, 22]","['elu', 'tanh', 'elu', 'sigmoid', 'elu', 'tanh', 'tanh', 'sigmoid', 'sigmoid', 'tanh', 'swish', 'swish', 'sigmoid']",f0f9f006f00909f606f9f8d8e6,700,Adam,MaxAbsoluteDeviation,9.045736312866211,6.688655376434326,11.632816900033504
"[23, 23, 23, 23, 23, 8, 8, 23, 8, 23, 23, 21]","['elu', 'tanh', 'elu', 'sigmoid', 'elu', 'tanh', 'tanh', 'sigmoid', 'sigmoid', 'tanh', 'swish', 'swish']",f0f9f0f6f00909f606f9f8d8,700,Adam,MaxAbsoluteDeviation,9.163880348205566,6.848364353179932,11.389595200074837
"[23, 23, 23, 8, 23, 8, 8, 23, 8, 23, 23, 21]","['elu', 'tanh', 'elu', 'sigmoid', 'elu', 'tanh', 'tanh', 'sigmoid', 'sigmoid', 'tanh', 'swish', 'swish']",f0f9f006f00909f606f9f8d8,700,Adam,MaxAbsoluteDeviation,0.8123006224632263,0.5729427933692932,12.667175999959
"[23, 23, 23, 8, 23, 8, 8, 8, 8, 23, 23, 21]","['elu', 'tanh', 'elu', 'sigmoid', 'elu', 'tanh', 'tanh', 'sigmoid', 'sigmoid', 'tanh', 'swish', 'swish']",f0f9f006f009090606f9f8d8,700,Adam,MaxAbsoluteDeviation,0.7754415273666382,0.40626487135887146,11.509478399995714
"[23, 23, 23, 8, 23, 8, 8, 8, 8, 23, 23, 21]","['elu', 'tanh', 'elu', 'sigmoid', 'elu', 'tanh', 'tanh', 'sigmoid', 'sigmoid', 'tanh', 'swish', 'swish']",f0f9f006f009090606f9f8d8,700,Adam,MaxAbsoluteDeviation,1.1689001321792603,1.110073447227478,11.397982399910688
"[23, 23, 23, 8, 23, 8, 8, 8, 8, 23, 23, 21]","['elu', 'tanh', 'elu', 'sigmoid', 'elu', 'tanh', 'tanh', 'sigmoid', 'sigmoid', 'tanh', 'swish', 'swish']",f0f9f006f009090606f9f8d8,100,Adam,MaxAbsoluteDeviation,1.873235821723938,1.08138906955719,2.474789100000635
"[23, 23, 23, 8, 23, 8, 8, 8, 8, 23, 23]","['elu', 'tanh', 'elu', 'sigmoid', 'elu', 'tanh', 'tanh', 'sigmoid', 'sigmoid', 'tanh', 'swish']",f0f9f006f009090606f9f8,700,Adam,MaxAbsoluteDeviation,0.7019937634468079,0.3769057095050812,10.945203299983405
"[23, 23, 23, 8, 23, 8, 8, 8, 8, 23, 23]","['elu', 'tanh', 'elu', 'sigmoid', 'elu', 'tanh', 'tanh', 'sigmoid', 'sigmoid', 'tanh', 'swish']",f0f9f006f009090606f9f8,510,Adam,MaxAbsoluteDeviation,0.836677610874176,0.33643782138824463,8.066255000070669
"[23, 23, 23, 8, 23, 8, 8, 8, 8, 23, 23, 11]","['elu', 'tanh', 'elu', 'sigmoid', 'elu', 'tanh', 'tanh', 'sigmoid', 'sigmoid', 'tanh', 'swish', 'sigmoid']",f0f9f006f009090606f9f836,700,Adam,MaxAbsoluteDeviation,9.154034614562988,6.8470139503479,11.081161299953237
"[23, 23, 23, 8, 8, 8, 8, 8, 8, 23, 23]","['elu', 'tanh', 'elu', 'sigmoid', 'elu', 'tanh', 'tanh', 'sigmoid', 'sigmoid', 'tanh', 'swish']",f0f9f0060009090606f9f8,510,Adam,MaxAbsoluteDeviation,0.8813163638114929,0.40762656927108765,7.967324000084773
"[23, 23, 23, 8, 8, 8, 8, 8, 8, 23, 23]","['elu', 'tanh', 'elu', 'sigmoid', 'elu', 'tanh', 'tanh', 'sigmoid', 'sigmoid', 'tanh', 'swish']",f0f9f0060009090606f9f8,510,Adam,MaxAbsoluteDeviation,0.7819012999534607,0.5877925157546997,8.029889199999161
"[23, 23, 23, 8, 8, 8, 8, 8, 8, 23, 23]","['elu', 'tanh', 'elu', 'sigmoid', 'tanh', 'tanh', 'tanh', 'sigmoid', 'sigmoid', 'tanh', 'swish']",f0f9f0060909090606f9f8,100,Adam,MaxAbsoluteDeviation,0.9458547830581665,0.9974172115325928,2.2849188999971375
"[23, 23, 23, 8, 8, 8, 8, 8, 8, 23, 23]","['elu', 'tanh', 'elu', 'sigmoid', 'tanh', 'tanh', 'tanh', 'sigmoid', 'sigmoid', 'tanh', 'swish']",f0f9f0060909090606f9f8,100,Adam,MaxAbsoluteDeviation,2.1274209022521973,0.8373371362686157,2.2447656999574974
"[23, 23, 23, 8, 8, 8, 8, 8, 8, 23]","['elu', 'tanh', 'elu', 'sigmoid', 'tanh', 'tanh', 'tanh', 'sigmoid', 'sigmoid', 'tanh']",f0f9f0060909090606f9,100,Adam,MaxAbsoluteDeviation,0.888756513595581,0.8046217560768127,2.0953558000037447
"[23, 23, 23, 8, 8, 8, 8, 8, 8]","['elu', 'tanh', 'elu', 'sigmoid', 'tanh', 'tanh', 'tanh', 'sigmoid', 'sigmoid']",f0f9f0060909090606,700,Adam,MaxAbsoluteDeviation,0.9160259962081909,0.6710644364356995,9.22907459991984
"[23, 23, 23, 8, 8, 8, 8, 8, 8]","['elu', 'tanh', 'elu', 'sigmoid', 'tanh', 'tanh', 'tanh', 'sigmoid', 'sigmoid']",f0f9f0060909090606,700,Adam,MaxAbsoluteDeviation,0.4032602608203888,0.3006119430065155,9.410128700081259
"[23, 8, 23, 8, 8, 8, 8, 8, 8]","['elu', 'tanh', 'elu', 'sigmoid', 'tanh', 'tanh', 'tanh', 'sigmoid', 'sigmoid']",f009f0060909090606,700,Adam,MaxAbsoluteDeviation,9.076262474060059,6.797943592071533,9.308710900018923
"[23, 23, 23, 8, 8, 8, 8, 8, 8]","['elu', 'tanh', 'sigmoid', 'sigmoid', 'tanh', 'tanh', 'tanh', 'sigmoid', 'sigmoid']",f0f9f6060909090606,700,Adam,MaxAbsoluteDeviation,0.35101592540740967,0.2618991732597351,9.582705999957398
"[23, 23, 23, 8, 8, 8, 8, 8, 8, 13]","['elu', 'tanh', 'sigmoid', 'sigmoid', 'tanh', 'tanh', 'tanh', 'sigmoid', 'sigmoid', 'tanh']",f0f9f606090909060659,700,Adam,MaxAbsoluteDeviation,0.429159551858902,0.27605438232421875,10.04434429993853
"[23, 23, 23, 8, 8, 8, 8, 8, 8]","['elu', 'tanh', 'sigmoid', 'sigmoid', 'tanh', 'tanh', 'tanh', 'sigmoid', 'sigmoid']",f0f9f6060909090606,700,Adam,MaxAbsoluteDeviation,9.017992973327637,6.735741138458252,10.83168350008782
"[23, 23, 23, 8, 8, 8, 8, 8, 8]","['elu', 'tanh', 'sigmoid', 'sigmoid', 'tanh', 'tanh', 'tanh', 'sigmoid', 'sigmoid']",f0f9f6060909090606,700,Adam,MaxAbsoluteDeviation,9.180808067321777,6.661341667175293,9.760347099974751
"[23, 23, 23, 8, 8, 8, 8, 8, 8, 13]","['elu', 'tanh', 'sigmoid', 'sigmoid', 'tanh', 'tanh', 'tanh', 'sigmoid', 'sigmoid', 'tanh']",f0f9f606090909060659,194,Adam,MaxAbsoluteDeviation,0.5936833024024963,0.36845874786376953,3.503875699942
"[8, 23, 23, 8, 8, 8, 8, 8, 8, 13]","['elu', 'tanh', 'sigmoid', 'sigmoid', 'tanh', 'tanh', 'elu', 'sigmoid', 'sigmoid', 'tanh']",00f9f606090900060659,194,Adam,MaxAbsoluteDeviation,0.3629007339477539,0.2971666157245636,3.4872211000183597
"[8, 23, 23, 8, 8, 8, 8, 8, 8, 13]","['elu', 'tanh', 'sigmoid', 'sigmoid', 'tanh', 'elu', 'elu', 'sigmoid', 'sigmoid', 'tanh']",00f9f606090000060659,700,Adam,MaxAbsoluteDeviation,0.459473192691803,0.32442599534988403,10.380026899976656
"[8, 23, 23, 8, 8, 8, 8, 8, 8, 13]","['swish', 'tanh', 'sigmoid', 'sigmoid', 'tanh', 'elu', 'elu', 'sigmoid', 'sigmoid', 'tanh']",08f9f606090000060659,700,Adam,MaxAbsoluteDeviation,0.4716731905937195,0.3273596167564392,10.684503800002858
"[8, 23, 23, 8, 8, 8, 8, 8, 8]","['swish', 'tanh', 'sigmoid', 'sigmoid', 'tanh', 'elu', 'elu', 'sigmoid', 'sigmoid']",08f9f6060900000606,700,Adam,MaxAbsoluteDeviation,9.072036743164062,6.660010814666748,10.012906500021927
"[8, 23, 23, 8, 8, 8, 8, 8, 8]","['swish', 'tanh', 'sigmoid', 'sigmoid', 'tanh', 'elu', 'elu', 'sigmoid', 'sigmoid']",08f9f6060900000606,700,Adam,MaxAbsoluteDeviation,0.3222079575061798,0.16262885928153992,10.007664700038731
"[8, 23, 23, 8, 8, 8, 8, 8, 8]","['swish', 'tanh', 'sigmoid', 'sigmoid', 'tanh', 'elu', 'elu', 'sigmoid', 'sigmoid']",08f9f6060900000606,700,Adam,MaxAbsoluteDeviation,0.41657307744026184,0.3096637427806854,9.823791300063021
"[8, 23, 23, 8, 8, 8, 8, 8, 8, 17]","['swish', 'tanh', 'sigmoid', 'sigmoid', 'tanh', 'elu', 'elu', 'sigmoid', 'sigmoid', 'tanh']",08f9f606090000060699,102,Adam,MaxAbsoluteDeviation,1.0328121185302734,0.6580273509025574,2.2137686000205576
"[8, 23, 23, 8, 8, 8, 8, 8, 8]","['swish', 'tanh', 'sigmoid', 'sigmoid', 'tanh', 'elu', 'elu', 'sigmoid', 'sigmoid']",08f9f6060900000606,102,Adam,MaxAbsoluteDeviation,9.131584167480469,6.875363826751709,2.118931300006807
"[8, 23, 23, 8, 8, 23, 8, 8, 8, 17]","['swish', 'tanh', 'sigmoid', 'sigmoid', 'tanh', 'elu', 'elu', 'sigmoid', 'sigmoid', 'tanh']",08f9f60609f000060699,102,Adam,MaxAbsoluteDeviation,0.7355729937553406,0.5237464904785156,2.2656016000546515
"[8, 23, 23, 8, 8, 23, 8, 8, 8, 17]","['swish', 'tanh', 'sigmoid', 'sigmoid', 'tanh', 'elu', 'elu', 'sigmoid', 'sigmoid', 'tanh']",08f9f60609f000060699,102,Adam,MaxAbsoluteDeviation,9.218183517456055,7.214261531829834,2.202313999994658
"[8, 23, 23, 8, 8, 23, 8, 8, 8]","['swish', 'tanh', 'sigmoid', 'sigmoid', 'tanh', 'elu', 'elu', 'sigmoid', 'sigmoid']",08f9f60609f0000606,102,Adam,MaxAbsoluteDeviation,7.16312313079834,4.99645471572876,2.0729774000355974
"[8, 23, 23, 8, 8, 23, 8, 8, 8]","['swish', 'tanh', 'sigmoid', 'sigmoid', 'tanh', 'elu', 'elu', 'sigmoid', 'sigmoid']",08f9f60609f0000606,102,Adam,MaxAbsoluteDeviation,8.838601112365723,5.7106757164001465,2.090543100028299
"[8, 23, 23, 8, 8, 23, 8, 8, 8, 17]","['swish', 'tanh', 'sigmoid', 'sigmoid', 'tanh', 'elu', 'elu', 'sigmoid', 'sigmoid', 'tanh']",08f9f60609f000060699,700,Adam,MaxAbsoluteDeviation,9.16617488861084,6.8819475173950195,10.173145500011742
"[8, 23, 23, 8, 8, 23, 8, 8, 8, 17]","['swish', 'tanh', 'sigmoid', 'sigmoid', 'tanh', 'elu', 'elu', 'sigmoid', 'sigmoid', 'tanh']",08f9f60609f000060699,700,Adam,MaxAbsoluteDeviation,0.8500398397445679,0.4018666446208954,10.113642600015737
"[8, 23, 23, 8, 8, 23, 8, 8, 8, 17]","['swish', 'tanh', 'sigmoid', 'sigmoid', 'tanh', 'elu', 'elu', 'sigmoid', 'sigmoid', 'tanh']",08f9f60609f000060699,700,Adam,MaxAbsoluteDeviation,0.25135478377342224,0.07136165350675583,9.650081900064833
"[8, 23, 23, 8, 8, 23, 8, 8, 8, 17]","['swish', 'tanh', 'sigmoid', 'sigmoid', 'tanh', 'elu', 'elu', 'sigmoid', 'sigmoid', 'tanh']",08f9f60609f000060699,677,Adam,MaxAbsoluteDeviation,9.157668113708496,6.865190029144287,9.724325599963777
"[8, 23, 23, 8, 8, 23, 23, 8, 8, 17]","['swish', 'tanh', 'sigmoid', 'sigmoid', 'tanh', 'elu', 'elu', 'sigmoid', 'sigmoid', 'tanh']",08f9f60609f0f0060699,700,Adam,MaxAbsoluteDeviation,8.976524353027344,6.739257335662842,10.49151660001371
"[8, 23, 23, 8, 8, 23, 8, 8, 8, 17, 13]","['swish', 'tanh', 'sigmoid', 'sigmoid', 'tanh', 'elu', 'elu', 'sigmoid', 'sigmoid', 'tanh', 'tanh']",08f9f60609f00006069959,700,Adam,MaxAbsoluteDeviation,0.5263690948486328,0.35553282499313354,10.650690499925986
"[8, 23, 23, 8, 8, 23, 8, 8, 8, 17, 13]","['swish', 'tanh', 'sigmoid', 'sigmoid', 'tanh', 'elu', 'elu', 'sigmoid', 'sigmoid', 'tanh', 'tanh']",08f9f60609f00006069959,700,Adam,MaxAbsoluteDeviation,9.171889305114746,6.8551106452941895,10.825763100059703
"[8, 23, 23, 8, 8, 23, 8, 8, 8, 17, 13]","['swish', 'tanh', 'sigmoid', 'sigmoid', 'tanh', 'elu', 'elu', 'sigmoid', 'sigmoid', 'tanh', 'tanh']",08f9f60609f00006069959,167,Adam,MaxAbsoluteDeviation,0.7772055864334106,0.34779131412506104,3.2825729999458417
"[8, 23, 23, 8, 8, 23, 8, 8, 8, 17, 13]","['swish', 'tanh', 'sigmoid', 'sigmoid', 'tanh', 'elu', 'elu', 'sigmoid', 'sigmoid', 'tanh', 'tanh']",08f9f60609f00006069959,100,Adam,MaxAbsoluteDeviation,0.8303715586662292,0.44841253757476807,2.3439792999997735
"[8, 17, 23, 8, 8, 23, 8, 8, 8, 17, 13]","['swish', 'tanh', 'sigmoid', 'sigmoid', 'tanh', 'elu', 'elu', 'sigmoid', 'sigmoid', 'tanh', 'tanh']",0899f60609f00006069959,100,Adam,MaxAbsoluteDeviation,0.8365315198898315,0.45924898982048035,2.2771047999849543
"[8, 17, 23, 8, 8, 23, 8, 8, 8, 17, 13]","['swish', 'tanh', 'sigmoid', 'sigmoid', 'tanh', 'elu', 'elu', 'sigmoid', 'sigmoid', 'tanh', 'tanh']",0899f60609f00006069959,700,Adam,MaxAbsoluteDeviation,9.184679985046387,6.988976955413818,10.729352699941956
"[8, 17, 23, 8, 8, 23, 8, 8, 8, 17, 13]","['elu', 'tanh', 'sigmoid', 'sigmoid', 'tanh', 'elu', 'elu', 'sigmoid', 'sigmoid', 'tanh', 'tanh']",0099f60609f00006069959,100,Adam,MaxAbsoluteDeviation,6.295647621154785,4.381203651428223,2.279865200049244
"[8, 17, 23, 8, 8, 23, 8, 8, 8, 17, 23]","['swish', 'tanh', 'sigmoid', 'sigmoid', 'tanh', 'elu', 'tanh', 'sigmoid', 'sigmoid', 'tanh', 'tanh']",0899f60609f009060699f9,100,Adam,MaxAbsoluteDeviation,9.095004081726074,6.787196159362793,2.27735429990571
"[8, 17, 23, 8, 8, 23, 8, 8, 8, 8, 13]","['swish', 'tanh', 'sigmoid', 'sigmoid', 'tanh', 'elu', 'elu', 'sigmoid', 'sigmoid', 'tanh', 'tanh']",0899f60609f00006060959,100,Adam,MaxAbsoluteDeviation,5.567538261413574,4.31382417678833,2.2451093998970464
"[8, 17, 23, 8, 8, 23, 8, 8, 8, 17, 13]","['swish', 'tanh', 'sigmoid', 'sigmoid', 'tanh', 'elu', 'elu', 'sigmoid', 'sigmoid', 'tanh', 'tanh']",0899f60609f00006069959,700,Adam,MaxAbsoluteDeviation,9.164061546325684,6.720398426055908,10.482797999982722
"[8, 17, 23, 8, 8, 23, 8, 8, 8, 17, 13]","['swish', 'tanh', 'sigmoid', 'sigmoid', 'tanh', 'elu', 'elu', 'sigmoid', 'sigmoid', 'tanh', 'tanh']",0899f60609f00006069959,100,Adam,MaxAbsoluteDeviation,9.213574409484863,6.953717231750488,2.2458819000748917
"[8, 17, 23, 8, 8, 23, 8, 8, 8, 17, 13]","['swish', 'tanh', 'sigmoid', 'sigmoid', 'tanh', 'elu', 'elu', 'sigmoid', 'sigmoid', 'tanh', 'tanh']",0899f60609f00006069959,700,Adam,MaxAbsoluteDeviation,9.0742826461792,6.661409854888916,11.536896100034937
"[8, 17, 23, 8, 8, 23, 8, 8, 8, 17, 8]","['swish', 'tanh', 'sigmoid', 'sigmoid', 'tanh', 'elu', 'elu', 'sigmoid', 'sigmoid', 'tanh', 'tanh']",0899f60609f00006069909,100,Adam,MaxAbsoluteDeviation,9.103333473205566,6.716568470001221,2.416218900005333
"[8, 17, 23, 8, 8, 23, 8, 8, 8, 17, 13]","['swish', 'tanh', 'sigmoid', 'sigmoid', 'tanh', 'elu', 'elu', 'sigmoid', 'sigmoid', 'tanh', 'tanh']",0899f60609f00006069959,100,Adam,MaxAbsoluteDeviation,9.203323364257812,6.802134990692139,2.3593641000334173
"[8, 17, 23, 8, 8, 23, 23, 8, 8, 17, 13]","['elu', 'tanh', 'sigmoid', 'swish', 'tanh', 'elu', 'elu', 'sigmoid', 'sigmoid', 'tanh', 'tanh']",0099f60809f0f006069959,100,Adam,MaxAbsoluteDeviation,9.031837463378906,6.6753621101379395,2.434796700021252
"[8, 17, 23, 8, 8, 23, 8, 8, 8, 17, 13]","['swish', 'tanh', 'sigmoid', 'sigmoid', 'tanh', 'elu', 'elu', 'sigmoid', 'sigmoid', 'tanh', 'tanh']",0899f60609f00006069959,700,Adam,MaxAbsoluteDeviation,0.6131669878959656,0.2930859625339508,12.270606999984011
"[8, 17, 23, 8, 8, 23, 8, 8, 8, 17, 13]","['swish', 'tanh', 'sigmoid', 'sigmoid', 'tanh', 'elu', 'elu', 'sigmoid', 'sigmoid', 'tanh', 'tanh']",0899f60609f00006069959,700,Adam,MaxAbsoluteDeviation,9.144356727600098,6.820448398590088,11.376151000033133
"[8, 17, 23, 8, 8, 23, 8, 8, 8, 23, 13]","['sigmoid', 'tanh', 'sigmoid', 'sigmoid', 'tanh', 'elu', 'elu', 'sigmoid', 'sigmoid', 'tanh', 'tanh']",0699f60609f0000606f959,700,Adam,MaxAbsoluteDeviation,9.090008735656738,6.789426326751709,11.319916300009936
"[8, 17, 8, 8, 8, 23, 8, 8, 8, 17]","['swish', 'tanh', 'sigmoid', 'sigmoid', 'tanh', 'tanh', 'elu', 'sigmoid', 'sigmoid', 'tanh']",0899060609f900060699,700,Adam,MaxAbsoluteDeviation,0.39957255125045776,0.36769476532936096,10.545504999929108
"[8, 17, 8, 8, 8, 23, 8, 8, 8, 17, 18]","['swish', 'tanh', 'sigmoid', 'sigmoid', 'tanh', 'tanh', 'elu', 'swish', 'sigmoid', 'tanh', 'sigmoid']",0899060609f900080699a6,700,Adam,MaxAbsoluteDeviation,0.8198797106742859,0.592863142490387,11.174608499975875
"[8, 23, 8, 8, 8, 23, 8, 8, 8, 17, 18]","['swish', 'tanh', 'sigmoid', 'sigmoid', 'tanh', 'tanh', 'elu', 'swish', 'sigmoid', 'tanh', 'sigmoid']",08f9060609f900080699a6,327,Adam,MaxAbsoluteDeviation,0.5921822190284729,0.3307887315750122,5.678441699943505
"[8, 23, 8, 8, 8, 23, 8, 8, 8, 17, 18]","['swish', 'tanh', 'sigmoid', 'sigmoid', 'tanh', 'tanh', 'elu', 'swish', 'sigmoid', 'tanh', 'sigmoid']",08f9060609f900080699a6,700,Adam,MaxAbsoluteDeviation,8.563671112060547,5.931258678436279,10.445026300032623
"[8, 23, 8, 8, 8, 23, 8, 8, 8, 17, 18, 17]","['swish', 'tanh', 'sigmoid', 'sigmoid', 'tanh', 'tanh', 'elu', 'swish', 'sigmoid', 'tanh', 'sigmoid', 'elu']",08f9060609f900080699a690,700,Adam,MaxAbsoluteDeviation,0.43238720297813416,0.1917082816362381,11.361364999902435
"[8, 23, 8, 8, 8, 8, 8, 8, 8, 17, 18, 17]","['swish', 'tanh', 'sigmoid', 'sigmoid', 'tanh', 'tanh', 'elu', 'swish', 'sigmoid', 'tanh', 'sigmoid', 'elu']",08f90606090900080699a690,700,Adam,MaxAbsoluteDeviation,0.6354902386665344,0.3209497928619385,11.407659700023942
"[8, 23, 8, 8, 8, 8, 8, 8, 8, 17, 18]","['swish', 'tanh', 'sigmoid', 'sigmoid', 'tanh', 'tanh', 'elu', 'swish', 'sigmoid', 'tanh', 'sigmoid']",08f90606090900080699a6,700,Adam,MaxAbsoluteDeviation,0.601229190826416,0.5815737247467041,10.538762000040151
"[8, 23, 8, 8, 8, 8, 8, 8, 8, 17, 18]","['swish', 'tanh', 'sigmoid', 'sigmoid', 'tanh', 'tanh', 'swish', 'swish', 'sigmoid', 'tanh', 'sigmoid']",08f90606090908080699a6,700,Adam,MaxAbsoluteDeviation,9.138915061950684,6.812525749206543,10.848302399972454
"[8, 23, 8, 8, 8, 8, 8, 8, 8, 17, 18]","['swish', 'tanh', 'sigmoid', 'sigmoid', 'tanh', 'tanh', 'elu', 'swish', 'sigmoid', 'tanh', 'sigmoid']",08f90606090900080699a6,700,Adam,MaxAbsoluteDeviation,9.130478858947754,6.89537239074707,10.574964999919757
"[8, 23, 8, 8, 8, 8, 8, 8, 8, 23, 18, 14]","['swish', 'tanh', 'sigmoid', 'sigmoid', 'tanh', 'tanh', 'elu', 'swish', 'sigmoid', 'tanh', 'sigmoid', 'tanh']",08f906060909000806f9a669,700,Adam,MaxAbsoluteDeviation,9.041550636291504,6.854072093963623,11.401573600014672
"[8, 23, 8, 8, 8, 8, 8, 8, 8, 17, 18]","['swish', 'tanh', 'sigmoid', 'sigmoid', 'tanh', 'tanh', 'tanh', 'swish', 'sigmoid', 'tanh', 'sigmoid']",08f90606090909080699a6,700,Adam,MaxAbsoluteDeviation,0.2456314116716385,0.21928250789642334,10.542422800092027
"[8, 23, 8, 8, 8, 8, 8, 23, 8, 17, 18]","['swish', 'tanh', 'sigmoid', 'sigmoid', 'tanh', 'tanh', 'tanh', 'swish', 'sigmoid', 'tanh', 'sigmoid']",08f90606090909f80699a6,700,Adam,MaxAbsoluteDeviation,0.4633345305919647,0.17064975202083588,10.748889100039378
"[8, 23, 23, 8, 8, 8, 8, 23, 8, 17, 18]","['swish', 'tanh', 'sigmoid', 'sigmoid', 'tanh', 'tanh', 'tanh', 'swish', 'sigmoid', 'tanh', 'sigmoid']",08f9f606090909f80699a6,700,Adam,MaxAbsoluteDeviation,9.127490043640137,6.806767463684082,10.517900099977851
"[8, 23, 8, 8, 8, 8, 8, 23, 8, 17, 18, 19]","['swish', 'tanh', 'sigmoid', 'sigmoid', 'tanh', 'tanh', 'tanh', 'swish', 'sigmoid', 'tanh', 'sigmoid', 'tanh']",08f90606090909f80699a6b9,700,Adam,MaxAbsoluteDeviation,9.179283142089844,6.691511631011963,11.307238300098106
"[8, 23, 8, 8, 8, 8, 8, 23, 8, 17, 18]","['swish', 'tanh', 'sigmoid', 'sigmoid', 'tanh', 'tanh', 'tanh', 'swish', 'sigmoid', 'tanh', 'sigmoid']",08f90606090909f80699a6,700,Adam,MaxAbsoluteDeviation,6.404913425445557,4.313615798950195,12.406034199986607
"[8, 23, 8, 8, 8, 8, 8, 23, 8, 17, 18, 11]","['swish', 'tanh', 'sigmoid', 'sigmoid', 'tanh', 'tanh', 'tanh', 'swish', 'sigmoid', 'tanh', 'sigmoid', 'swish']",08f90606090909f80699a638,700,Adam,MaxAbsoluteDeviation,0.7067742347717285,0.3914417326450348,12.058406100026332
"[8, 23, 8, 8, 8, 8, 8, 23, 8, 8, 18, 11]","['swish', 'tanh', 'sigmoid', 'sigmoid', 'tanh', 'tanh', 'tanh', 'swish', 'sigmoid', 'tanh', 'sigmoid', 'swish']",08f90606090909f80609a638,700,Adam,MaxAbsoluteDeviation,0.6673673391342163,0.42737188935279846,11.7814583000727
"[8, 23, 8, 8, 8, 8, 8, 23, 8, 8, 18, 11]","['swish', 'tanh', 'sigmoid', 'sigmoid', 'tanh', 'tanh', 'tanh', 'swish', 'sigmoid', 'tanh', 'sigmoid', 'swish']",08f90606090909f80609a638,700,Adam,MaxAbsoluteDeviation,0.8021769523620605,0.6395741105079651,11.722833099891432
"[8, 23, 8, 8, 8, 8, 8, 23, 8, 8, 23, 11]","['swish', 'tanh', 'sigmoid', 'sigmoid', 'tanh', 'tanh', 'tanh', 'swish', 'sigmoid', 'tanh', 'sigmoid', 'swish']",08f90606090909f80609f638,700,Adam,MaxAbsoluteDeviation,0.8051505088806152,0.5844099521636963,11.894752399995923
"[8, 23, 8, 8, 8, 8, 8, 23, 8, 8, 23, 11]","['swish', 'tanh', 'sigmoid', 'sigmoid', 'tanh', 'tanh', 'tanh', 'swish', 'sigmoid', 'tanh', 'sigmoid', 'swish']",08f90606090909f80609f638,700,Adam,MaxAbsoluteDeviation,9.166661262512207,6.676918983459473,11.76841549994424
"[8, 23, 8, 8, 8, 8, 8, 23, 8, 8, 23]","['swish', 'tanh', 'sigmoid', 'sigmoid', 'tanh', 'tanh', 'tanh', 'swish', 'sigmoid', 'tanh', 'sigmoid']",08f90606090909f80609f6,700,Adam,MaxAbsoluteDeviation,0.3738938271999359,0.27574217319488525,10.585528799914755
"[8, 23, 8, 8, 8, 8, 8, 23, 8, 8, 23]","['swish', 'tanh', 'sigmoid', 'sigmoid', 'tanh', 'tanh', 'tanh', 'swish', 'sigmoid', 'tanh', 'sigmoid']",08f90606090909f80609f6,700,Adam,MaxAbsoluteDeviation,0.3630508482456207,0.35311782360076904,11.13003000000026
"[8, 23, 8, 8, 8, 8, 8, 23, 8, 8]","['swish', 'tanh', 'sigmoid', 'sigmoid', 'tanh', 'tanh', 'tanh', 'swish', 'elu', 'tanh']",08f90606090909f80009,700,Adam,MaxAbsoluteDeviation,9.133837699890137,6.927879810333252,10.363757799961604
"[8, 23, 8, 8, 8, 8, 8, 23, 8, 8, 23]","['swish', 'tanh', 'sigmoid', 'sigmoid', 'tanh', 'tanh', 'tanh', 'swish', 'sigmoid', 'tanh', 'sigmoid']",08f90606090909f80609f6,700,Adam,MaxAbsoluteDeviation,9.175250053405762,6.818224906921387,10.865059299976565
"[8, 23, 8, 8, 8, 8, 8, 23, 8, 8, 23]","['swish', 'tanh', 'sigmoid', 'sigmoid', 'tanh', 'tanh', 'tanh', 'swish', 'sigmoid', 'tanh', 'sigmoid']",08f90606090909f80609f6,700,Adam,MaxAbsoluteDeviation,8.314109802246094,4.8970136642456055,10.844187299953774
"[8, 23, 8, 8, 8, 8, 8, 23, 8, 8, 23]","['swish', 'tanh', 'sigmoid', 'sigmoid', 'tanh', 'tanh', 'tanh', 'swish', 'sigmoid', 'tanh', 'sigmoid']",08f90606090909f80609f6,700,Adam,MaxAbsoluteDeviation,9.169910430908203,6.784741401672363,10.50768230005633
"[8, 23, 8, 8, 8, 8, 8, 23, 8, 8]","['swish', 'tanh', 'sigmoid', 'sigmoid', 'tanh', 'tanh', 'tanh', 'swish', 'sigmoid', 'tanh']",08f90606090909f80609,700,Adam,MaxAbsoluteDeviation,9.181636810302734,6.841277599334717,10.256644899956882
"[8, 23, 23, 8, 8, 8, 8, 23, 8, 8, 23]","['swish', 'tanh', 'sigmoid', 'sigmoid', 'tanh', 'tanh', 'tanh', 'swish', 'sigmoid', 'tanh', 'sigmoid']",08f9f606090909f80609f6,700,Adam,MaxAbsoluteDeviation,9.057785987854004,6.701886177062988,10.753684700001031
"[8, 23, 8, 8, 8, 8, 8, 23, 8, 8, 23]","['swish', 'tanh', 'sigmoid', 'sigmoid', 'tanh', 'tanh', 'tanh', 'swish', 'sigmoid', 'tanh', 'sigmoid']",08f90606090909f80609f6,700,Adam,MaxAbsoluteDeviation,9.1338529586792,6.790731906890869,10.71704499993939
"[8, 23, 8, 8, 8, 8, 8, 23, 8, 8, 23]","['swish', 'tanh', 'sigmoid', 'sigmoid', 'tanh', 'tanh', 'tanh', 'swish', 'sigmoid', 'tanh', 'sigmoid']",08f90606090909f80609f6,700,Adam,MaxAbsoluteDeviation,0.6317318677902222,0.47960585355758667,10.752245399984531
"[8, 23, 8, 8, 8, 8, 8, 23, 8, 8, 23]","['swish', 'tanh', 'sigmoid', 'sigmoid', 'tanh', 'tanh', 'tanh', 'swish', 'sigmoid', 'tanh', 'sigmoid']",08f90606090909f80609f6,700,Adam,MaxAbsoluteDeviation,9.194822311401367,6.742199897766113,12.393044400028884
"[8, 23, 8, 8, 8, 8, 8, 23, 8, 8, 23]","['swish', 'tanh', 'sigmoid', 'sigmoid', 'tanh', 'tanh', 'tanh', 'swish', 'sigmoid', 'tanh', 'sigmoid']",08f90606090909f80609f6,100,Adam,MaxAbsoluteDeviation,9.080429077148438,6.862119197845459,2.4272233999799937
"[8, 23, 8, 8, 8, 8, 8, 23, 8, 8, 23, 22]","['swish', 'tanh', 'sigmoid', 'sigmoid', 'tanh', 'tanh', 'tanh', 'swish', 'sigmoid', 'tanh', 'sigmoid', 'tanh']",08f90606090909f80609f6e9,700,Adam,MaxAbsoluteDeviation,0.9870104193687439,0.3739453852176666,11.802127999952063
"[8, 23, 8, 8, 8, 8, 8, 23, 8, 8, 23]","['swish', 'tanh', 'sigmoid', 'sigmoid', 'tanh', 'tanh', 'tanh', 'swish', 'sigmoid', 'tanh', 'sigmoid']",08f90606090909f80609f6,700,Adam,MaxAbsoluteDeviation,9.00332260131836,6.778237819671631,11.008661999949254
"[8, 23, 8, 8, 8, 8, 8, 23, 8, 8]","['swish', 'tanh', 'sigmoid', 'sigmoid', 'tanh', 'tanh', 'tanh', 'swish', 'sigmoid', 'tanh']",08f90606090909f80609,700,Adam,MaxAbsoluteDeviation,0.4434147775173187,0.36515361070632935,10.213185500004329
"[8, 23, 8, 8, 8, 8, 8, 23, 9]","['swish', 'tanh', 'sigmoid', 'sigmoid', 'tanh', 'tanh', 'tanh', 'swish', 'sigmoid']",08f90606090909f816,700,Adam,MaxAbsoluteDeviation,0.44509685039520264,0.20093312859535217,10.280836799996905
"[8, 23, 8, 8, 8, 8, 8, 23, 9]","['swish', 'tanh', 'sigmoid', 'sigmoid', 'tanh', 'tanh', 'tanh', 'swish', 'sigmoid']",08f90606090909f816,700,Adam,MaxAbsoluteDeviation,9.131872177124023,6.686800956726074,9.664693500031717
"[8, 23, 8, 8, 8, 8, 8, 23, 9]","['swish', 'tanh', 'sigmoid', 'sigmoid', 'tanh', 'tanh', 'tanh', 'swish', 'sigmoid']",08f90606090909f816,700,Adam,MaxAbsoluteDeviation,0.45808327198028564,0.3525902032852173,10.140562900109217
"[8, 23, 8, 8, 8, 8, 8, 23, 9]","['swish', 'tanh', 'sigmoid', 'sigmoid', 'tanh', 'tanh', 'tanh', 'swish', 'sigmoid']",08f90606090909f816,700,Adam,MaxAbsoluteDeviation,9.063289642333984,6.773123264312744,10.135424799984321
"[8, 23, 8, 8, 8, 8, 8, 23]","['swish', 'tanh', 'sigmoid', 'sigmoid', 'tanh', 'tanh', 'tanh', 'swish']",08f90606090909f8,700,Adam,MaxAbsoluteDeviation,0.35023781657218933,0.2342522293329239,9.676644199993461
"[8, 23, 8, 8, 8, 8, 8, 23, 16]","['swish', 'tanh', 'sigmoid', 'sigmoid', 'tanh', 'tanh', 'tanh', 'swish', 'sigmoid']",08f90606090909f886,700,Adam,MaxAbsoluteDeviation,9.126252174377441,6.679925441741943,10.081986000062898
"[8, 23, 8, 8, 8, 8, 8, 23, 22]","['swish', 'tanh', 'sigmoid', 'sigmoid', 'tanh', 'tanh', 'tanh', 'swish', 'tanh']",08f90606090909f8e9,700,Adam,MaxAbsoluteDeviation,0.6068282127380371,0.28017139434814453,10.098880699952133
"[8, 23, 8, 8, 8, 8, 8, 23]","['swish', 'tanh', 'sigmoid', 'sigmoid', 'tanh', 'tanh', 'tanh', 'swish']",08f90606090909f8,700,Adam,MaxAbsoluteDeviation,0.29794201254844666,0.3075200617313385,9.335231099976227
"[8, 23, 8, 8, 8, 8, 8]","['swish', 'tanh', 'sigmoid', 'sigmoid', 'tanh', 'tanh', 'tanh']",08f90606090909,184,Adam,MaxAbsoluteDeviation,0.36457452178001404,0.18828117847442627,2.730204700026661
"[8, 23, 8, 8, 8, 8, 8]","['swish', 'tanh', 'sigmoid', 'sigmoid', 'tanh', 'tanh', 'tanh']",08f90606090909,100,Adam,MaxAbsoluteDeviation,0.7449049353599548,0.5789917707443237,1.8002231999998912
"[8, 23, 8, 8, 8, 8, 23]","['swish', 'tanh', 'sigmoid', 'sigmoid', 'tanh', 'tanh', 'tanh']",08f906060909f9,100,Adam,MaxAbsoluteDeviation,0.3852250576019287,0.22275249660015106,1.8393740000901744
"[8, 23, 8, 8, 8, 8, 23]","['elu', 'tanh', 'sigmoid', 'sigmoid', 'tanh', 'tanh', 'tanh']",00f906060909f9,100,Adam,MaxAbsoluteDeviation,0.5614773631095886,0.30083051323890686,1.8258381000487134
"[8, 23, 8, 8, 8, 8, 23, 11]","['swish', 'tanh', 'sigmoid', 'sigmoid', 'tanh', 'tanh', 'elu', 'swish']",08f906060909f038,700,Adam,MaxAbsoluteDeviation,0.5140844583511353,0.27646970748901367,9.552304800017737
"[8, 23, 8, 8, 8, 8, 23, 11, 14]","['swish', 'tanh', 'sigmoid', 'sigmoid', 'tanh', 'tanh', 'elu', 'swish', 'swish']",08f906060909f03868,700,Adam,MaxAbsoluteDeviation,0.4561511278152466,0.282273530960083,9.841740700067021
"[8, 23, 8, 8, 8, 8, 23, 11, 23]","['swish', 'tanh', 'sigmoid', 'sigmoid', 'tanh', 'tanh', 'elu', 'swish', 'swish']",08f906060909f038f8,700,Adam,MaxAbsoluteDeviation,0.3631497919559479,0.13587422668933868,9.875908700050786
"[8, 23, 8, 8, 8, 8, 23, 11, 23]","['swish', 'tanh', 'sigmoid', 'sigmoid', 'tanh', 'tanh', 'elu', 'swish', 'swish']",08f906060909f038f8,572,Adam,MaxAbsoluteDeviation,0.27437546849250793,0.095008984208107,9.756936099962331
"[8, 23, 8, 8, 8, 8, 23, 11, 23]","['swish', 'tanh', 'sigmoid', 'sigmoid', 'tanh', 'tanh', 'elu', 'swish', 'swish']",08f906060909f038f8,446,Adam,MaxAbsoluteDeviation,0.46512371301651,0.18725961446762085,6.657977299997583
"[8, 23, 8, 8, 8, 8, 23, 11, 23]","['swish', 'tanh', 'sigmoid', 'sigmoid', 'tanh', 'tanh', 'elu', 'swish', 'swish']",08f906060909f038f8,446,Adam,MaxAbsoluteDeviation,0.3194429874420166,0.15994317829608917,6.950069600017741
"[8, 23, 8, 8, 8, 8, 23, 11, 23, 10]","['swish', 'tanh', 'sigmoid', 'sigmoid', 'tanh', 'tanh', 'elu', 'swish', 'swish', 'swish']",08f906060909f038f828,446,Adam,MaxAbsoluteDeviation,0.6365140676498413,0.225080206990242,7.2733305000001565
"[8, 23, 8, 8, 8, 8, 23, 11, 23]","['swish', 'tanh', 'sigmoid', 'sigmoid', 'tanh', 'tanh', 'elu', 'swish', 'swish']",08f906060909f038f8,446,Adam,MaxAbsoluteDeviation,0.8920207023620605,0.28117337822914124,6.684601600049064
"[8, 23, 8, 8, 8, 8, 23, 11, 23]","['swish', 'tanh', 'sigmoid', 'sigmoid', 'tanh', 'tanh', 'elu', 'swish', 'swish']",08f906060909f038f8,446,Adam,MaxAbsoluteDeviation,0.6178956627845764,0.21412456035614014,6.7745486999629065
"[8, 23, 8, 8, 8, 8, 23, 11]","['swish', 'tanh', 'sigmoid', 'sigmoid', 'tanh', 'tanh', 'elu', 'swish']",08f906060909f038,446,Adam,MaxAbsoluteDeviation,0.31496185064315796,0.10535093396902084,6.180464599980041
"[8, 23, 8, 8, 8, 8, 23]","['swish', 'tanh', 'sigmoid', 'sigmoid', 'tanh', 'tanh', 'elu']",08f906060909f0,446,Adam,MaxAbsoluteDeviation,0.4664369821548462,0.2606296241283417,5.702084299991839
"[8, 23, 8, 8, 8, 8, 23, 11]","['swish', 'tanh', 'sigmoid', 'sigmoid', 'tanh', 'tanh', 'elu', 'swish']",08f906060909f038,446,Adam,MaxAbsoluteDeviation,0.661171555519104,0.2716405689716339,6.277340300031938
"[8, 23, 8, 8, 8, 8, 23]","['swish', 'tanh', 'sigmoid', 'sigmoid', 'tanh', 'tanh', 'elu']",08f906060909f0,446,Adam,MaxAbsoluteDeviation,0.39081162214279175,0.07405794411897659,5.833009100053459
"[8, 23, 8, 8, 8, 8, 23, 10]","['swish', 'tanh', 'sigmoid', 'sigmoid', 'tanh', 'tanh', 'elu', 'elu']",08f906060909f020,446,Adam,MaxAbsoluteDeviation,0.3219056725502014,0.10119682550430298,6.206815700046718
"[8, 23, 8, 8, 8, 8]","['swish', 'tanh', 'sigmoid', 'sigmoid', 'tanh', 'tanh']",08f906060909,446,Adam,MaxAbsoluteDeviation,0.24706822633743286,0.15690156817436218,5.5004830999532714
"[8, 23, 8, 8, 8, 8]","['swish', 'tanh', 'sigmoid', 'sigmoid', 'tanh', 'tanh']",08f906060909,446,Adam,MaxAbsoluteDeviation,0.19879752397537231,0.27911463379859924,5.410937200067565
"[8, 23, 8, 8, 8, 8]","['swish', 'tanh', 'sigmoid', 'sigmoid', 'tanh', 'tanh']",08f906060909,446,Adam,MaxAbsoluteDeviation,0.5842898488044739,0.25879350304603577,5.324765199911781
"[8, 23, 8, 8, 8, 8]","['swish', 'tanh', 'sigmoid', 'sigmoid', 'tanh', 'tanh']",08f906060909,446,Adam,MaxAbsoluteDeviation,0.26144880056381226,0.14492768049240112,5.248338099918328
"[8, 23, 8, 8, 8, 8]","['swish', 'tanh', 'sigmoid', 'sigmoid', 'tanh', 'swish']",08f906060908,446,Adam,MaxAbsoluteDeviation,0.6727017760276794,0.13062754273414612,5.339366600033827
"[8, 23, 8, 8, 8]","['swish', 'tanh', 'sigmoid', 'sigmoid', 'tanh']",08f9060609,337,Adam,MaxAbsoluteDeviation,0.30737197399139404,0.2600645124912262,3.8851264999248087
"[8, 23, 8, 8, 8]","['swish', 'tanh', 'sigmoid', 'sigmoid', 'tanh']",08f9060609,337,Adam,MaxAbsoluteDeviation,0.2668129503726959,0.3524836599826813,3.9652501000091434
"[8, 23, 8, 8, 8]","['swish', 'tanh', 'sigmoid', 'sigmoid', 'tanh']",08f9060609,700,Adam,MaxAbsoluteDeviation,0.1884061098098755,0.15459905564785004,7.559588499949314
"[8, 23, 8, 8]","['swish', 'tanh', 'sigmoid', 'sigmoid']",08f90606,700,Adam,MaxAbsoluteDeviation,0.20178425312042236,0.1685267686843872,7.293126200092956
"[8, 23, 8, 8]","['swish', 'tanh', 'sigmoid', 'sigmoid']",08f90606,700,Adam,MaxAbsoluteDeviation,0.15699586272239685,0.08578462898731232,7.324595600017346
"[8, 23, 8, 8]","['swish', 'tanh', 'sigmoid', 'sigmoid']",08f90606,700,Adam,MaxAbsoluteDeviation,0.102546826004982,0.05454801395535469,7.321977899991907
"[8, 23, 8, 8]","['swish', 'tanh', 'sigmoid', 'sigmoid']",08f90606,700,Adam,MaxAbsoluteDeviation,0.19316107034683228,0.0504194051027298,7.260643600020558
"[8, 23, 8, 8]","['swish', 'tanh', 'sigmoid', 'sigmoid']",08f90606,700,Adam,MaxAbsoluteDeviation,0.19877807796001434,0.09103399515151978,8.578508000005968
"[8, 23, 8, 8]","['swish', 'tanh', 'sigmoid', 'sigmoid']",08f90606,497,Adam,MaxAbsoluteDeviation,0.09142810851335526,0.1156395897269249,5.323566499981098
