"[22, 19, 15]","['tanh', 'sigmoid', 'swish']",e9b678,535,Adam,MaxAbsoluteDeviation,0.5416762828826904,0.7160911560058594,1.8123971000313759
"[22, 19, 15]","['tanh', 'elu', 'swish']",e9b078,535,Adam,MaxAbsoluteDeviation,0.5156309008598328,0.3585987091064453,1.8340292000211775
"[22, 19, 15, 15]","['tanh', 'elu', 'swish', 'tanh']",e9b07879,239,Adam,MaxAbsoluteDeviation,0.6381323933601379,0.8192086219787598,1.1033404999761842
"[22, 19, 15, 15, 10]","['tanh', 'elu', 'swish', 'tanh', 'swish']",e9b0787928,239,Adam,MaxAbsoluteDeviation,1.2357611656188965,1.095290184020996,1.1850190000259317
"[22, 19, 15, 15, 10]","['tanh', 'elu', 'swish', 'tanh', 'swish']",e9b0787928,239,Adam,MaxAbsoluteDeviation,0.9636232256889343,0.8322495818138123,1.20865970000159
"[22, 19, 15, 15, 10]","['tanh', 'elu', 'swish', 'tanh', 'swish']",e9b0787928,194,Adam,MaxAbsoluteDeviation,0.6340019106864929,0.8559551239013672,1.0735642000217922
"[22, 19, 15, 15, 10]","['tanh', 'elu', 'swish', 'tanh', 'swish']",e9b0787928,700,Adam,MaxAbsoluteDeviation,0.2160731554031372,0.3227333724498749,2.5674069999950007
"[22, 19, 15, 15, 10]","['tanh', 'elu', 'swish', 'tanh', 'swish']",e9b0787928,320,Adam,MaxAbsoluteDeviation,0.2160731554031372,0.5002784729003906,1.4411911999923177
"[22, 19, 15, 15, 10]","['tanh', 'elu', 'swish', 'tanh', 'swish']",e9b0787928,700,Adam,MaxAbsoluteDeviation,0.7256162166595459,0.5544576644897461,2.5547774999868125
"[22, 19, 15, 15]","['tanh', 'elu', 'swish', 'tanh']",e9b07879,700,Adam,MaxAbsoluteDeviation,0.5664432048797607,0.76416015625,2.4252570000244305
"[22, 19, 23, 15]","['tanh', 'elu', 'swish', 'tanh']",e9b0f879,700,Adam,MaxAbsoluteDeviation,0.54400235414505,0.4442119598388672,2.432948799978476
"[22, 19, 23, 8]","['tanh', 'elu', 'swish', 'tanh']",e9b0f809,700,Adam,MaxAbsoluteDeviation,0.365519642829895,0.6977481842041016,2.4033423999790102
"[22, 19, 23, 8]","['elu', 'elu', 'swish', 'tanh']",e0b0f809,700,Adam,MaxAbsoluteDeviation,1.7347030639648438,1.5889216661453247,2.4133203999954276
"[22, 19, 23, 8]","['elu', 'elu', 'swish', 'tanh']",e0b0f809,100,Adam,MaxAbsoluteDeviation,2.785567045211792,2.008897304534912,0.7174720999901183
"[22, 19, 23]","['elu', 'elu', 'swish']",e0b0f8,100,Adam,MaxAbsoluteDeviation,0.8943350315093994,0.9993676543235779,0.6491722000064328
"[22, 19, 23, 9]","['elu', 'elu', 'swish', 'elu']",e0b0f810,100,Adam,MaxAbsoluteDeviation,0.8119823932647705,0.9913520812988281,0.7232094000210054
"[22, 23, 23]","['elu', 'elu', 'swish']",e0f0f8,100,Adam,MaxAbsoluteDeviation,0.6434023380279541,0.33614063262939453,0.6519541999441572
"[8, 8, 23]","['elu', 'elu', 'swish']",0000f8,100,Adam,MaxAbsoluteDeviation,1.0859695672988892,1.4221725463867188,1.1329413000494242
"[8, 23, 23]","['elu', 'elu', 'swish']",00f0f8,100,Adam,MaxAbsoluteDeviation,0.31771743297576904,0.9962215423583984,0.6559955000411719
"[8, 23, 23]","['elu', 'elu', 'swish']",00f0f8,100,Adam,MaxAbsoluteDeviation,0.31771743297576904,0.9245624542236328,0.6494047999731265
"[8, 23, 23, 20]","['elu', 'elu', 'swish', 'elu']",00f0f8c0,100,Adam,MaxAbsoluteDeviation,0.3413756191730499,0.3915977478027344,0.7248612000257708
"[8, 23, 23, 20]","['elu', 'elu', 'swish', 'elu']",00f0f8c0,100,Adam,MaxAbsoluteDeviation,0.5807633399963379,0.5981394052505493,0.7163658000063151
"[8, 23, 23, 20]","['elu', 'elu', 'swish', 'elu']",00f0f8c0,700,Adam,MaxAbsoluteDeviation,0.3987741768360138,1.335016131401062,2.4236734999576584
"[8, 23, 23, 20]","['elu', 'elu', 'swish', 'elu']",00f0f8c0,700,Adam,MaxAbsoluteDeviation,0.5915752053260803,0.5605220794677734,2.408422900014557
"[8, 23, 23, 20, 15, 19]","['elu', 'elu', 'swish', 'elu', 'elu', 'tanh']",00f0f8c070b9,700,Adam,MaxAbsoluteDeviation,1.807587742805481,2.4240517616271973,2.644469199993182
"[8, 23, 23, 8, 15, 19]","['elu', 'elu', 'swish', 'elu', 'elu', 'tanh']",00f0f80070b9,700,Adam,MaxAbsoluteDeviation,1.2899694442749023,1.0730466842651367,2.6683940999791957
"[8, 23, 23, 8, 15, 19, 19]","['elu', 'elu', 'swish', 'elu', 'elu', 'tanh', 'swish']",00f0f80070b9b8,700,Adam,MaxAbsoluteDeviation,0.5191220045089722,0.9905738830566406,2.7853113999590278
"[8, 23, 23, 8, 15, 19, 19]","['sigmoid', 'elu', 'swish', 'elu', 'elu', 'tanh', 'swish']",06f0f80070b9b8,286,Adam,MaxAbsoluteDeviation,0.5191220045089722,9.179895401000977,1.479425200028345
"[8, 23, 8, 8, 15, 19, 19]","['elu', 'elu', 'swish', 'elu', 'elu', 'tanh', 'swish']",00f0080070b9b8,700,Adam,MaxAbsoluteDeviation,0.5428205132484436,0.5362758636474609,2.7446396999876015
"[8, 23, 8, 8, 15, 19, 19, 8]","['elu', 'elu', 'swish', 'elu', 'elu', 'tanh', 'swish', 'sigmoid']",00f0080070b9b806,222,Adam,MaxAbsoluteDeviation,0.5428205132484436,7.554690361022949,1.373191999970004
"[8, 23, 8, 8, 15, 19, 19]","['elu', 'elu', 'swish', 'elu', 'elu', 'tanh', 'swish']",00f0080070b9b8,700,Adam,MaxAbsoluteDeviation,0.5462886691093445,1.5631866455078125,2.7507203000131994
"[8, 23, 8, 8, 15, 19, 19]","['elu', 'elu', 'swish', 'elu', 'tanh', 'tanh', 'swish']",00f0080079b9b8,700,Adam,MaxAbsoluteDeviation,0.5610218644142151,1.5570411682128906,3.2847877999884076
"[8, 23, 8, 8, 15, 19, 19]","['elu', 'elu', 'swish', 'sigmoid', 'tanh', 'tanh', 'swish']",00f0080679b9b8,700,Adam,MaxAbsoluteDeviation,0.6131499409675598,0.664675772190094,2.7819079000037163
"[8, 23, 8, 8, 15, 19, 19, 9]","['elu', 'elu', 'swish', 'sigmoid', 'tanh', 'tanh', 'swish', 'elu']",00f0080679b9b810,700,Adam,MaxAbsoluteDeviation,1.1421914100646973,0.7814192771911621,2.943291899980977
"[8, 23, 8, 8, 15, 19, 19, 9, 11, 16]","['elu', 'elu', 'swish', 'sigmoid', 'tanh', 'tanh', 'swish', 'elu', 'sigmoid', 'elu']",00f0080679b9b8103680,700,Adam,MaxAbsoluteDeviation,0.4119265079498291,0.5416641235351562,3.1342685999698006
"[8, 23, 8, 8, 15, 19, 19, 9, 11]","['elu', 'elu', 'swish', 'sigmoid', 'tanh', 'tanh', 'swish', 'elu', 'sigmoid']",00f0080679b9b81036,700,Adam,MaxAbsoluteDeviation,0.4119265079498291,6.433124542236328,2.9977920999517664
"[8, 23, 8, 8, 15, 19, 19, 9, 11, 16, 13]","['elu', 'elu', 'swish', 'sigmoid', 'tanh', 'tanh', 'swish', 'elu', 'sigmoid', 'elu', 'sigmoid']",00f0080679b9b810368056,700,Adam,MaxAbsoluteDeviation,0.4119265079498291,8.809338569641113,3.228585100034252
"[8, 23, 8, 8, 15, 19, 19, 9, 11, 16]","['elu', 'elu', 'swish', 'tanh', 'tanh', 'tanh', 'swish', 'elu', 'sigmoid', 'elu']",00f0080979b9b8103680,700,Adam,MaxAbsoluteDeviation,0.3544370234012604,0.7691125273704529,3.088299299997743
"[8, 23, 8, 8, 15, 19, 19, 9, 11, 8]","['elu', 'elu', 'swish', 'tanh', 'tanh', 'tanh', 'swish', 'elu', 'sigmoid', 'elu']",00f0080979b9b8103600,700,Adam,MaxAbsoluteDeviation,0.7830347418785095,0.6753101348876953,3.135930999997072
"[8, 23, 8, 8, 15, 19, 19, 23, 11]","['elu', 'elu', 'swish', 'tanh', 'tanh', 'tanh', 'swish', 'elu', 'sigmoid']",00f0080979b9b8f036,700,Adam,MaxAbsoluteDeviation,0.7830347418785095,8.168928146362305,3.0457202000543475
"[8, 23, 8, 8, 15, 19, 19, 9, 11, 8]","['elu', 'elu', 'swish', 'tanh', 'tanh', 'tanh', 'swish', 'elu', 'sigmoid', 'elu']",00f0080979b9b8103600,199,Adam,MaxAbsoluteDeviation,0.7830347418785095,5.048845291137695,1.4504462000331841
"[8, 23, 8, 8, 15, 19, 19, 9, 11, 8]","['elu', 'elu', 'swish', 'tanh', 'tanh', 'tanh', 'swish', 'elu', 'sigmoid', 'elu']",00f0080979b9b8103600,700,Adam,MaxAbsoluteDeviation,0.7830347418785095,8.250849723815918,3.611719099979382
"[23, 23, 8, 8, 15, 19, 19, 9, 11, 8]","['elu', 'elu', 'swish', 'tanh', 'tanh', 'tanh', 'swish', 'elu', 'sigmoid', 'elu']",f0f0080979b9b8103600,700,Adam,MaxAbsoluteDeviation,0.7349371314048767,0.7208843231201172,3.157045100000687
"[23, 23, 8, 8, 15, 19, 19, 9, 11, 8]","['elu', 'elu', 'swish', 'tanh', 'tanh', 'tanh', 'swish', 'elu', 'sigmoid', 'elu']",f0f0080979b9b8103600,362,Adam,MaxAbsoluteDeviation,0.8705953359603882,0.9157428741455078,1.9915229000034742
"[23, 23, 8, 8, 15, 19, 19, 8, 11, 8]","['elu', 'elu', 'swish', 'tanh', 'tanh', 'tanh', 'swish', 'elu', 'sigmoid', 'elu']",f0f0080979b9b8003600,362,Adam,MaxAbsoluteDeviation,0.8705953359603882,8.539543151855469,1.9988065999932587
"[23, 23, 8, 8, 15, 19, 19, 9, 11, 8]","['sigmoid', 'elu', 'swish', 'tanh', 'tanh', 'tanh', 'swish', 'elu', 'sigmoid', 'elu']",f6f0080979b9b8103600,362,Adam,MaxAbsoluteDeviation,0.8705953359603882,8.634730339050293,2.0007450000266545
"[23, 23, 8, 8, 15, 19, 19, 9, 11, 8, 11]","['elu', 'elu', 'swish', 'tanh', 'tanh', 'tanh', 'swish', 'elu', 'sigmoid', 'elu', 'swish']",f0f0080979b9b810360038,362,Adam,MaxAbsoluteDeviation,1.1558825969696045,1.1321181058883667,2.1193344999919645
"[23, 23, 8, 8, 15, 19, 19, 9, 11, 8, 11]","['elu', 'elu', 'swish', 'tanh', 'tanh', 'tanh', 'swish', 'elu', 'sigmoid', 'elu', 'swish']",f0f0080979b9b810360038,700,Adam,MaxAbsoluteDeviation,1.1558825969696045,2.3552236557006836,3.2278949999599718
"[23, 23, 8, 8, 15, 19, 19, 23, 11, 8, 11]","['elu', 'elu', 'swish', 'tanh', 'tanh', 'tanh', 'swish', 'elu', 'sigmoid', 'elu', 'swish']",f0f0080979b9b8f0360038,362,Adam,MaxAbsoluteDeviation,1.1558825969696045,2.8590316772460938,2.091116299969144
"[23, 23, 8, 8, 15, 19, 19, 9, 11, 8, 11]","['elu', 'elu', 'elu', 'tanh', 'tanh', 'tanh', 'swish', 'elu', 'sigmoid', 'elu', 'swish']",f0f0000979b9b810360038,362,Adam,MaxAbsoluteDeviation,1.0324668884277344,0.8945817351341248,2.0520035999943502
"[23, 23, 8, 8, 15, 19, 19, 9, 11, 8]","['elu', 'elu', 'elu', 'tanh', 'tanh', 'tanh', 'swish', 'elu', 'sigmoid', 'elu']",f0f0000979b9b8103600,362,Adam,MaxAbsoluteDeviation,1.0324668884277344,8.637602806091309,1.968276400002651
"[23, 23, 8, 8, 15, 19, 19, 9, 11, 8, 8]","['elu', 'elu', 'elu', 'tanh', 'tanh', 'tanh', 'swish', 'elu', 'sigmoid', 'elu', 'swish']",f0f0000979b9b810360008,362,Adam,MaxAbsoluteDeviation,1.0324668884277344,8.166844367980957,2.5745130999712273
"[23, 23, 8, 8, 15, 19, 19, 9, 11, 8, 8]","['elu', 'elu', 'elu', 'tanh', 'tanh', 'tanh', 'swish', 'elu', 'sigmoid', 'elu', 'swish']",f0f0000979b9b810360008,230,Adam,MaxAbsoluteDeviation,1.0324668884277344,1.806612491607666,1.653787400049623
"[23, 23, 8, 8, 15, 19, 23, 9, 11, 8, 11]","['elu', 'elu', 'elu', 'tanh', 'tanh', 'tanh', 'swish', 'elu', 'sigmoid', 'elu', 'swish']",f0f0000979b9f810360038,362,Adam,MaxAbsoluteDeviation,0.8117647767066956,0.8684158325195312,2.081795800011605
"[23, 23, 8, 8, 15, 23, 23, 9, 11, 8, 11]","['elu', 'elu', 'elu', 'tanh', 'tanh', 'tanh', 'swish', 'elu', 'sigmoid', 'elu', 'swish']",f0f0000979f9f810360038,362,Adam,MaxAbsoluteDeviation,0.8117647767066956,2.0641937255859375,2.0908460000064224
"[23, 23, 8, 8, 15, 19, 23, 9, 11, 8, 11, 14, 20]","['elu', 'elu', 'elu', 'tanh', 'tanh', 'tanh', 'swish', 'elu', 'sigmoid', 'elu', 'swish', 'swish', 'tanh']",f0f0000979b9f81036003868c9,362,Adam,MaxAbsoluteDeviation,0.8117647767066956,8.62628173828125,2.251703499990981
"[23, 8, 8, 8, 15, 19, 23, 9, 11, 8, 11]","['elu', 'elu', 'elu', 'tanh', 'sigmoid', 'tanh', 'swish', 'elu', 'sigmoid', 'elu', 'swish']",f000000976b9f810360038,362,Adam,MaxAbsoluteDeviation,0.8117647767066956,8.16485595703125,2.054502700048033
"[23, 23, 8, 8, 15, 19, 23, 9, 11, 8, 11]","['elu', 'elu', 'elu', 'tanh', 'tanh', 'tanh', 'swish', 'elu', 'sigmoid', 'elu', 'swish']",f0f0000979b9f810360038,700,Adam,MaxAbsoluteDeviation,0.8117647767066956,8.243327140808105,3.283977999992203
"[23, 23, 8, 8, 15, 19, 23, 9, 11, 8, 11]","['elu', 'elu', 'elu', 'tanh', 'tanh', 'tanh', 'swish', 'elu', 'sigmoid', 'elu', 'swish']",f0f0000979b9f810360038,362,Adam,MaxAbsoluteDeviation,1.8516029119491577,1.0921049118041992,2.069153100019321
"[23, 23, 8, 8, 15, 19, 23, 9, 11, 8]","['elu', 'elu', 'elu', 'tanh', 'tanh', 'tanh', 'swish', 'elu', 'sigmoid', 'elu']",f0f0000979b9f8103600,362,Adam,MaxAbsoluteDeviation,0.7611219882965088,1.1098401546478271,1.9634180000284687
"[23, 23, 8, 8, 15, 19, 23, 9, 11, 8]","['elu', 'elu', 'elu', 'tanh', 'tanh', 'tanh', 'swish', 'tanh', 'sigmoid', 'elu']",f0f0000979b9f8193600,152,Adam,MaxAbsoluteDeviation,0.7611219882965088,2.5256569385528564,1.306377800006885
"[23, 23, 8, 8, 15, 19, 23, 9, 11]","['elu', 'elu', 'elu', 'tanh', 'tanh', 'tanh', 'swish', 'elu', 'sigmoid']",f0f0000979b9f81036,258,Adam,MaxAbsoluteDeviation,0.7611219882965088,8.551216125488281,1.5456534000113606
"[23, 23, 8, 8, 15, 19, 23, 9, 11, 8]","['elu', 'elu', 'elu', 'tanh', 'tanh', 'tanh', 'swish', 'elu', 'sigmoid', 'elu']",f0f0000979b9f8103600,171,Adam,MaxAbsoluteDeviation,0.7611219882965088,8.690857887268066,1.3581909000058658
"[23, 23, 8, 8, 15, 8, 23, 9, 11, 8]","['elu', 'elu', 'elu', 'tanh', 'tanh', 'tanh', 'swish', 'elu', 'sigmoid', 'elu']",f0f000097909f8103600,362,Adam,MaxAbsoluteDeviation,1.1756925582885742,1.1446819305419922,1.9824120000121184
"[23, 23, 8, 8, 15, 8, 23, 9, 11, 8]","['elu', 'elu', 'elu', 'tanh', 'tanh', 'tanh', 'swish', 'elu', 'sigmoid', 'elu']",f0f000097909f8103600,362,Adam,MaxAbsoluteDeviation,1.1756925582885742,8.157106399536133,1.9778177000116557
"[23, 23, 8, 8, 15, 8, 23, 9, 11]","['elu', 'elu', 'elu', 'tanh', 'tanh', 'tanh', 'swish', 'elu', 'sigmoid']",f0f000097909f81036,362,Adam,MaxAbsoluteDeviation,1.1756925582885742,4.267661094665527,1.8967942000017501
"[23, 23, 8, 8, 15, 8, 23, 9, 11, 8]","['elu', 'elu', 'elu', 'tanh', 'tanh', 'tanh', 'swish', 'elu', 'sigmoid', 'elu']",f0f000097909f8103600,362,Adam,MaxAbsoluteDeviation,1.1756925582885742,9.165810585021973,1.977190600009635
"[8, 8, 8, 8, 15, 8, 23, 9, 11, 8]","['elu', 'elu', 'elu', 'tanh', 'tanh', 'tanh', 'swish', 'elu', 'sigmoid', 'elu']",000000097909f8103600,362,Adam,MaxAbsoluteDeviation,0.49569234251976013,0.8563766479492188,1.9522495999699458
"[8, 8, 8, 8, 15, 8, 23, 9, 11, 8]","['elu', 'elu', 'elu', 'tanh', 'tanh', 'tanh', 'swish', 'elu', 'sigmoid', 'elu']",000000097909f8103600,700,Adam,MaxAbsoluteDeviation,0.8170610070228577,1.573394775390625,3.062227600021288
"[8, 8, 8, 8, 15, 8, 23, 9, 11, 8, 21]","['elu', 'elu', 'elu', 'tanh', 'tanh', 'tanh', 'swish', 'elu', 'sigmoid', 'elu', 'swish']",000000097909f8103600d8,700,Adam,MaxAbsoluteDeviation,0.9071011543273926,1.1273746490478516,3.247375099977944
"[8, 8, 8, 8, 15, 8, 23, 9, 11, 8]","['elu', 'elu', 'elu', 'tanh', 'tanh', 'tanh', 'swish', 'elu', 'sigmoid', 'elu']",000000097909f8103600,700,Adam,MaxAbsoluteDeviation,0.7090969681739807,1.3750123977661133,3.06734269997105
"[8, 8, 8, 23, 15, 8, 23, 9, 11, 8]","['elu', 'elu', 'elu', 'tanh', 'tanh', 'tanh', 'swish', 'elu', 'sigmoid', 'elu']",000000f97909f8103600,700,Adam,MaxAbsoluteDeviation,0.6205153465270996,0.7695127725601196,3.582259199989494
"[8, 8, 8, 23, 15, 8, 23, 9, 11, 8]","['elu', 'elu', 'elu', 'tanh', 'tanh', 'tanh', 'swish', 'elu', 'sigmoid', 'elu']",000000f97909f8103600,700,Adam,MaxAbsoluteDeviation,0.6205153465270996,1.2999590635299683,3.1212269000243396
"[8, 8, 8, 23, 15, 8, 23, 9, 11, 8]","['elu', 'elu', 'elu', 'tanh', 'tanh', 'tanh', 'swish', 'elu', 'sigmoid', 'elu']",000000f97909f8103600,700,Adam,MaxAbsoluteDeviation,0.6205153465270996,6.494082450866699,3.121261799999047
"[8, 8, 8, 23, 15, 8, 23, 9, 11, 8, 9]","['swish', 'sigmoid', 'elu', 'tanh', 'tanh', 'tanh', 'swish', 'elu', 'sigmoid', 'elu', 'swish']",080600f97909f810360018,700,Adam,MaxAbsoluteDeviation,0.6390990614891052,0.8456616401672363,3.2838349000085145
"[8, 8, 8, 23, 15, 8, 23, 9, 11, 8, 9]","['swish', 'sigmoid', 'elu', 'tanh', 'tanh', 'tanh', 'swish', 'elu', 'sigmoid', 'elu', 'swish']",080600f97909f810360018,700,Adam,MaxAbsoluteDeviation,0.894798755645752,1.0079669952392578,3.229888099944219
"[8, 8, 8, 23, 15, 8, 23, 9, 11, 8, 9]","['swish', 'swish', 'elu', 'tanh', 'tanh', 'tanh', 'swish', 'elu', 'sigmoid', 'elu', 'swish']",080800f97909f810360018,700,Adam,MaxAbsoluteDeviation,0.9583589434623718,0.559173583984375,3.276356599992141
"[8, 8, 8, 23, 15, 8, 23, 9, 11, 8, 9, 21]","['swish', 'swish', 'elu', 'tanh', 'tanh', 'tanh', 'swish', 'elu', 'sigmoid', 'elu', 'swish', 'swish']",080800f97909f810360018d8,700,Adam,MaxAbsoluteDeviation,0.7068654894828796,0.868499755859375,3.427127999952063
"[8, 8, 8, 23, 15, 8, 23, 9, 11, 8, 9, 21]","['swish', 'swish', 'elu', 'tanh', 'tanh', 'tanh', 'swish', 'elu', 'sigmoid', 'elu', 'swish', 'swish']",080800f97909f810360018d8,700,Adam,MaxAbsoluteDeviation,0.9455499053001404,1.4040861129760742,3.4150789999985136
"[8, 8, 8, 23, 15, 8, 23, 9, 11, 8, 9, 21]","['swish', 'swish', 'elu', 'tanh', 'tanh', 'tanh', 'swish', 'elu', 'sigmoid', 'elu', 'swish', 'swish']",080800f97909f810360018d8,700,Adam,MaxAbsoluteDeviation,0.7028782367706299,0.6749477386474609,3.4164480000035837
"[8, 8, 8, 23, 15, 8, 23, 9, 11, 8, 9, 21, 10]","['swish', 'swish', 'elu', 'tanh', 'tanh', 'tanh', 'swish', 'elu', 'sigmoid', 'elu', 'swish', 'swish', 'sigmoid']",080800f97909f810360018d826,700,Adam,MaxAbsoluteDeviation,0.7028782367706299,8.14636516571045,3.5419995000120252
"[8, 8, 8, 23, 15, 8, 23, 9, 11, 8, 9, 21]","['swish', 'swish', 'elu', 'tanh', 'tanh', 'tanh', 'swish', 'elu', 'sigmoid', 'elu', 'swish', 'swish']",080800f97909f810360018d8,700,Adam,MaxAbsoluteDeviation,1.250055193901062,1.2357412576675415,3.931108199991286
"[8, 8, 8, 23, 15, 8, 23, 9, 11, 8, 9]","['swish', 'swish', 'elu', 'tanh', 'tanh', 'tanh', 'swish', 'elu', 'sigmoid', 'elu', 'swish']",080800f97909f810360018,700,Adam,MaxAbsoluteDeviation,1.0832077264785767,0.8959865570068359,3.303878699953202
"[8, 8, 8, 23, 15, 8, 23, 9, 11, 8, 9]","['swish', 'swish', 'elu', 'tanh', 'tanh', 'tanh', 'swish', 'elu', 'sigmoid', 'elu', 'swish']",080800f97909f810360018,700,Adam,MaxAbsoluteDeviation,0.4785526692867279,1.672418475151062,3.2911563999950886
"[8, 8, 8, 23, 15, 8, 23, 9, 11, 8, 9]","['swish', 'swish', 'elu', 'tanh', 'tanh', 'tanh', 'swish', 'elu', 'sigmoid', 'elu', 'swish']",080800f97909f810360018,205,Adam,MaxAbsoluteDeviation,0.8328518867492676,0.9859724640846252,1.604786799987778
"[8, 8, 8, 23, 15, 8, 23, 9, 11, 8, 9]","['swish', 'swish', 'elu', 'tanh', 'tanh', 'tanh', 'swish', 'elu', 'sigmoid', 'elu', 'swish']",080800f97909f810360018,121,Adam,MaxAbsoluteDeviation,0.8328518867492676,8.590147018432617,1.3245014999993145
"[8, 8, 8, 23, 15, 8, 23, 8, 11, 8, 9]","['swish', 'swish', 'elu', 'tanh', 'tanh', 'tanh', 'swish', 'elu', 'sigmoid', 'elu', 'swish']",080800f97909f800360018,205,Adam,MaxAbsoluteDeviation,1.63411545753479,1.3729535341262817,1.594110300007742
"[8, 8, 8, 23, 15, 8, 23, 8, 11, 8, 9]","['swish', 'swish', 'elu', 'tanh', 'tanh', 'tanh', 'swish', 'elu', 'sigmoid', 'elu', 'swish']",080800f97909f800360018,168,Adam,MaxAbsoluteDeviation,1.63411545753479,8.263157844543457,1.474183099984657
"[23, 8, 8, 23, 15, 8, 23, 8, 11, 8, 9]","['swish', 'swish', 'elu', 'tanh', 'tanh', 'tanh', 'swish', 'elu', 'sigmoid', 'elu', 'swish']",f80800f97909f800360018,205,Adam,MaxAbsoluteDeviation,1.63411545753479,1.2033672332763672,1.5778119000024162
"[8, 8, 8, 23, 15, 8, 23, 8, 11, 8, 9]","['swish', 'swish', 'elu', 'tanh', 'tanh', 'tanh', 'swish', 'elu', 'sigmoid', 'elu', 'swish']",080800f97909f800360018,182,Adam,MaxAbsoluteDeviation,1.63411545753479,2.0369510650634766,1.4933232999756
"[8, 8, 8, 23, 15, 8, 23, 8, 11, 8, 9, 20]","['swish', 'swish', 'elu', 'tanh', 'tanh', 'tanh', 'swish', 'elu', 'sigmoid', 'elu', 'swish', 'swish']",080800f97909f800360018c8,205,Adam,MaxAbsoluteDeviation,1.0585745573043823,2.223931312561035,2.1941598000121303
"[8, 8, 8, 23, 15, 8, 23, 8, 11, 8, 9, 20]","['swish', 'swish', 'elu', 'tanh', 'tanh', 'tanh', 'swish', 'elu', 'sigmoid', 'elu', 'swish', 'swish']",080800f97909f800360018c8,700,Adam,MaxAbsoluteDeviation,1.0585745573043823,0.8155419826507568,3.449071599985473
"[8, 8, 8, 23, 15, 8, 23, 8, 11, 8, 9, 20]","['swish', 'swish', 'elu', 'tanh', 'tanh', 'tanh', 'swish', 'elu', 'sigmoid', 'elu', 'swish', 'swish']",080800f97909f800360018c8,205,Adam,MaxAbsoluteDeviation,1.46541166305542,0.9865816235542297,1.6937379000009969
"[8, 8, 8, 23, 15, 8, 23, 8, 11, 8, 9, 20, 17]","['swish', 'swish', 'elu', 'tanh', 'tanh', 'tanh', 'swish', 'elu', 'sigmoid', 'elu', 'swish', 'swish', 'swish']",080800f97909f800360018c898,205,Adam,MaxAbsoluteDeviation,1.46541166305542,0.9491838216781616,1.7812257999903522
"[8, 8, 8, 23, 15, 8, 23, 8, 11, 8, 9, 20]","['swish', 'swish', 'elu', 'tanh', 'tanh', 'swish', 'swish', 'elu', 'sigmoid', 'elu', 'swish', 'swish']",080800f97908f800360018c8,100,Adam,MaxAbsoluteDeviation,1.8713895082473755,1.1944293975830078,1.3609746000147425
"[8, 8, 8, 23, 15, 8, 23, 8, 11, 8, 9, 20]","['swish', 'swish', 'elu', 'tanh', 'tanh', 'swish', 'swish', 'elu', 'sigmoid', 'elu', 'swish', 'swish']",080800f97908f800360018c8,700,Adam,MaxAbsoluteDeviation,1.0782766342163086,0.8432183265686035,3.4713453000294976
"[8, 8, 8, 23, 15, 8, 23, 8, 11, 8, 9, 20]","['swish', 'swish', 'elu', 'tanh', 'tanh', 'swish', 'swish', 'elu', 'sigmoid', 'elu', 'swish', 'swish']",080800f97908f800360018c8,700,Adam,MaxAbsoluteDeviation,1.3550081253051758,0.650970458984375,3.4372591999708675
"[8, 8, 8, 23, 15, 8, 23, 8, 11, 8, 9]","['swish', 'swish', 'elu', 'tanh', 'tanh', 'swish', 'swish', 'elu', 'sigmoid', 'elu', 'swish']",080800f97908f800360018,700,Adam,MaxAbsoluteDeviation,1.1054989099502563,0.8138504028320312,3.3239425999927334
"[8, 8, 8, 23, 15, 8, 23, 8, 11, 8, 9]","['swish', 'swish', 'elu', 'tanh', 'tanh', 'swish', 'swish', 'elu', 'sigmoid', 'elu', 'swish']",080800f97908f800360018,700,Adam,MaxAbsoluteDeviation,0.5443155169487,1.0531787872314453,3.323583400051575
"[8, 8, 8, 23, 15, 8, 23, 8, 11, 8, 9, 23]","['swish', 'swish', 'elu', 'tanh', 'tanh', 'swish', 'swish', 'elu', 'sigmoid', 'elu', 'swish', 'sigmoid']",080800f97908f800360018f6,700,Adam,MaxAbsoluteDeviation,0.5443155169487,8.90313720703125,3.9192204999853857
"[8, 8, 8, 23, 15, 8, 23, 8, 11, 8, 9]","['swish', 'swish', 'elu', 'tanh', 'tanh', 'swish', 'swish', 'elu', 'sigmoid', 'elu', 'swish']",080800f97908f800360018,100,Adam,MaxAbsoluteDeviation,0.5443155169487,4.3624982833862305,1.2734467000118457
"[8, 8, 8, 23, 15, 8, 23, 8, 11, 8, 9]","['swish', 'swish', 'elu', 'tanh', 'tanh', 'swish', 'swish', 'elu', 'sigmoid', 'elu', 'swish']",080800f97908f800360018,700,Adam,MaxAbsoluteDeviation,0.5443155169487,0.4890742599964142,3.332945500034839
"[8, 8, 8, 23, 15, 8, 23, 8, 11, 8, 9]","['swish', 'swish', 'elu', 'tanh', 'tanh', 'swish', 'swish', 'elu', 'sigmoid', 'elu', 'swish']",080800f97908f800360018,700,Adam,MaxAbsoluteDeviation,0.8759875297546387,1.7130136489868164,3.2661257999716327
"[8, 8, 8, 23, 15, 8, 23, 8, 11, 8, 9]","['swish', 'swish', 'elu', 'tanh', 'tanh', 'swish', 'swish', 'elu', 'swish', 'elu', 'swish']",080800f97908f800380018,700,Adam,MaxAbsoluteDeviation,1.0529084205627441,0.5234699249267578,3.347154299961403
"[8, 8, 8, 23, 15, 8, 23, 8, 11, 8, 9, 10]","['swish', 'swish', 'elu', 'tanh', 'tanh', 'swish', 'swish', 'elu', 'swish', 'elu', 'swish', 'sigmoid']",080800f97908f80038001826,700,Adam,MaxAbsoluteDeviation,1.0529084205627441,8.157317161560059,3.4668435000348836
"[8, 8, 8, 23, 15, 23, 23, 8, 11, 8, 9]","['swish', 'swish', 'elu', 'tanh', 'tanh', 'swish', 'swish', 'elu', 'swish', 'elu', 'swish']",080800f979f8f800380018,700,Adam,MaxAbsoluteDeviation,1.0529084205627441,8.332793235778809,3.3061199999647215
"[8, 8, 8, 23, 15, 8, 23, 8, 11, 8, 9, 9]","['swish', 'swish', 'elu', 'tanh', 'tanh', 'swish', 'swish', 'elu', 'swish', 'elu', 'swish', 'tanh']",080800f97908f80038001819,700,Adam,MaxAbsoluteDeviation,1.0529084205627441,8.171758651733398,3.450653100037016
"[8, 8, 8, 23, 15, 8, 23, 8, 11, 8, 9]","['swish', 'swish', 'elu', 'tanh', 'elu', 'swish', 'swish', 'elu', 'swish', 'elu', 'swish']",080800f97008f800380018,700,Adam,MaxAbsoluteDeviation,1.2087901830673218,0.37627410888671875,3.315413600008469
"[8, 23, 8, 23, 15, 8, 23, 8, 11, 8, 9]","['swish', 'swish', 'elu', 'tanh', 'elu', 'swish', 'swish', 'elu', 'swish', 'elu', 'swish']",08f800f97008f800380018,100,Adam,MaxAbsoluteDeviation,1.042036771774292,1.393754005432129,1.2726304999669082
"[8, 23, 8, 23, 15, 8, 23, 8, 11, 8, 9]","['swish', 'swish', 'elu', 'tanh', 'elu', 'swish', 'swish', 'elu', 'swish', 'elu', 'swish']",08f800f97008f800380018,100,Adam,MaxAbsoluteDeviation,0.7032029628753662,0.5569911003112793,1.2868863999610767
"[8, 23, 8, 23, 15, 8, 23, 8, 23, 8, 9]","['swish', 'swish', 'elu', 'tanh', 'elu', 'swish', 'swish', 'elu', 'swish', 'elu', 'swish']",08f800f97008f800f80018,100,Adam,MaxAbsoluteDeviation,0.7032029628753662,13.072042465209961,1.2836640999885276
"[8, 23, 8, 23, 15, 8, 23, 8, 11, 8, 9]","['swish', 'swish', 'elu', 'tanh', 'elu', 'swish', 'swish', 'elu', 'swish', 'elu', 'swish']",08f800f97008f800380018,100,Adam,MaxAbsoluteDeviation,0.7032029628753662,2.9331912994384766,1.290043799963314
"[8, 23, 8, 23, 15, 8, 23, 8, 11, 8]","['swish', 'swish', 'elu', 'tanh', 'elu', 'swish', 'swish', 'elu', 'swish', 'elu']",08f800f97008f8003800,100,Adam,MaxAbsoluteDeviation,0.7032029628753662,1.6418057680130005,1.2152522999676876
"[8, 23, 8, 23, 15, 8, 23, 8, 23, 8, 9, 9]","['swish', 'swish', 'elu', 'tanh', 'elu', 'swish', 'swish', 'elu', 'swish', 'elu', 'swish', 'tanh']",08f800f97008f800f8001819,100,Adam,MaxAbsoluteDeviation,0.7032029628753662,8.58281135559082,1.3571962999994867
"[8, 23, 8, 23, 15, 8, 23, 8, 11, 8, 9]","['swish', 'swish', 'elu', 'tanh', 'elu', 'swish', 'swish', 'elu', 'swish', 'elu', 'swish']",08f800f97008f800380018,700,Adam,MaxAbsoluteDeviation,0.5646825432777405,0.6216282844543457,3.326914500037674
"[8, 23, 8, 23, 15, 8, 23, 8, 11, 8, 9]","['swish', 'swish', 'elu', 'tanh', 'elu', 'swish', 'swish', 'elu', 'swish', 'elu', 'swish']",08f800f97008f800380018,700,Adam,MaxAbsoluteDeviation,0.7176109552383423,1.677668571472168,3.279251399973873
"[8, 23, 8, 8, 15, 8, 23, 8, 11, 8, 9]","['swish', 'swish', 'elu', 'tanh', 'elu', 'swish', 'swish', 'elu', 'swish', 'elu', 'swish']",08f800097008f800380018,700,Adam,MaxAbsoluteDeviation,0.31615975499153137,0.28364741802215576,3.339059800026007
"[8, 23, 8, 8, 15, 8, 23, 8, 11, 8, 9]","['swish', 'swish', 'elu', 'tanh', 'elu', 'swish', 'swish', 'elu', 'swish', 'elu', 'swish']",08f800097008f800380018,162,Adam,MaxAbsoluteDeviation,0.31615975499153137,2.603156089782715,1.4753812000271864
"[8, 23, 8, 8, 15, 8, 23, 8, 11, 8, 9]","['swish', 'swish', 'elu', 'tanh', 'elu', 'swish', 'swish', 'elu', 'swish', 'elu', 'swish']",08f800097008f800380018,700,Adam,MaxAbsoluteDeviation,1.1436735391616821,1.202850341796875,3.8409746999968775
"[8, 23, 8, 8, 15, 8, 23, 8, 11, 8, 9]","['swish', 'swish', 'elu', 'tanh', 'elu', 'swish', 'swish', 'elu', 'swish', 'elu', 'swish']",08f800097008f800380018,307,Adam,MaxAbsoluteDeviation,1.2267285585403442,1.634302020072937,1.9752184000099078
"[8, 23, 8, 23, 15, 8, 23, 8, 11, 8, 9]","['swish', 'swish', 'elu', 'tanh', 'elu', 'swish', 'swish', 'elu', 'swish', 'elu', 'swish']",08f800f97008f800380018,307,Adam,MaxAbsoluteDeviation,2.683030366897583,1.626855731010437,1.9608991999994032
"[8, 23, 8, 23, 15, 8, 23, 8, 11, 8, 9]","['swish', 'swish', 'elu', 'tanh', 'elu', 'swish', 'swish', 'elu', 'swish', 'elu', 'swish']",08f800f97008f800380018,100,Adam,MaxAbsoluteDeviation,0.8437751531600952,2.297490119934082,1.292140300036408
"[8, 8, 8, 23, 23, 8, 23, 8, 11, 8, 9]","['swish', 'swish', 'elu', 'tanh', 'elu', 'swish', 'swish', 'elu', 'swish', 'elu', 'swish']",080800f9f008f800380018,100,Adam,MaxAbsoluteDeviation,1.287126898765564,0.7705154418945312,1.2896833999548107
"[8, 8, 8, 23, 23, 8, 23, 8, 11, 8, 9]","['swish', 'swish', 'elu', 'tanh', 'elu', 'swish', 'swish', 'elu', 'swish', 'elu', 'swish']",080800f9f008f800380018,700,Adam,MaxAbsoluteDeviation,0.40275755524635315,0.911865234375,3.319477499986533
"[8, 8, 8, 23, 23, 8, 23, 8, 11, 8, 9]","['swish', 'swish', 'elu', 'tanh', 'elu', 'swish', 'swish', 'elu', 'swish', 'elu', 'swish']",080800f9f008f800380018,700,Adam,MaxAbsoluteDeviation,0.19773757457733154,0.1635589599609375,3.3168462999747135
"[8, 8, 8, 23, 23, 8, 23, 8, 11, 8, 8]","['swish', 'swish', 'elu', 'tanh', 'elu', 'swish', 'swish', 'elu', 'swish', 'elu', 'swish']",080800f9f008f800380008,700,Adam,MaxAbsoluteDeviation,0.4323895275592804,0.4605865478515625,3.3124781000078656
"[8, 8, 8, 23, 23, 8, 23, 8, 11, 8, 8, 21]","['swish', 'swish', 'elu', 'tanh', 'elu', 'swish', 'swish', 'elu', 'swish', 'elu', 'swish', 'elu']",080800f9f008f800380008d0,700,Adam,MaxAbsoluteDeviation,0.4323895275592804,0.8363475799560547,3.425580099981744
"[8, 8, 8, 23, 23, 8, 23, 8, 11, 8, 8, 10]","['swish', 'swish', 'tanh', 'tanh', 'elu', 'swish', 'swish', 'elu', 'swish', 'elu', 'swish', 'elu']",080809f9f008f80038000820,700,Adam,MaxAbsoluteDeviation,0.4323895275592804,1.2225589752197266,3.983815699990373
"[8, 8, 8, 23, 23, 8, 23, 8, 11, 8, 8, 13]","['swish', 'swish', 'elu', 'tanh', 'elu', 'swish', 'swish', 'elu', 'swish', 'elu', 'swish', 'swish']",080800f9f008f80038000858,700,Adam,MaxAbsoluteDeviation,0.7057212591171265,1.480749249458313,3.472452300018631
"[8, 8, 8, 23, 23, 23, 23, 8, 11, 8, 8, 13]","['swish', 'swish', 'elu', 'tanh', 'elu', 'swish', 'swish', 'elu', 'swish', 'elu', 'swish', 'swish']",080800f9f0f8f80038000858,700,Adam,MaxAbsoluteDeviation,0.6785559058189392,0.6554007530212402,3.4880048000486568
"[8, 8, 8, 23, 23, 23, 23, 8, 11, 8, 8, 13, 10]","['swish', 'swish', 'elu', 'tanh', 'elu', 'swish', 'swish', 'elu', 'swish', 'elu', 'swish', 'swish', 'elu']",080800f9f0f8f8003800085820,700,Adam,MaxAbsoluteDeviation,0.6785559058189392,0.6323509216308594,3.603177599958144
"[8, 8, 8, 23, 23, 23, 23, 8, 11, 8, 8, 8]","['swish', 'swish', 'elu', 'tanh', 'elu', 'swish', 'swish', 'elu', 'swish', 'elu', 'swish', 'swish']",080800f9f0f8f80038000808,700,Adam,MaxAbsoluteDeviation,0.4691343605518341,0.5138435363769531,3.4121115999878384
"[8, 8, 8, 23, 23, 23, 23, 8, 11, 8, 8, 8]","['swish', 'swish', 'elu', 'tanh', 'elu', 'swish', 'swish', 'elu', 'swish', 'elu', 'swish', 'swish']",080800f9f0f8f80038000808,700,Adam,MaxAbsoluteDeviation,0.774822473526001,0.4284353256225586,3.459359999978915
"[8, 8, 8, 23, 23, 23, 23, 8, 11, 8, 23, 8]","['swish', 'swish', 'elu', 'tanh', 'elu', 'swish', 'swish', 'elu', 'swish', 'elu', 'swish', 'swish']",080800f9f0f8f8003800f808,700,Adam,MaxAbsoluteDeviation,1.047015905380249,0.7102499604225159,3.466670899942983
"[8, 8, 8, 23, 23, 23, 23, 8, 11, 8, 23, 8]","['swish', 'swish', 'elu', 'tanh', 'elu', 'swish', 'swish', 'elu', 'elu', 'elu', 'swish', 'swish']",080800f9f0f8f8003000f808,700,Adam,MaxAbsoluteDeviation,0.6385757923126221,0.9023990631103516,3.4662646999931894
"[8, 8, 8, 23, 23, 23, 23, 8, 11, 8, 23]","['swish', 'swish', 'elu', 'tanh', 'elu', 'swish', 'swish', 'elu', 'elu', 'elu', 'swish']",080800f9f0f8f8003000f8,700,Adam,MaxAbsoluteDeviation,0.3457385301589966,0.22403037548065186,3.343015299993567
"[8, 8, 8, 23, 23, 23, 23, 8, 11, 8, 23]","['tanh', 'swish', 'elu', 'tanh', 'elu', 'swish', 'swish', 'elu', 'elu', 'elu', 'swish']",090800f9f0f8f8003000f8,700,Adam,MaxAbsoluteDeviation,0.3457385301589966,0.9781990051269531,3.264479100005701
"[8, 8, 8, 23, 23, 23, 23, 8, 8, 8, 23]","['swish', 'swish', 'elu', 'tanh', 'elu', 'swish', 'swish', 'elu', 'elu', 'elu', 'swish']",080800f9f0f8f8000000f8,700,Adam,MaxAbsoluteDeviation,1.421336054801941,0.8041164875030518,3.8910241999546997
"[8, 8, 8, 23, 23, 23, 23, 8, 8, 8, 23, 22]","['swish', 'swish', 'elu', 'tanh', 'elu', 'swish', 'swish', 'elu', 'elu', 'elu', 'swish', 'sigmoid']",080800f9f0f8f8000000f8e6,700,Adam,MaxAbsoluteDeviation,1.421336054801941,8.76161003112793,3.4570029999595135
"[8, 8, 8, 23, 23, 23, 23, 8, 8, 8]","['swish', 'swish', 'elu', 'tanh', 'elu', 'swish', 'swish', 'elu', 'elu', 'elu']",080800f9f0f8f8000000,100,Adam,MaxAbsoluteDeviation,1.421336054801941,3.6453428268432617,1.1818281000014395
"[8, 8, 8, 23, 23, 23, 23, 23, 8, 8, 23]","['swish', 'swish', 'elu', 'tanh', 'elu', 'swish', 'swish', 'elu', 'elu', 'elu', 'swish']",080800f9f0f8f8f00000f8,700,Adam,MaxAbsoluteDeviation,0.7961816191673279,1.665136456489563,3.372424500004854
"[8, 8, 8, 23, 23, 23, 23, 23, 8, 8, 23]","['swish', 'swish', 'elu', 'tanh', 'elu', 'swish', 'swish', 'elu', 'elu', 'elu', 'swish']",080800f9f0f8f8f00000f8,700,Adam,MaxAbsoluteDeviation,0.7961816191673279,0.48344290256500244,3.3356157999951392
"[8, 8, 8, 23, 23, 23, 23, 23, 8, 8, 23]","['swish', 'swish', 'elu', 'tanh', 'elu', 'swish', 'swish', 'elu', 'elu', 'elu', 'swish']",080800f9f0f8f8f00000f8,700,Adam,MaxAbsoluteDeviation,1.0955801010131836,0.6472568511962891,3.3175587000441737
"[8, 8, 8, 23, 23, 23, 23, 23, 8, 8, 23]","['swish', 'swish', 'elu', 'tanh', 'elu', 'swish', 'swish', 'elu', 'elu', 'elu', 'swish']",080800f9f0f8f8f00000f8,700,Adam,MaxAbsoluteDeviation,0.32049134373664856,0.6798229217529297,3.32856879994506
"[8, 8, 8, 23, 23, 8, 23, 23, 8, 8, 23]","['swish', 'swish', 'elu', 'tanh', 'elu', 'swish', 'swish', 'elu', 'elu', 'elu', 'swish']",080800f9f008f8f00000f8,700,Adam,MaxAbsoluteDeviation,0.32049134373664856,0.5612850189208984,3.304340700036846
"[8, 8, 8, 23, 23, 23, 23, 23, 8, 8, 23]","['swish', 'swish', 'elu', 'tanh', 'elu', 'swish', 'swish', 'elu', 'elu', 'elu', 'swish']",080800f9f0f8f8f00000f8,700,Adam,MaxAbsoluteDeviation,0.32049134373664856,2.660449743270874,3.3095560999936424
"[8, 8, 8, 23, 23, 23, 23, 23, 8, 8, 23]","['swish', 'swish', 'elu', 'tanh', 'elu', 'swish', 'swish', 'elu', 'elu', 'elu', 'swish']",080800f9f0f8f8f00000f8,700,Adam,MaxAbsoluteDeviation,0.5197791457176208,0.8065128326416016,3.3083809999516234
"[8, 8, 8, 23, 23, 23, 23, 23, 8, 8, 23]","['swish', 'swish', 'elu', 'tanh', 'elu', 'swish', 'swish', 'elu', 'elu', 'elu', 'tanh']",080800f9f0f8f8f00000f9,700,Adam,MaxAbsoluteDeviation,0.5197791457176208,8.372210502624512,3.7938243999960832
"[8, 8, 8, 23, 23, 23, 23, 23, 8, 8, 23, 19]","['swish', 'swish', 'elu', 'tanh', 'elu', 'swish', 'swish', 'elu', 'elu', 'elu', 'swish', 'tanh']",080800f9f0f8f8f00000f8b9,700,Adam,MaxAbsoluteDeviation,0.5197791457176208,8.581585884094238,3.4591857999912463
"[8, 8, 8, 23, 23, 23, 23, 23, 8, 8]","['swish', 'swish', 'elu', 'tanh', 'elu', 'swish', 'swish', 'elu', 'elu', 'elu']",080800f9f0f8f8f00000,700,Adam,MaxAbsoluteDeviation,0.7373512387275696,0.6096954345703125,3.2227461999864317
"[8, 8, 8, 23, 23, 23, 23, 23, 8, 23]","['swish', 'swish', 'elu', 'tanh', 'elu', 'swish', 'swish', 'elu', 'elu', 'elu']",080800f9f0f8f8f000f0,700,Adam,MaxAbsoluteDeviation,0.7302508354187012,0.5681610107421875,3.179191700008232
"[8, 8, 8, 23, 23, 23, 23, 23, 8, 23]","['swish', 'swish', 'elu', 'tanh', 'elu', 'swish', 'swish', 'elu', 'elu', 'elu']",080800f9f0f8f8f000f0,700,Adam,MaxAbsoluteDeviation,0.8062880039215088,2.3627796173095703,3.170553200005088
"[8, 8, 8, 23, 23, 23, 23, 23, 8, 23]","['swish', 'swish', 'elu', 'tanh', 'elu', 'swish', 'swish', 'elu', 'elu', 'elu']",080800f9f0f8f8f000f0,700,Adam,MaxAbsoluteDeviation,0.3202013373374939,0.3904266357421875,3.2156856000074185
"[8, 8, 8, 23, 23, 23, 23, 23, 8, 23]","['swish', 'swish', 'elu', 'tanh', 'elu', 'swish', 'swish', 'elu', 'elu', 'elu']",080800f9f0f8f8f000f0,700,Adam,MaxAbsoluteDeviation,0.3882502019405365,0.4802882671356201,3.1810472999932244
"[8, 8, 8, 23, 23, 23, 23, 23, 8, 23]","['swish', 'swish', 'elu', 'tanh', 'elu', 'swish', 'swish', 'elu', 'elu', 'elu']",080800f9f0f8f8f000f0,700,Adam,MaxAbsoluteDeviation,0.3882502019405365,0.3825538158416748,3.196580699994229
"[8, 8, 8, 23, 23, 23, 23, 23, 8, 23]","['swish', 'swish', 'elu', 'tanh', 'elu', 'swish', 'swish', 'elu', 'elu', 'elu']",080800f9f0f8f8f000f0,133,Adam,MaxAbsoluteDeviation,0.3882502019405365,3.6663818359375,1.2866506000282243
"[8, 8, 8, 23, 23, 23, 23, 23, 8, 23, 21]","['swish', 'swish', 'elu', 'tanh', 'elu', 'swish', 'swish', 'elu', 'elu', 'elu', 'sigmoid']",080800f9f0f8f8f000f0d6,700,Adam,MaxAbsoluteDeviation,0.3882502019405365,8.720840454101562,3.2753520000260323
"[8, 8, 8, 23, 23, 23, 23, 23, 8, 23]","['swish', 'swish', 'elu', 'swish', 'elu', 'swish', 'swish', 'elu', 'elu', 'elu']",080800f8f0f8f8f000f0,700,Adam,MaxAbsoluteDeviation,0.6788292527198792,1.171142578125,3.2329315000097267
"[8, 8, 8, 23, 23, 23, 23, 23, 8, 23]","['swish', 'swish', 'elu', 'swish', 'elu', 'swish', 'swish', 'elu', 'elu', 'elu']",080800f8f0f8f8f000f0,700,Adam,MaxAbsoluteDeviation,0.40464112162590027,0.8359642028808594,3.785983000008855
"[8, 8, 8, 23, 23, 8, 23, 23, 8, 23]","['swish', 'swish', 'elu', 'swish', 'elu', 'swish', 'swish', 'elu', 'elu', 'elu']",080800f8f008f8f000f0,700,Adam,MaxAbsoluteDeviation,0.40464112162590027,1.2967089414596558,3.253339400049299
"[8, 8, 8, 23, 23, 23, 23, 23, 8, 23]","['swish', 'swish', 'elu', 'swish', 'elu', 'swish', 'swish', 'elu', 'elu', 'elu']",080800f8f0f8f8f000f0,700,Adam,MaxAbsoluteDeviation,0.40464112162590027,0.4970121383666992,3.2358510000049137
"[8, 8, 8, 23, 23, 23, 23, 23, 8, 23]","['swish', 'swish', 'elu', 'swish', 'elu', 'swish', 'swish', 'elu', 'elu', 'elu']",080800f8f0f8f8f000f0,356,Adam,MaxAbsoluteDeviation,0.40464112162590027,2.626236915588379,2.0130871000001207
"[8, 8, 8, 8, 23, 23, 23, 23, 8, 23]","['swish', 'swish', 'elu', 'swish', 'elu', 'swish', 'swish', 'elu', 'elu', 'elu']",08080008f0f8f8f000f0,700,Adam,MaxAbsoluteDeviation,1.0277289152145386,1.2887362241744995,3.233949500019662
"[8, 8, 8, 8, 23, 23, 23, 23, 8, 23]","['swish', 'swish', 'elu', 'swish', 'elu', 'swish', 'swish', 'elu', 'elu', 'elu']",08080008f0f8f8f000f0,700,Adam,MaxAbsoluteDeviation,0.9538810849189758,1.5554639101028442,3.223232400021516
"[8, 8, 8, 8, 23, 23, 23, 23, 8, 23]","['swish', 'swish', 'elu', 'swish', 'elu', 'swish', 'swish', 'elu', 'elu', 'elu']",08080008f0f8f8f000f0,175,Adam,MaxAbsoluteDeviation,1.2476203441619873,2.4005680084228516,1.4411409000167623
"[8, 8, 8, 8, 23, 23, 23, 23, 8, 23]","['swish', 'swish', 'elu', 'swish', 'elu', 'swish', 'swish', 'tanh', 'elu', 'elu']",08080008f0f8f8f900f0,100,Adam,MaxAbsoluteDeviation,1.4594857692718506,2.407748222351074,1.2046676999889314
"[8, 8, 8, 8, 23, 23, 23, 23, 8, 23]","['swish', 'swish', 'elu', 'swish', 'elu', 'swish', 'swish', 'tanh', 'elu', 'elu']",08080008f0f8f8f900f0,700,Adam,MaxAbsoluteDeviation,0.5307517647743225,1.3347129821777344,3.215175100020133
"[8, 8, 8, 8, 23, 23, 23, 23, 8, 23]","['swish', 'swish', 'elu', 'swish', 'elu', 'swish', 'swish', 'tanh', 'elu', 'elu']",08080008f0f8f8f900f0,700,Adam,MaxAbsoluteDeviation,0.852357804775238,0.7215499877929688,3.2368485999759287
"[8, 8, 8, 8, 23, 23, 23, 23, 8, 8]","['swish', 'swish', 'elu', 'swish', 'elu', 'swish', 'swish', 'tanh', 'elu', 'elu']",08080008f0f8f8f90000,700,Adam,MaxAbsoluteDeviation,0.852357804775238,0.4590902328491211,3.7672535000019707
"[8, 8, 8, 8, 23, 23, 8, 23, 8, 23]","['swish', 'swish', 'elu', 'swish', 'elu', 'swish', 'swish', 'tanh', 'elu', 'elu']",08080008f0f808f900f0,700,Adam,MaxAbsoluteDeviation,0.7087839245796204,1.495269775390625,3.2318391000153497
"[8, 8, 8, 8, 23, 23, 8, 23, 8, 23]","['swish', 'swish', 'elu', 'swish', 'elu', 'swish', 'swish', 'tanh', 'elu', 'elu']",08080008f0f808f900f0,700,Adam,MaxAbsoluteDeviation,1.1057902574539185,1.2004528045654297,3.2472986000357196
"[8, 23, 8, 8, 23, 23, 8, 23, 8, 23]","['swish', 'swish', 'elu', 'swish', 'elu', 'swish', 'swish', 'tanh', 'elu', 'elu']",08f80008f0f808f900f0,700,Adam,MaxAbsoluteDeviation,0.6184536814689636,0.6761512756347656,3.2384142000228167
"[8, 23, 8, 8, 23, 23, 8, 23, 8, 23]","['swish', 'swish', 'elu', 'swish', 'elu', 'swish', 'swish', 'sigmoid', 'elu', 'elu']",08f80008f0f808f600f0,700,Adam,MaxAbsoluteDeviation,0.7009789943695068,1.1066036224365234,3.208796099992469
"[8, 23, 8, 8, 23, 23, 8, 23, 8, 23, 11]","['swish', 'swish', 'elu', 'swish', 'elu', 'swish', 'swish', 'sigmoid', 'elu', 'elu', 'elu']",08f80008f0f808f600f030,700,Adam,MaxAbsoluteDeviation,0.8504313826560974,0.7226181030273438,3.310533599986229
"[8, 23, 8, 8, 23, 23, 8, 23, 8, 23, 11]","['swish', 'swish', 'elu', 'swish', 'elu', 'swish', 'swish', 'sigmoid', 'elu', 'elu', 'elu']",08f80008f0f808f600f030,700,Adam,MaxAbsoluteDeviation,1.081892728805542,1.1710541248321533,3.3460185999865644
"[8, 23, 8, 8, 23, 23, 8, 23, 8, 23, 11]","['swish', 'tanh', 'elu', 'swish', 'elu', 'swish', 'swish', 'sigmoid', 'elu', 'elu', 'elu']",08f90008f0f808f600f030,700,Adam,MaxAbsoluteDeviation,0.5500905513763428,0.3343830108642578,3.315695199999027
"[8, 23, 8, 8, 23, 23, 8, 23, 8, 23, 11]","['swish', 'tanh', 'elu', 'swish', 'elu', 'swish', 'swish', 'sigmoid', 'elu', 'elu', 'elu']",08f90008f0f808f600f030,100,Adam,MaxAbsoluteDeviation,0.5500905513763428,2.661433219909668,1.250331399962306
"[8, 23, 8, 8, 23, 23, 8, 23, 8, 23, 23]","['swish', 'tanh', 'elu', 'swish', 'elu', 'swish', 'swish', 'sigmoid', 'sigmoid', 'elu', 'elu']",08f90008f0f808f606f0f0,700,Adam,MaxAbsoluteDeviation,0.9669959545135498,1.6672838926315308,3.2929311000043526
"[8, 23, 8, 8, 23, 23, 8, 23, 8, 23, 23]","['swish', 'tanh', 'elu', 'swish', 'elu', 'swish', 'swish', 'sigmoid', 'sigmoid', 'elu', 'elu']",08f90008f0f808f606f0f0,575,Adam,MaxAbsoluteDeviation,0.9669959545135498,8.457467079162598,2.835633600014262
"[8, 23, 8, 8, 23, 23, 8, 23, 8, 23, 23, 14]","['swish', 'tanh', 'elu', 'swish', 'elu', 'swish', 'swish', 'sigmoid', 'sigmoid', 'elu', 'elu', 'tanh']",08f90008f0f808f606f0f069,700,Adam,MaxAbsoluteDeviation,0.9669959545135498,8.708346366882324,3.393778499972541
"[8, 23, 8, 8, 23, 23, 8, 23, 8, 23]","['swish', 'tanh', 'elu', 'sigmoid', 'elu', 'swish', 'swish', 'sigmoid', 'sigmoid', 'elu']",08f90006f0f808f606f0,600,Adam,MaxAbsoluteDeviation,0.46940720081329346,0.5869884490966797,2.813116799981799
"[8, 23, 23, 8, 23, 23, 8, 23, 8, 23]","['swish', 'tanh', 'elu', 'sigmoid', 'elu', 'swish', 'swish', 'sigmoid', 'sigmoid', 'elu']",08f9f006f0f808f606f0,600,Adam,MaxAbsoluteDeviation,0.46940720081329346,6.709194183349609,2.8122151999850757
"[8, 23, 8, 8, 23, 23, 8, 23, 8, 23, 16]","['swish', 'tanh', 'elu', 'sigmoid', 'elu', 'swish', 'swish', 'sigmoid', 'sigmoid', 'elu', 'tanh']",08f90006f0f808f606f089,600,Adam,MaxAbsoluteDeviation,0.46940720081329346,8.970917701721191,2.957795599999372
"[8, 23, 8, 8, 23, 23, 8, 23, 8]","['swish', 'tanh', 'elu', 'sigmoid', 'elu', 'swish', 'swish', 'sigmoid', 'sigmoid']",08f90006f0f808f606,240,Adam,MaxAbsoluteDeviation,0.46940720081329346,3.9445743560791016,1.5470723999897018
"[8, 23, 8, 8, 23, 23, 8, 23, 8, 23]","['swish', 'tanh', 'elu', 'sigmoid', 'elu', 'swish', 'swish', 'sigmoid', 'sigmoid', 'elu']",08f90006f0f808f606f0,700,Adam,MaxAbsoluteDeviation,0.3683961033821106,0.8869743347167969,3.187507299997378
"[8, 23, 8, 8, 23, 23, 8, 23, 8]","['swish', 'tanh', 'elu', 'sigmoid', 'elu', 'swish', 'swish', 'sigmoid', 'sigmoid']",08f90006f0f808f606,700,Adam,MaxAbsoluteDeviation,0.875400722026825,0.4605674743652344,3.0601397000136785
"[8, 23, 8, 8, 23, 23, 8, 23, 8, 13]","['swish', 'tanh', 'elu', 'sigmoid', 'elu', 'swish', 'swish', 'sigmoid', 'sigmoid', 'elu']",08f90006f0f808f60650,700,Adam,MaxAbsoluteDeviation,0.875400722026825,8.191465377807617,3.1237073000520468
"[8, 23, 8, 8, 23, 23, 8, 23, 8]","['swish', 'tanh', 'elu', 'sigmoid', 'elu', 'swish', 'swish', 'sigmoid', 'sigmoid']",08f90006f0f808f606,700,Adam,MaxAbsoluteDeviation,1.786169171333313,2.0308103561401367,3.0615385999553837
"[8, 23, 8, 8, 23, 23, 8, 23, 8, 14]","['swish', 'tanh', 'elu', 'sigmoid', 'elu', 'swish', 'swish', 'sigmoid', 'sigmoid', 'swish']",08f90006f0f808f60668,700,Adam,MaxAbsoluteDeviation,0.6807344555854797,0.43089282512664795,3.174723799980711
"[8, 23, 8, 8, 23, 23, 8, 23, 8, 14, 12]","['swish', 'tanh', 'elu', 'sigmoid', 'elu', 'swish', 'swish', 'sigmoid', 'sigmoid', 'swish', 'elu']",08f90006f0f808f6066840,700,Adam,MaxAbsoluteDeviation,0.6844752430915833,0.5192775726318359,3.886510900047142
"[8, 23, 8, 8, 23, 23, 8, 23, 8, 14, 12]","['swish', 'tanh', 'elu', 'sigmoid', 'elu', 'swish', 'swish', 'sigmoid', 'sigmoid', 'swish', 'elu']",08f90006f0f808f6066840,435,Adam,MaxAbsoluteDeviation,0.8147907853126526,0.9556456208229065,2.375640799989924
"[8, 23, 8, 8, 23, 23, 8, 23, 8, 14, 12]","['swish', 'tanh', 'elu', 'sigmoid', 'elu', 'swish', 'swish', 'sigmoid', 'sigmoid', 'swish', 'elu']",08f90006f0f808f6066840,435,Adam,MaxAbsoluteDeviation,1.5077041387557983,1.2939414978027344,2.3417616999940947
"[8, 23, 23, 8, 23, 23, 8, 23, 8, 14, 12]","['swish', 'tanh', 'elu', 'sigmoid', 'elu', 'swish', 'swish', 'sigmoid', 'sigmoid', 'swish', 'elu']",08f9f006f0f808f6066840,435,Adam,MaxAbsoluteDeviation,0.7208000421524048,0.49184226989746094,2.3742415999877267
"[8, 23, 23, 8, 23, 23, 8, 23, 8, 14, 12]","['swish', 'tanh', 'elu', 'sigmoid', 'elu', 'swish', 'swish', 'sigmoid', 'sigmoid', 'swish', 'elu']",08f9f006f0f808f6066840,700,Adam,MaxAbsoluteDeviation,0.8123795390129089,1.512420654296875,3.3535640999907628
"[8, 23, 23, 8, 23, 23, 8, 23, 8, 14, 12, 23]","['swish', 'tanh', 'elu', 'sigmoid', 'elu', 'swish', 'swish', 'sigmoid', 'sigmoid', 'swish', 'elu', 'sigmoid']",08f9f006f0f808f6066840f6,700,Adam,MaxAbsoluteDeviation,0.8123795390129089,8.278533935546875,3.3984276999835856
"[8, 23, 23, 8, 23, 23, 8, 23, 8, 14, 12]","['swish', 'elu', 'elu', 'sigmoid', 'elu', 'swish', 'swish', 'sigmoid', 'sigmoid', 'swish', 'elu']",08f0f006f0f808f6066840,700,Adam,MaxAbsoluteDeviation,0.5664861798286438,0.5242347717285156,3.2696558000170626
"[8, 23, 23, 8, 23, 23, 23, 23, 8, 14, 12]","['swish', 'elu', 'elu', 'sigmoid', 'elu', 'swish', 'swish', 'sigmoid', 'sigmoid', 'swish', 'elu']",08f0f006f0f8f8f6066840,700,Adam,MaxAbsoluteDeviation,0.5664861798286438,8.694920539855957,3.3031862000352703
"[8, 23, 23, 8, 23, 23, 8, 8, 8, 14, 12, 8]","['swish', 'elu', 'elu', 'sigmoid', 'elu', 'swish', 'swish', 'sigmoid', 'sigmoid', 'swish', 'elu', 'tanh']",08f0f006f0f8080606684009,700,Adam,MaxAbsoluteDeviation,0.5664861798286438,8.675095558166504,3.3519463000120595
"[8, 23, 23, 8, 23, 23, 8, 23, 8, 14, 12]","['swish', 'elu', 'elu', 'sigmoid', 'elu', 'swish', 'swish', 'sigmoid', 'sigmoid', 'swish', 'elu']",08f0f006f0f808f6066840,700,Adam,MaxAbsoluteDeviation,0.5041251182556152,0.7898568511009216,3.3085645000101067
"[8, 23, 23, 8, 23, 23, 8, 23, 8, 14, 12]","['swish', 'elu', 'elu', 'sigmoid', 'elu', 'swish', 'swish', 'sigmoid', 'sigmoid', 'swish', 'elu']",08f0f006f0f808f6066840,700,Adam,MaxAbsoluteDeviation,0.6441667675971985,0.8872938752174377,3.2911809000070207
"[8, 23, 23, 8, 23, 23, 8, 23, 8, 14, 12]","['swish', 'elu', 'elu', 'sigmoid', 'elu', 'swish', 'swish', 'sigmoid', 'sigmoid', 'swish', 'elu']",08f0f006f0f808f6066840,700,Adam,MaxAbsoluteDeviation,0.6441667675971985,1.0953350067138672,3.9105449999915436
"[8, 23, 23, 8, 23, 23, 8, 23, 8, 14]","['swish', 'elu', 'elu', 'sigmoid', 'elu', 'swish', 'swish', 'sigmoid', 'sigmoid', 'swish']",08f0f006f0f808f60668,700,Adam,MaxAbsoluteDeviation,0.6441667675971985,8.542405128479004,3.2065520999603905
"[8, 23, 23, 23, 23, 23, 8, 23, 8, 14, 23]","['swish', 'elu', 'elu', 'sigmoid', 'elu', 'swish', 'swish', 'sigmoid', 'sigmoid', 'swish', 'elu']",08f0f0f6f0f808f60668f0,700,Adam,MaxAbsoluteDeviation,0.5767865180969238,0.8297600746154785,3.3111259000143036
"[8, 23, 23, 23, 23, 23, 8, 23, 8, 14, 23]","['swish', 'elu', 'elu', 'sigmoid', 'elu', 'swish', 'swish', 'sigmoid', 'sigmoid', 'swish', 'elu']",08f0f0f6f0f808f60668f0,434,Adam,MaxAbsoluteDeviation,0.6709349751472473,0.8894882202148438,2.3561122000101022
"[8, 23, 23, 23, 23, 23, 8, 23, 8, 14, 23]","['swish', 'elu', 'elu', 'sigmoid', 'elu', 'swish', 'swish', 'sigmoid', 'sigmoid', 'swish', 'elu']",08f0f0f6f0f808f60668f0,700,Adam,MaxAbsoluteDeviation,0.6709349751472473,1.0659456253051758,3.3435990000143647
"[8, 23, 23, 23, 23, 23, 8, 23, 8, 14, 23, 15]","['swish', 'elu', 'elu', 'sigmoid', 'elu', 'swish', 'swish', 'sigmoid', 'sigmoid', 'swish', 'elu', 'swish']",08f0f0f6f0f808f60668f078,434,Adam,MaxAbsoluteDeviation,0.6709349751472473,8.145020484924316,2.488162299967371
"[8, 23, 23, 23, 23, 23, 8, 23, 8, 14]","['tanh', 'elu', 'elu', 'sigmoid', 'elu', 'swish', 'swish', 'sigmoid', 'sigmoid', 'swish']",09f0f0f6f0f808f60668,434,Adam,MaxAbsoluteDeviation,0.6709349751472473,0.9899740815162659,2.2559922999935225
"[8, 23, 23, 23, 23, 23, 8, 23, 8, 14, 23]","['swish', 'elu', 'elu', 'sigmoid', 'elu', 'swish', 'swish', 'sigmoid', 'sigmoid', 'swish', 'elu']",08f0f0f6f0f808f60668f0,434,Adam,MaxAbsoluteDeviation,0.6709349751472473,0.8078716993331909,2.370909599994775
"[8, 23, 23, 23, 23, 23, 8, 23, 8, 14, 23]","['swish', 'elu', 'elu', 'sigmoid', 'elu', 'swish', 'swish', 'sigmoid', 'sigmoid', 'swish', 'elu']",08f0f0f6f0f808f60668f0,700,Adam,MaxAbsoluteDeviation,0.9714362621307373,1.649937629699707,3.2799603999592364
"[8, 23, 23, 23, 23, 23, 23, 23, 8, 14, 23]","['swish', 'elu', 'elu', 'sigmoid', 'elu', 'swish', 'swish', 'sigmoid', 'sigmoid', 'swish', 'elu']",08f0f0f6f0f8f8f60668f0,700,Adam,MaxAbsoluteDeviation,0.9714362621307373,5.076894760131836,3.336823599995114
"[8, 23, 23, 23, 23, 23, 8, 23, 23, 14, 23]","['swish', 'elu', 'elu', 'sigmoid', 'elu', 'swish', 'swish', 'sigmoid', 'sigmoid', 'swish', 'elu']",08f0f0f6f0f808f6f668f0,700,Adam,MaxAbsoluteDeviation,1.8566700220108032,1.8075731992721558,3.7946127000031993
"[8, 23, 23, 23, 23, 23, 8, 23, 23, 14, 23]","['swish', 'elu', 'elu', 'sigmoid', 'elu', 'swish', 'swish', 'sigmoid', 'sigmoid', 'swish', 'elu']",08f0f0f6f0f808f6f668f0,700,Adam,MaxAbsoluteDeviation,1.0402945280075073,0.9429940581321716,3.3142378999618813
"[8, 23, 23, 23, 23, 23, 8, 23, 23, 14, 23]","['swish', 'elu', 'elu', 'sigmoid', 'elu', 'swish', 'swish', 'sigmoid', 'sigmoid', 'swish', 'elu']",08f0f0f6f0f808f6f668f0,700,Adam,MaxAbsoluteDeviation,0.7266935706138611,0.5641880035400391,3.3328081000363454
"[8, 23, 23, 23, 23, 23, 8, 23, 23, 14]","['swish', 'elu', 'elu', 'sigmoid', 'elu', 'swish', 'swish', 'sigmoid', 'sigmoid', 'swish']",08f0f0f6f0f808f6f668,700,Adam,MaxAbsoluteDeviation,0.7266935706138611,0.506554365158081,3.21441810001852
"[8, 23, 23, 23, 23, 23, 8, 23, 23, 14]","['swish', 'elu', 'elu', 'sigmoid', 'elu', 'swish', 'swish', 'sigmoid', 'sigmoid', 'swish']",08f0f0f6f0f808f6f668,700,Adam,MaxAbsoluteDeviation,1.4978344440460205,1.337549090385437,3.2448233999894
"[8, 23, 23, 23, 23, 23, 8, 23, 23, 14, 11]","['swish', 'elu', 'elu', 'sigmoid', 'elu', 'swish', 'swish', 'sigmoid', 'sigmoid', 'swish', 'swish']",08f0f0f6f0f808f6f66838,700,Adam,MaxAbsoluteDeviation,1.3428337574005127,0.5835189819335938,3.355840399977751
"[8, 23, 23, 23, 23, 23, 8, 23, 8, 14, 11]","['swish', 'elu', 'elu', 'sigmoid', 'elu', 'swish', 'swish', 'sigmoid', 'sigmoid', 'swish', 'swish']",08f0f0f6f0f808f6066838,700,Adam,MaxAbsoluteDeviation,0.653343677520752,0.5559368133544922,3.3361971999984235
"[8, 23, 23, 23, 23, 23, 8, 23, 8, 14, 11, 11]","['swish', 'elu', 'elu', 'sigmoid', 'elu', 'swish', 'swish', 'sigmoid', 'sigmoid', 'swish', 'swish', 'swish']",08f0f0f6f0f808f606683838,700,Adam,MaxAbsoluteDeviation,0.6536638140678406,0.8063248991966248,3.458988700003829
"[8, 23, 23, 23, 23, 23, 8, 23, 8, 14, 11, 11, 10]","['swish', 'elu', 'elu', 'sigmoid', 'elu', 'swish', 'swish', 'sigmoid', 'sigmoid', 'swish', 'swish', 'swish', 'sigmoid']",08f0f0f6f0f808f60668383826,700,Adam,MaxAbsoluteDeviation,0.6536638140678406,8.224930763244629,3.5456634999718517
"[8, 23, 8, 23, 23, 23, 8, 23, 8, 14, 11, 11]","['swish', 'elu', 'elu', 'sigmoid', 'elu', 'swish', 'swish', 'sigmoid', 'sigmoid', 'swish', 'swish', 'swish']",08f000f6f0f808f606683838,700,Adam,MaxAbsoluteDeviation,0.7495779395103455,1.246774673461914,3.4332406000467017
"[8, 8, 8, 23, 23, 23, 8, 23, 8, 14, 11, 11]","['swish', 'elu', 'elu', 'sigmoid', 'elu', 'swish', 'swish', 'sigmoid', 'sigmoid', 'swish', 'swish', 'swish']",080000f6f0f808f606683838,700,Adam,MaxAbsoluteDeviation,0.665291428565979,0.26455366611480713,4.024700100009795
"[8, 8, 8, 23, 23, 23, 8, 23, 8, 14, 11, 11]","['swish', 'elu', 'elu', 'sigmoid', 'elu', 'swish', 'swish', 'sigmoid', 'sigmoid', 'swish', 'swish', 'swish']",080000f6f0f808f606683838,296,Adam,MaxAbsoluteDeviation,0.8557949662208557,1.0157928466796875,2.008642799977679
"[8, 8, 8, 23, 23, 23, 8, 23, 8, 14, 11, 11]","['swish', 'elu', 'elu', 'sigmoid', 'elu', 'swish', 'swish', 'sigmoid', 'sigmoid', 'swish', 'swish', 'swish']",080000f6f0f808f606683838,193,Adam,MaxAbsoluteDeviation,1.6106534004211426,2.250436782836914,1.657590100017842
"[8, 8, 8, 23, 23, 23, 8, 8, 8, 14, 11, 11]","['swish', 'elu', 'elu', 'sigmoid', 'elu', 'swish', 'swish', 'swish', 'sigmoid', 'swish', 'swish', 'swish']",080000f6f0f8080806683838,106,Adam,MaxAbsoluteDeviation,1.6106534004211426,1.7494510412216187,1.3938806999940425
"[8, 8, 8, 23, 23, 23, 8, 23, 8, 14, 11]","['swish', 'elu', 'elu', 'sigmoid', 'elu', 'swish', 'swish', 'sigmoid', 'sigmoid', 'swish', 'swish']",080000f6f0f808f6066838,193,Adam,MaxAbsoluteDeviation,0.7536700367927551,0.6565756797790527,1.577502700034529
"[8, 8, 8, 23, 23, 23, 8, 23, 8, 14, 8]","['swish', 'elu', 'elu', 'sigmoid', 'elu', 'swish', 'swish', 'sigmoid', 'sigmoid', 'swish', 'swish']",080000f6f0f808f6066808,193,Adam,MaxAbsoluteDeviation,0.7536700367927551,5.077493667602539,1.5745182000100613
"[8, 8, 8, 23, 23, 23, 8, 23, 8, 14, 11]","['swish', 'elu', 'elu', 'sigmoid', 'elu', 'swish', 'swish', 'sigmoid', 'sigmoid', 'swish', 'swish']",080000f6f0f808f6066838,700,Adam,MaxAbsoluteDeviation,0.7536700367927551,8.588838577270508,3.3385489999782294
"[8, 8, 8, 23, 23, 23, 8, 23, 8, 14, 11]","['swish', 'elu', 'elu', 'sigmoid', 'elu', 'swish', 'swish', 'sigmoid', 'sigmoid', 'tanh', 'swish']",080000f6f0f808f6066938,193,Adam,MaxAbsoluteDeviation,0.8337372541427612,1.1720237731933594,1.559430799970869
"[8, 8, 8, 23, 23, 23, 8, 22, 8, 14, 11]","['swish', 'elu', 'elu', 'sigmoid', 'elu', 'swish', 'swish', 'sigmoid', 'sigmoid', 'tanh', 'swish']",080000f6f0f808e6066938,700,Adam,MaxAbsoluteDeviation,1.1800031661987305,0.9274907112121582,3.3031216000090353
"[8, 8, 8, 23, 23, 23, 8, 22, 8, 14, 11]","['swish', 'elu', 'elu', 'sigmoid', 'elu', 'swish', 'swish', 'sigmoid', 'swish', 'tanh', 'swish']",080000f6f0f808e6086938,700,Adam,MaxAbsoluteDeviation,1.0148578882217407,1.477911114692688,3.271034499979578
"[8, 8, 8, 23, 23, 23, 8, 22, 8, 14, 23]","['swish', 'elu', 'elu', 'sigmoid', 'elu', 'swish', 'swish', 'sigmoid', 'swish', 'tanh', 'swish']",080000f6f0f808e60869f8,700,Adam,MaxAbsoluteDeviation,0.6679998636245728,0.7522591948509216,3.9403117000474595
"[8, 8, 8, 23, 23, 23, 8, 22, 8, 14, 23]","['swish', 'elu', 'elu', 'sigmoid', 'elu', 'swish', 'swish', 'sigmoid', 'swish', 'tanh', 'swish']",080000f6f0f808e60869f8,700,Adam,MaxAbsoluteDeviation,0.6679998636245728,8.772831916809082,3.3658295000204816
"[8, 8, 8, 23, 23, 23, 8, 22, 8, 14, 23]","['swish', 'elu', 'elu', 'sigmoid', 'elu', 'swish', 'swish', 'sigmoid', 'swish', 'tanh', 'swish']",080000f6f0f808e60869f8,440,Adam,MaxAbsoluteDeviation,0.6679998636245728,1.5599908828735352,2.411778600013349
"[8, 8, 8, 23, 23, 23, 8, 22, 8, 14, 23, 17]","['swish', 'elu', 'elu', 'sigmoid', 'elu', 'swish', 'swish', 'sigmoid', 'swish', 'tanh', 'swish', 'elu']",080000f6f0f808e60869f890,700,Adam,MaxAbsoluteDeviation,0.6679998636245728,1.2290458679199219,3.4646788999671116
"[8, 8, 8, 23, 23, 23, 8, 22, 8, 14, 23]","['swish', 'elu', 'elu', 'sigmoid', 'elu', 'swish', 'swish', 'sigmoid', 'swish', 'tanh', 'swish']",080000f6f0f808e60869f8,487,Adam,MaxAbsoluteDeviation,0.6869677901268005,0.6807613372802734,2.561178200005088
"[8, 8, 23, 23, 23, 23, 8, 22, 8, 14, 23]","['swish', 'elu', 'elu', 'sigmoid', 'elu', 'swish', 'swish', 'sigmoid', 'swish', 'tanh', 'swish']",0800f0f6f0f808e60869f8,487,Adam,MaxAbsoluteDeviation,0.4561879634857178,0.3273465633392334,2.5855211999733
"[8, 8, 23, 23, 23, 23, 8, 22, 8, 14, 23]","['swish', 'elu', 'elu', 'sigmoid', 'elu', 'swish', 'swish', 'sigmoid', 'swish', 'tanh', 'swish']",0800f0f6f0f808e60869f8,280,Adam,MaxAbsoluteDeviation,0.4561879634857178,8.705044746398926,1.8669917000224814
"[8, 8, 23, 23, 23, 23, 8, 22, 8, 14, 23]","['swish', 'elu', 'elu', 'sigmoid', 'elu', 'swish', 'swish', 'sigmoid', 'swish', 'tanh', 'swish']",0800f0f6f0f808e60869f8,487,Adam,MaxAbsoluteDeviation,0.4561879634857178,0.7116622924804688,2.587332100025378
"[8, 8, 23, 23, 23, 23, 8, 22, 8, 14, 23]","['swish', 'elu', 'elu', 'sigmoid', 'elu', 'swish', 'swish', 'sigmoid', 'swish', 'tanh', 'swish']",0800f0f6f0f808e60869f8,127,Adam,MaxAbsoluteDeviation,0.4561879634857178,7.578424453735352,1.3557662999955937
"[8, 8, 23, 23, 23, 23, 8, 22, 8, 14, 23, 12]","['swish', 'elu', 'elu', 'sigmoid', 'elu', 'swish', 'swish', 'sigmoid', 'swish', 'tanh', 'swish', 'swish']",0800f0f6f0f808e60869f848,487,Adam,MaxAbsoluteDeviation,0.4561879634857178,1.4653997421264648,2.665535300038755
"[8, 8, 23, 23, 23, 23, 8, 22, 8, 14, 8]","['swish', 'elu', 'elu', 'sigmoid', 'elu', 'swish', 'swish', 'sigmoid', 'swish', 'tanh', 'swish']",0800f0f6f0f808e6086908,487,Adam,MaxAbsoluteDeviation,0.7646702527999878,0.8208694458007812,2.5377363999723457
"[8, 8, 23, 23, 23, 23, 8, 22, 8, 14, 8]","['swish', 'elu', 'elu', 'sigmoid', 'elu', 'swish', 'swish', 'sigmoid', 'swish', 'tanh', 'swish']",0800f0f6f0f808e6086908,487,Adam,MaxAbsoluteDeviation,0.5299220085144043,0.7245829105377197,3.146481700008735
"[8, 8, 23, 23, 23, 8, 8, 22, 8, 14, 8]","['swish', 'elu', 'elu', 'sigmoid', 'elu', 'swish', 'swish', 'sigmoid', 'swish', 'tanh', 'swish']",0800f0f6f00808e6086908,487,Adam,MaxAbsoluteDeviation,0.5299220085144043,0.998141348361969,2.5283081000088714
"[8, 8, 23, 23, 23, 23, 8, 22, 8, 14, 8, 18, 16]","['swish', 'elu', 'elu', 'sigmoid', 'elu', 'swish', 'swish', 'sigmoid', 'swish', 'tanh', 'swish', 'sigmoid', 'elu']",0800f0f6f0f808e6086908a680,487,Adam,MaxAbsoluteDeviation,0.5436244010925293,0.7999229431152344,2.763183899980504
"[8, 8, 23, 23, 23, 23, 8, 22, 8, 14, 8, 18, 16, 19]","['swish', 'elu', 'elu', 'sigmoid', 'elu', 'swish', 'swish', 'sigmoid', 'swish', 'tanh', 'swish', 'sigmoid', 'elu', 'sigmoid']",0800f0f6f0f808e6086908a680b6,487,Adam,MaxAbsoluteDeviation,0.5436244010925293,8.657073020935059,2.8674837999860756
"[8, 8, 23, 23, 23, 23, 8, 22, 8, 14, 8, 18, 8]","['swish', 'sigmoid', 'elu', 'sigmoid', 'elu', 'swish', 'swish', 'sigmoid', 'swish', 'tanh', 'swish', 'sigmoid', 'elu']",0806f0f6f0f808e6086908a600,451,Adam,MaxAbsoluteDeviation,0.5436244010925293,0.33178475499153137,2.645602400007192
"[8, 8, 23, 23, 23, 23, 8, 22, 8, 14, 8, 18, 16]","['swish', 'elu', 'swish', 'sigmoid', 'elu', 'swish', 'swish', 'sigmoid', 'swish', 'tanh', 'swish', 'sigmoid', 'elu']",0800f8f6f0f808e6086908a680,487,Adam,MaxAbsoluteDeviation,0.5436244010925293,1.2141633033752441,2.7958092000335455
"[8, 8, 23, 23, 23, 23, 8, 22, 8, 14, 8, 18, 16, 17]","['swish', 'elu', 'elu', 'sigmoid', 'elu', 'swish', 'swish', 'sigmoid', 'swish', 'tanh', 'swish', 'sigmoid', 'elu', 'elu']",0800f0f6f0f808e6086908a68090,138,Adam,MaxAbsoluteDeviation,0.5436244010925293,4.631361484527588,1.6174304999876767
"[8, 8, 23, 23, 23, 23, 8, 22, 8, 14, 8, 18, 16, 13]","['swish', 'elu', 'elu', 'sigmoid', 'elu', 'swish', 'swish', 'sigmoid', 'swish', 'tanh', 'swish', 'sigmoid', 'elu', 'sigmoid']",0800f0f6f0f808e6086908a68056,351,Adam,MaxAbsoluteDeviation,0.5436244010925293,8.604113578796387,2.3728923000162467
"[8, 8, 23, 23, 23, 23, 8, 22, 8, 14, 8, 18, 16]","['swish', 'elu', 'elu', 'sigmoid', 'elu', 'swish', 'swish', 'sigmoid', 'swish', 'tanh', 'swish', 'sigmoid', 'elu']",0800f0f6f0f808e6086908a680,487,Adam,MaxAbsoluteDeviation,0.5436244010925293,8.180514335632324,2.7654204000136815
"[8, 8, 23, 23, 23, 23, 8, 22, 8, 14, 8, 18, 16]","['swish', 'elu', 'elu', 'swish', 'elu', 'swish', 'swish', 'sigmoid', 'swish', 'tanh', 'swish', 'sigmoid', 'elu']",0800f0f8f0f808e6086908a680,487,Adam,MaxAbsoluteDeviation,0.5436244010925293,8.26504898071289,3.336136099998839
"[8, 8, 23, 23, 23, 23, 8, 22, 8, 14, 8, 18, 16, 11]","['swish', 'elu', 'elu', 'sigmoid', 'elu', 'swish', 'swish', 'sigmoid', 'swish', 'tanh', 'swish', 'sigmoid', 'elu', 'elu']",0800f0f6f0f808e6086908a68030,487,Adam,MaxAbsoluteDeviation,0.5436244010925293,1.0556786060333252,2.862967499997467
"[8, 8, 23, 23, 23, 23, 8, 22, 8, 14, 8, 18, 16]","['swish', 'elu', 'elu', 'sigmoid', 'elu', 'swish', 'swish', 'sigmoid', 'swish', 'tanh', 'swish', 'sigmoid', 'elu']",0800f0f6f0f808e6086908a680,146,Adam,MaxAbsoluteDeviation,0.5436244010925293,1.1061620712280273,1.5671879000146873
"[8, 8, 23, 23, 23, 23, 8, 22, 8, 14, 8, 18, 16]","['swish', 'elu', 'elu', 'sigmoid', 'elu', 'swish', 'swish', 'sigmoid', 'swish', 'tanh', 'swish', 'sigmoid', 'elu']",0800f0f6f0f808e6086908a680,100,Adam,MaxAbsoluteDeviation,0.5436244010925293,2.8495142459869385,1.4165569000178948
"[8, 8, 23, 23, 23, 23, 8, 22, 8, 14, 8, 18]","['swish', 'elu', 'elu', 'sigmoid', 'elu', 'swish', 'swish', 'sigmoid', 'swish', 'tanh', 'swish', 'sigmoid']",0800f0f6f0f808e6086908a6,487,Adam,MaxAbsoluteDeviation,0.5436244010925293,8.546886444091797,2.6637242999859154
"[8, 8, 23, 23, 23, 23, 8, 22, 8, 14, 8, 18, 16]","['swish', 'elu', 'elu', 'sigmoid', 'elu', 'swish', 'swish', 'sigmoid', 'swish', 'tanh', 'swish', 'sigmoid', 'elu']",0800f0f6f0f808e6086908a680,700,Adam,MaxAbsoluteDeviation,0.5436244010925293,8.604735374450684,3.5106608999776654
"[8, 8, 23, 23, 23, 23, 8, 22, 8, 14, 8, 18]","['swish', 'elu', 'elu', 'sigmoid', 'elu', 'swish', 'swish', 'sigmoid', 'swish', 'tanh', 'swish', 'sigmoid']",0800f0f6f0f808e6086908a6,487,Adam,MaxAbsoluteDeviation,0.5436244010925293,8.570657730102539,2.65339039999526
"[8, 8, 23, 23, 23, 23, 8, 22, 8, 14, 8, 18, 16]","['swish', 'elu', 'elu', 'sigmoid', 'elu', 'swish', 'swish', 'sigmoid', 'swish', 'tanh', 'swish', 'sigmoid', 'elu']",0800f0f6f0f808e6086908a680,226,Adam,MaxAbsoluteDeviation,0.5436244010925293,8.527291297912598,1.8354730000137351
"[8, 8, 23, 23, 23, 23, 8, 22, 8, 14, 8, 18, 16, 16]","['swish', 'elu', 'elu', 'sigmoid', 'elu', 'swish', 'swish', 'sigmoid', 'swish', 'tanh', 'swish', 'sigmoid', 'elu', 'swish']",0800f0f6f0f808e6086908a68088,487,Adam,MaxAbsoluteDeviation,0.8357094526290894,1.6674308776855469,2.8812877000309527
"[8, 8, 23, 23, 23, 23, 8, 22, 8, 14, 8, 18, 16, 16]","['swish', 'elu', 'elu', 'sigmoid', 'elu', 'swish', 'swish', 'sigmoid', 'swish', 'tanh', 'swish', 'sigmoid', 'elu', 'swish']",0800f0f6f0f808e6086908a68088,384,Adam,MaxAbsoluteDeviation,0.811320960521698,0.7211694121360779,2.4914549000095576
"[8, 8, 23, 23, 23, 23, 8, 22, 8, 14, 8, 18, 16, 16]","['swish', 'elu', 'elu', 'sigmoid', 'elu', 'swish', 'swish', 'sigmoid', 'swish', 'tanh', 'swish', 'sigmoid', 'elu', 'swish']",0800f0f6f0f808e6086908a68088,700,Adam,MaxAbsoluteDeviation,0.811320960521698,8.886430740356445,4.302781600039452
"[8, 8, 23, 23, 23, 23, 8, 22, 8, 14, 8, 18, 16, 16]","['swish', 'elu', 'elu', 'sigmoid', 'elu', 'swish', 'swish', 'sigmoid', 'swish', 'tanh', 'swish', 'sigmoid', 'elu', 'swish']",0800f0f6f0f808e6086908a68088,384,Adam,MaxAbsoluteDeviation,0.9631665945053101,2.4737186431884766,2.5189328999840654
"[8, 8, 23, 23, 23, 23, 8, 22, 8, 14, 8, 18, 16, 16]","['swish', 'elu', 'elu', 'sigmoid', 'elu', 'swish', 'swish', 'sigmoid', 'swish', 'tanh', 'swish', 'sigmoid', 'elu', 'swish']",0800f0f6f0f808e6086908a68088,275,Adam,MaxAbsoluteDeviation,0.9631665945053101,2.2240123748779297,2.1273770999978296
"[8, 8, 23, 23, 23, 23, 8, 22, 8, 14, 8, 18, 16]","['swish', 'elu', 'elu', 'sigmoid', 'elu', 'swish', 'swish', 'sigmoid', 'swish', 'tanh', 'swish', 'sigmoid', 'elu']",0800f0f6f0f808e6086908a680,384,Adam,MaxAbsoluteDeviation,0.9631665945053101,8.218870162963867,2.379060900013428
"[8, 8, 23, 23, 23, 23, 8, 22, 8, 14, 8, 18, 16, 16]","['swish', 'elu', 'elu', 'sigmoid', 'elu', 'swish', 'swish', 'sigmoid', 'swish', 'tanh', 'swish', 'sigmoid', 'elu', 'swish']",0800f0f6f0f808e6086908a68088,700,Adam,MaxAbsoluteDeviation,0.9493665099143982,1.0435218811035156,3.6699890000163577
"[8, 8, 23, 23, 23, 23, 8, 22, 8, 14, 8, 18, 16, 16]","['swish', 'elu', 'elu', 'sigmoid', 'elu', 'swish', 'swish', 'sigmoid', 'swish', 'tanh', 'swish', 'sigmoid', 'elu', 'swish']",0800f0f6f0f808e6086908a68088,215,Adam,MaxAbsoluteDeviation,1.0326356887817383,1.5201932191848755,1.8870641000103205
"[8, 8, 23, 23, 23, 23, 8, 22, 8, 14, 8, 18, 16, 16]","['swish', 'elu', 'elu', 'sigmoid', 'elu', 'swish', 'swish', 'sigmoid', 'swish', 'tanh', 'swish', 'sigmoid', 'elu', 'swish']",0800f0f6f0f808e6086908a68088,215,Adam,MaxAbsoluteDeviation,1.0326356887817383,0.7458794116973877,1.9057996000046842
"[8, 8, 23, 23, 23, 23, 8, 22, 8, 14, 8, 18, 16, 16]","['swish', 'elu', 'elu', 'sigmoid', 'elu', 'swish', 'swish', 'sigmoid', 'swish', 'tanh', 'swish', 'sigmoid', 'sigmoid', 'swish']",0800f0f6f0f808e6086908a68688,215,Adam,MaxAbsoluteDeviation,1.0326356887817383,8.76727294921875,1.8652091000112705
"[8, 8, 23, 23, 23, 23, 8, 22, 8, 14, 8, 18, 16, 16]","['swish', 'elu', 'elu', 'sigmoid', 'elu', 'swish', 'swish', 'sigmoid', 'swish', 'tanh', 'swish', 'sigmoid', 'elu', 'swish']",0800f0f6f0f808e6086908a68088,700,Adam,MaxAbsoluteDeviation,1.0326356887817383,8.296416282653809,3.652775400027167
"[8, 23, 23, 23, 23, 23, 8, 22, 8, 14, 8, 18, 16, 16]","['swish', 'elu', 'elu', 'sigmoid', 'elu', 'swish', 'swish', 'sigmoid', 'swish', 'tanh', 'swish', 'sigmoid', 'elu', 'swish']",08f0f0f6f0f808e6086908a68088,215,Adam,MaxAbsoluteDeviation,1.0326356887817383,0.6828807592391968,2.4985612999880686
"[8, 8, 23, 23, 23, 23, 8, 22, 8, 14, 8, 18, 16]","['swish', 'elu', 'elu', 'sigmoid', 'elu', 'swish', 'swish', 'sigmoid', 'swish', 'tanh', 'swish', 'sigmoid', 'elu']",0800f0f6f0f808e6086908a680,215,Adam,MaxAbsoluteDeviation,1.0326356887817383,1.9897985458374023,1.804693199985195
"[8, 8, 23, 23, 23, 23, 8, 22, 8, 14, 8, 18, 16]","['swish', 'elu', 'elu', 'sigmoid', 'elu', 'swish', 'swish', 'sigmoid', 'swish', 'tanh', 'swish', 'sigmoid', 'elu']",0800f0f6f0f808e6086908a680,215,Adam,MaxAbsoluteDeviation,1.0326356887817383,2.0578060150146484,1.8135705000022426
"[8, 23, 23, 23, 23, 23, 8, 22, 8, 14, 8, 18, 16, 16]","['swish', 'elu', 'elu', 'sigmoid', 'tanh', 'swish', 'swish', 'sigmoid', 'swish', 'tanh', 'swish', 'sigmoid', 'elu', 'swish']",08f0f0f6f9f808e6086908a68088,215,Adam,MaxAbsoluteDeviation,1.0326356887817383,1.494238018989563,1.915962400031276
"[8, 8, 23, 23, 23, 23, 8, 22, 8, 14, 8, 18, 16, 16]","['swish', 'elu', 'elu', 'sigmoid', 'elu', 'swish', 'swish', 'sigmoid', 'swish', 'tanh', 'swish', 'sigmoid', 'elu', 'swish']",0800f0f6f0f808e6086908a68088,100,Adam,MaxAbsoluteDeviation,1.0326356887817383,1.4672975540161133,1.5001369999954477
"[8, 8, 23, 23, 23, 23, 8, 22, 8, 14, 8, 18, 16, 16]","['swish', 'elu', 'elu', 'sigmoid', 'elu', 'swish', 'swish', 'sigmoid', 'swish', 'tanh', 'swish', 'sigmoid', 'elu', 'swish']",0800f0f6f0f808e6086908a68088,700,Adam,MaxAbsoluteDeviation,1.0326356887817383,8.261116027832031,3.6567039999645203
"[23, 8, 23, 23, 23, 23, 8, 22, 8, 14, 8, 18, 16, 16]","['swish', 'elu', 'elu', 'sigmoid', 'elu', 'swish', 'swish', 'sigmoid', 'swish', 'tanh', 'swish', 'sigmoid', 'elu', 'swish']",f800f0f6f0f808e6086908a68088,127,Adam,MaxAbsoluteDeviation,1.0326356887817383,8.706343650817871,1.5882974999840371
"[8, 8, 23, 23, 23, 23, 8, 22, 8, 14, 8, 18, 16, 16]","['swish', 'elu', 'elu', 'sigmoid', 'elu', 'swish', 'swish', 'sigmoid', 'swish', 'tanh', 'swish', 'sigmoid', 'elu', 'swish']",0800f0f6f0f808e6086908a68088,215,Adam,MaxAbsoluteDeviation,1.0664597749710083,1.4406338930130005,1.877152599976398
"[8, 8, 23, 23, 23, 23, 8, 22, 8, 14, 8, 18, 16]","['swish', 'elu', 'elu', 'sigmoid', 'elu', 'swish', 'swish', 'sigmoid', 'swish', 'tanh', 'swish', 'sigmoid', 'elu']",0800f0f6f0f808e6086908a680,215,Adam,MaxAbsoluteDeviation,1.0664597749710083,5.743725776672363,1.7706298000412062
"[8, 8, 23, 23, 23, 23, 8, 22, 8, 14, 8, 18, 16, 16]","['swish', 'elu', 'sigmoid', 'sigmoid', 'elu', 'swish', 'swish', 'sigmoid', 'swish', 'tanh', 'swish', 'sigmoid', 'elu', 'swish']",0800f6f6f0f808e6086908a68088,215,Adam,MaxAbsoluteDeviation,1.0664597749710083,2.2542316913604736,1.862893100013025
"[8, 8, 23, 23, 23, 23, 8, 22, 8, 14, 8, 18, 16, 16]","['swish', 'elu', 'elu', 'sigmoid', 'elu', 'swish', 'tanh', 'sigmoid', 'swish', 'tanh', 'swish', 'sigmoid', 'elu', 'swish']",0800f0f6f0f809e6086908a68088,700,Adam,MaxAbsoluteDeviation,1.0664597749710083,8.298283576965332,4.297423999989405
"[8, 8, 23, 23, 23, 23, 8, 22, 8, 14, 8, 18, 16, 16]","['tanh', 'elu', 'elu', 'sigmoid', 'elu', 'swish', 'swish', 'sigmoid', 'swish', 'tanh', 'swish', 'sigmoid', 'elu', 'swish']",0900f0f6f0f808e6086908a68088,215,Adam,MaxAbsoluteDeviation,1.0664597749710083,1.8497076034545898,1.8761312999995425
"[8, 8, 23, 23, 23, 23, 8, 22, 8, 14, 8, 18, 16, 8]","['swish', 'elu', 'elu', 'sigmoid', 'elu', 'swish', 'swish', 'sigmoid', 'swish', 'tanh', 'swish', 'sigmoid', 'elu', 'swish']",0800f0f6f0f808e6086908a68008,215,Adam,MaxAbsoluteDeviation,1.0664597749710083,1.4691163301467896,1.8975917999632657
"[8, 8, 23, 23, 23, 23, 8, 22, 8, 23, 8, 18, 16, 16]","['swish', 'elu', 'elu', 'sigmoid', 'elu', 'swish', 'swish', 'sigmoid', 'swish', 'tanh', 'swish', 'sigmoid', 'elu', 'swish']",0800f0f6f0f808e608f908a68088,215,Adam,MaxAbsoluteDeviation,1.0664597749710083,1.132852554321289,1.9085516999475658
"[8, 8, 23, 23, 23, 23, 8, 22, 8, 14, 8, 18, 16, 16]","['swish', 'elu', 'elu', 'sigmoid', 'elu', 'swish', 'swish', 'sigmoid', 'swish', 'tanh', 'swish', 'sigmoid', 'elu', 'swish']",0800f0f6f0f808e6086908a68088,700,Adam,MaxAbsoluteDeviation,1.0664597749710083,0.9543618559837341,3.719509400019888
"[8, 8, 23, 23, 23, 23, 8, 22, 8, 14, 8, 18, 16, 16, 20]","['swish', 'elu', 'elu', 'sigmoid', 'elu', 'swish', 'swish', 'sigmoid', 'swish', 'tanh', 'swish', 'sigmoid', 'elu', 'swish', 'tanh']",0800f0f6f0f808e6086908a68088c9,215,Adam,MaxAbsoluteDeviation,1.0664597749710083,8.630858421325684,1.968614500015974
"[8, 8, 23, 23, 23, 23, 8, 22, 8, 14, 8, 18, 16, 16]","['swish', 'elu', 'elu', 'sigmoid', 'elu', 'swish', 'swish', 'sigmoid', 'swish', 'tanh', 'swish', 'sigmoid', 'elu', 'swish']",0800f0f6f0f808e6086908a68088,215,Adam,MaxAbsoluteDeviation,1.0664597749710083,1.0670233964920044,1.892563399975188
"[8, 8, 23, 23, 23, 23, 8, 22, 8, 14, 8, 18, 16, 16]","['swish', 'elu', 'swish', 'sigmoid', 'elu', 'swish', 'swish', 'sigmoid', 'swish', 'tanh', 'swish', 'sigmoid', 'elu', 'swish']",0800f8f6f0f808e6086908a68088,215,Adam,MaxAbsoluteDeviation,1.1244134902954102,0.7887554168701172,1.9247775000403635
"[8, 8, 23, 23, 23, 23, 23, 22, 8, 14, 8, 18, 16, 16]","['swish', 'elu', 'swish', 'sigmoid', 'elu', 'swish', 'swish', 'sigmoid', 'swish', 'tanh', 'swish', 'sigmoid', 'elu', 'swish']",0800f8f6f0f8f8e6086908a68088,700,Adam,MaxAbsoluteDeviation,0.6440275311470032,0.4707374572753906,3.6777261000243016
"[8, 8, 23, 23, 23, 23, 23, 22, 8, 14, 8, 18, 16]","['swish', 'elu', 'swish', 'sigmoid', 'elu', 'swish', 'swish', 'sigmoid', 'swish', 'tanh', 'swish', 'sigmoid', 'elu']",0800f8f6f0f8f8e6086908a680,700,Adam,MaxAbsoluteDeviation,0.7324342131614685,0.9246807098388672,4.215916900022421
"[8, 8, 23, 23, 23, 23, 23, 22, 8, 14, 8, 18, 16]","['swish', 'elu', 'elu', 'sigmoid', 'elu', 'swish', 'swish', 'sigmoid', 'swish', 'tanh', 'swish', 'sigmoid', 'elu']",0800f0f6f0f8f8e6086908a680,700,Adam,MaxAbsoluteDeviation,0.7324342131614685,8.29847526550293,3.5749863000237383
"[8, 8, 23, 23, 23, 23, 23, 22, 8, 14, 8, 18, 16, 13]","['swish', 'elu', 'swish', 'sigmoid', 'elu', 'swish', 'swish', 'sigmoid', 'swish', 'tanh', 'swish', 'sigmoid', 'elu', 'tanh']",0800f8f6f0f8f8e6086908a68059,700,Adam,MaxAbsoluteDeviation,0.7324342131614685,8.793045997619629,3.7062107999809086
"[8, 23, 23, 23, 23, 23, 23, 22, 8, 14, 8, 18]","['swish', 'elu', 'swish', 'sigmoid', 'elu', 'swish', 'swish', 'elu', 'swish', 'tanh', 'swish', 'sigmoid']",08f0f8f6f0f8f8e0086908a6,202,Adam,MaxAbsoluteDeviation,0.7324342131614685,8.78857135772705,1.699221100017894
"[8, 8, 23, 23, 23, 23, 23, 22, 8, 14, 8, 18, 16]","['swish', 'elu', 'swish', 'sigmoid', 'elu', 'swish', 'swish', 'sigmoid', 'swish', 'tanh', 'swish', 'sigmoid', 'elu']",0800f8f6f0f8f8e6086908a680,700,Adam,MaxAbsoluteDeviation,0.7324342131614685,6.462668418884277,3.6039146999828517
"[8, 8, 23, 23, 23, 23, 23, 22, 8, 14, 8, 18, 16]","['swish', 'elu', 'swish', 'sigmoid', 'elu', 'swish', 'swish', 'sigmoid', 'swish', 'tanh', 'swish', 'sigmoid', 'elu']",0800f8f6f0f8f8e6086908a680,100,Adam,MaxAbsoluteDeviation,0.7324342131614685,8.328140258789062,1.4298969999654219
"[8, 8, 23, 23, 23, 23, 23, 22, 8, 14, 8, 18]","['swish', 'elu', 'swish', 'sigmoid', 'elu', 'swish', 'swish', 'sigmoid', 'swish', 'tanh', 'swish', 'sigmoid']",0800f8f6f0f8f8e6086908a6,700,Adam,MaxAbsoluteDeviation,0.7324342131614685,8.275924682617188,3.4755376999964938
"[8, 8, 23, 23, 23, 23, 23, 22, 8, 14, 8, 18]","['swish', 'elu', 'swish', 'sigmoid', 'elu', 'swish', 'swish', 'sigmoid', 'swish', 'tanh', 'swish', 'sigmoid']",0800f8f6f0f8f8e6086908a6,700,Adam,MaxAbsoluteDeviation,0.7324342131614685,8.202032089233398,3.4305070999544114
"[8, 8, 23, 23, 23, 23, 23, 22, 8, 14, 8, 18, 16]","['swish', 'elu', 'swish', 'sigmoid', 'elu', 'swish', 'swish', 'sigmoid', 'swish', 'tanh', 'swish', 'sigmoid', 'elu']",0800f8f6f0f8f8e6086908a680,700,Adam,MaxAbsoluteDeviation,0.7324342131614685,5.772991180419922,3.5787050999933854
"[8, 8, 23, 23, 23, 23, 23, 22, 8, 14, 8, 18, 16]","['swish', 'elu', 'swish', 'sigmoid', 'elu', 'swish', 'swish', 'sigmoid', 'swish', 'tanh', 'swish', 'sigmoid', 'elu']",0800f8f6f0f8f8e6086908a680,680,Adam,MaxAbsoluteDeviation,0.7324342131614685,1.3943586349487305,3.481430599989835
"[8, 8, 23, 23, 23, 23, 23, 22, 8, 14, 8, 18, 16]","['swish', 'elu', 'swish', 'sigmoid', 'elu', 'swish', 'swish', 'sigmoid', 'swish', 'tanh', 'swish', 'sigmoid', 'elu']",0800f8f6f0f8f8e6086908a680,700,Adam,MaxAbsoluteDeviation,0.7324342131614685,3.1268558502197266,4.149791500007268
"[8, 8, 23, 23, 23, 23, 23, 22, 8, 14, 8, 18, 16]","['swish', 'elu', 'swish', 'sigmoid', 'elu', 'swish', 'swish', 'sigmoid', 'swish', 'tanh', 'swish', 'sigmoid', 'elu']",0800f8f6f0f8f8e6086908a680,700,Adam,MaxAbsoluteDeviation,0.7945541143417358,0.6955184936523438,3.5657908999710344
"[8, 8, 23, 23, 23, 23, 23, 22, 8, 8, 8, 18, 16]","['swish', 'elu', 'swish', 'sigmoid', 'elu', 'swish', 'swish', 'sigmoid', 'swish', 'tanh', 'swish', 'sigmoid', 'elu']",0800f8f6f0f8f8e6080908a680,700,Adam,MaxAbsoluteDeviation,0.7945541143417358,8.902844429016113,3.574620000028517
"[8, 8, 23, 23, 23, 23, 23, 22, 8, 14, 10, 18, 16]","['swish', 'elu', 'swish', 'sigmoid', 'elu', 'swish', 'swish', 'sigmoid', 'swish', 'tanh', 'swish', 'sigmoid', 'elu']",0800f8f6f0f8f8e6086928a680,700,Adam,MaxAbsoluteDeviation,0.7945541143417358,8.29811954498291,3.5598190000164323
"[8, 8, 23, 23, 23, 23, 23, 22, 8, 14, 8, 18, 16]","['swish', 'elu', 'swish', 'sigmoid', 'elu', 'swish', 'swish', 'sigmoid', 'swish', 'tanh', 'swish', 'sigmoid', 'elu']",0800f8f6f0f8f8e6086908a680,563,Adam,MaxAbsoluteDeviation,0.7945541143417358,8.180395126342773,3.0844572000205517
"[8, 8, 23, 23, 23, 23, 23, 22, 8, 14, 8, 18, 16, 16]","['swish', 'elu', 'swish', 'sigmoid', 'elu', 'swish', 'swish', 'sigmoid', 'swish', 'tanh', 'swish', 'sigmoid', 'elu', 'tanh']",0800f8f6f0f8f8e6086908a68089,230,Adam,MaxAbsoluteDeviation,0.7945541143417358,8.552909851074219,1.9463601000024937
"[8, 8, 23, 23, 23, 23, 23, 22, 8, 14, 8, 18, 16]","['swish', 'elu', 'swish', 'sigmoid', 'elu', 'elu', 'swish', 'sigmoid', 'swish', 'tanh', 'swish', 'sigmoid', 'elu']",0800f8f6f0f0f8e6086908a680,700,Adam,MaxAbsoluteDeviation,0.7945541143417358,4.475975036621094,3.503192099975422
"[8, 8, 23, 23, 23, 23, 23, 22, 8, 14, 8, 18]","['swish', 'elu', 'swish', 'sigmoid', 'elu', 'swish', 'swish', 'sigmoid', 'swish', 'tanh', 'swish', 'sigmoid']",0800f8f6f0f8f8e6086908a6,700,Adam,MaxAbsoluteDeviation,0.5534126162528992,0.7605476379394531,3.445487300050445
"[8, 8, 23, 23, 23, 23, 23, 22, 8, 14, 8, 18]","['swish', 'elu', 'sigmoid', 'sigmoid', 'elu', 'swish', 'swish', 'sigmoid', 'swish', 'tanh', 'swish', 'sigmoid']",0800f6f6f0f8f8e6086908a6,700,Adam,MaxAbsoluteDeviation,0.5534126162528992,8.19412899017334,3.3425688999705017
"[8, 8, 23, 23, 23, 23, 23, 22, 8, 14, 8, 18]","['swish', 'elu', 'swish', 'sigmoid', 'elu', 'swish', 'swish', 'sigmoid', 'swish', 'tanh', 'swish', 'sigmoid']",0800f8f6f0f8f8e6086908a6,632,Adam,MaxAbsoluteDeviation,0.5534126162528992,8.313121795654297,3.161534999962896
"[8, 8, 23, 23, 23, 23, 23, 22, 8, 14, 8]","['swish', 'elu', 'swish', 'sigmoid', 'elu', 'swish', 'swish', 'sigmoid', 'swish', 'tanh', 'swish']",0800f8f6f0f8f8e6086908,700,Adam,MaxAbsoluteDeviation,0.6263903975486755,0.6974277496337891,4.001492300012615
"[8, 8, 23, 23, 23, 23, 23, 22, 8, 14, 8, 13]","['swish', 'elu', 'swish', 'sigmoid', 'elu', 'swish', 'swish', 'sigmoid', 'swish', 'tanh', 'swish', 'swish']",0800f8f6f0f8f8e608690858,700,Adam,MaxAbsoluteDeviation,0.6263903975486755,0.9697389006614685,3.468085600004997
"[8, 8, 23, 23, 23, 23, 8, 22, 8, 14, 8]","['swish', 'elu', 'swish', 'sigmoid', 'elu', 'swish', 'swish', 'sigmoid', 'swish', 'tanh', 'swish']",0800f8f6f0f808e6086908,700,Adam,MaxAbsoluteDeviation,0.7303425669670105,1.6291780471801758,3.350262699997984
"[8, 8, 23, 23, 23, 23, 8, 22, 8, 14, 8, 17]","['swish', 'elu', 'swish', 'sigmoid', 'elu', 'swish', 'swish', 'sigmoid', 'swish', 'tanh', 'swish', 'tanh']",0800f8f6f0f808e608690899,700,Adam,MaxAbsoluteDeviation,0.7303425669670105,8.636584281921387,3.3973915000096895
"[8, 8, 23, 23, 23, 23, 23, 22, 8, 14, 8]","['swish', 'elu', 'swish', 'sigmoid', 'elu', 'swish', 'swish', 'sigmoid', 'swish', 'tanh', 'swish']",0800f8f6f0f8f8e6086908,700,Adam,MaxAbsoluteDeviation,0.7303425669670105,8.594595909118652,3.353212899994105
"[8, 8, 23, 23, 23, 23, 8, 22, 8, 14, 8]","['swish', 'elu', 'swish', 'sigmoid', 'elu', 'swish', 'swish', 'sigmoid', 'swish', 'tanh', 'swish']",0800f8f6f0f808e6086908,700,Adam,MaxAbsoluteDeviation,1.1997491121292114,0.3407405614852905,3.3320703000063077
"[8, 8, 23, 23, 23, 23, 8, 22, 8, 14, 8]","['swish', 'elu', 'swish', 'sigmoid', 'elu', 'swish', 'swish', 'sigmoid', 'swish', 'tanh', 'swish']",0800f8f6f0f808e6086908,700,Adam,MaxAbsoluteDeviation,1.2455825805664062,2.07220458984375,3.3697693000431173
"[8, 8, 23, 23, 23, 23, 8, 22, 8, 14, 8]","['swish', 'elu', 'swish', 'sigmoid', 'elu', 'swish', 'swish', 'sigmoid', 'swish', 'tanh', 'swish']",0800f8f6f0f808e6086908,700,Adam,MaxAbsoluteDeviation,0.8775377869606018,0.9851499795913696,3.3058743000146933
"[23, 8, 23, 23, 23, 23, 8, 22, 8, 14, 8]","['swish', 'elu', 'swish', 'sigmoid', 'elu', 'swish', 'swish', 'sigmoid', 'swish', 'tanh', 'swish']",f800f8f6f0f808e6086908,700,Adam,MaxAbsoluteDeviation,0.8775377869606018,1.2697668075561523,3.3576929999981076
"[8, 8, 23, 23, 23, 23, 8, 22, 8, 14, 8]","['swish', 'elu', 'swish', 'sigmoid', 'elu', 'swish', 'swish', 'sigmoid', 'swish', 'tanh', 'swish']",0800f8f6f0f808e6086908,105,Adam,MaxAbsoluteDeviation,2.005613327026367,2.3986692428588867,1.2928904999862425
"[8, 8, 23, 23, 23, 23, 8, 22, 8, 14, 8, 12]","['swish', 'elu', 'swish', 'sigmoid', 'elu', 'swish', 'swish', 'sigmoid', 'swish', 'tanh', 'swish', 'swish']",0800f8f6f0f808e608690848,100,Adam,MaxAbsoluteDeviation,2.005613327026367,1.8424144983291626,1.3641289000515826
"[8, 8, 23, 23, 23, 23, 8, 22, 8, 14, 23, 21]","['swish', 'elu', 'swish', 'sigmoid', 'elu', 'swish', 'swish', 'sigmoid', 'swish', 'tanh', 'swish', 'swish']",0800f8f6f0f808e60869f8d8,100,Adam,MaxAbsoluteDeviation,0.7932623028755188,1.8708056211471558,2.0294173000147566
"[8, 8, 23, 23, 23, 23, 8, 22, 8, 14, 23, 21]","['swish', 'elu', 'swish', 'sigmoid', 'elu', 'swish', 'swish', 'sigmoid', 'swish', 'tanh', 'swish', 'swish']",0800f8f6f0f808e60869f8d8,700,Adam,MaxAbsoluteDeviation,0.9911367893218994,1.0596637725830078,3.4825373999774456
"[8, 8, 23, 23, 23, 23, 8, 22, 8, 14, 23, 21]","['swish', 'elu', 'swish', 'sigmoid', 'elu', 'swish', 'swish', 'sigmoid', 'swish', 'tanh', 'swish', 'swish']",0800f8f6f0f808e60869f8d8,458,Adam,MaxAbsoluteDeviation,1.1950148344039917,1.777130126953125,2.597212099994067
"[8, 8, 23, 23, 23, 23, 8, 22, 8, 14, 23]","['swish', 'elu', 'swish', 'sigmoid', 'elu', 'swish', 'swish', 'sigmoid', 'swish', 'tanh', 'swish']",0800f8f6f0f808e60869f8,458,Adam,MaxAbsoluteDeviation,1.1950148344039917,0.7981414794921875,2.465612600033637
"[8, 8, 23, 23, 23, 23, 8, 22, 8, 14, 23, 21]","['swish', 'elu', 'swish', 'sigmoid', 'elu', 'swish', 'swish', 'sigmoid', 'swish', 'tanh', 'swish', 'swish']",0800f8f6f0f808e60869f8d8,700,Adam,MaxAbsoluteDeviation,1.2664300203323364,0.7311590313911438,3.44251439999789
"[8, 8, 23, 23, 23, 23, 8, 22, 8, 14, 23, 21]","['swish', 'elu', 'swish', 'sigmoid', 'elu', 'swish', 'swish', 'sigmoid', 'swish', 'tanh', 'swish', 'swish']",0800f8f6f0f808e60869f8d8,700,Adam,MaxAbsoluteDeviation,1.2545998096466064,1.215895652770996,3.4984950999496505
"[8, 8, 23, 23, 23, 23, 8, 22, 8, 14, 23, 21]","['swish', 'elu', 'swish', 'sigmoid', 'elu', 'swish', 'swish', 'sigmoid', 'swish', 'tanh', 'swish', 'swish']",0800f8f6f0f808e60869f8d8,700,Adam,MaxAbsoluteDeviation,1.3018951416015625,0.7435769438743591,3.4260724000050686
"[8, 8, 23, 23, 23, 23, 8, 22, 8, 14, 23, 21]","['swish', 'elu', 'swish', 'sigmoid', 'elu', 'swish', 'swish', 'sigmoid', 'swish', 'tanh', 'swish', 'swish']",0800f8f6f0f808e60869f8d8,700,Adam,MaxAbsoluteDeviation,1.1300638914108276,1.0154457092285156,3.4801932999980636
"[8, 8, 8, 23, 23, 23, 8, 22, 8, 14, 23, 21]","['swish', 'elu', 'swish', 'sigmoid', 'elu', 'swish', 'swish', 'sigmoid', 'swish', 'tanh', 'swish', 'swish']",080008f6f0f808e60869f8d8,700,Adam,MaxAbsoluteDeviation,1.0738402605056763,1.3107271194458008,3.466027299989946
"[8, 8, 8, 23, 23, 23, 8, 22, 8, 14, 23, 21]","['swish', 'elu', 'swish', 'sigmoid', 'elu', 'swish', 'swish', 'sigmoid', 'swish', 'tanh', 'swish', 'swish']",080008f6f0f808e60869f8d8,700,Adam,MaxAbsoluteDeviation,1.0738402605056763,1.2210474014282227,3.4753452999866568
"[8, 8, 8, 23, 23, 23, 8, 22, 8, 14, 23, 21, 20]","['swish', 'elu', 'swish', 'sigmoid', 'elu', 'swish', 'swish', 'sigmoid', 'swish', 'tanh', 'swish', 'swish', 'sigmoid']",080008f6f0f808e60869f8d8c6,700,Adam,MaxAbsoluteDeviation,1.0738402605056763,8.755915641784668,4.2526103999698535
"[8, 8, 8, 23, 23, 23, 8, 22, 8, 14, 23, 21]","['swish', 'elu', 'swish', 'sigmoid', 'elu', 'swish', 'swish', 'sigmoid', 'tanh', 'tanh', 'swish', 'swish']",080008f6f0f808e60969f8d8,700,Adam,MaxAbsoluteDeviation,0.634540319442749,1.4769964218139648,3.4578842999762855
"[8, 8, 8, 23, 23, 23, 8, 22, 8, 14, 23, 21]","['swish', 'elu', 'swish', 'sigmoid', 'elu', 'swish', 'swish', 'sigmoid', 'tanh', 'tanh', 'swish', 'elu']",080008f6f0f808e60969f8d0,700,Adam,MaxAbsoluteDeviation,0.958717942237854,0.6429963111877441,3.4673907999531366
"[8, 23, 8, 23, 23, 23, 8, 22, 8, 14, 23]","['swish', 'elu', 'swish', 'sigmoid', 'elu', 'swish', 'swish', 'sigmoid', 'tanh', 'tanh', 'swish']",08f008f6f0f808e60969f8,700,Adam,MaxAbsoluteDeviation,0.8704321384429932,0.7744345664978027,3.374185499968007
"[8, 23, 8, 23, 23, 23, 8, 22, 8, 14]","['swish', 'elu', 'swish', 'elu', 'elu', 'swish', 'swish', 'sigmoid', 'tanh', 'tanh']",08f008f0f0f808e60969,700,Adam,MaxAbsoluteDeviation,0.8704321384429932,8.418412208557129,3.196453000011388
"[8, 23, 8, 23, 23, 23, 8, 22, 8, 14, 23]","['swish', 'elu', 'swish', 'sigmoid', 'elu', 'swish', 'swish', 'sigmoid', 'tanh', 'tanh', 'swish']",08f008f6f0f808e60969f8,700,Adam,MaxAbsoluteDeviation,0.7366380095481873,1.3263872861862183,3.314225800044369
"[8, 23, 8, 23, 23, 23, 8, 22, 8, 14, 23]","['swish', 'elu', 'swish', 'sigmoid', 'elu', 'swish', 'swish', 'sigmoid', 'tanh', 'tanh', 'swish']",08f008f6f0f808e60969f8,398,Adam,MaxAbsoluteDeviation,0.7366380095481873,0.8441314697265625,2.2342977999942377
"[8, 23, 8, 23, 23, 23, 8, 22, 8, 14, 23]","['swish', 'elu', 'swish', 'sigmoid', 'elu', 'swish', 'swish', 'sigmoid', 'tanh', 'tanh', 'swish']",08f008f6f0f808e60969f8,700,Adam,MaxAbsoluteDeviation,0.8559310436248779,2.561616897583008,3.318975899950601
"[8, 23, 8, 23, 23, 23, 8, 22, 8, 14, 23]","['swish', 'elu', 'swish', 'sigmoid', 'elu', 'swish', 'swish', 'sigmoid', 'tanh', 'sigmoid', 'swish']",08f008f6f0f808e60966f8,700,Adam,MaxAbsoluteDeviation,1.253739833831787,1.5894594192504883,3.297273400006816
"[8, 23, 8, 23, 23, 23, 8, 22, 8, 14, 23]","['swish', 'elu', 'swish', 'sigmoid', 'elu', 'swish', 'swish', 'sigmoid', 'tanh', 'sigmoid', 'swish']",08f008f6f0f808e60966f8,700,Adam,MaxAbsoluteDeviation,1.0796632766723633,0.8883132934570312,3.261004999978468
"[8, 23, 8, 23, 23, 23, 8, 22, 8, 14]","['swish', 'elu', 'swish', 'sigmoid', 'elu', 'swish', 'swish', 'sigmoid', 'tanh', 'sigmoid']",08f008f6f0f808e60966,700,Adam,MaxAbsoluteDeviation,1.0796632766723633,8.432366371154785,3.1009676000103354
"[8, 23, 8, 23, 23, 23, 8, 22, 8, 14, 23, 10]","['swish', 'elu', 'swish', 'sigmoid', 'elu', 'swish', 'swish', 'sigmoid', 'tanh', 'sigmoid', 'swish', 'tanh']",08f008f6f0f808e60966f829,700,Adam,MaxAbsoluteDeviation,1.0796632766723633,8.81895637512207,3.424408000020776
"[8, 23, 8, 23, 23, 23, 8, 22, 23, 14, 23]","['swish', 'elu', 'swish', 'sigmoid', 'elu', 'swish', 'swish', 'sigmoid', 'tanh', 'sigmoid', 'swish']",08f008f6f0f808e6f966f8,700,Adam,MaxAbsoluteDeviation,0.2806881368160248,0.574894905090332,4.0295246000168845
"[8, 23, 8, 23, 23, 23, 8, 22, 23, 14, 23]","['tanh', 'elu', 'swish', 'sigmoid', 'elu', 'swish', 'swish', 'sigmoid', 'tanh', 'sigmoid', 'swish']",09f008f6f0f808e6f966f8,700,Adam,MaxAbsoluteDeviation,0.2806881368160248,0.8224582672119141,3.2869584999862127
"[8, 23, 23, 23, 23, 23, 8, 22, 23, 14, 23, 16]","['swish', 'elu', 'swish', 'sigmoid', 'elu', 'swish', 'swish', 'sigmoid', 'tanh', 'sigmoid', 'swish', 'swish']",08f0f8f6f0f808e6f966f888,700,Adam,MaxAbsoluteDeviation,0.2806881368160248,1.202733039855957,3.499302099982742
"[8, 23, 8, 23, 23, 23, 8, 22, 23, 23, 23, 19]","['swish', 'elu', 'swish', 'sigmoid', 'elu', 'swish', 'swish', 'sigmoid', 'tanh', 'sigmoid', 'swish', 'swish']",08f008f6f0f808e6f9f6f8b8,700,Adam,MaxAbsoluteDeviation,0.2806881368160248,2.06638240814209,3.50761660002172
"[8, 23, 8, 23, 23, 23, 8, 22, 23, 14]","['swish', 'elu', 'swish', 'sigmoid', 'elu', 'swish', 'swish', 'sigmoid', 'tanh', 'sigmoid']",08f008f6f0f808e6f966,700,Adam,MaxAbsoluteDeviation,1.3576247692108154,1.4298019409179688,3.239138999953866
"[8, 23, 8, 23, 23, 23, 8, 22, 23, 14]","['swish', 'elu', 'swish', 'sigmoid', 'elu', 'swish', 'swish', 'sigmoid', 'tanh', 'sigmoid']",08f008f6f0f808e6f966,700,Adam,MaxAbsoluteDeviation,1.3576247692108154,4.856756210327148,3.2164925999823026
"[8, 23, 8, 23, 23, 23, 8, 22, 23, 14]","['swish', 'elu', 'swish', 'sigmoid', 'elu', 'swish', 'swish', 'elu', 'tanh', 'sigmoid']",08f008f6f0f808e0f966,700,Adam,MaxAbsoluteDeviation,1.3576247692108154,8.832412719726562,3.127461099997163
"[8, 23, 8, 23, 23, 23, 8, 22, 23]","['sigmoid', 'tanh', 'swish', 'sigmoid', 'elu', 'swish', 'swish', 'sigmoid', 'tanh']",06f908f6f0f808e6f9,700,Adam,MaxAbsoluteDeviation,1.6302789449691772,1.3448905944824219,2.968377699959092
"[8, 23, 8, 23, 23, 23, 8, 22, 23]","['sigmoid', 'tanh', 'swish', 'sigmoid', 'elu', 'swish', 'swish', 'sigmoid', 'tanh']",06f908f6f0f808e6f9,700,Adam,MaxAbsoluteDeviation,1.6302789449691772,8.84887981414795,3.0647059000330046
"[8, 23, 8, 23, 23, 23, 8, 22, 23]","['sigmoid', 'tanh', 'swish', 'sigmoid', 'elu', 'swish', 'swish', 'sigmoid', 'tanh']",06f908f6f0f808e6f9,700,Adam,MaxAbsoluteDeviation,1.6404131650924683,0.8365640044212341,3.023144999984652
"[8, 23, 8, 23, 23, 23, 8, 22, 23]","['sigmoid', 'tanh', 'swish', 'sigmoid', 'elu', 'swish', 'swish', 'sigmoid', 'tanh']",06f908f6f0f808e6f9,193,Adam,MaxAbsoluteDeviation,1.6404131650924683,8.6344575881958,1.3726638000225648
"[8, 23, 8, 8, 23, 8, 8, 22, 23]","['sigmoid', 'tanh', 'tanh', 'sigmoid', 'elu', 'swish', 'swish', 'sigmoid', 'tanh']",06f90906f00808e6f9,700,Adam,MaxAbsoluteDeviation,1.4662258625030518,1.749364972114563,2.994180600042455
"[8, 23, 8, 8, 23, 8, 8, 22, 23]","['sigmoid', 'tanh', 'tanh', 'sigmoid', 'elu', 'swish', 'swish', 'sigmoid', 'tanh']",06f90906f00808e6f9,506,Adam,MaxAbsoluteDeviation,1.4662258625030518,1.7756500244140625,2.329323799989652
"[8, 23, 8, 8, 23, 8, 8, 22, 23]","['sigmoid', 'tanh', 'tanh', 'sigmoid', 'elu', 'swish', 'swish', 'sigmoid', 'tanh']",06f90906f00808e6f9,700,Adam,MaxAbsoluteDeviation,1.4662258625030518,8.363439559936523,3.6740990000544116
"[8, 8, 8, 8, 23, 8, 8, 22, 23]","['sigmoid', 'tanh', 'tanh', 'sigmoid', 'elu', 'swish', 'swish', 'sigmoid', 'tanh']",06090906f00808e6f9,700,Adam,MaxAbsoluteDeviation,0.4373646080493927,0.3679542541503906,3.0585579999606125
"[8, 8, 8, 8, 23, 8, 8, 23, 23]","['sigmoid', 'tanh', 'tanh', 'sigmoid', 'elu', 'swish', 'swish', 'sigmoid', 'tanh']",06090906f00808f6f9,700,Adam,MaxAbsoluteDeviation,0.4373646080493927,0.8372535705566406,2.9748369000153616
"[8, 8, 8, 8, 23, 8, 8, 22, 23]","['sigmoid', 'tanh', 'tanh', 'sigmoid', 'elu', 'swish', 'swish', 'sigmoid', 'tanh']",06090906f00808e6f9,700,Adam,MaxAbsoluteDeviation,0.5266675353050232,0.5539085865020752,3.045489699987229
"[8, 8, 8, 8, 8, 8, 8, 22, 23]","['sigmoid', 'tanh', 'tanh', 'sigmoid', 'elu', 'swish', 'swish', 'sigmoid', 'tanh']",06090906000808e6f9,700,Adam,MaxAbsoluteDeviation,0.5266675353050232,8.616225242614746,3.011582700011786
"[8, 8, 8, 8, 23, 8, 8, 22, 23]","['sigmoid', 'tanh', 'tanh', 'sigmoid', 'elu', 'swish', 'swish', 'sigmoid', 'tanh']",06090906f00808e6f9,700,Adam,MaxAbsoluteDeviation,0.5266675353050232,0.9363288879394531,3.0462095999973826
"[8, 8, 8, 8, 23, 8, 8, 22, 23]","['sigmoid', 'tanh', 'tanh', 'sigmoid', 'elu', 'swish', 'swish', 'swish', 'tanh']",06090906f00808e8f9,700,Adam,MaxAbsoluteDeviation,0.5266675353050232,8.509498596191406,3.0596776000456885
"[8, 8, 8, 8, 23, 8, 8]","['sigmoid', 'swish', 'tanh', 'sigmoid', 'elu', 'swish', 'swish']",06080906f00808,700,Adam,MaxAbsoluteDeviation,0.5266675353050232,0.7278385162353516,2.795106199977454
"[8, 8, 8, 8, 23, 8, 8, 22, 23]","['sigmoid', 'tanh', 'tanh', 'sigmoid', 'elu', 'swish', 'swish', 'sigmoid', 'tanh']",06090906f00808e6f9,700,Adam,MaxAbsoluteDeviation,1.2674975395202637,1.1808700561523438,3.022940599999856
"[8, 8, 8, 23, 23, 8, 8, 22, 23]","['sigmoid', 'tanh', 'tanh', 'sigmoid', 'elu', 'swish', 'swish', 'sigmoid', 'tanh']",060909f6f00808e6f9,700,Adam,MaxAbsoluteDeviation,0.5533035397529602,0.9421939849853516,2.9675776999793015
"[8, 8, 8, 23, 23, 8, 8, 22, 23]","['sigmoid', 'tanh', 'tanh', 'sigmoid', 'elu', 'swish', 'swish', 'sigmoid', 'tanh']",060909f6f00808e6f9,374,Adam,MaxAbsoluteDeviation,0.6049494743347168,0.47744619846343994,1.9370916999760084
"[8, 8, 8, 23, 23, 8, 8, 22, 23]","['sigmoid', 'tanh', 'tanh', 'sigmoid', 'elu', 'sigmoid', 'swish', 'sigmoid', 'tanh']",060909f6f00608e6f9,374,Adam,MaxAbsoluteDeviation,0.6049494743347168,8.14474105834961,1.8956828999798745
"[8, 8, 8, 23, 23, 8, 8, 22, 23]","['sigmoid', 'tanh', 'tanh', 'sigmoid', 'elu', 'swish', 'swish', 'sigmoid', 'tanh']",060909f6f00808e6f9,700,Adam,MaxAbsoluteDeviation,0.3832418918609619,0.7622213959693909,2.9983622999861836
"[8, 8, 8, 23, 23, 8, 8, 22, 23]","['sigmoid', 'tanh', 'tanh', 'sigmoid', 'elu', 'swish', 'swish', 'sigmoid', 'tanh']",060909f6f00808e6f9,700,Adam,MaxAbsoluteDeviation,0.3832418918609619,1.3437070846557617,2.980902099981904
"[8, 8, 8, 23, 23, 8, 8, 22, 8]","['sigmoid', 'tanh', 'tanh', 'sigmoid', 'elu', 'swish', 'swish', 'sigmoid', 'tanh']",060909f6f00808e609,700,Adam,MaxAbsoluteDeviation,0.3832418918609619,2.6413145065307617,3.009188099997118
"[8, 8, 8, 23, 23, 8, 8, 22, 23]","['sigmoid', 'tanh', 'tanh', 'sigmoid', 'elu', 'swish', 'swish', 'sigmoid', 'tanh']",060909f6f00808e6f9,700,Adam,MaxAbsoluteDeviation,0.3832418918609619,8.765913009643555,3.0377662999671884
"[8, 8, 8, 23, 23, 8, 8]","['sigmoid', 'tanh', 'tanh', 'sigmoid', 'elu', 'swish', 'swish']",060909f6f00808,700,Adam,MaxAbsoluteDeviation,0.43563511967658997,0.40155029296875,2.7823181999847293
"[8, 8, 8, 23, 23, 8, 8]","['sigmoid', 'tanh', 'tanh', 'sigmoid', 'elu', 'swish', 'swish']",060909f6f00808,700,Adam,MaxAbsoluteDeviation,0.9869082570075989,0.66998291015625,2.7862025999929756
"[8, 8, 8, 23, 23, 8, 8]","['sigmoid', 'tanh', 'tanh', 'sigmoid', 'elu', 'swish', 'swish']",060909f6f00808,700,Adam,MaxAbsoluteDeviation,0.3421112298965454,0.4950551986694336,2.7574738999828696
"[8, 8, 8, 23, 23, 8, 8]","['sigmoid', 'tanh', 'tanh', 'tanh', 'elu', 'swish', 'swish']",060909f9f00808,700,Adam,MaxAbsoluteDeviation,0.3421112298965454,1.4243927001953125,2.792496400012169
"[8, 8, 8, 23, 23, 8]","['sigmoid', 'tanh', 'tanh', 'sigmoid', 'elu', 'swish']",060909f6f008,700,Adam,MaxAbsoluteDeviation,0.3421112298965454,0.6796398162841797,2.6838579999748617
"[8, 8, 23, 23, 23, 8, 8]","['sigmoid', 'tanh', 'tanh', 'sigmoid', 'elu', 'swish', 'swish']",0609f9f6f00808,700,Adam,MaxAbsoluteDeviation,0.312515527009964,0.4479679763317108,2.805303199973423
"[8, 8, 23, 23, 23, 8, 8, 22]","['sigmoid', 'tanh', 'tanh', 'sigmoid', 'elu', 'swish', 'swish', 'elu']",0609f9f6f00808e0,700,Adam,MaxAbsoluteDeviation,0.3078837990760803,0.18127059936523438,2.8705425999942236
"[8, 8, 23, 23, 23, 8, 8]","['sigmoid', 'tanh', 'tanh', 'sigmoid', 'elu', 'swish', 'swish']",0609f9f6f00808,700,Adam,MaxAbsoluteDeviation,0.3568379878997803,0.9035263061523438,2.751711199991405
"[8, 8, 23, 23, 23, 8, 8]","['sigmoid', 'tanh', 'tanh', 'sigmoid', 'swish', 'swish', 'swish']",0609f9f6f80808,700,Adam,MaxAbsoluteDeviation,0.40697816014289856,0.6368732452392578,2.7694892999716103
"[8, 8, 23, 23, 23, 8, 8]","['sigmoid', 'tanh', 'tanh', 'sigmoid', 'swish', 'swish', 'swish']",0609f9f6f80808,534,Adam,MaxAbsoluteDeviation,0.40697816014289856,1.5258712768554688,2.2691534999758005
"[8, 8, 23, 23, 23, 8, 8, 8]","['sigmoid', 'tanh', 'tanh', 'sigmoid', 'swish', 'swish', 'swish', 'sigmoid']",0609f9f6f8080806,700,Adam,MaxAbsoluteDeviation,0.40697816014289856,8.232407569885254,2.9078347999602556
"[8, 8, 23, 23, 23, 8, 8]","['sigmoid', 'tanh', 'tanh', 'sigmoid', 'swish', 'swish', 'swish']",0609f9f6f80808,541,Adam,MaxAbsoluteDeviation,0.2794720530509949,0.1680316925048828,2.2559197999653406
"[8, 8, 23, 23, 23, 8, 8]","['sigmoid', 'tanh', 'tanh', 'sigmoid', 'swish', 'swish', 'swish']",0609f9f6f80808,387,Adam,MaxAbsoluteDeviation,1.2867146730422974,2.164224624633789,1.8153012999682687
"[8, 8, 23, 23, 23, 8, 8]","['sigmoid', 'tanh', 'tanh', 'sigmoid', 'swish', 'swish', 'swish']",0609f9f6f80808,182,Adam,MaxAbsoluteDeviation,1.2867146730422974,1.7199536561965942,1.861525000014808
"[8, 8, 23, 23, 23, 8, 8]","['sigmoid', 'tanh', 'tanh', 'sigmoid', 'swish', 'swish', 'swish']",0609f9f6f80808,700,Adam,MaxAbsoluteDeviation,0.43774211406707764,0.32453346252441406,2.782018399972003
"[8, 8, 23, 23, 23, 8, 8]","['sigmoid', 'tanh', 'tanh', 'sigmoid', 'swish', 'swish', 'swish']",0609f9f6f80808,700,Adam,MaxAbsoluteDeviation,0.223249614238739,0.23852014541625977,2.8423131000017747
"[8, 8, 23, 23, 23, 8, 8]","['sigmoid', 'tanh', 'tanh', 'sigmoid', 'swish', 'swish', 'swish']",0609f9f6f80808,700,Adam,MaxAbsoluteDeviation,0.223249614238739,0.3420361280441284,2.8256006999872625
"[8, 8, 23, 23, 8, 8, 8]","['sigmoid', 'tanh', 'tanh', 'sigmoid', 'swish', 'swish', 'swish']",0609f9f6080808,700,Adam,MaxAbsoluteDeviation,0.223249614238739,0.6786231994628906,2.770358900015708
"[8, 8, 23, 23, 23, 8, 8]","['sigmoid', 'tanh', 'swish', 'sigmoid', 'swish', 'swish', 'swish']",0609f8f6f80808,288,Adam,MaxAbsoluteDeviation,0.33327996730804443,0.26910400390625,1.524558800039813
"[8, 8, 23, 23, 23, 8, 8]","['sigmoid', 'tanh', 'swish', 'sigmoid', 'swish', 'swish', 'swish']",0609f8f6f80808,700,Adam,MaxAbsoluteDeviation,0.33327996730804443,0.7541966438293457,2.8393233999959193
"[8, 8, 23, 23, 23, 8, 8]","['sigmoid', 'tanh', 'swish', 'sigmoid', 'swish', 'swish', 'swish']",0609f8f6f80808,279,Adam,MaxAbsoluteDeviation,0.33327996730804443,1.0795516967773438,1.486822700011544
"[23, 8, 23, 23, 23, 23, 8]","['sigmoid', 'tanh', 'swish', 'sigmoid', 'swish', 'swish', 'swish']",f609f8f6f8f808,288,Adam,MaxAbsoluteDeviation,0.33327996730804443,1.8942556381225586,1.5303766000433825
"[8, 23, 23, 23, 23, 8, 8]","['sigmoid', 'tanh', 'swish', 'sigmoid', 'sigmoid', 'swish', 'swish']",06f9f8f6f60808,700,Adam,MaxAbsoluteDeviation,0.24116183817386627,0.6787776947021484,2.7587241000146605
"[8, 23, 23, 23, 23, 8, 8, 22]","['sigmoid', 'tanh', 'swish', 'sigmoid', 'sigmoid', 'swish', 'swish', 'swish']",06f9f8f6f60808e8,700,Adam,MaxAbsoluteDeviation,0.7610358595848083,0.44811248779296875,2.9152671999763697
"[8, 23, 23, 23, 23, 8, 8]","['tanh', 'tanh', 'swish', 'sigmoid', 'sigmoid', 'swish', 'swish']",09f9f8f6f60808,350,Adam,MaxAbsoluteDeviation,0.7054193615913391,0.48151302337646484,1.686599800013937
"[8, 23, 23, 23, 23, 8]","['tanh', 'tanh', 'swish', 'sigmoid', 'sigmoid', 'swish']",09f9f8f6f608,350,Adam,MaxAbsoluteDeviation,0.705980658531189,0.4649076461791992,1.5822071000002325
"[8, 23, 23, 23, 23, 8]","['tanh', 'elu', 'swish', 'sigmoid', 'sigmoid', 'swish']",09f0f8f6f608,350,Adam,MaxAbsoluteDeviation,0.8360437750816345,0.6188278198242188,1.5820544000016525
"[8, 23, 23, 23, 23, 8]","['tanh', 'elu', 'elu', 'sigmoid', 'sigmoid', 'swish']",09f0f0f6f608,350,Adam,MaxAbsoluteDeviation,0.2758060693740845,0.40648314356803894,1.5668227999703959
"[8, 23, 23, 23, 23, 8]","['tanh', 'elu', 'elu', 'sigmoid', 'sigmoid', 'swish']",09f0f0f6f608,700,Adam,MaxAbsoluteDeviation,0.28917190432548523,0.32532405853271484,2.634084300021641
"[8, 23, 23, 23, 23, 8]","['tanh', 'elu', 'elu', 'sigmoid', 'sigmoid', 'swish']",09f0f0f6f608,700,Adam,MaxAbsoluteDeviation,0.1968534290790558,0.5091781616210938,3.3181347000063397
"[8, 23, 23, 23, 23, 8]","['tanh', 'elu', 'elu', 'elu', 'sigmoid', 'swish']",09f0f0f0f608,700,Adam,MaxAbsoluteDeviation,0.1968534290790558,0.4199209213256836,2.7090682000271045
"[8, 23, 23, 23, 23]","['tanh', 'elu', 'elu', 'sigmoid', 'sigmoid']",09f0f0f6f6,700,Adam,MaxAbsoluteDeviation,0.3063597083091736,0.41795921325683594,2.5699585000402294
"[8, 23, 23, 23, 23]","['tanh', 'elu', 'elu', 'sigmoid', 'sigmoid']",09f0f0f6f6,598,Adam,MaxAbsoluteDeviation,0.5653283596038818,0.4393911361694336,2.2172527000075206
"[8, 23, 23, 23]","['tanh', 'elu', 'elu', 'sigmoid']",09f0f0f6,700,Adam,MaxAbsoluteDeviation,0.3160342276096344,0.4100065231323242,2.415926399989985
"[8, 23, 23, 23]","['tanh', 'elu', 'elu', 'sigmoid']",09f0f0f6,100,Adam,MaxAbsoluteDeviation,0.8090032339096069,0.4160803556442261,0.7087708999752067
"[8, 8, 23, 23]","['tanh', 'elu', 'elu', 'sigmoid']",0900f0f6,100,Adam,MaxAbsoluteDeviation,0.739346444606781,0.5206031799316406,0.7080040999571793
"[8, 8, 23]","['tanh', 'elu', 'elu']",0900f0,100,Adam,MaxAbsoluteDeviation,0.6001574993133545,0.3177443742752075,0.6341447000158951
"[8, 8]","['tanh', 'elu']",0900,100,Adam,MaxAbsoluteDeviation,0.6001574993133545,2.943117141723633,0.5694970000186004
"[8, 8, 23]","['tanh', 'elu', 'elu']",0900f0,700,Adam,MaxAbsoluteDeviation,0.3380994498729706,0.2300281524658203,2.2779130999697372
"[8, 8, 23]","['tanh', 'elu', 'elu']",0900f0,556,Adam,MaxAbsoluteDeviation,0.12770500779151917,0.09252309799194336,1.8631000999594107
"[8, 8, 23]","['tanh', 'elu', 'elu']",0900f0,556,Adam,MaxAbsoluteDeviation,0.26295149326324463,0.21703338623046875,1.8509441000060178
"[8, 8]","['tanh', 'elu']",0900,556,Adam,MaxAbsoluteDeviation,0.26295149326324463,1.660262942314148,1.7656095999991521
"[8, 8, 23, 23]","['tanh', 'elu', 'elu', 'swish']",0900f0f8,556,Adam,MaxAbsoluteDeviation,0.370457261800766,0.9963302612304688,1.9631222000462003
"[8, 8, 23]","['tanh', 'elu', 'elu']",0900f0,556,Adam,MaxAbsoluteDeviation,0.2745092809200287,0.5101490020751953,1.8301185999880545
"[8, 8]","['tanh', 'elu']",0900,556,Adam,MaxAbsoluteDeviation,0.3122841715812683,0.32790520787239075,1.780307899985928
"[8, 8]","['tanh', 'elu']",0900,100,Adam,MaxAbsoluteDeviation,0.3122841715812683,2.868159532546997,0.5745477000018582
"[8, 8]","['elu', 'elu']",0000,556,Adam,MaxAbsoluteDeviation,0.20860399305820465,0.3336009979248047,1.7700605999561958
"[8, 8]","['swish', 'elu']",0800,556,Adam,MaxAbsoluteDeviation,0.27700817584991455,0.44661712646484375,1.7751798999961466
"[8, 8]","['swish', 'elu']",0800,700,Adam,MaxAbsoluteDeviation,0.1844194084405899,0.12233543395996094,2.185914999980014
"[8, 8]","['swish', 'elu']",0800,700,Adam,MaxAbsoluteDeviation,0.4438401758670807,0.48558712005615234,2.1679412000230514
"[8, 8]","['swish', 'elu']",0800,700,Adam,MaxAbsoluteDeviation,0.4438401758670807,0.8703698515892029,2.1730912000057288
"[8, 8]","['elu', 'elu']",0000,700,Adam,MaxAbsoluteDeviation,0.4428890347480774,0.3639240264892578,2.167527200013865
[8],['elu'],00,700,Adam,MaxAbsoluteDeviation,0.4428890347480774,3.044631004333496,2.046490899985656
[8],['elu'],00,700,Adam,MaxAbsoluteDeviation,0.4428890347480774,3.1867711544036865,2.0563888999749906
"[8, 8]","['elu', 'elu']",0000,700,Adam,MaxAbsoluteDeviation,0.5629892945289612,0.46607327461242676,2.1838155000004917
[8],['elu'],00,700,Adam,MaxAbsoluteDeviation,0.5629892945289612,2.539130210876465,2.069703400018625
"[8, 23]","['elu', 'elu']",00f0,700,Adam,MaxAbsoluteDeviation,0.14695274829864502,0.36994171142578125,2.1773642000043765
"[8, 23]","['elu', 'elu']",00f0,700,Adam,MaxAbsoluteDeviation,0.23659008741378784,0.3713216781616211,2.1969130000215955
"[8, 23, 21]","['elu', 'elu', 'tanh']",00f0d9,700,Adam,MaxAbsoluteDeviation,0.23659008741378784,0.21521854400634766,2.3238098999718204
[8],['elu'],00,700,Adam,MaxAbsoluteDeviation,0.23659008741378784,2.9497289657592773,2.072589799994603
"[8, 23]","['tanh', 'elu']",09f0,700,Adam,MaxAbsoluteDeviation,0.5005313754081726,0.18973827362060547,2.181795799988322
"[8, 23, 23]","['tanh', 'elu', 'elu']",09f0f0,316,Adam,MaxAbsoluteDeviation,0.11303236335515976,0.056246280670166016,1.2051482999813743
"[8, 23, 23]","['tanh', 'elu', 'elu']",09f0f0,316,Adam,MaxAbsoluteDeviation,0.11303236335515976,1.088674545288086,1.199197300011292
"[8, 23]","['tanh', 'elu']",09f0,316,Adam,MaxAbsoluteDeviation,0.330597460269928,0.33338069915771484,1.1154738999903202
[8],['tanh'],09,316,Adam,MaxAbsoluteDeviation,0.330597460269928,2.6685009002685547,1.0341051999712363
"[8, 23, 23]","['tanh', 'elu', 'tanh']",09f0f9,316,Adam,MaxAbsoluteDeviation,0.27450427412986755,0.23826026916503906,1.2061456000083126
"[8, 23, 23]","['tanh', 'elu', 'tanh']",09f0f9,700,Adam,MaxAbsoluteDeviation,0.28192365169525146,0.36489105224609375,2.280017300043255
"[8, 23, 23]","['tanh', 'elu', 'tanh']",09f0f9,700,Adam,MaxAbsoluteDeviation,0.29057028889656067,0.2120274305343628,2.2822560999775305
"[8, 23, 23, 23]","['tanh', 'elu', 'tanh', 'elu']",09f0f9f0,700,Adam,MaxAbsoluteDeviation,0.29057028889656067,0.6634006500244141,2.3804640999878757
"[8, 23, 23]","['tanh', 'elu', 'tanh']",09f0f9,700,Adam,MaxAbsoluteDeviation,0.5073966383934021,0.21018123626708984,2.2801014000433497
"[8, 23]","['tanh', 'elu']",09f0,700,Adam,MaxAbsoluteDeviation,0.3596334755420685,0.19356845319271088,2.172120500006713
"[8, 23]","['tanh', 'elu']",09f0,700,Adam,MaxAbsoluteDeviation,0.1620766520500183,0.09295845031738281,2.177754499949515
"[8, 11]","['tanh', 'tanh']",0939,700,Adam,MaxAbsoluteDeviation,0.1566367745399475,0.36440277099609375,2.166721200046595
"[8, 11, 8]","['tanh', 'tanh', 'swish']",093908,700,Adam,MaxAbsoluteDeviation,0.3165494501590729,0.5876903533935547,2.3046101999934763
"[8, 11, 8]","['tanh', 'tanh', 'swish']",093908,700,Adam,MaxAbsoluteDeviation,0.3309500813484192,0.10784435272216797,2.2786850000265986
"[8, 11, 15]","['tanh', 'tanh', 'elu']",093970,700,Adam,MaxAbsoluteDeviation,0.17835289239883423,0.16172552108764648,2.27253129996825
"[8, 11, 15, 18]","['tanh', 'tanh', 'elu', 'swish']",093970a8,100,Adam,MaxAbsoluteDeviation,0.17835289239883423,0.8626700043678284,0.7148420999874361
"[8, 8, 15]","['tanh', 'tanh', 'elu']",090970,700,Adam,MaxAbsoluteDeviation,0.17835289239883423,0.47095203399658203,2.2835624999715947
"[8, 11, 15]","['sigmoid', 'tanh', 'elu']",063970,700,Adam,MaxAbsoluteDeviation,0.273131787776947,0.28873419761657715,2.2756058999802917
"[8, 11, 15]","['sigmoid', 'tanh', 'elu']",063970,700,Adam,MaxAbsoluteDeviation,0.09517387300729752,0.14327239990234375,2.9478529000189155
