"[11, 17, 20, 16]","['swish', 'tanh', 'swish', 'swish']",3899c888,452,Adam,MaxAbsoluteDeviation,0.4041529595851898,0.37318333983421326,3.1975177000276744
"[11, 17, 20]","['swish', 'tanh', 'swish']",3899c8,452,Adam,MaxAbsoluteDeviation,0.1822260320186615,0.21041905879974365,2.863854299997911
"[11, 17, 20]","['swish', 'tanh', 'swish']",3899c8,395,Adam,MaxAbsoluteDeviation,0.17958740890026093,0.20638903975486755,2.4994802000001073
[11],['swish'],38,395,Adam,MaxAbsoluteDeviation,0.17958740890026093,1.8171395063400269,1.7959659999469295
"[11, 17, 20]","['swish', 'elu', 'swish']",3890c8,395,Adam,MaxAbsoluteDeviation,0.31146928668022156,0.4899115562438965,2.495451399940066
"[11, 17, 23, 15]","['swish', 'elu', 'swish', 'elu']",3890f870,395,Adam,MaxAbsoluteDeviation,0.47031691670417786,0.16486071050167084,2.8295657000271603
"[11, 17, 23, 15, 9]","['swish', 'elu', 'swish', 'tanh', 'elu']",3890f87910,395,Adam,MaxAbsoluteDeviation,0.22422927618026733,0.2508809566497803,3.051828800002113
"[11, 17, 23, 15, 9]","['swish', 'elu', 'swish', 'tanh', 'sigmoid']",3890f87916,204,Adam,MaxAbsoluteDeviation,0.3460178077220917,0.24854609370231628,1.8081904000137001
"[11, 17, 8, 15, 9]","['swish', 'elu', 'swish', 'tanh', 'sigmoid']",3890087916,204,Adam,MaxAbsoluteDeviation,0.4497634470462799,0.2569412887096405,1.7789949000580236
"[11, 17, 8, 15, 9, 8]","['swish', 'elu', 'swish', 'tanh', 'sigmoid', 'swish']",389008791608,204,Adam,MaxAbsoluteDeviation,0.324972927570343,0.1968780755996704,1.9789518000325188
"[11, 17, 8, 15, 9, 8]","['swish', 'elu', 'swish', 'tanh', 'sigmoid', 'swish']",389008791608,700,Adam,MaxAbsoluteDeviation,0.39181283116340637,0.4199656546115875,5.485289499978535
"[11, 17, 8, 15, 9, 8, 9]","['swish', 'elu', 'swish', 'tanh', 'sigmoid', 'swish', 'tanh']",38900879160819,700,Adam,MaxAbsoluteDeviation,0.30222952365875244,0.32934972643852234,5.815642099943943
"[11, 17, 8, 15, 9, 8, 9]","['swish', 'elu', 'swish', 'tanh', 'sigmoid', 'swish', 'tanh']",38900879160819,700,Adam,MaxAbsoluteDeviation,0.2662122845649719,0.17028401792049408,5.8270876000169665
"[11, 17, 8, 15, 9, 8, 9]","['swish', 'elu', 'swish', 'tanh', 'sigmoid', 'swish', 'tanh']",38900879160819,700,Adam,MaxAbsoluteDeviation,0.3998081088066101,0.25769421458244324,5.929932200000621
"[11, 17, 8, 15, 9, 8, 9, 11]","['swish', 'elu', 'swish', 'tanh', 'sigmoid', 'swish', 'tanh', 'elu']",3890087916081930,700,Adam,MaxAbsoluteDeviation,0.5932000279426575,0.5943312644958496,6.411034899996594
"[11, 17, 8, 15, 8, 8, 9, 11, 8]","['swish', 'elu', 'swish', 'tanh', 'sigmoid', 'swish', 'tanh', 'elu', 'sigmoid']",389008790608193006,231,Adam,MaxAbsoluteDeviation,0.5932000279426575,0.6084502935409546,2.79824140004348
"[11, 17, 8, 15, 9, 8, 9]","['swish', 'elu', 'swish', 'tanh', 'sigmoid', 'swish', 'tanh']",38900879160819,700,Adam,MaxAbsoluteDeviation,0.6280663013458252,0.5159359574317932,5.993200900033116
"[11, 17, 8, 15, 9, 8, 9]","['swish', 'elu', 'swish', 'tanh', 'sigmoid', 'swish', 'tanh']",38900879160819,700,Adam,MaxAbsoluteDeviation,0.3225623667240143,0.4653845727443695,5.753732500015758
"[11, 17, 8, 15, 9, 8, 9]","['swish', 'elu', 'swish', 'tanh', 'sigmoid', 'swish', 'tanh']",38900879160819,100,Adam,MaxAbsoluteDeviation,0.3225623667240143,0.5104556679725647,1.3893421000102535
"[11, 17, 8, 23, 9, 8, 9]","['swish', 'elu', 'swish', 'tanh', 'sigmoid', 'swish', 'tanh']",389008f9160819,700,Adam,MaxAbsoluteDeviation,0.3260495662689209,0.30865058302879333,5.763772199978121
"[11, 17, 8, 23, 9, 8, 9]","['swish', 'elu', 'swish', 'tanh', 'sigmoid', 'swish', 'tanh']",389008f9160819,700,Adam,MaxAbsoluteDeviation,0.3260495662689209,0.1528899371623993,5.800841400050558
"[11, 17, 8, 23, 9, 8]","['swish', 'elu', 'swish', 'tanh', 'sigmoid', 'swish']",389008f91608,700,Adam,MaxAbsoluteDeviation,0.3164878785610199,0.3110406994819641,5.355003600008786
"[11, 17, 8, 23, 9, 8]","['swish', 'elu', 'swish', 'tanh', 'sigmoid', 'swish']",389008f91608,700,Adam,MaxAbsoluteDeviation,0.43338775634765625,0.5014617443084717,5.392002500011586
"[11, 17, 8, 23, 9, 8]","['swish', 'elu', 'swish', 'tanh', 'sigmoid', 'swish']",389008f91608,700,Adam,MaxAbsoluteDeviation,0.2282288670539856,0.2951356768608093,5.2273664000676945
"[11, 17, 8, 23, 9, 8, 15]","['swish', 'elu', 'swish', 'tanh', 'sigmoid', 'swish', 'swish']",389008f9160878,700,Adam,MaxAbsoluteDeviation,0.4199901223182678,0.40994635224342346,5.546103799948469
"[11, 17, 8, 23, 9, 8, 23]","['swish', 'elu', 'swish', 'tanh', 'sigmoid', 'swish', 'swish']",389008f91608f8,700,Adam,MaxAbsoluteDeviation,0.85158771276474,0.2900656759738922,5.6475798999890685
"[11, 17, 8, 23, 9, 8]","['swish', 'elu', 'swish', 'tanh', 'sigmoid', 'swish']",389008f91608,700,Adam,MaxAbsoluteDeviation,0.41766783595085144,0.44395560026168823,5.112336999969557
"[11, 17, 8, 23, 9, 8]","['swish', 'elu', 'swish', 'tanh', 'sigmoid', 'swish']",389008f91608,700,Adam,MaxAbsoluteDeviation,0.2780110538005829,0.3986002206802368,5.224385599954985
"[11, 17, 8, 23, 9, 8]","['swish', 'elu', 'swish', 'tanh', 'sigmoid', 'swish']",389008f91608,208,Adam,MaxAbsoluteDeviation,0.25178229808807373,0.15686564147472382,1.930155900074169
"[11, 17, 8, 23, 9, 8]","['swish', 'elu', 'swish', 'tanh', 'sigmoid', 'swish']",389008f91608,700,Adam,MaxAbsoluteDeviation,0.28373947739601135,0.3300715684890747,5.045673699933104
"[23, 17, 8, 23, 9, 8]","['swish', 'elu', 'swish', 'tanh', 'sigmoid', 'swish']",f89008f91608,700,Adam,MaxAbsoluteDeviation,0.8485068678855896,0.5002120733261108,5.156372099998407
"[23, 17, 8, 23, 9, 8]","['swish', 'elu', 'swish', 'tanh', 'sigmoid', 'swish']",f89008f91608,700,Adam,MaxAbsoluteDeviation,0.37256333231925964,0.30500832200050354,5.095423699938692
"[23, 17, 8, 23, 8, 8]","['swish', 'elu', 'swish', 'tanh', 'sigmoid', 'swish']",f89008f90608,700,Adam,MaxAbsoluteDeviation,0.3929673135280609,0.41911301016807556,5.109523999970406
"[23, 17, 8, 23, 8, 8, 21]","['swish', 'elu', 'swish', 'tanh', 'sigmoid', 'swish', 'elu']",f89008f90608d0,700,Adam,MaxAbsoluteDeviation,0.3952287435531616,0.5000042915344238,5.389048599987291
"[23, 17, 8, 23, 8, 8, 21]","['swish', 'elu', 'swish', 'tanh', 'sigmoid', 'swish', 'elu']",f89008f90608d0,700,Adam,MaxAbsoluteDeviation,0.40269219875335693,0.21980832517147064,5.35399370000232
"[23, 17, 8, 23, 8, 8, 21]","['swish', 'elu', 'swish', 'tanh', 'sigmoid', 'swish', 'elu']",f89008f90608d0,700,Adam,MaxAbsoluteDeviation,0.31941163539886475,0.19581721723079681,5.4347999999299645
"[23, 17, 8, 23, 8, 8, 21]","['swish', 'elu', 'swish', 'tanh', 'sigmoid', 'swish', 'elu']",f89008f90608d0,699,Adam,MaxAbsoluteDeviation,0.4108547866344452,0.259854793548584,5.248484299983829
"[23, 17, 8, 23, 8, 8, 21]","['swish', 'elu', 'swish', 'tanh', 'sigmoid', 'tanh', 'elu']",f89008f90609d0,100,Adam,MaxAbsoluteDeviation,0.7701078653335571,0.6697507500648499,1.3207885000156239
"[23, 17, 8, 23, 8, 8, 21]","['swish', 'elu', 'swish', 'tanh', 'sigmoid', 'tanh', 'elu']",f89008f90609d0,100,Adam,MaxAbsoluteDeviation,0.8178616166114807,0.4073374569416046,1.3119248000439256
"[23, 17, 8, 8, 8, 8, 21]","['swish', 'elu', 'swish', 'tanh', 'sigmoid', 'tanh', 'elu']",f89008090609d0,100,Adam,MaxAbsoluteDeviation,0.6282802224159241,0.45750540494918823,1.298011500039138
"[23, 17, 8, 8, 8, 8, 21, 17]","['swish', 'elu', 'swish', 'sigmoid', 'sigmoid', 'tanh', 'elu', 'tanh']",f89008060609d099,100,Adam,MaxAbsoluteDeviation,1.6809113025665283,0.7128700017929077,1.4125866999384016
"[23, 17, 8, 8, 8, 8, 21]","['swish', 'elu', 'swish', 'sigmoid', 'sigmoid', 'tanh', 'elu']",f89008060609d0,100,Adam,MaxAbsoluteDeviation,0.5653535723686218,0.44850167632102966,1.3000104000093415
"[23, 17, 8, 23, 8, 8, 21]","['swish', 'elu', 'swish', 'sigmoid', 'sigmoid', 'tanh', 'elu']",f89008f60609d0,100,Adam,MaxAbsoluteDeviation,0.5653535723686218,0.8862985372543335,1.2855597999878228
"[23, 17, 8, 8, 8, 8, 10]","['swish', 'elu', 'swish', 'sigmoid', 'sigmoid', 'tanh', 'elu']",f8900806060920,100,Adam,MaxAbsoluteDeviation,0.4050387442111969,0.46171101927757263,1.2835495999315754
"[23, 17, 8, 8, 8, 23, 10]","['swish', 'elu', 'swish', 'sigmoid', 'sigmoid', 'tanh', 'elu']",f890080606f920,100,Adam,MaxAbsoluteDeviation,0.4775259494781494,0.5380222797393799,1.2862895000725985
"[23, 17, 8, 8, 8, 23, 10, 15]","['swish', 'elu', 'swish', 'sigmoid', 'sigmoid', 'tanh', 'elu', 'swish']",f890080606f92078,100,Adam,MaxAbsoluteDeviation,0.8638561964035034,0.46790650486946106,1.3921830999897793
"[23, 17, 8, 8, 8, 23, 10, 15]","['swish', 'elu', 'swish', 'sigmoid', 'sigmoid', 'tanh', 'elu', 'swish']",f890080606f92078,100,Adam,MaxAbsoluteDeviation,0.7667425274848938,0.7521545886993408,1.4092111999634653
"[23, 17, 8, 8, 8, 23, 10, 15, 13]","['swish', 'elu', 'swish', 'sigmoid', 'sigmoid', 'tanh', 'elu', 'swish', 'sigmoid']",f890080606f9207856,100,Adam,MaxAbsoluteDeviation,0.7667425274848938,4.591597557067871,1.5092763000866398
"[23, 17, 8, 8, 8, 23, 10, 15, 18]","['tanh', 'elu', 'swish', 'sigmoid', 'sigmoid', 'tanh', 'elu', 'swish', 'sigmoid']",f990080606f92078a6,100,Adam,MaxAbsoluteDeviation,0.7667425274848938,2.8157238960266113,1.488213500007987
"[23, 17, 23, 8, 8, 23, 10, 15]","['swish', 'elu', 'swish', 'sigmoid', 'sigmoid', 'sigmoid', 'elu', 'swish']",f890f80606f62078,100,Adam,MaxAbsoluteDeviation,0.38401493430137634,0.37589168548583984,1.4065671999705955
"[23, 8, 23, 8, 8, 23, 10, 15]","['swish', 'elu', 'swish', 'sigmoid', 'sigmoid', 'sigmoid', 'elu', 'swish']",f800f80606f62078,100,Adam,MaxAbsoluteDeviation,0.38401493430137634,0.6195555329322815,1.3900958000449464
"[23, 17, 23, 8, 8, 23, 10, 15, 11]","['swish', 'elu', 'swish', 'sigmoid', 'sigmoid', 'sigmoid', 'elu', 'swish', 'swish']",f890f80606f6207838,100,Adam,MaxAbsoluteDeviation,0.5915968418121338,0.3189004957675934,1.5174598000012338
"[23, 17, 23, 8, 8, 23, 10, 15, 11]","['swish', 'elu', 'swish', 'sigmoid', 'sigmoid', 'sigmoid', 'elu', 'swish', 'elu']",f890f80606f6207830,100,Adam,MaxAbsoluteDeviation,0.8403743505477905,0.8482251763343811,1.5007530000293627
"[23, 17, 23, 8, 8, 23, 10, 15, 11, 23]","['swish', 'elu', 'swish', 'sigmoid', 'sigmoid', 'sigmoid', 'elu', 'swish', 'elu', 'elu']",f890f80606f6207830f0,100,Adam,MaxAbsoluteDeviation,0.9957972168922424,0.6814704537391663,1.59578249999322
"[23, 8, 23, 8, 8, 23, 10, 15, 11, 23]","['swish', 'elu', 'swish', 'sigmoid', 'sigmoid', 'sigmoid', 'elu', 'swish', 'elu', 'elu']",f800f80606f6207830f0,100,Adam,MaxAbsoluteDeviation,0.8643894195556641,0.29673516750335693,1.5793484998866916
"[23, 8, 23, 8, 8, 23, 10, 15, 11]","['swish', 'elu', 'swish', 'sigmoid', 'sigmoid', 'sigmoid', 'elu', 'swish', 'elu']",f800f80606f6207830,100,Adam,MaxAbsoluteDeviation,1.386817455291748,0.5921877026557922,1.4944010999752209
"[23, 8, 23, 8, 8, 23, 10, 15, 11, 11]","['swish', 'elu', 'swish', 'sigmoid', 'sigmoid', 'sigmoid', 'elu', 'swish', 'elu', 'swish']",f800f80606f620783038,100,Adam,MaxAbsoluteDeviation,0.9516825079917908,0.2880655527114868,1.6141934999031946
"[23, 8, 23, 8, 8, 23, 10, 15, 11, 11, 9]","['swish', 'elu', 'swish', 'sigmoid', 'sigmoid', 'sigmoid', 'elu', 'swish', 'elu', 'swish', 'sigmoid']",f800f80606f62078303816,100,Adam,MaxAbsoluteDeviation,0.9516825079917908,7.428164005279541,1.6934604999842122
"[23, 8, 23, 8, 8, 23, 10, 15, 23, 11]","['swish', 'elu', 'swish', 'sigmoid', 'sigmoid', 'sigmoid', 'elu', 'swish', 'elu', 'swish']",f800f80606f62078f038,100,Adam,MaxAbsoluteDeviation,2.010798931121826,1.402437448501587,1.5973858999786898
"[23, 8, 23, 8, 8, 23, 10, 15, 23]","['swish', 'elu', 'swish', 'sigmoid', 'sigmoid', 'sigmoid', 'elu', 'swish', 'elu']",f800f80606f62078f0,100,Adam,MaxAbsoluteDeviation,1.4638618230819702,0.5916029214859009,1.5021843001013622
"[23, 8, 23, 8, 8, 23, 10, 15]","['swish', 'elu', 'swish', 'sigmoid', 'sigmoid', 'sigmoid', 'elu', 'swish']",f800f80606f62078,700,Adam,MaxAbsoluteDeviation,0.34875205159187317,0.20536114275455475,11.814020699937828
"[23, 8, 23, 8, 8, 23, 10]","['swish', 'elu', 'swish', 'sigmoid', 'sigmoid', 'sigmoid', 'elu']",f800f80606f620,700,Adam,MaxAbsoluteDeviation,0.32968395948410034,0.31748804450035095,7.04549060005229
"[23, 8, 23, 8, 8, 23, 10]","['swish', 'elu', 'swish', 'sigmoid', 'sigmoid', 'sigmoid', 'elu']",f800f80606f620,172,Adam,MaxAbsoluteDeviation,0.3814356327056885,0.3350386619567871,2.198272299952805
"[23, 8, 23, 8, 8, 23, 10]","['swish', 'elu', 'swish', 'sigmoid', 'sigmoid', 'sigmoid', 'elu']",f800f80606f620,172,Adam,MaxAbsoluteDeviation,0.4586763083934784,0.478587806224823,2.178067799890414
"[23, 8, 23, 8, 8, 23, 10]","['swish', 'elu', 'swish', 'sigmoid', 'sigmoid', 'sigmoid', 'elu']",f800f80606f620,100,Adam,MaxAbsoluteDeviation,0.7071543335914612,0.8283540606498718,1.5334313999628648
"[23, 8, 23, 8, 8, 23, 10]","['swish', 'tanh', 'swish', 'sigmoid', 'sigmoid', 'sigmoid', 'elu']",f809f80606f620,100,Adam,MaxAbsoluteDeviation,0.4235479533672333,0.24512460827827454,1.5465520999860018
"[23, 8, 23, 8, 8, 23, 10]","['swish', 'tanh', 'swish', 'sigmoid', 'sigmoid', 'sigmoid', 'elu']",f809f80606f620,100,Adam,MaxAbsoluteDeviation,0.4332338869571686,0.26293817162513733,1.5326513999607414
"[23, 8, 23, 8, 8, 23, 10]","['swish', 'tanh', 'swish', 'sigmoid', 'sigmoid', 'sigmoid', 'elu']",f809f80606f620,100,Adam,MaxAbsoluteDeviation,0.4332338869571686,0.7634297609329224,1.542210700106807
"[23, 8, 23, 8, 8, 23, 10, 17]","['swish', 'tanh', 'swish', 'sigmoid', 'sigmoid', 'sigmoid', 'elu', 'tanh']",f809f80606f62099,100,Adam,MaxAbsoluteDeviation,0.4332338869571686,0.8820587396621704,1.679717699997127
"[23, 8, 23, 8, 8, 23, 10]","['swish', 'tanh', 'swish', 'sigmoid', 'sigmoid', 'sigmoid', 'elu']",f809f80606f620,100,Adam,MaxAbsoluteDeviation,0.7000932097434998,0.38668930530548096,1.5212988998973742
"[23, 8, 23, 8, 8, 23, 10]","['swish', 'tanh', 'swish', 'sigmoid', 'sigmoid', 'sigmoid', 'elu']",f809f80606f620,100,Adam,MaxAbsoluteDeviation,0.5887357592582703,0.3942869007587433,1.5182779000606388
"[23, 8, 23, 8, 8, 23, 8]","['swish', 'tanh', 'swish', 'sigmoid', 'sigmoid', 'sigmoid', 'elu']",f809f80606f600,100,Adam,MaxAbsoluteDeviation,0.3858138918876648,0.5552121996879578,1.523910199990496
"[23, 8, 23, 8, 8, 23, 8, 17]","['swish', 'tanh', 'swish', 'sigmoid', 'sigmoid', 'sigmoid', 'elu', 'tanh']",f809f80606f60099,100,Adam,MaxAbsoluteDeviation,0.8109456300735474,0.30186641216278076,1.6672197999432683
"[23, 8, 23, 8, 8, 8, 8, 17]","['swish', 'tanh', 'swish', 'sigmoid', 'sigmoid', 'sigmoid', 'elu', 'tanh']",f809f80606060099,100,Adam,MaxAbsoluteDeviation,1.2459592819213867,0.8770546317100525,1.6679721999680623
"[23, 8, 23, 8, 8, 8, 8]","['swish', 'tanh', 'swish', 'sigmoid', 'sigmoid', 'sigmoid', 'elu']",f809f806060600,100,Adam,MaxAbsoluteDeviation,0.8169547915458679,0.36520081758499146,1.5223722999216989
"[23, 8, 23, 8, 8, 8, 8, 16]","['swish', 'tanh', 'swish', 'sigmoid', 'sigmoid', 'sigmoid', 'elu', 'elu']",f809f80606060080,100,Adam,MaxAbsoluteDeviation,0.5377951860427856,0.25475025177001953,1.6521787999663502
"[23, 8, 23, 8, 8, 8, 8, 16]","['swish', 'tanh', 'swish', 'sigmoid', 'sigmoid', 'sigmoid', 'elu', 'elu']",f809f80606060080,100,Adam,MaxAbsoluteDeviation,1.0607430934906006,0.550676703453064,1.6532514999853447
"[23, 8, 23, 8, 8, 8, 8, 16]","['swish', 'tanh', 'swish', 'sigmoid', 'sigmoid', 'sigmoid', 'elu', 'elu']",f809f80606060080,700,Adam,MaxAbsoluteDeviation,0.3551596999168396,0.14049576222896576,7.328586500021629
"[23, 8, 23, 8, 8, 8, 8, 16]","['swish', 'tanh', 'swish', 'sigmoid', 'sigmoid', 'sigmoid', 'elu', 'elu']",f809f80606060080,700,Adam,MaxAbsoluteDeviation,0.3551596999168396,0.26622188091278076,7.222570799989626
"[23, 8, 23, 8, 8, 8, 8, 16]","['swish', 'tanh', 'swish', 'sigmoid', 'sigmoid', 'sigmoid', 'sigmoid', 'elu']",f809f80606060680,219,Adam,MaxAbsoluteDeviation,0.6347506642341614,0.31412750482559204,2.755263900035061
"[23, 8, 23, 8, 8, 8, 8, 16]","['swish', 'tanh', 'swish', 'sigmoid', 'sigmoid', 'sigmoid', 'sigmoid', 'elu']",f809f80606060680,219,Adam,MaxAbsoluteDeviation,0.5062412619590759,0.2863193154335022,2.723061900003813
"[23, 8, 23, 8, 8, 8, 8, 16]","['swish', 'tanh', 'swish', 'sigmoid', 'sigmoid', 'sigmoid', 'sigmoid', 'elu']",f809f80606060680,700,Adam,MaxAbsoluteDeviation,0.34597280621528625,0.23599965870380402,7.370407399954274
"[23, 8, 23, 8, 8, 8, 8, 16]","['swish', 'tanh', 'swish', 'sigmoid', 'sigmoid', 'sigmoid', 'sigmoid', 'elu']",f809f80606060680,212,Adam,MaxAbsoluteDeviation,0.34597280621528625,0.8101141452789307,2.638517800020054
"[23, 8, 23, 8, 8, 8, 8, 16]","['swish', 'tanh', 'swish', 'sigmoid', 'sigmoid', 'sigmoid', 'sigmoid', 'elu']",f809f80606060680,700,Adam,MaxAbsoluteDeviation,0.2803802490234375,0.28587159514427185,7.293040100019425
"[23, 8, 23, 8, 8, 8, 8, 16, 10]","['swish', 'tanh', 'swish', 'sigmoid', 'sigmoid', 'sigmoid', 'sigmoid', 'elu', 'swish']",f809f8060606068028,457,Adam,MaxAbsoluteDeviation,0.6629339456558228,0.6890038847923279,5.364481199998409
"[23, 8, 23, 8, 8, 8, 8, 16, 10]","['swish', 'tanh', 'swish', 'sigmoid', 'sigmoid', 'sigmoid', 'sigmoid', 'elu', 'swish']",f809f8060606068028,373,Adam,MaxAbsoluteDeviation,0.4642013609409332,0.3398933410644531,4.524689799989574
"[23, 8, 23, 8, 8, 8, 8, 16, 10]","['swish', 'tanh', 'swish', 'sigmoid', 'sigmoid', 'sigmoid', 'sigmoid', 'elu', 'swish']",f809f8060606068028,700,Adam,MaxAbsoluteDeviation,0.5614067316055298,0.36871281266212463,7.7130756000988185
"[23, 8, 23, 8, 8, 8, 8, 16, 10]","['swish', 'tanh', 'swish', 'sigmoid', 'sigmoid', 'sigmoid', 'sigmoid', 'elu', 'swish']",f809f8060606068028,700,Adam,MaxAbsoluteDeviation,0.3500104248523712,0.17546571791172028,7.58098389999941
"[23, 8, 23, 8, 8, 8, 8, 16]","['swish', 'tanh', 'swish', 'sigmoid', 'sigmoid', 'sigmoid', 'sigmoid', 'elu']",f809f80606060680,700,Adam,MaxAbsoluteDeviation,0.5585695505142212,0.6744609475135803,7.218486299971119
"[23, 8, 23, 8, 8, 8, 8, 16]","['swish', 'tanh', 'swish', 'sigmoid', 'tanh', 'sigmoid', 'sigmoid', 'elu']",f809f80609060680,700,Adam,MaxAbsoluteDeviation,0.31642037630081177,0.14196288585662842,7.078775700065307
"[23, 8, 23, 8, 8, 8, 8, 16]","['swish', 'tanh', 'swish', 'sigmoid', 'tanh', 'sigmoid', 'sigmoid', 'elu']",f809f80609060680,700,Adam,MaxAbsoluteDeviation,0.3242034316062927,0.2702721655368805,7.189533600001596
"[23, 8, 23, 8, 8, 8, 8]","['swish', 'tanh', 'swish', 'sigmoid', 'tanh', 'sigmoid', 'sigmoid']",f809f806090606,700,Adam,MaxAbsoluteDeviation,0.26071691513061523,0.226932093501091,6.57032319996506
"[23, 8, 23, 8, 8, 8, 8]","['swish', 'tanh', 'elu', 'sigmoid', 'tanh', 'sigmoid', 'sigmoid']",f809f006090606,700,Adam,MaxAbsoluteDeviation,0.3733943700790405,0.2051369547843933,6.518297599977814
"[23, 8, 23, 8, 8, 8, 8, 13]","['swish', 'tanh', 'elu', 'sigmoid', 'tanh', 'sigmoid', 'sigmoid', 'tanh']",f809f00609060659,700,Adam,MaxAbsoluteDeviation,0.45024362206459045,0.22483891248703003,6.867310200002976
"[23, 8, 23, 8, 8, 8, 8]","['swish', 'tanh', 'elu', 'sigmoid', 'tanh', 'sigmoid', 'sigmoid']",f809f006090606,700,Adam,MaxAbsoluteDeviation,0.30983689427375793,0.22090508043766022,6.454561299993657
"[23, 8, 23, 8, 8, 8, 8]","['swish', 'tanh', 'elu', 'sigmoid', 'tanh', 'sigmoid', 'sigmoid']",f809f006090606,700,Adam,MaxAbsoluteDeviation,0.415680468082428,0.44459864497184753,6.410940799978562
"[23, 8, 23, 8, 8, 8, 8, 20]","['swish', 'tanh', 'elu', 'sigmoid', 'tanh', 'sigmoid', 'sigmoid', 'elu']",f809f006090606c0,700,Adam,MaxAbsoluteDeviation,0.7969745993614197,0.5665283203125,7.087386899976991
"[23, 8, 23, 8, 8, 8, 8, 20, 22]","['swish', 'tanh', 'elu', 'sigmoid', 'tanh', 'sigmoid', 'sigmoid', 'elu', 'tanh']",f809f006090606c0e9,700,Adam,MaxAbsoluteDeviation,0.37727436423301697,0.45805624127388,7.603864400065504
"[23, 8, 23, 8, 8, 8, 8, 20, 22]","['swish', 'tanh', 'elu', 'sigmoid', 'swish', 'sigmoid', 'sigmoid', 'elu', 'tanh']",f809f006080606c0e9,429,Adam,MaxAbsoluteDeviation,0.41568106412887573,0.38371673226356506,4.925507099949755
"[23, 8, 23, 8, 8, 8, 23, 20, 22]","['swish', 'tanh', 'elu', 'sigmoid', 'swish', 'sigmoid', 'sigmoid', 'elu', 'tanh']",f809f0060806f6c0e9,429,Adam,MaxAbsoluteDeviation,1.0417393445968628,1.1619138717651367,4.842062500072643
"[23, 8, 23, 8, 8, 8, 23, 8, 22]","['swish', 'tanh', 'elu', 'sigmoid', 'swish', 'sigmoid', 'sigmoid', 'elu', 'tanh']",f809f0060806f600e9,429,Adam,MaxAbsoluteDeviation,0.6724261045455933,0.2688749432563782,4.846102999988943
"[23, 8, 23, 8, 8, 8, 23, 8, 22]","['swish', 'tanh', 'elu', 'sigmoid', 'swish', 'sigmoid', 'sigmoid', 'elu', 'tanh']",f809f0060806f600e9,429,Adam,MaxAbsoluteDeviation,0.4933900833129883,0.4210408329963684,4.837295300094411
"[23, 8, 23, 8, 8, 8, 23, 8, 22]","['swish', 'swish', 'elu', 'sigmoid', 'swish', 'sigmoid', 'sigmoid', 'elu', 'tanh']",f808f0060806f600e9,429,Adam,MaxAbsoluteDeviation,1.028744101524353,0.9541528224945068,4.912324099917896
"[23, 8, 23, 8, 8, 8, 23, 8]","['swish', 'swish', 'elu', 'sigmoid', 'swish', 'sigmoid', 'sigmoid', 'elu']",f808f0060806f600,429,Adam,MaxAbsoluteDeviation,0.4710822105407715,0.26176831126213074,4.48380529996939
"[23, 8, 23, 8, 8, 8, 23, 8]","['swish', 'swish', 'elu', 'sigmoid', 'swish', 'sigmoid', 'sigmoid', 'elu']",f808f0060806f600,429,Adam,MaxAbsoluteDeviation,0.2751345932483673,0.14565125107765198,4.4890573999146
"[8, 8, 23, 8, 8, 8, 23, 8, 9]","['swish', 'swish', 'elu', 'sigmoid', 'swish', 'sigmoid', 'sigmoid', 'elu', 'sigmoid']",0808f0060806f60016,429,Adam,MaxAbsoluteDeviation,0.8294422030448914,0.5170254707336426,4.820285400026478
"[8, 8, 23, 8, 8, 8, 23, 8, 9]","['swish', 'swish', 'elu', 'sigmoid', 'swish', 'sigmoid', 'sigmoid', 'elu', 'sigmoid']",0808f0060806f60016,100,Adam,MaxAbsoluteDeviation,0.8294422030448914,7.008038520812988,1.7410807999549434
"[8, 8, 23, 8, 8, 8, 23, 23, 9]","['swish', 'swish', 'elu', 'sigmoid', 'swish', 'sigmoid', 'sigmoid', 'elu', 'sigmoid']",0808f0060806f6f016,188,Adam,MaxAbsoluteDeviation,0.8294422030448914,7.470662593841553,2.5656855000415817
"[8, 8, 23, 8, 8, 8, 23, 8]","['swish', 'swish', 'elu', 'sigmoid', 'swish', 'sigmoid', 'sigmoid', 'elu']",0808f0060806f600,429,Adam,MaxAbsoluteDeviation,0.7133848071098328,0.08424078673124313,4.483232300030068
"[8, 8, 23, 8, 8, 8, 23]","['swish', 'swish', 'elu', 'sigmoid', 'swish', 'sigmoid', 'sigmoid']",0808f0060806f6,429,Adam,MaxAbsoluteDeviation,0.18783245980739594,0.34028172492980957,4.110723600024357
"[8, 8, 23, 8, 8, 8, 23]","['swish', 'swish', 'elu', 'sigmoid', 'swish', 'sigmoid', 'sigmoid']",0808f0060806f6,100,Adam,MaxAbsoluteDeviation,0.554494321346283,0.30514395236968994,1.4872998000355437
"[8, 8, 23, 8, 8, 8, 23]","['swish', 'swish', 'elu', 'sigmoid', 'swish', 'sigmoid', 'sigmoid']",0808f0060806f6,700,Adam,MaxAbsoluteDeviation,0.2970942556858063,0.11076441407203674,6.368732500006445
"[8, 8, 23, 8, 8, 8, 23]","['swish', 'swish', 'elu', 'sigmoid', 'swish', 'sigmoid', 'sigmoid']",0808f0060806f6,700,Adam,MaxAbsoluteDeviation,0.43218475580215454,0.31679677963256836,6.377138099982403
"[8, 8, 23, 8, 8, 8, 23]","['swish', 'swish', 'tanh', 'sigmoid', 'swish', 'sigmoid', 'sigmoid']",0808f9060806f6,700,Adam,MaxAbsoluteDeviation,0.2497316300868988,0.2387133240699768,6.306529500056058
"[8, 8, 23, 23, 8, 8, 23]","['swish', 'swish', 'tanh', 'sigmoid', 'swish', 'sigmoid', 'sigmoid']",0808f9f60806f6,145,Adam,MaxAbsoluteDeviation,0.2497316300868988,0.6292189359664917,1.8366987999761477
"[8, 8, 23, 8, 8, 8, 23, 22]","['swish', 'swish', 'tanh', 'sigmoid', 'elu', 'sigmoid', 'sigmoid', 'sigmoid']",0808f9060006f6e6,700,Adam,MaxAbsoluteDeviation,0.4554142355918884,0.5118685960769653,6.893760399892926
"[8, 8, 23, 8, 8, 8, 23]","['swish', 'swish', 'tanh', 'sigmoid', 'elu', 'sigmoid', 'sigmoid']",0808f9060006f6,700,Adam,MaxAbsoluteDeviation,0.5314923524856567,0.3076610267162323,6.3479805999668315
"[8, 8, 23, 8, 8, 8, 23]","['swish', 'swish', 'tanh', 'sigmoid', 'elu', 'sigmoid', 'sigmoid']",0808f9060006f6,643,Adam,MaxAbsoluteDeviation,0.45903411507606506,0.4898437559604645,5.936637599952519
"[8, 8, 23, 8, 8, 23, 23]","['swish', 'swish', 'tanh', 'sigmoid', 'elu', 'sigmoid', 'sigmoid']",0808f90600f6f6,643,Adam,MaxAbsoluteDeviation,0.34134310483932495,0.3033820688724518,5.913142699981108
"[8, 8, 23, 8, 8, 8]","['swish', 'swish', 'tanh', 'sigmoid', 'elu', 'sigmoid']",0808f9060006,615,Adam,MaxAbsoluteDeviation,0.21469011902809143,0.16390617191791534,5.122932999976911
"[8, 8, 23, 8, 8, 8, 18]","['swish', 'swish', 'tanh', 'sigmoid', 'elu', 'sigmoid', 'elu']",0808f9060006a0,615,Adam,MaxAbsoluteDeviation,0.2946412265300751,0.1721503883600235,5.735119199962355
"[8, 8, 23, 8, 8, 8, 18]","['swish', 'swish', 'tanh', 'sigmoid', 'elu', 'sigmoid', 'elu']",0808f9060006a0,615,Adam,MaxAbsoluteDeviation,0.5004506707191467,0.6033217310905457,5.6440213999012485
"[8, 8, 23, 8, 8, 8, 18]","['swish', 'swish', 'tanh', 'sigmoid', 'elu', 'sigmoid', 'elu']",0808f9060006a0,615,Adam,MaxAbsoluteDeviation,0.3113075792789459,0.2909505069255829,5.6187096000649035
"[8, 8, 23, 8, 8, 8, 18]","['swish', 'swish', 'tanh', 'sigmoid', 'elu', 'sigmoid', 'elu']",0808f9060006a0,700,Adam,MaxAbsoluteDeviation,0.4683021008968353,0.5048404932022095,6.3006791999796405
"[8, 8, 23, 8, 8, 8, 18]","['swish', 'swish', 'tanh', 'sigmoid', 'elu', 'sigmoid', 'sigmoid']",0808f9060006a6,511,Adam,MaxAbsoluteDeviation,0.5827441811561584,0.40852102637290955,4.797911999979988
"[8, 8, 23, 8, 8, 8, 18]","['swish', 'swish', 'tanh', 'sigmoid', 'elu', 'sigmoid', 'sigmoid']",0808f9060006a6,511,Adam,MaxAbsoluteDeviation,0.3453963100910187,0.2782670259475708,4.859554200083949
"[8, 8, 23, 8, 8, 8, 18]","['swish', 'swish', 'tanh', 'sigmoid', 'elu', 'sigmoid', 'sigmoid']",0808f9060006a6,208,Adam,MaxAbsoluteDeviation,0.3453963100910187,0.371185302734375,2.3041856999043375
"[8, 8, 23, 8, 8, 8, 18]","['swish', 'swish', 'tanh', 'sigmoid', 'elu', 'sigmoid', 'sigmoid']",0808f9060006a6,511,Adam,MaxAbsoluteDeviation,0.3453963100910187,0.24582499265670776,4.664346200064756
"[8, 8, 23, 8, 8, 8, 18, 14]","['swish', 'swish', 'tanh', 'sigmoid', 'elu', 'sigmoid', 'sigmoid', 'tanh']",0808f9060006a669,700,Adam,MaxAbsoluteDeviation,0.4166390001773834,0.29738709330558777,6.783501900034025
"[8, 8, 23, 8, 8, 8, 18, 14]","['swish', 'swish', 'tanh', 'sigmoid', 'elu', 'sigmoid', 'sigmoid', 'tanh']",0808f9060006a669,700,Adam,MaxAbsoluteDeviation,0.2982066869735718,0.3151542544364929,6.7217149999924
"[8, 8, 23, 8, 8, 8, 18, 14, 10]","['swish', 'swish', 'tanh', 'sigmoid', 'elu', 'sigmoid', 'sigmoid', 'tanh', 'tanh']",0808f9060006a66929,700,Adam,MaxAbsoluteDeviation,0.2982066869735718,0.6084867715835571,7.241603999980725
"[8, 8, 23, 8, 23, 8, 18, 14]","['swish', 'swish', 'tanh', 'sigmoid', 'elu', 'sigmoid', 'sigmoid', 'tanh']",0808f906f006a669,333,Adam,MaxAbsoluteDeviation,0.2982066869735718,0.47792428731918335,3.5725220000604168
"[8, 8, 23, 8, 8, 8, 18, 14]","['swish', 'swish', 'tanh', 'sigmoid', 'elu', 'sigmoid', 'sigmoid', 'swish']",0808f9060006a668,454,Adam,MaxAbsoluteDeviation,0.41567885875701904,0.36041027307510376,4.622262999997474
"[8, 8, 23, 8, 8, 8, 18]","['swish', 'swish', 'tanh', 'sigmoid', 'elu', 'sigmoid', 'sigmoid']",0808f9060006a6,454,Adam,MaxAbsoluteDeviation,0.29009053111076355,0.30502375960350037,9.084659399930388
"[8, 23, 23, 8, 8, 8, 18]","['swish', 'swish', 'tanh', 'sigmoid', 'elu', 'sigmoid', 'sigmoid']",08f8f9060006a6,454,Adam,MaxAbsoluteDeviation,0.3325173556804657,0.31964242458343506,4.665256600012071
"[8, 23, 23, 8, 8, 8, 18]","['swish', 'swish', 'tanh', 'sigmoid', 'elu', 'sigmoid', 'sigmoid']",08f8f9060006a6,700,Adam,MaxAbsoluteDeviation,0.34100791811943054,0.2811127305030823,6.979613000061363
"[8, 23, 23, 8, 8, 8, 18]","['swish', 'swish', 'tanh', 'sigmoid', 'elu', 'sigmoid', 'sigmoid']",08f8f9060006a6,700,Adam,MaxAbsoluteDeviation,0.26316338777542114,0.41496607661247253,6.961290200008079
"[8, 23, 23, 8, 8, 8, 18, 21]","['swish', 'swish', 'tanh', 'sigmoid', 'elu', 'sigmoid', 'sigmoid', 'tanh']",08f8f9060006a6d9,700,Adam,MaxAbsoluteDeviation,0.3114572763442993,0.24444742500782013,7.55858700000681
"[8, 23, 8, 8, 8, 8, 18, 21]","['swish', 'swish', 'tanh', 'sigmoid', 'elu', 'sigmoid', 'sigmoid', 'tanh']",08f809060006a6d9,700,Adam,MaxAbsoluteDeviation,0.41886836290359497,0.270888090133667,7.51013240008615
"[8, 23, 8, 8, 8, 8, 18, 21]","['swish', 'swish', 'tanh', 'sigmoid', 'elu', 'sigmoid', 'sigmoid', 'tanh']",08f809060006a6d9,700,Adam,MaxAbsoluteDeviation,0.3161056637763977,0.17994916439056396,7.392566499998793
"[8, 23, 8, 8, 8, 8, 18]","['swish', 'swish', 'tanh', 'sigmoid', 'elu', 'sigmoid', 'sigmoid']",08f809060006a6,700,Adam,MaxAbsoluteDeviation,0.3672751784324646,0.11837705224752426,6.949449899955653
"[8, 23, 8, 8, 8, 8, 18, 18, 10]","['swish', 'swish', 'tanh', 'sigmoid', 'elu', 'sigmoid', 'sigmoid', 'swish', 'tanh']",08f809060006a6a829,700,Adam,MaxAbsoluteDeviation,0.3672751784324646,7.354575157165527,8.182006499962881
"[8, 23, 8, 8, 8, 8, 18]","['swish', 'swish', 'tanh', 'sigmoid', 'elu', 'sigmoid', 'sigmoid']",08f809060006a6,100,Adam,MaxAbsoluteDeviation,0.3672751784324646,2.206247568130493,1.5217267000116408
"[8, 23, 8, 8, 8, 8, 18]","['swish', 'swish', 'tanh', 'sigmoid', 'elu', 'sigmoid', 'sigmoid']",08f809060006a6,557,Adam,MaxAbsoluteDeviation,0.3526899218559265,0.22989997267723083,5.498426500009373
"[8, 23, 8, 8, 8, 8, 18, 21]","['swish', 'swish', 'tanh', 'sigmoid', 'elu', 'swish', 'sigmoid', 'elu']",08f809060008a6d0,700,Adam,MaxAbsoluteDeviation,1.049130916595459,0.5368025898933411,7.4715672000311315
"[8, 23, 8, 8, 8, 8, 18, 8]","['swish', 'swish', 'tanh', 'sigmoid', 'elu', 'swish', 'sigmoid', 'elu']",08f809060008a600,700,Adam,MaxAbsoluteDeviation,0.5812835693359375,0.2536817789077759,7.51251010003034
"[8, 23, 8, 8, 8, 8, 18, 8, 9]","['swish', 'swish', 'tanh', 'sigmoid', 'elu', 'swish', 'sigmoid', 'elu', 'sigmoid']",08f809060008a60016,700,Adam,MaxAbsoluteDeviation,0.5812835693359375,0.3001551926136017,8.110414700000547
"[8, 23, 8, 8, 8, 8, 18, 8]","['swish', 'swish', 'tanh', 'elu', 'elu', 'swish', 'sigmoid', 'elu']",08f809000008a600,598,Adam,MaxAbsoluteDeviation,0.5460512042045593,0.29948607087135315,6.370541899930686
"[8, 23, 8, 8, 8, 8, 18, 8]","['swish', 'swish', 'tanh', 'elu', 'elu', 'swish', 'sigmoid', 'elu']",08f809000008a600,700,Adam,MaxAbsoluteDeviation,0.23492147028446198,0.10530105233192444,7.526188199990429
"[8, 23, 8, 8, 8, 8, 18, 8]","['swish', 'swish', 'tanh', 'elu', 'elu', 'swish', 'sigmoid', 'elu']",08f809000008a600,700,Adam,MaxAbsoluteDeviation,0.23492147028446198,0.3641740381717682,7.537361099966802
"[8, 8, 8, 8, 8, 8, 18, 8]","['swish', 'swish', 'tanh', 'elu', 'elu', 'swish', 'sigmoid', 'elu']",080809000008a600,700,Adam,MaxAbsoluteDeviation,0.5755783915519714,0.262347549200058,7.4346047000726685
"[8, 8, 8, 8, 8, 8, 18, 8, 14]","['swish', 'swish', 'tanh', 'elu', 'elu', 'swish', 'sigmoid', 'elu', 'elu']",080809000008a60060,700,Adam,MaxAbsoluteDeviation,0.5820342898368835,0.4585568606853485,7.971496399957687
"[8, 8, 8, 8, 8, 8, 18, 8, 8]","['swish', 'swish', 'tanh', 'elu', 'elu', 'swish', 'sigmoid', 'elu', 'elu']",080809000008a60000,700,Adam,MaxAbsoluteDeviation,0.2944420278072357,0.3501093089580536,7.94486369995866
"[8, 8, 8, 8, 8, 8, 18, 8, 8]","['swish', 'swish', 'tanh', 'elu', 'elu', 'swish', 'sigmoid', 'elu', 'elu']",080809000008a60000,356,Adam,MaxAbsoluteDeviation,0.40967926383018494,0.22695088386535645,4.381755799986422
"[8, 8, 8, 8, 23, 8, 18, 8, 8]","['swish', 'swish', 'tanh', 'elu', 'elu', 'swish', 'sigmoid', 'elu', 'elu']",08080900f008a60000,356,Adam,MaxAbsoluteDeviation,0.40967926383018494,0.18083609640598297,4.386692800093442
"[8, 23, 8, 8, 8, 8, 18, 8]","['swish', 'swish', 'tanh', 'elu', 'elu', 'swish', 'sigmoid', 'elu']",08f809000008a600,356,Adam,MaxAbsoluteDeviation,0.4026021957397461,0.6372576951980591,4.0641189001034945
"[8, 23, 8, 8, 8, 8, 23, 8]","['swish', 'swish', 'tanh', 'elu', 'elu', 'swish', 'sigmoid', 'elu']",08f809000008f600,356,Adam,MaxAbsoluteDeviation,0.4026021957397461,7.3549957275390625,4.066262799897231
"[8, 23, 8, 8, 8, 8, 18, 8]","['swish', 'swish', 'tanh', 'elu', 'elu', 'swish', 'sigmoid', 'elu']",08f809000008a600,356,Adam,MaxAbsoluteDeviation,0.6404464840888977,0.6236802339553833,4.006622500019148
"[8, 23, 8, 8, 8, 8, 18, 8]","['swish', 'swish', 'tanh', 'elu', 'elu', 'swish', 'tanh', 'elu']",08f809000008a900,356,Adam,MaxAbsoluteDeviation,0.3703748881816864,0.5065980553627014,4.022447800030932
"[8, 23, 8, 8, 8, 8, 18, 8, 8]","['swish', 'swish', 'tanh', 'elu', 'elu', 'swish', 'tanh', 'elu', 'sigmoid']",08f809000008a90006,356,Adam,MaxAbsoluteDeviation,0.3703748881816864,1.382951259613037,4.271275499952026
"[8, 23, 8, 8, 8, 8, 18, 8]","['swish', 'swish', 'tanh', 'elu', 'elu', 'swish', 'tanh', 'elu']",08f809000008a900,282,Adam,MaxAbsoluteDeviation,0.6399205327033997,0.7962419986724854,3.333239799947478
"[8, 23, 8, 8, 8, 23, 18, 8]","['swish', 'swish', 'tanh', 'elu', 'elu', 'swish', 'tanh', 'elu']",08f8090000f8a900,282,Adam,MaxAbsoluteDeviation,0.3464951515197754,0.25476744771003723,3.3504996000556275
"[8, 23, 8, 8, 8, 23, 18, 8]","['swish', 'swish', 'tanh', 'elu', 'elu', 'swish', 'tanh', 'elu']",08f8090000f8a900,700,Adam,MaxAbsoluteDeviation,0.6804423928260803,0.26757094264030457,7.329210500000045
"[8, 23, 8, 23, 8, 23, 18, 8]","['swish', 'swish', 'tanh', 'elu', 'elu', 'swish', 'tanh', 'elu']",08f809f000f8a900,700,Adam,MaxAbsoluteDeviation,0.7491782903671265,0.6229715347290039,7.243470999994315
"[8, 23, 8, 23, 8, 23, 18, 8]","['swish', 'swish', 'tanh', 'elu', 'elu', 'swish', 'tanh', 'elu']",08f809f000f8a900,700,Adam,MaxAbsoluteDeviation,0.42556238174438477,0.5303738713264465,7.2463816000381485
"[8, 23, 8, 23, 8, 23, 18, 8]","['swish', 'swish', 'tanh', 'elu', 'elu', 'swish', 'tanh', 'elu']",08f809f000f8a900,301,Adam,MaxAbsoluteDeviation,0.42556238174438477,7.441434860229492,3.5013754999963567
"[8, 23, 8, 23, 8, 23, 18, 8]","['swish', 'swish', 'tanh', 'elu', 'elu', 'swish', 'tanh', 'elu']",08f809f000f8a900,148,Adam,MaxAbsoluteDeviation,0.42556238174438477,1.0094507932662964,2.1015625
"[8, 23, 8, 23, 8, 23, 18, 8]","['swish', 'swish', 'tanh', 'elu', 'elu', 'swish', 'tanh', 'elu']",08f809f000f8a900,700,Adam,MaxAbsoluteDeviation,0.5187591314315796,0.5172441005706787,7.280521800043061
"[8, 23, 8, 23, 8, 23, 18, 8]","['swish', 'swish', 'tanh', 'elu', 'elu', 'swish', 'tanh', 'elu']",08f809f000f8a900,408,Adam,MaxAbsoluteDeviation,0.5187591314315796,7.4246110916137695,4.448334599961527
"[8, 23, 8, 23, 8, 23, 18, 8]","['swish', 'swish', 'tanh', 'elu', 'elu', 'swish', 'tanh', 'elu']",08f809f000f8a900,700,Adam,MaxAbsoluteDeviation,0.5187591314315796,7.5822224617004395,7.289637400070205
"[8, 23, 8, 23, 8, 23, 18, 8]","['swish', 'swish', 'tanh', 'elu', 'elu', 'swish', 'tanh', 'elu']",08f809f000f8a900,700,Adam,MaxAbsoluteDeviation,0.5187591314315796,7.306509494781494,7.139567599981092
"[8, 23, 8, 23, 8, 23, 18]","['swish', 'swish', 'tanh', 'elu', 'elu', 'swish', 'tanh']",08f809f000f8a9,700,Adam,MaxAbsoluteDeviation,0.6963742971420288,0.38810425996780396,6.5236364000011235
"[8, 23, 8, 23, 8, 23, 18]","['swish', 'swish', 'tanh', 'elu', 'elu', 'swish', 'tanh']",08f809f000f8a9,694,Adam,MaxAbsoluteDeviation,0.6745750904083252,0.6626694202423096,6.449815500061959
"[8, 8, 8, 23, 8, 23, 18]","['swish', 'swish', 'tanh', 'elu', 'elu', 'swish', 'tanh']",080809f000f8a9,694,Adam,MaxAbsoluteDeviation,0.6745750904083252,7.346259117126465,6.478591100079939
"[8, 23, 8, 23, 8, 23, 18]","['swish', 'swish', 'tanh', 'elu', 'elu', 'swish', 'tanh']",08f809f000f8a9,700,Adam,MaxAbsoluteDeviation,0.6353384256362915,0.6019676923751831,6.481759099988267
"[8, 23, 8, 23, 8, 23]","['swish', 'swish', 'tanh', 'elu', 'elu', 'swish']",08f809f000f8,700,Adam,MaxAbsoluteDeviation,0.5192996263504028,0.20411138236522675,5.900676899938844
"[8, 23, 8, 23, 8, 23, 15]","['swish', 'swish', 'tanh', 'elu', 'elu', 'swish', 'tanh']",08f809f000f879,700,Adam,MaxAbsoluteDeviation,0.5192996263504028,7.437696933746338,6.413203899981454
"[8, 23, 8, 23, 8, 23]","['swish', 'swish', 'tanh', 'elu', 'elu', 'swish']",08f809f000f8,419,Adam,MaxAbsoluteDeviation,0.5361113548278809,0.2765945494174957,3.6606726000318304
"[8, 23, 8, 23, 8]","['swish', 'swish', 'tanh', 'elu', 'elu']",08f809f000,419,Adam,MaxAbsoluteDeviation,0.33675357699394226,0.11679737269878387,3.4143941999645904
"[8, 23, 23, 23, 8]","['swish', 'swish', 'tanh', 'elu', 'elu']",08f8f9f000,419,Adam,MaxAbsoluteDeviation,0.33675357699394226,0.47712159156799316,3.348300800076686
"[8, 23, 8, 23]","['swish', 'swish', 'tanh', 'elu']",08f809f0,419,Adam,MaxAbsoluteDeviation,0.3254469037055969,0.36388295888900757,3.0683608999243006
"[8, 23, 8, 23]","['swish', 'swish', 'tanh', 'elu']",08f809f0,419,Adam,MaxAbsoluteDeviation,0.6124842762947083,0.39342719316482544,3.01299930003006
"[8, 23, 8, 23]","['swish', 'swish', 'tanh', 'elu']",08f809f0,100,Adam,MaxAbsoluteDeviation,0.5683993697166443,0.7667263746261597,1.0796838999958709
"[8, 23, 8, 23]","['swish', 'swish', 'tanh', 'elu']",08f809f0,100,Adam,MaxAbsoluteDeviation,0.28086721897125244,0.19605855643749237,1.0926126999547705
"[8, 23, 8]","['swish', 'swish', 'tanh']",08f809,100,Adam,MaxAbsoluteDeviation,0.2906411588191986,0.17065070569515228,0.948420999920927
"[8, 23, 8]","['swish', 'swish', 'sigmoid']",08f806,100,Adam,MaxAbsoluteDeviation,0.611373782157898,0.3237821161746979,0.9456160999834538
"[8, 23, 8]","['swish', 'swish', 'sigmoid']",08f806,100,Adam,MaxAbsoluteDeviation,0.5287818312644958,0.4949086606502533,0.9254249000223354
"[8, 23, 8, 9, 17]","['swish', 'swish', 'sigmoid', 'swish', 'swish']",08f8061898,100,Adam,MaxAbsoluteDeviation,0.4624611437320709,0.2092321813106537,1.2205102000152692
"[8, 23, 8, 9, 17, 11]","['swish', 'swish', 'sigmoid', 'swish', 'swish', 'elu']",08f806189830,700,Adam,MaxAbsoluteDeviation,0.19603344798088074,0.22704491019248962,5.53525209997315
"[8, 8, 8, 9, 17, 11]","['swish', 'swish', 'sigmoid', 'swish', 'swish', 'elu']",080806189830,700,Adam,MaxAbsoluteDeviation,0.18043863773345947,0.17432273924350739,5.558139899978414
"[8, 8, 8, 9, 17, 11, 23]","['swish', 'swish', 'sigmoid', 'swish', 'swish', 'elu', 'sigmoid']",080806189830f6,700,Adam,MaxAbsoluteDeviation,0.5719442963600159,0.3027562201023102,6.0721284000901505
"[8, 8, 8, 9, 17, 11, 23, 12]","['swish', 'swish', 'sigmoid', 'swish', 'swish', 'elu', 'sigmoid', 'sigmoid']",080806189830f646,700,Adam,MaxAbsoluteDeviation,0.3358830213546753,0.1590999811887741,6.728195699979551
"[8, 8, 8, 9, 17, 11, 23, 12]","['swish', 'swish', 'sigmoid', 'swish', 'swish', 'elu', 'sigmoid', 'swish']",080806189830f648,700,Adam,MaxAbsoluteDeviation,0.38263028860092163,0.22950108349323273,6.769091400085017
"[8, 8, 8, 9, 17, 11, 23, 12, 11]","['swish', 'swish', 'sigmoid', 'swish', 'swish', 'elu', 'sigmoid', 'swish', 'elu']",080806189830f64830,700,Adam,MaxAbsoluteDeviation,0.44580432772636414,0.30339547991752625,7.208557099918835
"[8, 8, 8, 9, 17, 11, 23, 12, 11]","['swish', 'sigmoid', 'sigmoid', 'swish', 'swish', 'elu', 'sigmoid', 'swish', 'elu']",080606189830f64830,700,Adam,MaxAbsoluteDeviation,0.4968651831150055,0.25716790556907654,7.22513840009924
"[8, 8, 8, 9, 17, 11, 23, 12]","['swish', 'sigmoid', 'sigmoid', 'swish', 'swish', 'elu', 'sigmoid', 'swish']",080606189830f648,700,Adam,MaxAbsoluteDeviation,0.28733593225479126,0.13747718930244446,6.7288806000724435
"[8, 8, 8, 9, 17, 11, 23]","['swish', 'sigmoid', 'sigmoid', 'swish', 'swish', 'elu', 'sigmoid']",080606189830f6,700,Adam,MaxAbsoluteDeviation,0.338038831949234,0.41640806198120117,6.120616000029258
"[23, 8, 8, 9, 17, 11, 23]","['swish', 'sigmoid', 'sigmoid', 'swish', 'swish', 'elu', 'sigmoid']",f80606189830f6,700,Adam,MaxAbsoluteDeviation,0.2117953896522522,0.20283576846122742,6.1998228000011295
"[23, 8, 8, 9, 17, 11, 23]","['swish', 'sigmoid', 'sigmoid', 'swish', 'swish', 'elu', 'sigmoid']",f80606189830f6,700,Adam,MaxAbsoluteDeviation,0.2774862051010132,0.30813542008399963,6.105944899958558
"[23, 8, 8, 9, 17, 11, 23]","['swish', 'sigmoid', 'sigmoid', 'swish', 'swish', 'elu', 'sigmoid']",f80606189830f6,100,Adam,MaxAbsoluteDeviation,0.2774862051010132,0.8614028692245483,1.4469998000422493
"[8, 8, 8, 9, 17, 11, 23, 21]","['swish', 'sigmoid', 'sigmoid', 'swish', 'swish', 'elu', 'sigmoid', 'sigmoid']",080606189830f6d6,700,Adam,MaxAbsoluteDeviation,0.6510715484619141,0.21665839850902557,6.699045600020327
"[8, 8, 8, 9, 23, 11, 23, 21]","['swish', 'sigmoid', 'sigmoid', 'swish', 'swish', 'elu', 'sigmoid', 'sigmoid']",08060618f830f6d6,700,Adam,MaxAbsoluteDeviation,0.6534501314163208,0.38155674934387207,6.7239907999755815
"[8, 8, 8, 9, 23, 11, 23, 21]","['sigmoid', 'sigmoid', 'sigmoid', 'swish', 'swish', 'elu', 'sigmoid', 'sigmoid']",06060618f830f6d6,700,Adam,MaxAbsoluteDeviation,0.5304325222969055,0.6212663054466248,6.546559000038542
"[8, 8, 8, 9, 23, 11, 23, 21]","['sigmoid', 'sigmoid', 'sigmoid', 'swish', 'swish', 'elu', 'sigmoid', 'sigmoid']",06060618f830f6d6,700,Adam,MaxAbsoluteDeviation,0.5304325222969055,0.7074488401412964,6.622168299974874
"[8, 8, 8, 9, 23, 11, 23, 21]","['sigmoid', 'sigmoid', 'sigmoid', 'swish', 'swish', 'elu', 'elu', 'sigmoid']",06060618f830f0d6,700,Adam,MaxAbsoluteDeviation,0.7031681537628174,0.4369036853313446,6.59418600006029
"[8, 8, 8, 9, 23, 11, 23, 21]","['sigmoid', 'sigmoid', 'sigmoid', 'swish', 'swish', 'elu', 'elu', 'sigmoid']",06060618f830f0d6,700,Adam,MaxAbsoluteDeviation,0.7031681537628174,7.356345176696777,6.628345999983139
"[8, 8, 8, 9, 8, 11, 8, 21]","['sigmoid', 'sigmoid', 'sigmoid', 'swish', 'swish', 'elu', 'elu', 'sigmoid']",06060618083000d6,700,Adam,MaxAbsoluteDeviation,0.7031681537628174,7.418837070465088,6.595250500016846
"[8, 8, 8, 9, 23, 11, 8, 21]","['sigmoid', 'sigmoid', 'sigmoid', 'swish', 'swish', 'elu', 'elu', 'sigmoid']",06060618f83000d6,660,Adam,MaxAbsoluteDeviation,0.45385122299194336,0.27323949337005615,6.199476400041021
"[8, 8, 8, 9, 23, 11, 8, 21]","['sigmoid', 'sigmoid', 'sigmoid', 'swish', 'swish', 'elu', 'elu', 'sigmoid']",06060618f83000d6,435,Adam,MaxAbsoluteDeviation,0.45385122299194336,7.45112943649292,4.295040099998005
"[8, 8, 8, 9, 23, 11, 8, 21]","['sigmoid', 'sigmoid', 'sigmoid', 'swish', 'swish', 'elu', 'elu', 'sigmoid']",06060618f83000d6,467,Adam,MaxAbsoluteDeviation,0.45385122299194336,7.542451858520508,9.506739199976437
"[8, 8, 8, 9, 23, 11, 8, 21, 15]","['sigmoid', 'sigmoid', 'sigmoid', 'swish', 'swish', 'elu', 'elu', 'sigmoid', 'elu']",06060618f83000d670,660,Adam,MaxAbsoluteDeviation,0.4123753011226654,0.144914448261261,7.86598280002363
"[8, 8, 8, 9, 23, 11, 8, 8, 15]","['sigmoid', 'sigmoid', 'sigmoid', 'swish', 'swish', 'elu', 'elu', 'sigmoid', 'elu']",06060618f830000670,660,Adam,MaxAbsoluteDeviation,0.4123753011226654,0.2139664739370346,7.814210799988359
"[8, 8, 8, 9, 23, 11, 8, 21, 15]","['swish', 'sigmoid', 'sigmoid', 'swish', 'swish', 'elu', 'elu', 'sigmoid', 'elu']",08060618f83000d670,660,Adam,MaxAbsoluteDeviation,0.4432930648326874,0.3058677017688751,7.78971200005617
"[8, 8, 8, 9, 23, 11, 8, 21, 15]","['sigmoid', 'sigmoid', 'sigmoid', 'swish', 'swish', 'elu', 'elu', 'sigmoid', 'elu']",06060618f83000d670,660,Adam,MaxAbsoluteDeviation,0.4432930648326874,7.357797622680664,7.807812899933197
"[8, 8, 8, 9, 23, 11, 8, 21, 15]","['swish', 'sigmoid', 'sigmoid', 'swish', 'swish', 'elu', 'elu', 'sigmoid', 'elu']",08060618f83000d670,660,Adam,MaxAbsoluteDeviation,0.396282434463501,0.1706104278564453,7.942199600045569
"[8, 8, 8, 9, 23, 11, 8, 21, 15]","['swish', 'sigmoid', 'sigmoid', 'swish', 'swish', 'elu', 'sigmoid', 'sigmoid', 'elu']",08060618f83006d670,660,Adam,MaxAbsoluteDeviation,0.6426528692245483,0.4433952271938324,7.854132100008428
"[8, 8, 8, 8, 23, 11, 8, 21, 15]","['swish', 'sigmoid', 'sigmoid', 'swish', 'swish', 'elu', 'sigmoid', 'sigmoid', 'elu']",08060608f83006d670,660,Adam,MaxAbsoluteDeviation,0.3124799132347107,0.25052908062934875,7.767505600000732
"[8, 8, 8, 8, 23, 11, 8, 21, 15]","['swish', 'sigmoid', 'sigmoid', 'swish', 'swish', 'elu', 'sigmoid', 'sigmoid', 'elu']",08060608f83006d670,660,Adam,MaxAbsoluteDeviation,0.8873843550682068,0.33645883202552795,7.670586699969135
"[8, 8, 8, 8, 23, 11, 8, 21, 15, 22]","['swish', 'sigmoid', 'sigmoid', 'swish', 'swish', 'elu', 'sigmoid', 'sigmoid', 'elu', 'swish']",08060608f83006d670e8,660,Adam,MaxAbsoluteDeviation,0.8203722238540649,0.30892983078956604,8.481444000033662
"[8, 8, 8, 8, 23, 11, 8, 21, 15, 22]","['swish', 'sigmoid', 'sigmoid', 'swish', 'swish', 'elu', 'sigmoid', 'sigmoid', 'elu', 'swish']",08060608f83006d670e8,660,Adam,MaxAbsoluteDeviation,0.677899181842804,0.5424515604972839,8.39860650000628
"[8, 8, 8, 8, 23, 11, 8, 21, 8, 22, 21]","['swish', 'sigmoid', 'sigmoid', 'swish', 'swish', 'elu', 'sigmoid', 'sigmoid', 'elu', 'swish', 'swish']",08060608f83006d600e8d8,158,Adam,MaxAbsoluteDeviation,1.0266838073730469,1.1438289880752563,2.852067800005898
"[8, 8, 8, 8, 23, 11, 8, 21, 8, 22, 21]","['swish', 'sigmoid', 'sigmoid', 'swish', 'swish', 'elu', 'sigmoid', 'sigmoid', 'elu', 'swish', 'swish']",08060608f83006d600e8d8,100,Adam,MaxAbsoluteDeviation,1.376024603843689,0.8217793703079224,2.1953114999923855
"[8, 8, 8, 8, 23, 11, 8, 21, 8, 22, 21, 14]","['swish', 'sigmoid', 'sigmoid', 'swish', 'swish', 'elu', 'sigmoid', 'sigmoid', 'elu', 'swish', 'swish', 'elu']",08060608f83006d600e8d860,100,Adam,MaxAbsoluteDeviation,1.376024603843689,7.037136077880859,2.2964301999891177
"[8, 8, 8, 23, 23, 11, 8, 21, 8, 22, 21]","['swish', 'sigmoid', 'sigmoid', 'swish', 'swish', 'elu', 'sigmoid', 'sigmoid', 'elu', 'swish', 'swish']",080606f8f83006d600e8d8,100,Adam,MaxAbsoluteDeviation,0.4419957995414734,0.3809264600276947,2.1769299000734463
"[8, 8, 8, 23, 23, 11, 8, 21, 8, 22, 21]","['swish', 'sigmoid', 'sigmoid', 'swish', 'swish', 'elu', 'sigmoid', 'sigmoid', 'elu', 'swish', 'swish']",080606f8f83006d600e8d8,100,Adam,MaxAbsoluteDeviation,0.4419957995414734,7.300400257110596,2.1917439000681043
"[8, 8, 8, 23, 23, 11, 8, 21, 8, 22, 8]","['swish', 'sigmoid', 'sigmoid', 'swish', 'swish', 'elu', 'sigmoid', 'sigmoid', 'elu', 'swish', 'swish']",080606f8f83006d600e808,100,Adam,MaxAbsoluteDeviation,0.4419957995414734,7.619832992553711,2.213848900049925
"[8, 8, 8, 23, 23, 11, 8, 21, 8, 22, 21, 19]","['swish', 'sigmoid', 'sigmoid', 'swish', 'swish', 'elu', 'sigmoid', 'sigmoid', 'elu', 'swish', 'swish', 'tanh']",080606f8f83006d600e8d8b9,100,Adam,MaxAbsoluteDeviation,0.4419957995414734,7.530128002166748,2.3101091999560595
"[8, 8, 8, 23, 23, 11, 8, 21, 23, 22, 21]","['swish', 'sigmoid', 'sigmoid', 'swish', 'swish', 'elu', 'sigmoid', 'sigmoid', 'elu', 'swish', 'swish']",080606f8f83006d6f0e8d8,100,Adam,MaxAbsoluteDeviation,0.4419957995414734,0.6533645391464233,2.172149399993941
"[8, 8, 8, 23, 23, 11, 8, 21, 8, 22, 21, 18]","['swish', 'sigmoid', 'sigmoid', 'swish', 'swish', 'elu', 'sigmoid', 'sigmoid', 'elu', 'swish', 'swish', 'elu']",080606f8f83006d600e8d8a0,700,Adam,MaxAbsoluteDeviation,0.6837506890296936,0.8021612763404846,10.040029000025243
"[8, 8, 8, 23, 23, 11, 8, 21, 8, 22, 21, 18]","['swish', 'sigmoid', 'sigmoid', 'swish', 'swish', 'elu', 'sigmoid', 'sigmoid', 'elu', 'swish', 'swish', 'elu']",080606f8f83006d600e8d8a0,700,Adam,MaxAbsoluteDeviation,1.2064003944396973,0.5673059821128845,9.871627299929969
"[8, 8, 8, 23, 23, 11, 8, 21, 8, 22, 21]","['swish', 'sigmoid', 'sigmoid', 'swish', 'swish', 'elu', 'sigmoid', 'sigmoid', 'elu', 'swish', 'swish']",080606f8f83006d600e8d8,700,Adam,MaxAbsoluteDeviation,0.5995845794677734,0.5497033596038818,9.341670099995099
"[8, 8, 8, 23, 23, 11, 23, 21, 8, 22, 21]","['swish', 'sigmoid', 'sigmoid', 'swish', 'swish', 'elu', 'sigmoid', 'sigmoid', 'elu', 'swish', 'swish']",080606f8f830f6d600e8d8,100,Adam,MaxAbsoluteDeviation,0.6848540306091309,0.3458731174468994,2.1694088999647647
"[8, 8, 8, 23, 23, 11, 23, 21, 8, 22, 21]","['swish', 'sigmoid', 'sigmoid', 'swish', 'swish', 'elu', 'sigmoid', 'sigmoid', 'elu', 'swish', 'swish']",080606f8f830f6d600e8d8,100,Adam,MaxAbsoluteDeviation,0.8978118896484375,0.9678822755813599,2.170975699904375
"[8, 8, 8, 23, 23, 11, 23, 21, 8, 22, 21]","['swish', 'sigmoid', 'sigmoid', 'swish', 'swish', 'elu', 'sigmoid', 'sigmoid', 'elu', 'swish', 'swish']",080606f8f830f6d600e8d8,100,Adam,MaxAbsoluteDeviation,1.1612886190414429,0.5283182859420776,2.176658899988979
"[8, 8, 8, 23, 23, 11, 23, 21, 8, 22, 21]","['swish', 'sigmoid', 'sigmoid', 'swish', 'swish', 'elu', 'sigmoid', 'sigmoid', 'elu', 'swish', 'swish']",080606f8f830f6d600e8d8,100,Adam,MaxAbsoluteDeviation,1.1405895948410034,0.9577142596244812,2.156076999963261
"[8, 8, 8, 23, 23, 11, 23, 21, 8, 22, 21]","['swish', 'sigmoid', 'sigmoid', 'swish', 'swish', 'elu', 'sigmoid', 'sigmoid', 'elu', 'swish', 'swish']",080606f8f830f6d600e8d8,100,Adam,MaxAbsoluteDeviation,0.6581385731697083,0.4743514060974121,2.1662014999892563
"[23, 8, 8, 23, 23, 11, 23, 21, 8, 22, 21]","['swish', 'sigmoid', 'sigmoid', 'swish', 'swish', 'elu', 'sigmoid', 'sigmoid', 'elu', 'swish', 'swish']",f80606f8f830f6d600e8d8,100,Adam,MaxAbsoluteDeviation,0.6581385731697083,0.671481192111969,2.1737638999475166
"[8, 8, 8, 23, 23, 23, 23, 21, 8, 22, 8]","['swish', 'sigmoid', 'sigmoid', 'swish', 'swish', 'elu', 'sigmoid', 'sigmoid', 'elu', 'swish', 'swish']",080606f8f8f0f6d600e808,100,Adam,MaxAbsoluteDeviation,0.6581385731697083,0.6939699053764343,2.1561220000730827
"[8, 8, 8, 23, 23, 11, 23, 21, 8, 22, 21]","['swish', 'sigmoid', 'sigmoid', 'swish', 'swish', 'elu', 'sigmoid', 'sigmoid', 'elu', 'swish', 'swish']",080606f8f830f6d600e8d8,100,Adam,MaxAbsoluteDeviation,0.6581385731697083,7.159519195556641,2.1619636999676004
"[8, 8, 8, 23, 23, 11, 23, 21, 8, 22, 21]","['swish', 'sigmoid', 'sigmoid', 'swish', 'swish', 'elu', 'sigmoid', 'sigmoid', 'elu', 'swish', 'swish']",080606f8f830f6d600e8d8,100,Adam,MaxAbsoluteDeviation,1.277817726135254,1.4009000062942505,2.1663551999954507
"[8, 8, 8, 23, 23, 23, 23, 21, 8, 22, 21]","['swish', 'sigmoid', 'sigmoid', 'swish', 'swish', 'elu', 'sigmoid', 'sigmoid', 'elu', 'swish', 'swish']",080606f8f8f0f6d600e8d8,100,Adam,MaxAbsoluteDeviation,1.1530474424362183,0.908922553062439,2.1456860998878255
"[8, 8, 8, 23, 23, 23, 23, 21, 8, 22, 21, 15]","['swish', 'sigmoid', 'sigmoid', 'swish', 'swish', 'elu', 'sigmoid', 'sigmoid', 'elu', 'swish', 'swish', 'sigmoid']",080606f8f8f0f6d600e8d876,700,Adam,MaxAbsoluteDeviation,1.1530474424362183,7.388782501220703,9.848766400013119
"[8, 8, 8, 23, 23, 23, 23, 21, 8, 22, 21]","['swish', 'sigmoid', 'sigmoid', 'swish', 'swish', 'elu', 'sigmoid', 'sigmoid', 'elu', 'swish', 'swish']",080606f8f8f0f6d600e8d8,100,Adam,MaxAbsoluteDeviation,1.1530474424362183,1.8135868310928345,2.1420483000110835
"[8, 8, 8, 23, 23, 23, 23, 21, 8, 22, 21]","['swish', 'sigmoid', 'sigmoid', 'swish', 'swish', 'elu', 'sigmoid', 'sigmoid', 'elu', 'swish', 'swish']",080606f8f8f0f6d600e8d8,100,Adam,MaxAbsoluteDeviation,0.8984664082527161,1.3882442712783813,2.140102200093679
"[8, 8, 8, 23, 23, 23, 23, 21, 8, 22, 21]","['swish', 'sigmoid', 'sigmoid', 'swish', 'swish', 'elu', 'sigmoid', 'sigmoid', 'elu', 'swish', 'swish']",080606f8f8f0f6d600e8d8,700,Adam,MaxAbsoluteDeviation,0.4111691415309906,0.4616478383541107,9.259378600050695
"[8, 8, 8, 23, 23, 23, 23, 21, 8, 22, 21, 22]","['swish', 'sigmoid', 'sigmoid', 'swish', 'swish', 'elu', 'sigmoid', 'sigmoid', 'elu', 'swish', 'swish', 'elu']",080606f8f8f0f6d600e8d8e0,700,Adam,MaxAbsoluteDeviation,0.6140743494033813,0.8581858277320862,9.83654699998442
"[8, 8, 8, 23, 23, 23, 23, 21, 8, 22, 21]","['swish', 'sigmoid', 'sigmoid', 'swish', 'swish', 'elu', 'sigmoid', 'sigmoid', 'elu', 'swish', 'swish']",080606f8f8f0f6d600e8d8,700,Adam,MaxAbsoluteDeviation,0.8487890362739563,0.8777647614479065,9.228454400086775
"[8, 8, 8, 23, 23, 23, 23, 21, 8, 22, 21, 12, 12]","['swish', 'sigmoid', 'sigmoid', 'swish', 'swish', 'elu', 'sigmoid', 'sigmoid', 'elu', 'swish', 'swish', 'swish', 'swish']",080606f8f8f0f6d600e8d84848,700,Adam,MaxAbsoluteDeviation,0.8487890362739563,0.4831080138683319,10.45832320000045
"[8, 8, 8, 23, 23, 23, 23, 21, 8, 22, 21]","['swish', 'sigmoid', 'sigmoid', 'swish', 'swish', 'elu', 'sigmoid', 'sigmoid', 'elu', 'swish', 'swish']",080606f8f8f0f6d600e8d8,100,Adam,MaxAbsoluteDeviation,0.8487890362739563,0.7812744975090027,2.1168425999348983
"[8, 8, 8, 23, 23, 23, 23, 21, 8, 22, 21]","['swish', 'sigmoid', 'sigmoid', 'swish', 'swish', 'elu', 'sigmoid', 'sigmoid', 'elu', 'swish', 'swish']",080606f8f8f0f6d600e8d8,700,Adam,MaxAbsoluteDeviation,0.575200080871582,0.4408490061759949,9.147279500029981
"[8, 8, 8, 23, 23, 23, 23, 21, 8, 22, 21]","['swish', 'sigmoid', 'sigmoid', 'swish', 'swish', 'elu', 'sigmoid', 'sigmoid', 'elu', 'swish', 'swish']",080606f8f8f0f6d600e8d8,658,Adam,MaxAbsoluteDeviation,0.5052805542945862,0.47045832872390747,8.708412199979648
"[8, 8, 8, 23, 23, 23, 23, 21, 8, 22]","['swish', 'sigmoid', 'sigmoid', 'swish', 'swish', 'elu', 'sigmoid', 'sigmoid', 'elu', 'swish']",080606f8f8f0f6d600e8,658,Adam,MaxAbsoluteDeviation,0.4548172950744629,0.4070042073726654,7.8848974000429735
"[8, 8, 8, 23, 23, 23, 23, 21, 8, 22]","['swish', 'sigmoid', 'sigmoid', 'swish', 'swish', 'elu', 'sigmoid', 'sigmoid', 'elu', 'swish']",080606f8f8f0f6d600e8,398,Adam,MaxAbsoluteDeviation,0.6591939330101013,0.39751967787742615,5.085125999990851
"[8, 8, 8, 23, 23, 23, 23, 21, 8, 22]","['swish', 'sigmoid', 'sigmoid', 'tanh', 'swish', 'elu', 'sigmoid', 'sigmoid', 'elu', 'swish']",080606f9f8f0f6d600e8,700,Adam,MaxAbsoluteDeviation,0.6591939330101013,7.368884086608887,8.499098400003277
"[8, 8, 8, 23, 23, 23, 23, 21, 8, 22, 10]","['swish', 'sigmoid', 'sigmoid', 'swish', 'swish', 'elu', 'sigmoid', 'sigmoid', 'elu', 'swish', 'swish']",080606f8f8f0f6d600e828,700,Adam,MaxAbsoluteDeviation,0.285433292388916,0.2974250018596649,9.209730100003071
"[8, 8, 8, 23, 23, 23, 23, 21, 8, 22, 10]","['swish', 'sigmoid', 'sigmoid', 'swish', 'swish', 'elu', 'sigmoid', 'sigmoid', 'elu', 'swish', 'swish']",080606f8f8f0f6d600e828,490,Adam,MaxAbsoluteDeviation,0.285433292388916,7.432433128356934,6.652848200057633
"[8, 8, 8, 23, 23, 23, 23, 21, 8, 22]","['swish', 'sigmoid', 'sigmoid', 'swish', 'swish', 'elu', 'sigmoid', 'sigmoid', 'elu', 'swish']",080606f8f8f0f6d600e8,700,Adam,MaxAbsoluteDeviation,0.7471904754638672,0.8370484113693237,8.455937499995343
"[8, 8, 8, 23, 23, 23, 23, 21, 8, 22]","['swish', 'sigmoid', 'sigmoid', 'swish', 'swish', 'elu', 'sigmoid', 'sigmoid', 'elu', 'swish']",080606f8f8f0f6d600e8,500,Adam,MaxAbsoluteDeviation,0.8878023028373718,0.5471059083938599,6.23191480000969
"[8, 8, 8, 23, 23, 23, 23, 21, 8, 22, 20]","['swish', 'sigmoid', 'sigmoid', 'swish', 'swish', 'elu', 'sigmoid', 'sigmoid', 'elu', 'swish', 'elu']",080606f8f8f0f6d600e8c0,500,Adam,MaxAbsoluteDeviation,0.8878023028373718,7.409466743469238,6.720299900043756
"[8, 8, 8, 23, 23, 23, 23, 21, 8, 22]","['swish', 'sigmoid', 'sigmoid', 'swish', 'swish', 'elu', 'sigmoid', 'sigmoid', 'elu', 'swish']",080606f8f8f0f6d600e8,423,Adam,MaxAbsoluteDeviation,0.615580141544342,0.7297674417495728,5.3950243999715894
"[8, 8, 8, 23, 23, 23, 23, 21, 8, 22, 18]","['swish', 'sigmoid', 'sigmoid', 'swish', 'swish', 'elu', 'sigmoid', 'sigmoid', 'elu', 'swish', 'swish']",080606f8f8f0f6d600e8a8,423,Adam,MaxAbsoluteDeviation,0.6841974854469299,0.6436440348625183,5.748184400028549
"[8, 8, 8, 23, 23, 23, 23, 21, 8, 22, 18]","['swish', 'sigmoid', 'sigmoid', 'swish', 'swish', 'elu', 'sigmoid', 'sigmoid', 'elu', 'swish', 'swish']",080606f8f8f0f6d600e8a8,376,Adam,MaxAbsoluteDeviation,0.6841974854469299,7.100987911224365,5.252548399963416
"[8, 8, 8, 23, 23, 23, 23, 21, 8, 22, 18]","['swish', 'sigmoid', 'sigmoid', 'swish', 'swish', 'elu', 'sigmoid', 'sigmoid', 'elu', 'swish', 'swish']",080606f8f8f0f6d600e8a8,700,Adam,MaxAbsoluteDeviation,0.569892406463623,0.3567870259284973,9.136798199964687
"[8, 8, 8, 23, 23, 23, 23, 21, 8, 22, 18]","['swish', 'sigmoid', 'sigmoid', 'swish', 'swish', 'elu', 'sigmoid', 'sigmoid', 'elu', 'swish', 'swish']",080606f8f8f0f6d600e8a8,700,Adam,MaxAbsoluteDeviation,0.569892406463623,7.36802339553833,9.047136600012891
"[8, 8, 8, 23, 23, 23, 23, 21, 8, 22, 18]","['swish', 'sigmoid', 'sigmoid', 'swish', 'swish', 'elu', 'sigmoid', 'sigmoid', 'elu', 'swish', 'swish']",080606f8f8f0f6d600e8a8,700,Adam,MaxAbsoluteDeviation,0.7840201258659363,0.8266010284423828,9.089948700042441
"[8, 8, 8, 23, 23, 23, 23, 21, 8, 22, 18]","['swish', 'sigmoid', 'sigmoid', 'swish', 'swish', 'elu', 'sigmoid', 'sigmoid', 'elu', 'swish', 'swish']",080606f8f8f0f6d600e8a8,700,Adam,MaxAbsoluteDeviation,0.7840201258659363,0.7435484528541565,8.940897600026801
"[8, 8, 8, 23, 23, 23, 23, 21, 8, 22, 18, 18]","['swish', 'sigmoid', 'sigmoid', 'swish', 'swish', 'elu', 'sigmoid', 'sigmoid', 'elu', 'swish', 'swish', 'tanh']",080606f8f8f0f6d600e8a8a9,700,Adam,MaxAbsoluteDeviation,0.7840201258659363,7.3658127784729,9.404817700036801
"[8, 8, 8, 23, 23, 23, 23, 21, 8, 22, 18, 23]","['swish', 'sigmoid', 'sigmoid', 'swish', 'swish', 'elu', 'sigmoid', 'sigmoid', 'elu', 'swish', 'swish', 'swish']",080606f8f8f0f6d600e8a8f8,700,Adam,MaxAbsoluteDeviation,0.7140074372291565,0.5807634592056274,14.553343700012192
"[8, 23, 8, 23, 23, 23, 23, 21, 8, 22, 18, 23]","['swish', 'sigmoid', 'sigmoid', 'swish', 'swish', 'elu', 'sigmoid', 'sigmoid', 'elu', 'swish', 'swish', 'swish']",08f606f8f8f0f6d600e8a8f8,700,Adam,MaxAbsoluteDeviation,0.7140074372291565,7.642730236053467,10.257743899943307
"[8, 8, 8, 23, 23, 23, 23, 21, 8, 22, 18, 23]","['swish', 'sigmoid', 'sigmoid', 'swish', 'swish', 'elu', 'sigmoid', 'sigmoid', 'elu', 'swish', 'swish', 'swish']",080606f8f8f0f6d600e8a8f8,700,Adam,MaxAbsoluteDeviation,0.677017092704773,0.4295051693916321,10.12667979998514
"[8, 8, 8, 23, 23, 23, 23, 21, 8, 22, 18, 23]","['swish', 'sigmoid', 'sigmoid', 'swish', 'swish', 'elu', 'sigmoid', 'sigmoid', 'elu', 'swish', 'swish', 'swish']",080606f8f8f0f6d600e8a8f8,472,Adam,MaxAbsoluteDeviation,0.677017092704773,7.8339715003967285,7.3815579999936745
"[8, 8, 8, 23, 23, 23, 23, 21, 8, 22, 18, 23]","['swish', 'sigmoid', 'sigmoid', 'swish', 'swish', 'elu', 'sigmoid', 'sigmoid', 'elu', 'swish', 'swish', 'swish']",080606f8f8f0f6d600e8a8f8,544,Adam,MaxAbsoluteDeviation,0.677017092704773,3.3120083808898926,8.311251300037839
"[8, 8, 8, 23, 23, 23, 23, 21, 8, 22, 18, 23]","['swish', 'sigmoid', 'sigmoid', 'swish', 'swish', 'elu', 'sigmoid', 'sigmoid', 'elu', 'swish', 'swish', 'swish']",080606f8f8f0f6d600e8a8f8,100,Adam,MaxAbsoluteDeviation,1.6768656969070435,1.103474497795105,2.3699521999806166
"[8, 8, 8, 23, 23, 23, 23, 21, 8, 22, 18, 23, 21]","['swish', 'sigmoid', 'sigmoid', 'swish', 'swish', 'elu', 'sigmoid', 'sigmoid', 'elu', 'swish', 'swish', 'swish', 'tanh']",080606f8f8f0f6d600e8a8f8d9,100,Adam,MaxAbsoluteDeviation,1.6768656969070435,7.362022876739502,2.521415099967271
"[8, 8, 8, 23, 23, 23, 23, 21, 8, 22, 18, 23, 20]","['swish', 'sigmoid', 'sigmoid', 'swish', 'swish', 'elu', 'sigmoid', 'sigmoid', 'elu', 'swish', 'swish', 'swish', 'swish']",080606f8f8f0f6d600e8a8f8c8,100,Adam,MaxAbsoluteDeviation,0.6221513152122498,0.3872140944004059,2.528768999967724
"[8, 8, 8, 23, 23, 23, 23, 21, 23, 22, 18, 23, 20]","['swish', 'sigmoid', 'sigmoid', 'swish', 'swish', 'elu', 'sigmoid', 'sigmoid', 'elu', 'swish', 'swish', 'swish', 'swish']",080606f8f8f0f6d6f0e8a8f8c8,100,Adam,MaxAbsoluteDeviation,0.6221513152122498,7.727512359619141,2.5355785000137985
"[8, 8, 8, 23, 23, 23, 8, 21, 8, 22, 18, 23, 20]","['swish', 'sigmoid', 'sigmoid', 'swish', 'swish', 'elu', 'elu', 'sigmoid', 'elu', 'swish', 'swish', 'swish', 'swish']",080606f8f8f000d600e8a8f8c8,100,Adam,MaxAbsoluteDeviation,0.6221513152122498,0.43380895256996155,2.523813300067559
"[8, 8, 8, 23, 23, 23, 23, 21, 23, 22, 18, 23, 20]","['swish', 'sigmoid', 'sigmoid', 'swish', 'swish', 'elu', 'sigmoid', 'sigmoid', 'elu', 'swish', 'swish', 'swish', 'swish']",080606f8f8f0f6d6f0e8a8f8c8,100,Adam,MaxAbsoluteDeviation,0.6221513152122498,0.6548852324485779,2.506484500016086
"[8, 8, 8, 23, 23, 23, 23, 21, 8, 22, 18, 23, 20]","['swish', 'sigmoid', 'sigmoid', 'swish', 'swish', 'elu', 'sigmoid', 'sigmoid', 'elu', 'swish', 'swish', 'tanh', 'swish']",080606f8f8f0f6d600e8a8f9c8,100,Adam,MaxAbsoluteDeviation,0.6221513152122498,7.425580978393555,2.5129904999630526
"[8, 8, 8, 8, 23, 23, 23, 21, 8, 22, 18, 23, 20]","['swish', 'sigmoid', 'sigmoid', 'swish', 'swish', 'elu', 'sigmoid', 'sigmoid', 'elu', 'swish', 'swish', 'swish', 'swish']",08060608f8f0f6d600e8a8f8c8,100,Adam,MaxAbsoluteDeviation,0.6221513152122498,0.6609840989112854,2.5183900999836624
"[8, 8, 8, 23, 23, 23, 23, 21, 8, 22, 18, 23, 20]","['swish', 'sigmoid', 'sigmoid', 'swish', 'swish', 'elu', 'sigmoid', 'sigmoid', 'elu', 'swish', 'swish', 'swish', 'swish']",080606f8f8f0f6d600e8a8f8c8,700,Adam,MaxAbsoluteDeviation,0.6221513152122498,7.6411895751953125,11.02340470009949
"[8, 8, 8, 23, 23, 23, 23, 21, 8, 22, 18, 23, 20, 15]","['swish', 'sigmoid', 'sigmoid', 'swish', 'swish', 'elu', 'sigmoid', 'sigmoid', 'elu', 'swish', 'swish', 'swish', 'swish', 'tanh']",080606f8f8f0f6d600e8a8f8c879,100,Adam,MaxAbsoluteDeviation,0.6221513152122498,7.365129470825195,2.644685999955982
"[8, 8, 8, 23, 23, 23, 23, 21, 8, 22, 18, 23, 20, 15]","['swish', 'sigmoid', 'sigmoid', 'swish', 'swish', 'elu', 'sigmoid', 'sigmoid', 'elu', 'swish', 'swish', 'swish', 'swish', 'elu']",080606f8f8f0f6d600e8a8f8c870,100,Adam,MaxAbsoluteDeviation,0.6221513152122498,0.5616425275802612,2.602714299922809
"[8, 8, 8, 23, 23, 23, 23, 21, 8, 22, 18, 23, 20]","['swish', 'sigmoid', 'sigmoid', 'swish', 'swish', 'elu', 'sigmoid', 'sigmoid', 'elu', 'swish', 'swish', 'swish', 'swish']",080606f8f8f0f6d600e8a8f8c8,100,Adam,MaxAbsoluteDeviation,0.9433311820030212,0.5830187201499939,2.5067165000364184
"[8, 8, 8, 23, 23, 23, 23, 21, 8, 22, 18, 23, 20]","['swish', 'sigmoid', 'sigmoid', 'swish', 'swish', 'elu', 'sigmoid', 'sigmoid', 'elu', 'swish', 'swish', 'swish', 'swish']",080606f8f8f0f6d600e8a8f8c8,700,Adam,MaxAbsoluteDeviation,0.6137829422950745,0.9060313105583191,10.792201700038277
"[8, 8, 8, 23, 23, 23, 23, 21, 8, 22, 18, 23, 20]","['swish', 'sigmoid', 'sigmoid', 'sigmoid', 'swish', 'elu', 'sigmoid', 'sigmoid', 'elu', 'swish', 'swish', 'swish', 'swish']",080606f6f8f0f6d600e8a8f8c8,700,Adam,MaxAbsoluteDeviation,0.7493120431900024,0.8863877654075623,10.718178400071338
"[8, 8, 8, 23, 23, 23, 23, 21, 8, 22, 18, 23, 20]","['swish', 'sigmoid', 'sigmoid', 'sigmoid', 'swish', 'elu', 'sigmoid', 'sigmoid', 'elu', 'swish', 'swish', 'swish', 'swish']",080606f6f8f0f6d600e8a8f8c8,700,Adam,MaxAbsoluteDeviation,0.6701464056968689,0.606170117855072,10.7700037000468
"[8, 8, 8, 23, 23, 23, 23, 21, 8, 22, 18, 23]","['swish', 'sigmoid', 'sigmoid', 'sigmoid', 'swish', 'elu', 'sigmoid', 'sigmoid', 'elu', 'swish', 'swish', 'swish']",080606f6f8f0f6d600e8a8f8,544,Adam,MaxAbsoluteDeviation,0.6701464056968689,7.258199691772461,8.034093099995516
"[8, 8, 8, 23, 23, 23, 23, 21, 8, 22, 18, 23, 20]","['swish', 'sigmoid', 'sigmoid', 'sigmoid', 'swish', 'elu', 'sigmoid', 'sigmoid', 'elu', 'swish', 'swish', 'swish', 'swish']",080606f6f8f0f6d600e8a8f8c8,595,Adam,MaxAbsoluteDeviation,0.9452025294303894,0.7132459282875061,9.05608080001548
"[8, 8, 8, 23, 23, 23, 23, 21, 8, 22, 18, 23]","['swish', 'sigmoid', 'sigmoid', 'sigmoid', 'swish', 'elu', 'sigmoid', 'sigmoid', 'elu', 'swish', 'swish', 'swish']",080606f6f8f0f6d600e8a8f8,595,Adam,MaxAbsoluteDeviation,0.7351765036582947,0.6204957365989685,8.575584499980323
"[8, 8, 8, 23, 23, 23, 23, 21, 8, 22, 18, 23]","['swish', 'sigmoid', 'sigmoid', 'sigmoid', 'swish', 'elu', 'sigmoid', 'swish', 'elu', 'swish', 'swish', 'sigmoid']",080606f6f8f0f6d800e8a8f6,342,Adam,MaxAbsoluteDeviation,0.7351765036582947,7.408134937286377,5.394739000010304
"[8, 8, 8, 23, 23, 23, 23, 8, 8, 22, 18, 23, 17]","['swish', 'sigmoid', 'sigmoid', 'sigmoid', 'swish', 'elu', 'sigmoid', 'sigmoid', 'elu', 'swish', 'swish', 'swish', 'sigmoid']",080606f6f8f0f60600e8a8f896,595,Adam,MaxAbsoluteDeviation,0.7351765036582947,7.342525959014893,9.125552400015295
"[8, 8, 8, 23, 23, 23, 23, 21, 8, 22, 18, 23, 10]","['swish', 'sigmoid', 'sigmoid', 'sigmoid', 'swish', 'elu', 'sigmoid', 'sigmoid', 'elu', 'swish', 'swish', 'swish', 'swish']",080606f6f8f0f6d600e8a8f828,595,Adam,MaxAbsoluteDeviation,0.7070158123970032,0.6869931817054749,9.12133300001733
"[8, 8, 8, 23, 23, 23, 23, 21, 8, 22, 18, 23, 10]","['swish', 'sigmoid', 'sigmoid', 'sigmoid', 'swish', 'elu', 'sigmoid', 'sigmoid', 'elu', 'swish', 'swish', 'swish', 'swish']",080606f6f8f0f6d600e8a8f828,370,Adam,MaxAbsoluteDeviation,0.8632916212081909,0.5828723311424255,6.1178440999938175
"[8, 8, 8, 23, 23, 23, 23, 21, 8, 22, 18, 23]","['swish', 'sigmoid', 'sigmoid', 'sigmoid', 'swish', 'elu', 'sigmoid', 'sigmoid', 'elu', 'swish', 'swish', 'swish']",080606f6f8f0f6d600e8a8f8,370,Adam,MaxAbsoluteDeviation,0.8632916212081909,7.710265159606934,5.621249500080012
"[8, 8, 8, 23, 23, 23, 23, 21, 8, 22, 18, 23, 10]","['swish', 'sigmoid', 'sigmoid', 'sigmoid', 'swish', 'elu', 'sigmoid', 'sigmoid', 'elu', 'swish', 'swish', 'swish', 'swish']",080606f6f8f0f6d600e8a8f828,370,Adam,MaxAbsoluteDeviation,0.6905502080917358,0.5677838921546936,6.13006139989011
"[8, 8, 8, 23, 23, 23, 23, 21, 8, 22, 18, 23, 10]","['swish', 'sigmoid', 'sigmoid', 'sigmoid', 'swish', 'elu', 'sigmoid', 'sigmoid', 'elu', 'swish', 'swish', 'swish', 'swish']",080606f6f8f0f6d600e8a8f828,370,Adam,MaxAbsoluteDeviation,0.6905502080917358,7.701345443725586,5.931988600059412
"[8, 8, 8, 23, 23, 23, 23, 21, 8, 22, 18, 23, 10]","['swish', 'sigmoid', 'sigmoid', 'sigmoid', 'swish', 'elu', 'sigmoid', 'sigmoid', 'elu', 'swish', 'swish', 'swish', 'swish']",080606f6f8f0f6d600e8a8f828,700,Adam,MaxAbsoluteDeviation,0.46909981966018677,0.41523435711860657,10.256494100089185
"[8, 8, 8, 23, 23, 23, 23, 21, 8, 22, 18, 8, 10]","['swish', 'sigmoid', 'sigmoid', 'sigmoid', 'swish', 'elu', 'sigmoid', 'sigmoid', 'elu', 'swish', 'swish', 'swish', 'swish']",080606f6f8f0f6d600e8a80828,700,Adam,MaxAbsoluteDeviation,0.46909981966018677,0.4530864953994751,10.256868200027384
"[8, 8, 8, 23, 23, 23, 23, 21, 8, 22, 18, 23, 10]","['swish', 'sigmoid', 'sigmoid', 'sigmoid', 'swish', 'elu', 'sigmoid', 'sigmoid', 'elu', 'swish', 'swish', 'swish', 'swish']",080606f6f8f0f6d600e8a8f828,592,Adam,MaxAbsoluteDeviation,1.2640103101730347,0.6308545470237732,8.878399400040507
"[8, 8, 8, 23, 23, 23, 23, 21, 8, 22, 18]","['swish', 'sigmoid', 'sigmoid', 'sigmoid', 'swish', 'elu', 'sigmoid', 'sigmoid', 'elu', 'swish', 'swish']",080606f6f8f0f6d600e8a8,592,Adam,MaxAbsoluteDeviation,0.677473783493042,0.35607191920280457,7.7025712000904605
"[8, 8, 8, 23, 23, 23, 23, 21, 8, 22, 18]","['swish', 'sigmoid', 'sigmoid', 'sigmoid', 'swish', 'elu', 'sigmoid', 'sigmoid', 'elu', 'swish', 'swish']",080606f6f8f0f6d600e8a8,592,Adam,MaxAbsoluteDeviation,0.609149694442749,0.3363566994667053,7.717644299962558
"[8, 8, 8, 23, 23, 23, 23, 21, 23, 22, 18]","['swish', 'sigmoid', 'sigmoid', 'sigmoid', 'swish', 'elu', 'sigmoid', 'sigmoid', 'elu', 'swish', 'swish']",080606f6f8f0f6d6f0e8a8,592,Adam,MaxAbsoluteDeviation,0.8321573138237,0.43268850445747375,7.738781200023368
"[8, 8, 8, 23, 23, 23, 23, 21, 23, 22, 18]","['swish', 'sigmoid', 'sigmoid', 'sigmoid', 'swish', 'elu', 'sigmoid', 'sigmoid', 'elu', 'swish', 'swish']",080606f6f8f0f6d6f0e8a8,100,Adam,MaxAbsoluteDeviation,0.8321573138237,7.053670406341553,2.0747069999342784
"[8, 8, 8, 23, 23, 23, 23, 21, 23, 22, 18]","['swish', 'sigmoid', 'sigmoid', 'sigmoid', 'swish', 'elu', 'sigmoid', 'sigmoid', 'elu', 'swish', 'swish']",080606f6f8f0f6d6f0e8a8,700,Adam,MaxAbsoluteDeviation,0.7231170535087585,0.499315083026886,8.907799100037664
"[8, 8, 8, 23, 23, 23, 23, 21, 23]","['swish', 'sigmoid', 'sigmoid', 'sigmoid', 'swish', 'elu', 'sigmoid', 'sigmoid', 'elu']",080606f6f8f0f6d6f0,700,Adam,MaxAbsoluteDeviation,0.7231170535087585,0.8470825552940369,7.822071300004609
"[8, 8, 8, 23, 23, 23, 23, 21, 23, 22, 18, 8]","['swish', 'sigmoid', 'sigmoid', 'sigmoid', 'swish', 'elu', 'sigmoid', 'sigmoid', 'elu', 'swish', 'swish', 'swish']",080606f6f8f0f6d6f0e8a808,700,Adam,MaxAbsoluteDeviation,0.4902249276638031,0.41942742466926575,9.72785740008112
"[8, 8, 8, 23, 23, 23, 23, 21, 23, 22, 18, 8]","['swish', 'swish', 'sigmoid', 'sigmoid', 'swish', 'elu', 'sigmoid', 'sigmoid', 'elu', 'swish', 'swish', 'swish']",080806f6f8f0f6d6f0e8a808,700,Adam,MaxAbsoluteDeviation,0.4743226170539856,0.4860803186893463,9.669746600091457
"[8, 8, 8, 23, 23, 23, 23, 21, 23, 22, 18, 8]","['swish', 'swish', 'sigmoid', 'sigmoid', 'swish', 'elu', 'sigmoid', 'sigmoid', 'sigmoid', 'swish', 'swish', 'swish']",080806f6f8f0f6d6f6e8a808,700,Adam,MaxAbsoluteDeviation,0.5831174850463867,0.3284490406513214,9.718983700033277
"[8, 8, 8, 23, 23, 23, 23, 21, 23, 22, 18, 8]","['swish', 'swish', 'sigmoid', 'sigmoid', 'swish', 'elu', 'sigmoid', 'sigmoid', 'sigmoid', 'swish', 'swish', 'swish']",080806f6f8f0f6d6f6e8a808,700,Adam,MaxAbsoluteDeviation,0.7108231782913208,0.43788787722587585,9.619452700018883
"[8, 8, 8, 23, 23, 23, 8, 8, 23, 22, 18, 8]","['swish', 'swish', 'sigmoid', 'sigmoid', 'swish', 'elu', 'sigmoid', 'sigmoid', 'sigmoid', 'swish', 'swish', 'swish']",080806f6f8f00606f6e8a808,700,Adam,MaxAbsoluteDeviation,1.104738712310791,0.29946327209472656,9.53165039990563
"[8, 8, 8, 23, 23, 23, 23, 8, 23, 22, 18, 8, 22]","['swish', 'swish', 'sigmoid', 'sigmoid', 'swish', 'elu', 'sigmoid', 'sigmoid', 'sigmoid', 'swish', 'swish', 'swish', 'elu']",080806f6f8f0f606f6e8a808e0,687,Adam,MaxAbsoluteDeviation,0.48863667249679565,0.47728750109672546,9.940172499977052
"[8, 8, 8, 23, 23, 23, 23, 8, 23, 22, 8, 8, 22]","['swish', 'swish', 'sigmoid', 'sigmoid', 'swish', 'elu', 'sigmoid', 'sigmoid', 'sigmoid', 'swish', 'swish', 'swish', 'elu']",080806f6f8f0f606f6e80808e0,687,Adam,MaxAbsoluteDeviation,0.49536436796188354,0.5103015303611755,9.765516100102104
"[8, 8, 8, 23, 23, 23, 23, 8, 23, 22, 8, 8, 22]","['swish', 'swish', 'sigmoid', 'sigmoid', 'swish', 'elu', 'sigmoid', 'sigmoid', 'sigmoid', 'swish', 'swish', 'swish', 'elu']",080806f6f8f0f606f6e80808e0,700,Adam,MaxAbsoluteDeviation,0.858170747756958,0.45865464210510254,9.967292899964377
"[8, 23, 8, 23, 23, 23, 23, 8, 23, 22, 8, 8, 22]","['swish', 'swish', 'sigmoid', 'sigmoid', 'swish', 'elu', 'sigmoid', 'sigmoid', 'sigmoid', 'swish', 'swish', 'swish', 'elu']",08f806f6f8f0f606f6e80808e0,700,Adam,MaxAbsoluteDeviation,0.858170747756958,7.388823986053467,10.095002399990335
"[8, 8, 8, 23, 23, 23, 23, 8, 23, 22, 8, 8, 22]","['swish', 'swish', 'sigmoid', 'sigmoid', 'swish', 'elu', 'sigmoid', 'sigmoid', 'sigmoid', 'swish', 'swish', 'swish', 'elu']",080806f6f8f0f606f6e80808e0,700,Adam,MaxAbsoluteDeviation,0.858170747756958,0.5125068426132202,10.190735700074583
"[8, 8, 8, 23, 23, 23, 23, 8, 23, 22, 8, 8, 22, 14]","['swish', 'swish', 'sigmoid', 'sigmoid', 'swish', 'elu', 'sigmoid', 'sigmoid', 'sigmoid', 'swish', 'swish', 'swish', 'elu', 'sigmoid']",080806f6f8f0f606f6e80808e066,700,Adam,MaxAbsoluteDeviation,0.858170747756958,7.448787212371826,10.399171600001864
"[8, 8, 8, 23, 23, 23, 23, 8, 23, 22, 8, 8, 22]","['swish', 'swish', 'sigmoid', 'sigmoid', 'swish', 'elu', 'sigmoid', 'sigmoid', 'sigmoid', 'swish', 'swish', 'swish', 'elu']",080806f6f8f0f606f6e80808e0,700,Adam,MaxAbsoluteDeviation,0.858170747756958,1.2879142761230469,10.132498800056055
"[8, 8, 8, 23, 23, 23, 23, 8, 23, 22, 8, 8]","['swish', 'swish', 'sigmoid', 'sigmoid', 'swish', 'elu', 'sigmoid', 'sigmoid', 'sigmoid', 'swish', 'swish', 'swish']",080806f6f8f0f606f6e80808,700,Adam,MaxAbsoluteDeviation,0.9689551591873169,0.7097242474555969,9.510049199918285
"[8, 8, 8, 23, 23, 23, 23, 8, 23, 22]","['swish', 'swish', 'sigmoid', 'sigmoid', 'swish', 'elu', 'sigmoid', 'sigmoid', 'sigmoid', 'swish']",080806f6f8f0f606f6e8,700,Adam,MaxAbsoluteDeviation,0.7152066826820374,0.488280326128006,8.315031300066039
"[8, 8, 8, 23, 23, 23, 23, 8, 23, 22]","['swish', 'swish', 'sigmoid', 'sigmoid', 'swish', 'swish', 'sigmoid', 'sigmoid', 'sigmoid', 'swish']",080806f6f8f8f606f6e8,700,Adam,MaxAbsoluteDeviation,0.5539621710777283,0.26068660616874695,13.49892759998329
"[8, 8, 8, 23, 23, 23, 23, 8, 23, 22]","['swish', 'swish', 'sigmoid', 'sigmoid', 'swish', 'swish', 'sigmoid', 'sigmoid', 'sigmoid', 'swish']",080806f6f8f8f606f6e8,700,Adam,MaxAbsoluteDeviation,0.4694420397281647,0.5492658615112305,9.130660300026648
"[8, 8, 8, 23, 23, 23, 23, 8, 23, 22, 9]","['swish', 'swish', 'sigmoid', 'sigmoid', 'swish', 'swish', 'sigmoid', 'sigmoid', 'sigmoid', 'swish', 'tanh']",080806f6f8f8f606f6e819,700,Adam,MaxAbsoluteDeviation,0.4694420397281647,7.383546352386475,9.470029199961573
"[8, 8, 8, 23, 23, 23, 23, 8, 23]","['swish', 'swish', 'sigmoid', 'sigmoid', 'swish', 'swish', 'sigmoid', 'sigmoid', 'sigmoid']",080806f6f8f8f606f6,700,Adam,MaxAbsoluteDeviation,0.4694420397281647,7.3890910148620605,8.430345100001432
"[8, 8, 8, 23, 23, 23, 23, 8, 23, 22]","['swish', 'swish', 'sigmoid', 'sigmoid', 'swish', 'swish', 'sigmoid', 'sigmoid', 'sigmoid', 'swish']",080806f6f8f8f606f6e8,557,Adam,MaxAbsoluteDeviation,0.40646764636039734,0.3412097096443176,7.324336700025015
"[8, 8, 8, 23, 23, 23, 23, 8, 23]","['swish', 'swish', 'swish', 'sigmoid', 'swish', 'swish', 'sigmoid', 'sigmoid', 'sigmoid']",080808f6f8f8f606f6,481,Adam,MaxAbsoluteDeviation,0.4908596873283386,0.5321719646453857,6.0340594999725
"[8, 8, 8, 23, 23, 23, 23, 8, 23]","['swish', 'swish', 'swish', 'sigmoid', 'swish', 'swish', 'sigmoid', 'sigmoid', 'sigmoid']",080808f6f8f8f606f6,481,Adam,MaxAbsoluteDeviation,0.4908596873283386,7.376996040344238,6.018172800075263
"[8, 8, 8, 23, 23, 23, 23, 8, 23]","['swish', 'swish', 'swish', 'sigmoid', 'swish', 'swish', 'sigmoid', 'sigmoid', 'sigmoid']",080808f6f8f8f606f6,700,Adam,MaxAbsoluteDeviation,0.4908596873283386,7.084371566772461,8.337754999985918
"[8, 8, 8, 23, 23, 23, 23, 8, 23]","['swish', 'swish', 'swish', 'sigmoid', 'swish', 'swish', 'sigmoid', 'sigmoid', 'sigmoid']",080808f6f8f8f606f6,700,Adam,MaxAbsoluteDeviation,1.0045045614242554,0.2699072062969208,8.33620349992998
"[8, 8, 8, 23, 23, 23, 23, 8, 23]","['swish', 'swish', 'swish', 'sigmoid', 'swish', 'swish', 'sigmoid', 'sigmoid', 'sigmoid']",080808f6f8f8f606f6,100,Adam,MaxAbsoluteDeviation,1.6575171947479248,0.7458263635635376,1.9120900999987498
"[8, 8, 8, 23, 23, 23, 23, 8, 23]","['swish', 'swish', 'swish', 'sigmoid', 'swish', 'swish', 'swish', 'sigmoid', 'sigmoid']",080808f6f8f8f806f6,100,Adam,MaxAbsoluteDeviation,1.6575171947479248,7.432404041290283,1.9056617999449372
"[8, 8, 8, 23, 23, 23, 23, 8, 23]","['swish', 'sigmoid', 'swish', 'sigmoid', 'swish', 'swish', 'sigmoid', 'sigmoid', 'sigmoid']",080608f6f8f8f606f6,100,Adam,MaxAbsoluteDeviation,1.6575171947479248,3.794557809829712,1.861542999977246
"[8, 8, 8, 23, 23, 23, 23, 8]","['swish', 'swish', 'swish', 'sigmoid', 'swish', 'swish', 'sigmoid', 'sigmoid']",080808f6f8f8f606,100,Adam,MaxAbsoluteDeviation,1.6575171947479248,5.775813579559326,1.7472858999390155
"[8, 8, 8, 23, 23, 23, 23, 8, 23]","['swish', 'swish', 'swish', 'sigmoid', 'swish', 'swish', 'sigmoid', 'sigmoid', 'sigmoid']",080808f6f8f8f606f6,700,Adam,MaxAbsoluteDeviation,0.6781830787658691,0.19694414734840393,8.27897220000159
"[8, 8, 8, 23, 23, 23, 23, 8, 23]","['swish', 'swish', 'swish', 'sigmoid', 'swish', 'swish', 'sigmoid', 'sigmoid', 'sigmoid']",080808f6f8f8f606f6,593,Adam,MaxAbsoluteDeviation,0.30021896958351135,0.3467197120189667,7.108963200007565
"[8, 8, 8, 23, 23, 23, 23, 8, 23]","['swish', 'swish', 'swish', 'sigmoid', 'swish', 'swish', 'sigmoid', 'sigmoid', 'sigmoid']",080808f6f8f8f606f6,511,Adam,MaxAbsoluteDeviation,0.555956244468689,0.3872520327568054,6.251236699987203
"[8, 8, 8, 23, 23, 23, 23, 8, 23, 22]","['swish', 'swish', 'swish', 'sigmoid', 'swish', 'swish', 'sigmoid', 'sigmoid', 'sigmoid', 'sigmoid']",080808f6f8f8f606f6e6,511,Adam,MaxAbsoluteDeviation,0.555956244468689,7.459099769592285,6.6477871999377385
"[8, 8, 8, 23, 23, 23, 23, 8, 23]","['elu', 'swish', 'swish', 'sigmoid', 'swish', 'swish', 'sigmoid', 'sigmoid', 'sigmoid']",000808f6f8f8f606f6,511,Adam,MaxAbsoluteDeviation,0.5085610151290894,0.5041511058807373,6.14480090001598
"[8, 8, 8, 23, 23, 23, 23, 8, 8, 22]","['elu', 'swish', 'swish', 'sigmoid', 'swish', 'swish', 'sigmoid', 'sigmoid', 'sigmoid', 'sigmoid']",000808f6f8f8f60606e6,511,Adam,MaxAbsoluteDeviation,0.5085610151290894,0.6775080561637878,6.543202199973166
"[8, 8, 8, 23, 23, 8, 23, 8, 23]","['elu', 'swish', 'swish', 'sigmoid', 'swish', 'swish', 'sigmoid', 'sigmoid', 'sigmoid']",000808f6f808f606f6,511,Adam,MaxAbsoluteDeviation,0.3295597732067108,0.4175795316696167,6.120435899938457
"[8, 8, 8, 23, 23, 8, 23, 8]","['elu', 'swish', 'swish', 'sigmoid', 'swish', 'swish', 'sigmoid', 'sigmoid']",000808f6f808f606,511,Adam,MaxAbsoluteDeviation,0.4335095286369324,0.3736588954925537,5.668482000008225
"[8, 8, 8, 23, 23, 8, 8, 8]","['elu', 'swish', 'swish', 'sigmoid', 'swish', 'swish', 'sigmoid', 'sigmoid']",000808f6f8080606,511,Adam,MaxAbsoluteDeviation,0.4335095286369324,7.379617691040039,5.661549600074068
"[8, 8, 8, 23, 23, 8, 23]","['elu', 'swish', 'swish', 'sigmoid', 'swish', 'swish', 'sigmoid']",000808f6f808f6,511,Adam,MaxAbsoluteDeviation,0.46098700165748596,0.19725003838539124,5.100246200105175
"[8, 8, 8, 23, 23, 8, 23, 14]","['tanh', 'swish', 'swish', 'sigmoid', 'swish', 'swish', 'sigmoid', 'elu']",090808f6f808f660,511,Adam,MaxAbsoluteDeviation,0.9559047222137451,0.7893121838569641,5.581797700026073
"[8, 8, 8, 23, 23, 8, 23, 14]","['tanh', 'swish', 'swish', 'sigmoid', 'swish', 'swish', 'sigmoid', 'elu']",090808f6f808f660,391,Adam,MaxAbsoluteDeviation,0.2896001636981964,0.16100873053073883,4.467708600102924
"[8, 8, 8, 23, 23, 8, 23, 14]","['tanh', 'swish', 'swish', 'sigmoid', 'swish', 'swish', 'sigmoid', 'elu']",090808f6f808f660,290,Adam,MaxAbsoluteDeviation,0.5544859170913696,0.2899141013622284,3.460630499990657
"[8, 8, 8, 23, 23, 8, 23, 14]","['tanh', 'swish', 'sigmoid', 'sigmoid', 'swish', 'swish', 'sigmoid', 'elu']",090806f6f808f660,700,Adam,MaxAbsoluteDeviation,0.510262131690979,0.4174448251724243,7.426085500046611
"[8, 8, 8, 23, 23, 8, 23, 14]","['tanh', 'swish', 'sigmoid', 'sigmoid', 'swish', 'swish', 'sigmoid', 'elu']",090806f6f808f660,700,Adam,MaxAbsoluteDeviation,0.5604488253593445,0.374014675617218,7.303508399985731
"[8, 8, 8, 23, 23, 8, 23, 14]","['tanh', 'swish', 'sigmoid', 'sigmoid', 'swish', 'swish', 'sigmoid', 'elu']",090806f6f808f660,700,Adam,MaxAbsoluteDeviation,0.43574875593185425,0.3946584463119507,7.266671399935149
"[8, 23, 8, 23, 23, 8, 23, 14]","['tanh', 'swish', 'sigmoid', 'sigmoid', 'swish', 'swish', 'sigmoid', 'elu']",09f806f6f808f660,700,Adam,MaxAbsoluteDeviation,0.3468899726867676,0.258305162191391,7.437462100060657
"[8, 23, 8, 23, 23, 8, 23, 14, 18]","['tanh', 'swish', 'sigmoid', 'sigmoid', 'swish', 'swish', 'sigmoid', 'elu', 'tanh']",09f806f6f808f660a9,700,Adam,MaxAbsoluteDeviation,0.3468899726867676,0.5902685523033142,7.9496884000254795
"[8, 23, 8, 23, 8, 8, 23, 14]","['tanh', 'swish', 'sigmoid', 'sigmoid', 'swish', 'tanh', 'sigmoid', 'elu']",09f806f60809f660,700,Adam,MaxAbsoluteDeviation,0.4643050730228424,0.3781987130641937,7.194526200066321
"[8, 23, 8, 23, 8, 8, 23, 14]","['tanh', 'swish', 'sigmoid', 'sigmoid', 'swish', 'tanh', 'sigmoid', 'elu']",09f806f60809f660,700,Adam,MaxAbsoluteDeviation,0.4643050730228424,0.2475048005580902,7.170143100083806
"[8, 23, 8, 23, 8, 8, 23]","['tanh', 'swish', 'sigmoid', 'sigmoid', 'swish', 'tanh', 'sigmoid']",09f806f60809f6,700,Adam,MaxAbsoluteDeviation,0.29548224806785583,0.37654221057891846,6.7525579999201
"[8, 23, 8, 23, 8, 8]","['tanh', 'swish', 'sigmoid', 'sigmoid', 'swish', 'tanh']",09f806f60809,700,Adam,MaxAbsoluteDeviation,0.5044253468513489,0.3100254535675049,5.992804699926637
"[8, 23, 8, 23, 8]","['tanh', 'swish', 'sigmoid', 'sigmoid', 'swish']",09f806f608,700,Adam,MaxAbsoluteDeviation,0.2639100253582001,0.18267235159873962,5.551014200085774
"[8, 23, 8, 23, 8]","['tanh', 'swish', 'sigmoid', 'sigmoid', 'swish']",09f806f608,700,Adam,MaxAbsoluteDeviation,0.27529793977737427,0.17032349109649658,5.446730499970727
"[8, 23, 8, 23]","['tanh', 'swish', 'sigmoid', 'sigmoid']",09f806f6,700,Adam,MaxAbsoluteDeviation,0.1694967895746231,0.17733483016490936,4.939335499890149
"[8, 23, 8, 23]","['tanh', 'swish', 'sigmoid', 'sigmoid']",09f806f6,668,Adam,MaxAbsoluteDeviation,0.1973060816526413,0.16740740835666656,4.655409099999815
"[8, 23, 8, 23]","['tanh', 'swish', 'sigmoid', 'sigmoid']",09f806f6,700,Adam,MaxAbsoluteDeviation,0.23564238846302032,0.24120953679084778,4.910395200015046
"[8, 23, 8, 23]","['tanh', 'swish', 'sigmoid', 'sigmoid']",09f806f6,500,Adam,MaxAbsoluteDeviation,0.29684367775917053,0.30295565724372864,3.534100400051102
"[8, 23, 15, 23]","['tanh', 'swish', 'sigmoid', 'sigmoid']",09f876f6,700,Adam,MaxAbsoluteDeviation,0.2724320590496063,0.15281127393245697,4.867448700009845
"[8, 23, 8, 23]","['tanh', 'swish', 'sigmoid', 'sigmoid']",09f806f6,700,Adam,MaxAbsoluteDeviation,0.2336411476135254,0.36215823888778687,4.804191100061871
"[8, 23, 8, 23]","['tanh', 'swish', 'sigmoid', 'sigmoid']",09f806f6,700,Adam,MaxAbsoluteDeviation,0.1919315904378891,0.08010513335466385,4.693666699924506
"[8, 23, 8, 23]","['tanh', 'swish', 'sigmoid', 'sigmoid']",09f806f6,700,Adam,MaxAbsoluteDeviation,0.26688340306282043,0.22896982729434967,4.731452900101431
"[8, 23, 8, 23]","['tanh', 'swish', 'sigmoid', 'sigmoid']",09f806f6,700,Adam,MaxAbsoluteDeviation,0.4342789649963379,0.04814394563436508,4.837275299942121
"[8, 23, 8, 23, 20]","['tanh', 'swish', 'sigmoid', 'sigmoid', 'swish']",09f806f6c8,700,Adam,MaxAbsoluteDeviation,0.38080769777297974,0.4985424876213074,5.33905169996433
"[8, 23, 8, 23, 20]","['tanh', 'swish', 'sigmoid', 'sigmoid', 'swish']",09f806f6c8,700,Adam,MaxAbsoluteDeviation,0.38055679202079773,0.4431174695491791,5.3137363999849185
"[8, 23, 8, 23, 20]","['tanh', 'swish', 'swish', 'sigmoid', 'swish']",09f808f6c8,478,Adam,MaxAbsoluteDeviation,0.3528781235218048,0.17415554821491241,3.721695200074464
"[8, 23, 8, 23, 20]","['tanh', 'swish', 'swish', 'sigmoid', 'swish']",09f808f6c8,430,Adam,MaxAbsoluteDeviation,0.4426501393318176,0.30181410908699036,3.4101123999571428
"[8, 23, 8, 23]","['tanh', 'swish', 'swish', 'sigmoid']",09f808f6,430,Adam,MaxAbsoluteDeviation,0.4853917062282562,0.20349106192588806,3.058936099987477
"[8, 23, 23, 23]","['tanh', 'swish', 'swish', 'sigmoid']",09f8f8f6,100,Adam,MaxAbsoluteDeviation,0.4239383339881897,0.4613759219646454,1.073104500072077
"[8, 23, 23, 23]","['tanh', 'swish', 'swish', 'sigmoid']",09f8f8f6,100,Adam,MaxAbsoluteDeviation,0.3709604740142822,0.18723763525485992,1.0627567999763414
"[8, 23, 23, 23, 11]","['tanh', 'swish', 'swish', 'sigmoid', 'swish']",09f8f8f638,100,Adam,MaxAbsoluteDeviation,0.3709604740142822,0.5780037641525269,1.2041184999980032
"[8, 23, 23, 23]","['tanh', 'swish', 'swish', 'sigmoid']",09f8f8f6,100,Adam,MaxAbsoluteDeviation,0.5575255751609802,0.4527897238731384,1.0681021999334916
"[8, 23, 23, 23]","['tanh', 'swish', 'swish', 'sigmoid']",09f8f8f6,100,Adam,MaxAbsoluteDeviation,1.0076141357421875,1.0037285089492798,1.049468900077045
"[8, 23, 23, 23]","['tanh', 'tanh', 'swish', 'sigmoid']",09f9f8f6,100,Adam,MaxAbsoluteDeviation,0.5267780423164368,0.3757551610469818,1.046350400079973
"[8, 23, 23, 23]","['tanh', 'tanh', 'swish', 'sigmoid']",09f9f8f6,700,Adam,MaxAbsoluteDeviation,0.3348282277584076,0.3770636320114136,4.544434199924581
"[8, 23, 23, 23]","['tanh', 'tanh', 'swish', 'sigmoid']",09f9f8f6,700,Adam,MaxAbsoluteDeviation,0.365750789642334,0.3526003658771515,4.516841199947521
"[8, 23, 23]","['tanh', 'tanh', 'swish']",09f9f8,700,Adam,MaxAbsoluteDeviation,0.22240783274173737,0.161177858710289,4.087760200025514
"[8, 23, 23]","['tanh', 'tanh', 'swish']",09f9f8,700,Adam,MaxAbsoluteDeviation,0.16605471074581146,0.09255752712488174,4.051968300016597
"[8, 23, 23, 22, 16]","['tanh', 'tanh', 'swish', 'elu', 'sigmoid']",09f9f8e086,458,Adam,MaxAbsoluteDeviation,0.16605471074581146,0.6576087474822998,3.295037299976684
[8],['tanh'],09,322,Adam,MaxAbsoluteDeviation,0.16605471074581146,1.164612054824829,1.4695181000279263
"[8, 23, 23, 14]","['tanh', 'tanh', 'swish', 'swish']",09f9f868,700,Adam,MaxAbsoluteDeviation,0.16827835142612457,0.08828483521938324,4.5384450000710785
"[8, 23, 23, 14, 21]","['tanh', 'tanh', 'swish', 'swish', 'elu']",09f9f868d0,700,Adam,MaxAbsoluteDeviation,0.4584232568740845,0.4679606258869171,4.85423900000751
"[8, 23, 23, 14]","['tanh', 'tanh', 'swish', 'swish']",09f9f868,700,Adam,MaxAbsoluteDeviation,0.2575763165950775,0.21879620850086212,4.532222100067884
"[8, 23, 23, 14]","['tanh', 'sigmoid', 'swish', 'swish']",09f6f868,700,Adam,MaxAbsoluteDeviation,0.2575763165950775,0.15861539542675018,4.515364599996246
"[8, 23, 8, 14]","['tanh', 'tanh', 'swish', 'swish']",09f90868,700,Adam,MaxAbsoluteDeviation,0.32705768942832947,0.26797056198120117,4.451250999933109
"[8, 23, 8, 14]","['tanh', 'swish', 'swish', 'swish']",09f80868,700,Adam,MaxAbsoluteDeviation,0.48635396361351013,0.3131498098373413,4.555335899931379
"[8, 23, 8, 14]","['tanh', 'swish', 'swish', 'swish']",09f80868,700,Adam,MaxAbsoluteDeviation,0.2542610466480255,0.21163173019886017,4.543621000018902
"[8, 23, 8, 14]","['tanh', 'swish', 'swish', 'swish']",09f80868,700,Adam,MaxAbsoluteDeviation,0.3079289197921753,0.08842147886753082,4.522865000064485
"[8, 23, 8, 14, 12]","['tanh', 'swish', 'swish', 'swish', 'swish']",09f8086848,700,Adam,MaxAbsoluteDeviation,0.434766948223114,0.29808369278907776,4.836838399991393
"[8, 23, 8, 14, 12]","['tanh', 'swish', 'swish', 'swish', 'swish']",09f8086848,554,Adam,MaxAbsoluteDeviation,0.19052378833293915,0.13917934894561768,3.867695300024934
"[8, 8, 8, 14, 12]","['tanh', 'swish', 'swish', 'swish', 'swish']",0908086848,554,Adam,MaxAbsoluteDeviation,0.11394157260656357,0.2379945069551468,3.815679099992849
"[8, 8, 8, 14, 12]","['tanh', 'swish', 'swish', 'swish', 'tanh']",0908086849,700,Adam,MaxAbsoluteDeviation,0.3861108124256134,0.1715867817401886,4.6845562000526115
"[8, 8, 8, 14, 12]","['tanh', 'swish', 'swish', 'swish', 'tanh']",0908086849,529,Adam,MaxAbsoluteDeviation,0.4283701479434967,0.4692706763744354,3.6520569999702275
"[8, 8, 8, 14, 12]","['tanh', 'swish', 'swish', 'swish', 'tanh']",0908086849,700,Adam,MaxAbsoluteDeviation,0.4283701479434967,0.47577205300331116,4.592607999918982
"[8, 8, 8, 8, 12]","['tanh', 'swish', 'swish', 'swish', 'tanh']",0908080849,529,Adam,MaxAbsoluteDeviation,0.1982777714729309,0.19127658009529114,3.5819166000001132
"[8, 8, 8, 23]","['tanh', 'swish', 'swish', 'swish']",090808f8,529,Adam,MaxAbsoluteDeviation,0.26789093017578125,0.09160967171192169,3.3461036999942735
"[8, 8, 8]","['tanh', 'swish', 'swish']",090808,529,Adam,MaxAbsoluteDeviation,0.510097324848175,0.44815608859062195,2.992640700074844
"[8, 8]","['tanh', 'swish']",0908,529,Adam,MaxAbsoluteDeviation,0.2565748393535614,0.16299046576023102,2.6174324000021443
[8],['tanh'],09,529,Adam,MaxAbsoluteDeviation,0.2565748393535614,0.33281466364860535,2.2640204000053927
[8],['sigmoid'],06,700,Adam,MaxAbsoluteDeviation,0.2565748393535614,0.3197011649608612,2.946021100040525
"[23, 8]","['tanh', 'swish']",f908,529,Adam,MaxAbsoluteDeviation,0.1445820927619934,0.14937876164913177,2.5952785999979824
"[23, 8]","['tanh', 'swish']",f908,700,Adam,MaxAbsoluteDeviation,0.4933755397796631,0.3193093240261078,3.3829317999770865
[23],['tanh'],f9,700,Adam,MaxAbsoluteDeviation,0.21750859916210175,0.14775681495666504,2.9606746000936255
[23],['tanh'],f9,700,Adam,MaxAbsoluteDeviation,0.2023841291666031,0.16390462219715118,2.96450499992352
[23],['tanh'],f9,400,Adam,MaxAbsoluteDeviation,0.6800864934921265,0.6138032078742981,1.7297028000466526
[23],['elu'],f0,400,Adam,MaxAbsoluteDeviation,0.6800864934921265,1.1316365003585815,1.7413097999524325
"[23, 23]","['tanh', 'tanh']",f9f9,400,Adam,MaxAbsoluteDeviation,0.2763368487358093,0.21119728684425354,1.9521670000394806
[23],['tanh'],f9,400,Adam,MaxAbsoluteDeviation,0.2763368487358093,0.5871361494064331,6.107810099958442
[23],['elu'],f0,400,Adam,MaxAbsoluteDeviation,0.2763368487358093,0.7853336334228516,1.7922678999602795
[23],['tanh'],f9,247,Adam,MaxAbsoluteDeviation,0.2763368487358093,1.640121340751648,1.192446600063704
"[23, 8]","['tanh', 'tanh']",f909,400,Adam,MaxAbsoluteDeviation,0.3670443296432495,0.17156252264976501,2.2158342000329867
"[8, 8]","['tanh', 'tanh']",0909,400,Adam,MaxAbsoluteDeviation,0.2636023759841919,0.22591547667980194,2.213815000024624
"[8, 8]","['tanh', 'tanh']",0909,700,Adam,MaxAbsoluteDeviation,0.14275920391082764,0.1645706743001938,3.649355600005947
"[8, 8]","['tanh', 'tanh']",0909,700,Adam,MaxAbsoluteDeviation,0.23522034287452698,0.1003640741109848,3.7200125999515876
"[8, 23, 8]","['tanh', 'tanh', 'swish']",09f908,700,Adam,MaxAbsoluteDeviation,0.2008953094482422,0.1737516224384308,4.412271499983035
"[23, 23, 8]","['elu', 'tanh', 'swish']",f0f908,700,Adam,MaxAbsoluteDeviation,0.29489800333976746,0.1722661852836609,4.424001900013536
"[8, 23, 8]","['elu', 'tanh', 'swish']",00f908,700,Adam,MaxAbsoluteDeviation,0.15422950685024261,0.1755722612142563,4.388301800005138
"[23, 23, 8]","['elu', 'tanh', 'swish']",f0f908,700,Adam,MaxAbsoluteDeviation,0.18790630996227264,0.17178279161453247,4.366586099960841
"[23, 23, 8]","['elu', 'tanh', 'swish']",f0f908,700,Adam,MaxAbsoluteDeviation,0.2153266966342926,0.23859769105911255,4.35098900005687
"[23, 23, 8]","['elu', 'tanh', 'swish']",f0f908,700,Adam,MaxAbsoluteDeviation,0.31238651275634766,0.14835414290428162,4.308947099954821
"[23, 23, 8, 20]","['elu', 'tanh', 'swish', 'swish']",f0f908c8,700,Adam,MaxAbsoluteDeviation,0.24407893419265747,0.26680704951286316,4.936243999982253
"[23, 23, 8, 20]","['elu', 'tanh', 'swish', 'swish']",f0f908c8,700,Adam,MaxAbsoluteDeviation,0.2859432101249695,0.17318843305110931,4.947741199983284
"[23, 23, 8, 20]","['elu', 'tanh', 'swish', 'swish']",f0f908c8,700,Adam,MaxAbsoluteDeviation,0.2859432101249695,0.3612309694290161,4.923986800014973
"[23, 23, 8, 20]","['tanh', 'tanh', 'swish', 'swish']",f9f908c8,134,Adam,MaxAbsoluteDeviation,0.3129276931285858,0.07712504267692566,1.2939225999871269
"[8, 23, 8]","['tanh', 'tanh', 'swish']",09f908,100,Adam,MaxAbsoluteDeviation,0.5476599335670471,0.33923131227493286,0.9324754999252036
"[8, 23, 8]","['tanh', 'elu', 'swish']",09f008,100,Adam,MaxAbsoluteDeviation,0.40944188833236694,0.3031124472618103,0.939915299997665
"[8, 8, 8]","['tanh', 'elu', 'swish']",090008,100,Adam,MaxAbsoluteDeviation,0.6300585269927979,0.502297580242157,0.9285694999853149
"[23, 8, 8]","['tanh', 'elu', 'swish']",f90008,100,Adam,MaxAbsoluteDeviation,0.4937925636768341,0.2733316123485565,0.9303492999169976
"[23, 8, 8, 23]","['tanh', 'elu', 'swish', 'swish']",f90008f8,700,Adam,MaxAbsoluteDeviation,0.23915690183639526,0.12065698951482773,4.825440000044182
"[23, 8, 8, 23]","['tanh', 'elu', 'swish', 'swish']",f90008f8,700,Adam,MaxAbsoluteDeviation,0.238434836268425,0.19213993847370148,4.787309300038032
"[23, 8, 8, 23]","['tanh', 'elu', 'swish', 'swish']",f90008f8,700,Adam,MaxAbsoluteDeviation,0.46082428097724915,0.11155756562948227,4.7582669000839815
"[23, 8, 8, 23]","['tanh', 'elu', 'swish', 'swish']",f90008f8,700,Adam,MaxAbsoluteDeviation,0.3415602445602417,0.3769802153110504,4.766429099952802
"[23, 8, 8, 23]","['tanh', 'elu', 'swish', 'swish']",f90008f8,700,Adam,MaxAbsoluteDeviation,0.35737308859825134,0.23884953558444977,4.74982520006597
"[23, 8, 8, 23]","['tanh', 'elu', 'swish', 'swish']",f90008f8,328,Adam,MaxAbsoluteDeviation,0.35737308859825134,0.18621963262557983,2.4771779000293463
"[23, 8, 8, 23, 15]","['tanh', 'elu', 'swish', 'swish', 'elu']",f90008f870,700,Adam,MaxAbsoluteDeviation,0.39475515484809875,0.1102723702788353,5.094574599992484
"[23, 8, 8, 23, 15]","['tanh', 'sigmoid', 'swish', 'swish', 'elu']",f90608f870,208,Adam,MaxAbsoluteDeviation,0.3097633421421051,0.27928319573402405,1.8724530000472441
"[23, 8, 8]","['tanh', 'sigmoid', 'swish']",f90608,208,Adam,MaxAbsoluteDeviation,0.18777398765087128,0.28211280703544617,1.4480764999752864
"[23, 8, 8]","['tanh', 'sigmoid', 'swish']",f90608,208,Adam,MaxAbsoluteDeviation,0.18777398765087128,0.08337315917015076,1.4697211000602692
"[23, 8, 8]","['tanh', 'sigmoid', 'swish']",f90608,700,Adam,MaxAbsoluteDeviation,0.17374959588050842,0.041939619928598404,4.0132956999586895
"[23, 8, 8]","['tanh', 'elu', 'swish']",f90008,700,Adam,MaxAbsoluteDeviation,0.17506228387355804,0.17891715466976166,4.102837899932638
"[23, 8, 8]","['tanh', 'elu', 'swish']",f90008,700,Adam,MaxAbsoluteDeviation,0.15174026787281036,0.06754691898822784,4.086102399975061
"[23, 8, 8]","['tanh', 'elu', 'swish']",f90008,700,Adam,MaxAbsoluteDeviation,0.14071506261825562,0.13799217343330383,4.101584600051865
"[23, 8, 8]","['tanh', 'elu', 'swish']",f90008,115,Adam,MaxAbsoluteDeviation,0.5069733262062073,0.4048458933830261,0.9726355999009684
"[23, 8, 23]","['tanh', 'elu', 'swish']",f900f8,115,Adam,MaxAbsoluteDeviation,0.6304230690002441,0.3146039843559265,0.9720655999844894
"[23, 8]","['tanh', 'elu']",f900,115,Adam,MaxAbsoluteDeviation,0.6304230690002441,0.46676838397979736,0.8232501000165939
"[23, 8, 17]","['tanh', 'elu', 'swish']",f90098,115,Adam,MaxAbsoluteDeviation,0.6574255228042603,0.5908810496330261,0.9672346999868751
"[23, 8, 17]","['tanh', 'elu', 'swish']",f90098,100,Adam,MaxAbsoluteDeviation,0.6236078143119812,0.3875678777694702,0.8963939000386745
"[23, 8, 17, 21]","['tanh', 'elu', 'swish', 'swish']",f90098d8,100,Adam,MaxAbsoluteDeviation,0.6109300851821899,0.251602441072464,1.0292331000091508
"[23, 8, 17]","['tanh', 'elu', 'swish']",f90098,100,Adam,MaxAbsoluteDeviation,0.7102082371711731,0.31755974888801575,0.8961553999688476
"[23, 8, 17]","['tanh', 'elu', 'swish']",f90098,700,Adam,MaxAbsoluteDeviation,0.20185354351997375,0.11389124393463135,3.93780610000249
"[23, 8]","['tanh', 'elu']",f900,700,Adam,MaxAbsoluteDeviation,0.3622555136680603,0.20296679437160492,3.427825399907306
"[23, 8, 8]","['tanh', 'elu', 'sigmoid']",f90006,700,Adam,MaxAbsoluteDeviation,0.34961360692977905,0.21250997483730316,3.898458299925551
[23],['tanh'],f9,700,Adam,MaxAbsoluteDeviation,0.15705636143684387,0.15806958079338074,3.0007818000158295
[23],['tanh'],f9,617,Adam,MaxAbsoluteDeviation,0.32513219118118286,0.21224358677864075,2.662164599983953
[23],['tanh'],f9,700,Adam,MaxAbsoluteDeviation,0.19172866642475128,0.14813806116580963,3.03496640000958
"[23, 11]","['tanh', 'sigmoid']",f936,700,Adam,MaxAbsoluteDeviation,0.16234542429447174,0.0890766903758049,3.326633800053969
"[23, 8]","['sigmoid', 'sigmoid']",f606,645,Adam,MaxAbsoluteDeviation,0.13062910735607147,0.09585488587617874,3.1803607000038028
"[8, 8]","['sigmoid', 'sigmoid']",0606,645,Adam,MaxAbsoluteDeviation,0.10249868035316467,0.07237407565116882,3.1003135999199003
"[8, 8, 22]","['sigmoid', 'sigmoid', 'sigmoid']",0606e6,645,Adam,MaxAbsoluteDeviation,0.13756579160690308,0.1251937299966812,3.5330028000753373
"[8, 8]","['sigmoid', 'sigmoid']",0606,645,Adam,MaxAbsoluteDeviation,0.1142960861325264,0.06968078762292862,3.0744903000304475
[8],['sigmoid'],06,319,Adam,MaxAbsoluteDeviation,0.1142960861325264,1.2449156045913696,1.451363299973309
"[8, 8]","['sigmoid', 'sigmoid']",0606,700,Adam,MaxAbsoluteDeviation,0.12768234312534332,0.06723833829164505,3.2992222000611946
"[8, 23]","['sigmoid', 'sigmoid']",06f6,700,Adam,MaxAbsoluteDeviation,0.1206224337220192,0.11244768649339676,3.3017457999521866
"[8, 23]","['sigmoid', 'sigmoid']",06f6,700,Adam,MaxAbsoluteDeviation,0.10933253169059753,0.03862236067652702,3.323965399991721
"[8, 23]","['sigmoid', 'sigmoid']",06f6,367,Adam,MaxAbsoluteDeviation,0.3998508155345917,0.214345782995224,1.8317814999027178
"[8, 23]","['sigmoid', 'sigmoid']",06f6,367,Adam,MaxAbsoluteDeviation,0.22941462695598602,0.11645921319723129,1.8736828999826685
"[8, 23, 13]","['sigmoid', 'tanh', 'sigmoid']",06f956,367,Adam,MaxAbsoluteDeviation,0.33814677596092224,0.07695505768060684,2.054765500011854
"[8, 23, 13]","['sigmoid', 'tanh', 'sigmoid']",06f956,700,Adam,MaxAbsoluteDeviation,0.27163830399513245,0.14291585981845856,3.6959999999962747
"[8, 23, 13]","['sigmoid', 'tanh', 'sigmoid']",06f956,700,Adam,MaxAbsoluteDeviation,0.15161648392677307,0.19294816255569458,3.714422299992293
"[8, 23, 13]","['sigmoid', 'tanh', 'swish']",06f958,700,Adam,MaxAbsoluteDeviation,0.36698493361473083,0.09571091830730438,3.6661141000222415
"[8, 23, 13]","['sigmoid', 'tanh', 'swish']",06f958,511,Adam,MaxAbsoluteDeviation,0.5253658294677734,0.15283440053462982,2.69732739997562
"[8, 23, 13, 11]","['sigmoid', 'tanh', 'swish', 'sigmoid']",06f95836,511,Adam,MaxAbsoluteDeviation,0.2723184823989868,0.21765975654125214,2.998959999997169
"[8, 23, 13, 11]","['tanh', 'tanh', 'swish', 'sigmoid']",09f95836,511,Adam,MaxAbsoluteDeviation,0.2723184823989868,0.3383292853832245,2.991516700014472
"[8, 23, 13, 11, 16]","['sigmoid', 'tanh', 'swish', 'sigmoid', 'swish']",06f9583688,511,Adam,MaxAbsoluteDeviation,0.39968326687812805,0.18514463305473328,3.2731319000013173
"[8, 23, 13, 11, 16]","['sigmoid', 'tanh', 'swish', 'sigmoid', 'swish']",06f9583688,700,Adam,MaxAbsoluteDeviation,0.39968326687812805,0.6006742715835571,4.216835099970922
"[8, 23, 13, 11, 16]","['sigmoid', 'tanh', 'swish', 'sigmoid', 'swish']",06f9583688,700,Adam,MaxAbsoluteDeviation,0.39968326687812805,0.7896167039871216,4.220197199960239
"[8, 8, 13, 11, 16]","['sigmoid', 'tanh', 'swish', 'sigmoid', 'swish']",0609583688,511,Adam,MaxAbsoluteDeviation,0.49637100100517273,0.4431513547897339,3.0710095999529585
"[8, 8, 13, 11, 16]","['swish', 'tanh', 'swish', 'sigmoid', 'swish']",0809583688,511,Adam,MaxAbsoluteDeviation,0.14169372618198395,0.20097355544567108,3.101569800055586
"[8, 8, 13, 11, 16]","['swish', 'tanh', 'swish', 'sigmoid', 'swish']",0809583688,511,Adam,MaxAbsoluteDeviation,0.14169372618198395,0.22656254470348358,3.222590300021693
"[8, 8, 13, 11, 9]","['swish', 'tanh', 'swish', 'sigmoid', 'tanh']",0809583619,511,Adam,MaxAbsoluteDeviation,0.19777338206768036,0.07869958132505417,3.1275493999710307
"[8, 8, 13, 11, 9]","['swish', 'tanh', 'swish', 'sigmoid', 'tanh']",0809583619,700,Adam,MaxAbsoluteDeviation,0.24508850276470184,0.2493790239095688,4.0987502000061795
"[8, 8, 13, 11, 9]","['swish', 'tanh', 'swish', 'sigmoid', 'tanh']",0809583619,700,Adam,MaxAbsoluteDeviation,0.1656709760427475,0.13268832862377167,4.099954799981788
"[8, 8, 13, 11, 9]","['swish', 'tanh', 'swish', 'sigmoid', 'tanh']",0809583619,349,Adam,MaxAbsoluteDeviation,0.437928169965744,0.32160115242004395,2.2453719000332057
"[8, 8, 13, 20, 9]","['swish', 'tanh', 'swish', 'sigmoid', 'tanh']",080958c619,700,Adam,MaxAbsoluteDeviation,0.358874648809433,0.08355814963579178,4.022830700036138
"[8, 8, 13, 20, 9]","['swish', 'tanh', 'swish', 'sigmoid', 'tanh']",080958c619,700,Adam,MaxAbsoluteDeviation,0.358874648809433,0.1568664014339447,4.0245678999926895
"[8, 8, 13, 20, 9]","['swish', 'tanh', 'swish', 'sigmoid', 'tanh']",080958c619,700,Adam,MaxAbsoluteDeviation,0.5825935006141663,0.13345205783843994,4.043743000016548
"[8, 8, 13, 20]","['swish', 'tanh', 'swish', 'sigmoid']",080958c6,700,Adam,MaxAbsoluteDeviation,0.1285787969827652,0.08805211633443832,3.742913099937141
"[8, 8, 13]","['swish', 'tanh', 'swish']",080958,691,Adam,MaxAbsoluteDeviation,0.18994183838367462,0.06620367616415024,3.486831199959852
"[8, 8, 13]","['swish', 'tanh', 'elu']",080950,691,Adam,MaxAbsoluteDeviation,0.32307615876197815,0.16652216017246246,3.438063299981877
"[8, 8]","['swish', 'tanh']",0809,691,Adam,MaxAbsoluteDeviation,0.14366906881332397,0.08366937935352325,3.1379569000564516
"[8, 8, 19, 22]","['swish', 'tanh', 'swish', 'tanh']",0809b8e9,691,Adam,MaxAbsoluteDeviation,0.20708481967449188,0.08996673673391342,3.687461399938911
"[8, 8, 19, 22]","['swish', 'tanh', 'swish', 'tanh']",0809b8e9,531,Adam,MaxAbsoluteDeviation,0.26301100850105286,0.15991351008415222,3.001023599994369
"[8, 8, 19, 22]","['sigmoid', 'tanh', 'swish', 'tanh']",0609b8e9,531,Adam,MaxAbsoluteDeviation,0.3478420674800873,0.2613125145435333,2.931314899935387
"[8, 8, 19, 22, 18]","['sigmoid', 'tanh', 'swish', 'tanh', 'sigmoid']",0609b8e9a6,531,Adam,MaxAbsoluteDeviation,0.6729429364204407,0.5012426972389221,3.063096099998802
"[8, 8, 19, 22, 23]","['sigmoid', 'tanh', 'swish', 'tanh', 'sigmoid']",0609b8e9f6,531,Adam,MaxAbsoluteDeviation,0.6729429364204407,0.20403017103672028,3.0738997000735253
"[8, 8, 19, 22, 18]","['sigmoid', 'tanh', 'swish', 'tanh', 'sigmoid']",0609b8e9a6,531,Adam,MaxAbsoluteDeviation,0.34552842378616333,0.2616095244884491,3.060842899954878
"[8, 8, 19, 23, 18]","['sigmoid', 'tanh', 'swish', 'tanh', 'sigmoid']",0609b8f9a6,531,Adam,MaxAbsoluteDeviation,0.20166851580142975,0.25246429443359375,3.075789700029418
"[8, 8, 19, 23, 18]","['sigmoid', 'tanh', 'swish', 'tanh', 'sigmoid']",0609b8f9a6,489,Adam,MaxAbsoluteDeviation,0.5644285082817078,0.37348663806915283,2.8772814000258222
"[8, 8, 19, 23, 18]","['sigmoid', 'tanh', 'swish', 'tanh', 'tanh']",0609b8f9a9,100,Adam,MaxAbsoluteDeviation,0.5644285082817078,1.0619503259658813,0.9758467999054119
"[8, 8, 19, 23, 18, 12]","['sigmoid', 'tanh', 'swish', 'tanh', 'sigmoid', 'sigmoid']",0609b8f9a646,489,Adam,MaxAbsoluteDeviation,0.5465134978294373,0.44655343890190125,2.9609330999664962
"[8, 8, 19, 23, 18, 12]","['sigmoid', 'tanh', 'elu', 'tanh', 'sigmoid', 'sigmoid']",0609b0f9a646,489,Adam,MaxAbsoluteDeviation,0.4122399091720581,0.3657754957675934,3.004636300029233
"[8, 8, 19, 23, 18, 12]","['sigmoid', 'tanh', 'elu', 'tanh', 'sigmoid', 'sigmoid']",0609b0f9a646,700,Adam,MaxAbsoluteDeviation,0.3558061718940735,0.3366372585296631,4.044335399987176
"[8, 8, 19, 23, 18, 8]","['sigmoid', 'tanh', 'elu', 'tanh', 'sigmoid', 'sigmoid']",0609b0f9a606,700,Adam,MaxAbsoluteDeviation,0.3275648355484009,0.17593060433864594,4.060687799938023
"[8, 8, 8, 23, 18, 8]","['sigmoid', 'tanh', 'elu', 'tanh', 'tanh', 'sigmoid']",060900f9a906,700,Adam,MaxAbsoluteDeviation,0.3385111093521118,0.2915053069591522,4.108065100037493
"[8, 8, 8, 23, 18, 8]","['sigmoid', 'tanh', 'elu', 'tanh', 'tanh', 'sigmoid']",060900f9a906,700,Adam,MaxAbsoluteDeviation,0.34885334968566895,0.4843551516532898,4.01886980002746
"[8, 8, 8, 23, 18, 8]","['sigmoid', 'tanh', 'elu', 'tanh', 'tanh', 'sigmoid']",060900f9a906,700,Adam,MaxAbsoluteDeviation,0.8295170068740845,0.8356181979179382,4.008542399969883
"[8, 8, 8, 23, 18, 8, 8]","['sigmoid', 'tanh', 'elu', 'tanh', 'tanh', 'sigmoid', 'tanh']",060900f9a90609,700,Adam,MaxAbsoluteDeviation,0.9267597198486328,0.46372243762016296,4.206137100001797
"[8, 8, 8, 23, 18, 8, 8]","['sigmoid', 'tanh', 'elu', 'tanh', 'tanh', 'sigmoid', 'tanh']",060900f9a90609,542,Adam,MaxAbsoluteDeviation,0.9267597198486328,7.288135528564453,3.4248427000129595
"[8, 8, 8, 23, 23, 8, 23]","['sigmoid', 'tanh', 'tanh', 'tanh', 'tanh', 'sigmoid', 'tanh']",060909f9f906f9,700,Adam,MaxAbsoluteDeviation,0.8950817584991455,0.5244603753089905,4.216589100076817
"[8, 8, 8, 23, 23, 8, 23, 21]","['sigmoid', 'tanh', 'tanh', 'tanh', 'tanh', 'sigmoid', 'tanh', 'elu']",060909f9f906f9d0,700,Adam,MaxAbsoluteDeviation,0.571375846862793,0.14731213450431824,4.250354200019501
"[8, 8, 8, 23, 23, 8, 23, 21, 20, 11]","['sigmoid', 'tanh', 'tanh', 'tanh', 'tanh', 'sigmoid', 'tanh', 'elu', 'elu', 'tanh']",060909f9f906f9d0c039,700,Adam,MaxAbsoluteDeviation,0.571375846862793,7.363300800323486,4.912823199992999
"[8, 8, 8, 23, 23, 8, 23]","['sigmoid', 'tanh', 'tanh', 'tanh', 'tanh', 'sigmoid', 'tanh']",060909f9f906f9,700,Adam,MaxAbsoluteDeviation,0.515377938747406,0.42735132575035095,4.183541499893181
"[8, 8, 8, 23, 23, 8, 23]","['sigmoid', 'tanh', 'tanh', 'swish', 'tanh', 'sigmoid', 'tanh']",060909f8f906f9,700,Adam,MaxAbsoluteDeviation,0.4576176404953003,0.21882329881191254,4.1644988000625744
"[8, 8, 8, 23, 23, 8, 23]","['sigmoid', 'tanh', 'tanh', 'swish', 'tanh', 'sigmoid', 'swish']",060909f8f906f8,699,Adam,MaxAbsoluteDeviation,0.7398544549942017,0.46481797099113464,4.115209799958393
"[8, 8, 8, 23, 23, 8, 23]","['sigmoid', 'tanh', 'tanh', 'swish', 'tanh', 'sigmoid', 'swish']",060909f8f906f8,699,Adam,MaxAbsoluteDeviation,0.8098904490470886,0.3146790862083435,4.22537680005189
"[8, 8, 8, 23, 8, 8, 23]","['sigmoid', 'tanh', 'tanh', 'swish', 'tanh', 'sigmoid', 'swish']",060909f80906f8,699,Adam,MaxAbsoluteDeviation,0.8098904490470886,7.650185585021973,4.2891987999901175
"[8, 8, 8, 23, 23, 8, 23]","['sigmoid', 'tanh', 'tanh', 'tanh', 'tanh', 'sigmoid', 'swish']",060909f9f906f8,699,Adam,MaxAbsoluteDeviation,0.6115599870681763,0.3465895354747772,4.205716300057247
"[8, 8, 8, 23, 23, 8]","['sigmoid', 'tanh', 'tanh', 'tanh', 'tanh', 'sigmoid']",060909f9f906,699,Adam,MaxAbsoluteDeviation,0.6115599870681763,7.384322166442871,6.306156100006774
"[8, 8, 8, 23, 23, 8, 23]","['sigmoid', 'tanh', 'tanh', 'tanh', 'tanh', 'sigmoid', 'swish']",060909f9f906f8,699,Adam,MaxAbsoluteDeviation,0.6115599870681763,0.972988486289978,6.924162200069986
"[8, 8, 8, 23, 23, 8, 23, 14]","['sigmoid', 'tanh', 'tanh', 'tanh', 'tanh', 'sigmoid', 'swish', 'tanh']",060909f9f906f869,699,Adam,MaxAbsoluteDeviation,0.6105098724365234,0.4484311044216156,7.551712900050916
"[8, 8, 8, 23, 23, 8, 23, 14]","['sigmoid', 'tanh', 'tanh', 'tanh', 'tanh', 'sigmoid', 'swish', 'tanh']",060909f9f906f869,139,Adam,MaxAbsoluteDeviation,1.7048702239990234,1.6386449337005615,2.041793999960646
"[8, 8, 8, 23, 23, 8, 23, 8]","['sigmoid', 'tanh', 'tanh', 'tanh', 'tanh', 'sigmoid', 'swish', 'tanh']",060909f9f906f809,139,Adam,MaxAbsoluteDeviation,1.7048702239990234,7.41619873046875,2.051902999985032
"[8, 8, 8, 23, 23, 8, 23, 14]","['sigmoid', 'tanh', 'tanh', 'tanh', 'tanh', 'sigmoid', 'swish', 'tanh']",060909f9f906f869,114,Adam,MaxAbsoluteDeviation,1.7048702239990234,7.443578243255615,1.8207545999903232
"[8, 8, 8, 23, 23, 8, 23, 14]","['sigmoid', 'tanh', 'tanh', 'tanh', 'tanh', 'sigmoid', 'swish', 'tanh']",060909f9f906f869,108,Adam,MaxAbsoluteDeviation,1.7048702239990234,2.540592670440674,1.7439204999245703
"[8, 8, 8, 23, 23, 8, 23, 14, 8]","['sigmoid', 'tanh', 'tanh', 'tanh', 'tanh', 'sigmoid', 'swish', 'tanh', 'tanh']",060909f9f906f86909,700,Adam,MaxAbsoluteDeviation,1.7048702239990234,7.359920024871826,8.091191500076093
"[8, 8, 8, 23, 23, 8, 23]","['sigmoid', 'tanh', 'tanh', 'tanh', 'tanh', 'sigmoid', 'swish']",060909f9f906f8,139,Adam,MaxAbsoluteDeviation,0.7908225059509277,0.7232728004455566,1.8598042000085115
"[8, 8, 8, 23, 23, 8, 23]","['sigmoid', 'tanh', 'tanh', 'tanh', 'tanh', 'sigmoid', 'swish']",060909f9f906f8,100,Adam,MaxAbsoluteDeviation,1.0651514530181885,1.0149636268615723,1.5081419999478385
"[8, 8, 8, 23, 23, 8, 23]","['sigmoid', 'tanh', 'tanh', 'tanh', 'tanh', 'sigmoid', 'swish']",060909f9f906f8,700,Adam,MaxAbsoluteDeviation,0.5269781947135925,0.3747817873954773,6.838369700009935
"[8, 8, 8, 23, 23, 8, 23]","['sigmoid', 'tanh', 'tanh', 'tanh', 'swish', 'sigmoid', 'swish']",060909f9f806f8,700,Adam,MaxAbsoluteDeviation,0.42033568024635315,0.3362131416797638,6.929065000033006
"[8, 8, 8, 23, 23, 8]","['sigmoid', 'tanh', 'tanh', 'tanh', 'swish', 'sigmoid']",060909f9f806,700,Adam,MaxAbsoluteDeviation,0.40415558218955994,0.35616230964660645,6.148754599969834
"[8, 8, 8, 23, 23, 8, 21]","['sigmoid', 'tanh', 'tanh', 'tanh', 'swish', 'sigmoid', 'swish']",060909f9f806d8,695,Adam,MaxAbsoluteDeviation,0.40415558218955994,0.5737087726593018,6.771197299938649
"[8, 8, 8, 23, 23, 8]","['sigmoid', 'tanh', 'tanh', 'tanh', 'swish', 'sigmoid']",060909f9f806,700,Adam,MaxAbsoluteDeviation,0.3014419972896576,0.24780330061912537,6.078616900020279
"[8, 8, 8, 23, 23, 8]","['sigmoid', 'tanh', 'tanh', 'tanh', 'swish', 'sigmoid']",060909f9f806,700,Adam,MaxAbsoluteDeviation,0.4974416494369507,0.396841824054718,6.115121700102463
"[8, 8, 8, 23, 23, 8]","['sigmoid', 'tanh', 'tanh', 'tanh', 'swish', 'sigmoid']",060909f9f806,686,Adam,MaxAbsoluteDeviation,0.3588726818561554,0.22283107042312622,5.827171799959615
"[8, 8, 8, 23, 23, 8]","['sigmoid', 'tanh', 'tanh', 'tanh', 'swish', 'sigmoid']",060909f9f806,686,Adam,MaxAbsoluteDeviation,0.3588726818561554,7.422770977020264,5.836515199975111
"[8, 8, 8, 23, 23, 8]","['sigmoid', 'tanh', 'tanh', 'tanh', 'swish', 'sigmoid']",060909f9f806,700,Adam,MaxAbsoluteDeviation,0.3588726818561554,7.3725905418396,5.937904600054026
"[8, 8, 8, 23, 23, 8]","['sigmoid', 'tanh', 'tanh', 'tanh', 'swish', 'sigmoid']",060909f9f806,686,Adam,MaxAbsoluteDeviation,0.3588726818561554,7.385295391082764,5.921166299958713
"[8, 8, 8, 23, 23, 8, 16]","['sigmoid', 'tanh', 'tanh', 'tanh', 'swish', 'sigmoid', 'sigmoid']",060909f9f80686,100,Adam,MaxAbsoluteDeviation,0.3588726818561554,7.271899223327637,1.47467060002964
"[8, 8, 8, 23, 23, 8, 13, 9]","['sigmoid', 'tanh', 'tanh', 'tanh', 'swish', 'sigmoid', 'elu', 'tanh']",060909f9f8065019,686,Adam,MaxAbsoluteDeviation,0.3588726818561554,7.295558929443359,7.0573929999955
"[8, 8, 8, 23, 23, 8, 20]","['sigmoid', 'tanh', 'tanh', 'tanh', 'swish', 'sigmoid', 'tanh']",060909f9f806c9,686,Adam,MaxAbsoluteDeviation,0.3588726818561554,7.413517951965332,6.499227999942377
"[8, 8, 8, 23, 8, 8]","['sigmoid', 'tanh', 'tanh', 'tanh', 'swish', 'sigmoid']",060909f90806,686,Adam,MaxAbsoluteDeviation,0.3763941824436188,0.3964617848396301,5.803952599992044
"[8, 8, 8, 23, 8, 8]","['swish', 'tanh', 'tanh', 'tanh', 'swish', 'sigmoid']",080909f90806,686,Adam,MaxAbsoluteDeviation,0.34800416231155396,0.25182101130485535,5.853817200055346
"[8, 8, 8, 23, 8, 8]","['swish', 'swish', 'tanh', 'tanh', 'swish', 'sigmoid']",080809f90806,686,Adam,MaxAbsoluteDeviation,0.23473462462425232,0.28205496072769165,5.818130300031044
"[8, 8, 8, 23, 8, 8, 14]","['swish', 'swish', 'tanh', 'tanh', 'swish', 'sigmoid', 'tanh']",080809f9080669,686,Adam,MaxAbsoluteDeviation,0.23473462462425232,0.1795053333044052,6.328476900001988
"[8, 8, 8, 23, 8, 8]","['swish', 'swish', 'tanh', 'tanh', 'swish', 'sigmoid']",080809f90806,686,Adam,MaxAbsoluteDeviation,0.34501776099205017,0.243194580078125,5.876801400096156
"[8, 8, 8, 23, 8]","['swish', 'swish', 'swish', 'tanh', 'swish']",080808f908,700,Adam,MaxAbsoluteDeviation,0.15418638288974762,0.11682009696960449,5.373483000090346
"[8, 8, 8, 23, 23]","['swish', 'swish', 'swish', 'tanh', 'swish']",080808f9f8,700,Adam,MaxAbsoluteDeviation,0.15418638288974762,0.1833275407552719,5.357323299976997
"[8, 8, 8, 23, 16]","['swish', 'swish', 'swish', 'tanh', 'sigmoid']",080808f986,168,Adam,MaxAbsoluteDeviation,0.15418638288974762,0.17255552113056183,1.7534346000757068
"[8, 8, 8, 23, 8]","['swish', 'swish', 'swish', 'tanh', 'swish']",080808f908,700,Adam,MaxAbsoluteDeviation,0.15418638288974762,0.43398067355155945,5.400507100042887
"[8, 8, 8, 23, 8]","['swish', 'swish', 'elu', 'tanh', 'swish']",080800f908,700,Adam,MaxAbsoluteDeviation,0.15418638288974762,0.23362059891223907,5.326701499987394
"[8, 8, 8, 23, 8]","['swish', 'swish', 'swish', 'tanh', 'swish']",080808f908,100,Adam,MaxAbsoluteDeviation,0.15418638288974762,0.6149747967720032,1.241474499925971
"[8, 8, 8, 23]","['swish', 'swish', 'swish', 'tanh']",080808f9,700,Adam,MaxAbsoluteDeviation,0.24972321093082428,0.12968462705612183,4.858406899962574
"[8, 23, 8, 23]","['swish', 'swish', 'swish', 'tanh']",08f808f9,700,Adam,MaxAbsoluteDeviation,0.3631575107574463,0.22593390941619873,4.833018400007859
"[8, 23, 8, 23]","['swish', 'swish', 'swish', 'tanh']",08f808f9,700,Adam,MaxAbsoluteDeviation,0.21702885627746582,0.18791264295578003,4.762389900046401
"[8, 23, 8, 23]","['swish', 'swish', 'swish', 'tanh']",08f808f9,700,Adam,MaxAbsoluteDeviation,0.15797409415245056,0.06345629692077637,4.769901199964806
"[8, 23, 8]","['swish', 'swish', 'swish']",08f808,700,Adam,MaxAbsoluteDeviation,0.12047292292118073,0.07622929662466049,4.298082299996167
"[8, 23, 8]","['swish', 'swish', 'swish']",08f808,655,Adam,MaxAbsoluteDeviation,0.14464646577835083,0.11833205819129944,4.0095014000544325
"[8, 23, 8, 12]","['swish', 'swish', 'swish', 'elu']",08f80840,655,Adam,MaxAbsoluteDeviation,0.17530333995819092,0.07162732630968094,4.424893400049768
"[8, 23, 8, 12, 12]","['swish', 'swish', 'swish', 'elu', 'sigmoid']",08f8084046,655,Adam,MaxAbsoluteDeviation,0.17530333995819092,0.2920316457748413,4.806186000001617
"[8, 23, 8, 12, 12]","['swish', 'swish', 'swish', 'elu', 'sigmoid']",08f8084046,655,Adam,MaxAbsoluteDeviation,0.21532537043094635,0.11575216799974442,4.838603700045496
"[8, 23, 8, 12, 12]","['swish', 'swish', 'swish', 'elu', 'sigmoid']",08f8084046,700,Adam,MaxAbsoluteDeviation,0.18991591036319733,0.13210268318653107,5.220984400017187
"[8, 23, 8, 12, 12]","['swish', 'sigmoid', 'swish', 'elu', 'sigmoid']",08f6084046,700,Adam,MaxAbsoluteDeviation,0.24642308056354523,0.3062978982925415,5.0743955000070855
"[8, 23, 8, 12, 12, 22]","['swish', 'sigmoid', 'swish', 'elu', 'sigmoid', 'tanh']",08f6084046e9,700,Adam,MaxAbsoluteDeviation,0.3409873843193054,0.23156651854515076,5.447224000003189
"[8, 23, 8, 12, 12, 22]","['swish', 'sigmoid', 'sigmoid', 'elu', 'sigmoid', 'tanh']",08f6064046e9,700,Adam,MaxAbsoluteDeviation,0.2249651551246643,0.11682599037885666,5.348497100058012
"[8, 23, 8, 23, 12, 22]","['swish', 'sigmoid', 'sigmoid', 'elu', 'sigmoid', 'tanh']",08f606f046e9,421,Adam,MaxAbsoluteDeviation,0.20330917835235596,0.15653477609157562,3.4646692000096664
"[8, 23, 8, 23, 12, 23]","['swish', 'sigmoid', 'sigmoid', 'elu', 'sigmoid', 'tanh']",08f606f046f9,700,Adam,MaxAbsoluteDeviation,0.4767845571041107,0.4246305823326111,5.4781899999361485
"[8, 23, 8, 23, 12, 23]","['swish', 'sigmoid', 'sigmoid', 'elu', 'sigmoid', 'tanh']",08f606f046f9,492,Adam,MaxAbsoluteDeviation,0.45689818263053894,0.37193354964256287,3.9461542000062764
"[8, 23, 8, 23, 12, 23]","['swish', 'sigmoid', 'sigmoid', 'elu', 'sigmoid', 'tanh']",08f606f046f9,492,Adam,MaxAbsoluteDeviation,0.2418876439332962,0.29538023471832275,3.8675442999228835
"[8, 23, 8, 23, 12, 23]","['swish', 'sigmoid', 'sigmoid', 'elu', 'sigmoid', 'tanh']",08f606f046f9,479,Adam,MaxAbsoluteDeviation,0.40418046712875366,0.371582955121994,3.831935399910435
"[8, 23, 8, 23, 12]","['swish', 'sigmoid', 'sigmoid', 'elu', 'sigmoid']",08f606f046,433,Adam,MaxAbsoluteDeviation,0.3293534219264984,0.23359578847885132,3.188950499985367
"[8, 23, 8, 23, 8]","['swish', 'sigmoid', 'sigmoid', 'elu', 'sigmoid']",08f606f006,433,Adam,MaxAbsoluteDeviation,0.3153388202190399,0.2556822896003723,3.177283399971202
"[8, 23, 8, 23, 8, 15]","['swish', 'sigmoid', 'sigmoid', 'elu', 'sigmoid', 'tanh']",08f606f00679,433,Adam,MaxAbsoluteDeviation,0.438688188791275,0.3347594738006592,3.440812399960123
"[8, 23, 8, 23, 8, 15]","['swish', 'sigmoid', 'sigmoid', 'elu', 'sigmoid', 'tanh']",08f606f00679,426,Adam,MaxAbsoluteDeviation,0.298491507768631,0.13526718318462372,3.3651144000468776
"[8, 23, 8, 23, 8, 15]","['swish', 'sigmoid', 'sigmoid', 'elu', 'sigmoid', 'tanh']",08f606f00679,399,Adam,MaxAbsoluteDeviation,0.5038983225822449,0.37050145864486694,3.113005999941379
"[23, 23, 8, 23, 8, 15]","['swish', 'sigmoid', 'sigmoid', 'elu', 'sigmoid', 'tanh']",f8f606f00679,399,Adam,MaxAbsoluteDeviation,0.5584439635276794,0.22238889336585999,3.1589967000763863
"[23, 23, 8, 23, 8]","['swish', 'sigmoid', 'sigmoid', 'elu', 'sigmoid']",f8f606f006,399,Adam,MaxAbsoluteDeviation,0.23401138186454773,0.27407723665237427,2.958883799961768
"[23, 23, 8, 23, 8]","['swish', 'sigmoid', 'sigmoid', 'elu', 'sigmoid']",f8f606f006,399,Adam,MaxAbsoluteDeviation,0.2574540078639984,0.18742558360099792,2.928146200021729
"[23, 23, 8, 23]","['swish', 'sigmoid', 'sigmoid', 'elu']",f8f606f0,700,Adam,MaxAbsoluteDeviation,0.15752457082271576,0.12917199730873108,4.405713499989361
"[23, 23, 8, 23]","['swish', 'sigmoid', 'sigmoid', 'elu']",f8f606f0,424,Adam,MaxAbsoluteDeviation,0.4133261740207672,0.5101590752601624,2.794294299907051
"[23, 23, 8, 23]","['swish', 'sigmoid', 'sigmoid', 'elu']",f8f606f0,700,Adam,MaxAbsoluteDeviation,0.18597862124443054,0.14724041521549225,4.374792300048284
"[23, 23, 8, 23]","['swish', 'sigmoid', 'sigmoid', 'elu']",f8f606f0,100,Adam,MaxAbsoluteDeviation,0.18597862124443054,0.38766470551490784,1.0002276999875903
"[23, 23, 8, 23]","['swish', 'sigmoid', 'sigmoid', 'elu']",f8f606f0,700,Adam,MaxAbsoluteDeviation,0.31101545691490173,0.2705526351928711,4.443056199932471
"[23, 23, 8, 23, 21]","['swish', 'sigmoid', 'sigmoid', 'sigmoid', 'elu']",f8f606f6d0,487,Adam,MaxAbsoluteDeviation,0.31101545691490173,0.12781861424446106,3.3154600999550894
"[23, 8, 8, 23]","['swish', 'sigmoid', 'sigmoid', 'elu']",f80606f0,700,Adam,MaxAbsoluteDeviation,0.1617891937494278,0.16900070011615753,4.251788299996406
"[23, 8, 8, 23]","['swish', 'sigmoid', 'tanh', 'elu']",f80609f0,700,Adam,MaxAbsoluteDeviation,0.1617891937494278,0.16179203987121582,4.195491099962965
"[23, 23, 8, 23]","['swish', 'sigmoid', 'sigmoid', 'elu']",f8f606f0,700,Adam,MaxAbsoluteDeviation,0.1617891937494278,0.29325681924819946,4.258195600006729
"[23, 8, 8, 23]","['elu', 'sigmoid', 'sigmoid', 'elu']",f00606f0,700,Adam,MaxAbsoluteDeviation,0.22036947309970856,0.270707905292511,4.224819299997762
"[23, 8, 8, 23]","['elu', 'sigmoid', 'sigmoid', 'elu']",f00606f0,100,Adam,MaxAbsoluteDeviation,0.2152480036020279,0.26651251316070557,0.9561590000521392
"[23, 8, 8, 23]","['elu', 'sigmoid', 'sigmoid', 'swish']",f00606f8,100,Adam,MaxAbsoluteDeviation,0.26934367418289185,0.31631600856781006,0.9730984000489116
"[23, 8, 8, 23]","['elu', 'sigmoid', 'sigmoid', 'swish']",f00606f8,700,Adam,MaxAbsoluteDeviation,0.22072277963161469,0.11475784331560135,4.184011899982579
"[23, 8, 8, 23]","['elu', 'swish', 'sigmoid', 'swish']",f00806f8,700,Adam,MaxAbsoluteDeviation,0.2941707968711853,0.3819904029369354,4.140274000004865
"[23, 8, 8, 23]","['elu', 'swish', 'sigmoid', 'swish']",f00806f8,225,Adam,MaxAbsoluteDeviation,0.3862808346748352,0.12476617097854614,1.595595599967055
"[23, 8, 8]","['elu', 'swish', 'sigmoid']",f00806,225,Adam,MaxAbsoluteDeviation,0.48213550448417664,0.16126716136932373,1.4176642999518663
"[23, 23, 8]","['elu', 'swish', 'sigmoid']",f0f806,225,Adam,MaxAbsoluteDeviation,0.3177644908428192,0.3019654154777527,1.3856189000653103
"[23, 8, 8]","['elu', 'swish', 'sigmoid']",f00806,225,Adam,MaxAbsoluteDeviation,0.5232464671134949,0.4436550438404083,1.4114400999387726
"[23, 8]","['elu', 'swish']",f008,225,Adam,MaxAbsoluteDeviation,0.4491940438747406,0.21281997859477997,1.2368982000043616
"[23, 8, 18]","['elu', 'swish', 'swish']",f008a8,225,Adam,MaxAbsoluteDeviation,0.397810697555542,0.2203594446182251,1.422304500010796
"[23, 8, 18]","['elu', 'swish', 'swish']",f008a8,700,Adam,MaxAbsoluteDeviation,0.5294239521026611,0.300575315952301,3.7289184000110254
"[23, 8, 18]","['elu', 'swish', 'sigmoid']",f008a6,700,Adam,MaxAbsoluteDeviation,0.23910148441791534,0.2716529965400696,3.6359617999987677
"[23, 8, 23]","['elu', 'swish', 'sigmoid']",f008f6,627,Adam,MaxAbsoluteDeviation,0.18552358448505402,0.13851241767406464,3.2888765999814495
"[23, 8, 23, 23]","['elu', 'swish', 'sigmoid', 'tanh']",f008f6f9,627,Adam,MaxAbsoluteDeviation,0.491897851228714,0.4506760537624359,3.4458832000382245
"[23, 8, 23, 23]","['elu', 'swish', 'sigmoid', 'elu']",f008f6f0,627,Adam,MaxAbsoluteDeviation,0.23401664197444916,0.1888813078403473,3.600087899947539
"[23, 8, 23, 23]","['elu', 'swish', 'sigmoid', 'elu']",f008f6f0,313,Adam,MaxAbsoluteDeviation,0.23401664197444916,0.20992083847522736,1.8859653000254184
"[23, 8]","['elu', 'swish']",f008,700,Adam,MaxAbsoluteDeviation,0.20909862220287323,0.15620368719100952,3.2367436999920756
"[23, 8]","['elu', 'swish']",f008,700,Adam,MaxAbsoluteDeviation,0.28311124444007874,0.2563017010688782,3.2893031999701634
"[23, 8]","['elu', 'elu']",f000,700,Adam,MaxAbsoluteDeviation,0.23235784471035004,0.2192535102367401,3.2397859999909997
"[23, 8, 16]","['elu', 'elu', 'sigmoid']",f00086,700,Adam,MaxAbsoluteDeviation,0.23235784471035004,0.15930384397506714,3.381026400020346
"[23, 23]","['elu', 'elu']",f0f0,700,Adam,MaxAbsoluteDeviation,0.1882106214761734,0.13523107767105103,3.2413435999769717
"[23, 23]","['elu', 'elu']",f0f0,570,Adam,MaxAbsoluteDeviation,0.1171051561832428,0.09585072845220566,2.629026099923067
"[23, 8, 19]","['elu', 'elu', 'tanh']",f000b9,570,Adam,MaxAbsoluteDeviation,0.30206552147865295,0.22926093637943268,2.836525100050494
"[23, 23, 19]","['elu', 'tanh', 'tanh']",f0f9b9,570,Adam,MaxAbsoluteDeviation,0.30206552147865295,0.5296696424484253,2.800867500016466
"[23, 8, 19]","['tanh', 'elu', 'tanh']",f900b9,570,Adam,MaxAbsoluteDeviation,0.3873201012611389,0.21626339852809906,2.8261228998890147
"[23, 8, 23]","['tanh', 'elu', 'swish']",f900f8,570,Adam,MaxAbsoluteDeviation,0.30675485730171204,0.18588142096996307,2.8835756999906152
"[23, 8, 23]","['tanh', 'elu', 'swish']",f900f8,531,Adam,MaxAbsoluteDeviation,0.5327374339103699,0.1999906450510025,3.4579071000916883
"[23, 8, 23]","['tanh', 'elu', 'swish']",f900f8,293,Adam,MaxAbsoluteDeviation,0.46873465180397034,0.21071945130825043,2.025365100009367
"[23, 8, 23]","['tanh', 'elu', 'swish']",f900f8,700,Adam,MaxAbsoluteDeviation,0.2120378613471985,0.17749865353107452,4.382836099946871
"[23, 8, 23]","['tanh', 'elu', 'swish']",f900f8,685,Adam,MaxAbsoluteDeviation,0.2120378613471985,0.2632383108139038,4.359518799930811
"[23, 8, 23]","['tanh', 'elu', 'swish']",f900f8,700,Adam,MaxAbsoluteDeviation,0.5341166257858276,0.4684636890888214,4.4351071999408305
"[23, 23, 8]","['sigmoid', 'elu', 'swish']",f6f008,700,Adam,MaxAbsoluteDeviation,0.2934817969799042,0.2099704146385193,4.405544200097211
"[23, 23, 8]","['sigmoid', 'elu', 'swish']",f6f008,700,Adam,MaxAbsoluteDeviation,0.2709096670150757,0.2971401512622833,4.391529899905436
"[23, 23, 8]","['sigmoid', 'elu', 'swish']",f6f008,700,Adam,MaxAbsoluteDeviation,0.6908754706382751,0.15829867124557495,4.319886600016616
"[23, 8, 8]","['sigmoid', 'elu', 'swish']",f60008,700,Adam,MaxAbsoluteDeviation,0.21517214179039001,0.30368056893348694,4.352722799987532
"[23, 8, 8]","['swish', 'elu', 'swish']",f80008,700,Adam,MaxAbsoluteDeviation,0.19329863786697388,0.09241460263729095,4.3541757999919355
"[23, 8, 8]","['elu', 'elu', 'swish']",f00008,700,Adam,MaxAbsoluteDeviation,0.3822282552719116,0.46876949071884155,4.340311800013296
"[23, 8, 8]","['elu', 'elu', 'swish']",f00008,700,Adam,MaxAbsoluteDeviation,0.5507654547691345,0.45803406834602356,4.29461620002985
"[23, 8, 8]","['swish', 'elu', 'swish']",f80008,700,Adam,MaxAbsoluteDeviation,0.17854230105876923,0.24597033858299255,4.270217999932356
"[23, 8, 8]","['swish', 'tanh', 'swish']",f80908,700,Adam,MaxAbsoluteDeviation,0.388126939535141,0.08853980898857117,4.286502499948256
"[23, 8, 8, 18]","['swish', 'tanh', 'swish', 'swish']",f80908a8,700,Adam,MaxAbsoluteDeviation,0.523254930973053,0.4459126889705658,4.900771300075576
"[23, 8, 13, 18]","['swish', 'tanh', 'swish', 'swish']",f80958a8,361,Adam,MaxAbsoluteDeviation,0.42484334111213684,0.28319135308265686,2.685266899992712
"[23, 8, 13, 18]","['tanh', 'tanh', 'swish', 'swish']",f90958a8,361,Adam,MaxAbsoluteDeviation,0.7043281197547913,0.42723211646080017,2.7113665000069886
"[23, 8, 13, 18, 14]","['tanh', 'tanh', 'swish', 'swish', 'tanh']",f90958a869,361,Adam,MaxAbsoluteDeviation,0.3347860872745514,0.21426010131835938,2.9249086000490934
"[23, 8, 13, 18, 14]","['tanh', 'tanh', 'swish', 'swish', 'swish']",f90958a868,361,Adam,MaxAbsoluteDeviation,0.20119206607341766,0.11499323695898056,2.9776368000311777
"[23, 8, 13]","['tanh', 'tanh', 'swish']",f90958,361,Adam,MaxAbsoluteDeviation,0.14525799453258514,0.13795875012874603,2.31175340001937
"[23, 8, 13]","['tanh', 'tanh', 'swish']",f90958,700,Adam,MaxAbsoluteDeviation,0.14525799453258514,0.1462404876947403,4.1514953000005335
"[23, 8, 13]","['tanh', 'tanh', 'swish']",f90958,361,Adam,MaxAbsoluteDeviation,0.14525799453258514,0.2878584563732147,2.272607900085859
"[23, 8, 23]","['tanh', 'tanh', 'swish']",f909f8,361,Adam,MaxAbsoluteDeviation,0.19286151230335236,0.19688598811626434,2.291343000018969
"[23, 8, 23]","['tanh', 'tanh', 'swish']",f909f8,700,Adam,MaxAbsoluteDeviation,0.201027974486351,0.15001945197582245,4.101516700000502
"[23, 8]","['swish', 'tanh']",f809,700,Adam,MaxAbsoluteDeviation,0.19806700944900513,0.21736393868923187,3.5686019000131637
"[23, 8]","['swish', 'tanh']",f809,549,Adam,MaxAbsoluteDeviation,0.18764916062355042,0.18500982224941254,2.840708600007929
"[23, 8, 12]","['swish', 'sigmoid', 'elu']",f80640,549,Adam,MaxAbsoluteDeviation,0.2644839882850647,0.32866427302360535,3.285666299983859
"[23, 8, 12]","['swish', 'sigmoid', 'elu']",f80640,100,Adam,MaxAbsoluteDeviation,0.3714565336704254,0.24589070677757263,0.9068566999631003
"[23, 8, 12]","['swish', 'swish', 'elu']",f80840,100,Adam,MaxAbsoluteDeviation,0.36559662222862244,0.29093775153160095,0.9099477999843657
"[23, 8, 12]","['swish', 'swish', 'elu']",f80840,100,Adam,MaxAbsoluteDeviation,0.5428537130355835,0.3048092722892761,0.9150369999697432
"[23, 8]","['swish', 'elu']",f800,100,Adam,MaxAbsoluteDeviation,0.2922649085521698,0.2895618975162506,0.7729052000213414
"[23, 8]","['swish', 'elu']",f800,100,Adam,MaxAbsoluteDeviation,0.504940390586853,0.1771250218153,0.7710908999433741
"[23, 23]","['swish', 'elu']",f8f0,100,Adam,MaxAbsoluteDeviation,0.7292876243591309,0.5432813167572021,0.7818263999652117
"[23, 23]","['swish', 'swish']",f8f8,100,Adam,MaxAbsoluteDeviation,0.6640627384185791,0.7158502340316772,0.7874110999982804
"[23, 23]","['swish', 'swish']",f8f8,100,Adam,MaxAbsoluteDeviation,0.3662276864051819,0.14320798218250275,0.7733636999037117
"[23, 23]","['swish', 'swish']",f8f8,100,Adam,MaxAbsoluteDeviation,0.2251085340976715,0.12665346264839172,0.8031018000328913
"[23, 23]","['swish', 'swish']",f8f8,100,Adam,MaxAbsoluteDeviation,0.2251085340976715,0.2642814517021179,0.7767964999657124
"[23, 23]","['swish', 'swish']",f8f8,100,Adam,MaxAbsoluteDeviation,0.2251085340976715,0.1631876826286316,0.7880984999937937
[23],['swish'],f8,100,Adam,MaxAbsoluteDeviation,0.2251085340976715,2.36377215385437,0.6518662000307813
"[23, 23]","['swish', 'swish']",f8f8,100,Adam,MaxAbsoluteDeviation,0.2251085340976715,0.21512797474861145,0.7925100999418646
"[8, 23]","['swish', 'swish']",08f8,100,Adam,MaxAbsoluteDeviation,0.9315133690834045,0.7842718362808228,0.7802081000991166
"[8, 23, 15]","['swish', 'swish', 'elu']",08f870,100,Adam,MaxAbsoluteDeviation,0.26683270931243896,0.36859944462776184,0.8877788999816403
"[8, 23, 15]","['swish', 'swish', 'sigmoid']",08f876,700,Adam,MaxAbsoluteDeviation,0.232591912150383,0.08798632025718689,3.9548609000630677
"[8, 23, 15, 19]","['swish', 'swish', 'sigmoid', 'tanh']",08f876b9,700,Adam,MaxAbsoluteDeviation,0.2095009684562683,0.13777661323547363,4.347008299897425
"[8, 23, 15, 19]","['swish', 'swish', 'sigmoid', 'tanh']",08f876b9,700,Adam,MaxAbsoluteDeviation,0.3423806130886078,0.2483239769935608,4.325355399982072
"[8, 23, 15, 19]","['swish', 'swish', 'sigmoid', 'tanh']",08f876b9,700,Adam,MaxAbsoluteDeviation,0.3037470877170563,0.10502003878355026,4.352919299970381
"[8, 23, 15, 19]","['swish', 'swish', 'sigmoid', 'tanh']",08f876b9,700,Adam,MaxAbsoluteDeviation,0.16715027391910553,0.1414901167154312,4.202848499990068
"[8, 23, 15, 23]","['swish', 'swish', 'sigmoid', 'tanh']",08f876f9,700,Adam,MaxAbsoluteDeviation,0.13869723677635193,0.07860887795686722,4.240243099979125
"[8, 23, 15, 23]","['swish', 'swish', 'sigmoid', 'tanh']",08f876f9,223,Adam,MaxAbsoluteDeviation,0.2804935574531555,0.3266606032848358,1.6318736000685021
"[8, 23, 15, 23, 17]","['swish', 'swish', 'sigmoid', 'tanh', 'swish']",08f876f998,223,Adam,MaxAbsoluteDeviation,0.2804935574531555,0.057143326848745346,1.8076028000796214
"[8, 23, 15, 8]","['swish', 'swish', 'sigmoid', 'tanh']",08f87609,223,Adam,MaxAbsoluteDeviation,0.2804935574531555,0.1543809324502945,1.616493200068362
"[8, 23, 15, 23]","['swish', 'swish', 'sigmoid', 'tanh']",08f876f9,223,Adam,MaxAbsoluteDeviation,0.3329455554485321,0.12283157557249069,1.6457500000251457
"[8, 23, 15, 23]","['sigmoid', 'swish', 'sigmoid', 'tanh']",06f876f9,223,Adam,MaxAbsoluteDeviation,0.5837446451187134,0.4426162838935852,1.6045039999298751
"[8, 23, 15, 23]","['sigmoid', 'swish', 'sigmoid', 'tanh']",06f876f9,700,Adam,MaxAbsoluteDeviation,0.3934038579463959,0.46238526701927185,4.083458499982953
"[8, 23, 15]","['sigmoid', 'swish', 'sigmoid']",06f876,339,Adam,MaxAbsoluteDeviation,0.17789563536643982,0.09768757969141006,1.9817343999166042
"[8, 23, 15]","['sigmoid', 'swish', 'sigmoid']",06f876,339,Adam,MaxAbsoluteDeviation,0.17789563536643982,0.2614617943763733,1.9350781999528408
"[23, 23, 15]","['sigmoid', 'swish', 'sigmoid']",f6f876,339,Adam,MaxAbsoluteDeviation,0.17789563536643982,0.25435081124305725,1.91321019991301
"[8, 23]","['sigmoid', 'swish']",06f8,339,Adam,MaxAbsoluteDeviation,0.17789563536643982,0.5567095279693604,1.759557299898006
"[8, 23, 15]","['sigmoid', 'swish', 'sigmoid']",06f876,339,Adam,MaxAbsoluteDeviation,0.17789563536643982,0.2169874608516693,1.8908720000181347
"[8, 23, 15]","['sigmoid', 'swish', 'sigmoid']",06f876,100,Adam,MaxAbsoluteDeviation,0.7023397088050842,0.501478910446167,0.8367449999786913
"[8, 23, 15, 17]","['sigmoid', 'swish', 'sigmoid', 'tanh']",06f87699,100,Adam,MaxAbsoluteDeviation,0.7023397088050842,0.5161415934562683,0.9609371999977157
"[8, 23, 15]","['sigmoid', 'swish', 'sigmoid']",06f876,100,Adam,MaxAbsoluteDeviation,0.5615458488464355,0.39792364835739136,0.8472201999975368
"[8, 23, 15, 14]","['sigmoid', 'swish', 'sigmoid', 'sigmoid']",06f87666,100,Adam,MaxAbsoluteDeviation,0.5842779278755188,0.7488862872123718,0.9267930999631062
"[8, 23, 15, 14, 18]","['sigmoid', 'swish', 'sigmoid', 'sigmoid', 'sigmoid']",06f87666a6,100,Adam,MaxAbsoluteDeviation,0.8346656560897827,0.7528793811798096,1.0355383000569418
"[8, 23, 8, 14, 18]","['sigmoid', 'swish', 'sigmoid', 'sigmoid', 'sigmoid']",06f80666a6,100,Adam,MaxAbsoluteDeviation,0.4939885437488556,0.4259880483150482,1.0212601999519393
"[8, 23, 8, 14, 23]","['sigmoid', 'swish', 'sigmoid', 'sigmoid', 'tanh']",06f80666f9,100,Adam,MaxAbsoluteDeviation,0.4939885437488556,0.22927352786064148,1.0240766999777406
"[8, 23, 8, 14, 18]","['sigmoid', 'swish', 'sigmoid', 'sigmoid', 'sigmoid']",06f80666a6,100,Adam,MaxAbsoluteDeviation,0.7045862078666687,0.9305996894836426,1.0151539000216872
"[8, 23, 8, 14, 18]","['sigmoid', 'swish', 'sigmoid', 'sigmoid', 'sigmoid']",06f80666a6,100,Adam,MaxAbsoluteDeviation,0.7045862078666687,0.4290774464607239,1.0235146000050008
"[8, 23, 8, 14, 18]","['sigmoid', 'swish', 'sigmoid', 'sigmoid', 'sigmoid']",06f80666a6,100,Adam,MaxAbsoluteDeviation,0.7045862078666687,2.625042676925659,1.0083702999399975
"[8, 23, 8, 14, 18, 22]","['sigmoid', 'swish', 'sigmoid', 'sigmoid', 'sigmoid', 'tanh']",06f80666a6e9,100,Adam,MaxAbsoluteDeviation,0.7045862078666687,7.569563865661621,1.1056899999966845
"[8, 23, 8, 14, 18]","['sigmoid', 'swish', 'sigmoid', 'sigmoid', 'sigmoid']",06f80666a6,700,Adam,MaxAbsoluteDeviation,0.5654084086418152,0.15600372850894928,3.9784468000289053
"[8, 23, 8, 14, 18]","['sigmoid', 'swish', 'sigmoid', 'sigmoid', 'sigmoid']",06f80666a6,700,Adam,MaxAbsoluteDeviation,0.5826892852783203,0.2988542318344116,3.96115930005908
"[8, 23, 8, 14, 18, 17]","['sigmoid', 'swish', 'sigmoid', 'sigmoid', 'sigmoid', 'tanh']",06f80666a699,700,Adam,MaxAbsoluteDeviation,0.4047257900238037,0.3804088830947876,4.219865499995649
"[8, 23, 8, 14, 18, 17]","['sigmoid', 'swish', 'sigmoid', 'sigmoid', 'sigmoid', 'tanh']",06f80666a699,209,Adam,MaxAbsoluteDeviation,0.4047257900238037,0.5995457172393799,1.6625992000335827
"[8, 23, 8, 14, 18, 17, 21]","['sigmoid', 'swish', 'sigmoid', 'sigmoid', 'sigmoid', 'tanh', 'sigmoid']",06f80666a699d6,700,Adam,MaxAbsoluteDeviation,0.3347513675689697,0.15460576117038727,4.506347300019115
"[8, 23, 8, 14, 18, 17, 21]","['sigmoid', 'swish', 'sigmoid', 'sigmoid', 'sigmoid', 'tanh', 'sigmoid']",06f80666a699d6,431,Adam,MaxAbsoluteDeviation,0.3347513675689697,7.538783550262451,2.8924196999287233
"[8, 23, 8, 14, 18, 17, 21]","['sigmoid', 'swish', 'sigmoid', 'sigmoid', 'sigmoid', 'tanh', 'sigmoid']",06f80666a699d6,700,Adam,MaxAbsoluteDeviation,0.32651886343955994,0.46668070554733276,4.3732755000237375
"[8, 23, 8, 14, 18, 17, 21]","['sigmoid', 'swish', 'sigmoid', 'sigmoid', 'sigmoid', 'tanh', 'sigmoid']",06f80666a699d6,139,Adam,MaxAbsoluteDeviation,0.5299094915390015,0.1883983612060547,1.3666597000556067
"[8, 23, 8, 14, 18, 17, 8]","['sigmoid', 'swish', 'sigmoid', 'sigmoid', 'sigmoid', 'tanh', 'sigmoid']",06f80666a69906,139,Adam,MaxAbsoluteDeviation,0.5299094915390015,7.379415035247803,1.3586695999838412
"[8, 8, 8, 14, 18, 17, 21]","['sigmoid', 'swish', 'sigmoid', 'sigmoid', 'sigmoid', 'tanh', 'sigmoid']",06080666a699d6,104,Adam,MaxAbsoluteDeviation,0.5299094915390015,7.405745506286621,1.1835642999503762
"[8, 23, 8, 14, 18, 17, 21]","['sigmoid', 'swish', 'sigmoid', 'sigmoid', 'sigmoid', 'tanh', 'sigmoid']",06f80666a699d6,117,Adam,MaxAbsoluteDeviation,0.5299094915390015,1.23164963722229,1.2518054000101984
"[8, 23, 8, 14, 18, 17, 21, 11]","['sigmoid', 'swish', 'sigmoid', 'sigmoid', 'sigmoid', 'tanh', 'sigmoid', 'swish']",06f80666a699d638,139,Adam,MaxAbsoluteDeviation,0.5299094915390015,2.4780092239379883,1.4633175000781193
"[8, 23, 8, 14, 18, 17]","['sigmoid', 'swish', 'swish', 'sigmoid', 'sigmoid', 'tanh']",06f80866a699,139,Adam,MaxAbsoluteDeviation,0.8482471704483032,1.0904264450073242,1.2895608000690117
"[8, 23, 8, 14, 18, 17]","['sigmoid', 'swish', 'swish', 'sigmoid', 'sigmoid', 'tanh']",06f80866a699,139,Adam,MaxAbsoluteDeviation,0.8482471704483032,0.6393216848373413,1.2684892000397667
"[8, 23, 8, 14, 18, 17, 15]","['sigmoid', 'swish', 'swish', 'sigmoid', 'sigmoid', 'tanh', 'sigmoid']",06f80866a69976,100,Adam,MaxAbsoluteDeviation,0.7741770148277283,0.6349284648895264,1.1753442999906838
"[8, 23, 8, 14, 18, 17]","['sigmoid', 'swish', 'swish', 'sigmoid', 'sigmoid', 'tanh']",06f80866a699,100,Adam,MaxAbsoluteDeviation,0.7773009538650513,0.6263216137886047,1.0842185000656173
"[8, 23, 8, 14, 18, 17]","['sigmoid', 'sigmoid', 'swish', 'sigmoid', 'sigmoid', 'tanh']",06f60866a699,100,Adam,MaxAbsoluteDeviation,0.7773009538650513,7.377228260040283,1.0735849000047892
"[8, 23, 8, 14, 8, 17]","['sigmoid', 'swish', 'swish', 'sigmoid', 'sigmoid', 'tanh']",06f808660699,100,Adam,MaxAbsoluteDeviation,0.7773009538650513,7.345689296722412,1.0779601000249386
"[23, 23, 8, 8, 18, 17]","['sigmoid', 'swish', 'swish', 'sigmoid', 'sigmoid', 'tanh']",f6f80806a699,100,Adam,MaxAbsoluteDeviation,0.7773009538650513,1.0228115320205688,1.0811158999567851
"[8, 23, 8, 14, 18, 17, 21]","['sigmoid', 'swish', 'swish', 'sigmoid', 'sigmoid', 'tanh', 'tanh']",06f80866a699d9,700,Adam,MaxAbsoluteDeviation,0.772177517414093,0.4078376889228821,4.280325000057928
"[8, 23, 8, 14, 18, 17, 21]","['sigmoid', 'swish', 'swish', 'sigmoid', 'elu', 'tanh', 'tanh']",06f80866a099d9,700,Adam,MaxAbsoluteDeviation,0.3474701941013336,0.33394598960876465,4.288508199970238
"[8, 23, 8, 14, 18, 17, 21, 10]","['sigmoid', 'swish', 'swish', 'sigmoid', 'elu', 'tanh', 'tanh', 'swish']",06f80866a099d928,700,Adam,MaxAbsoluteDeviation,0.3474701941013336,0.3725772500038147,4.512095600017346
"[8, 23, 8, 14, 18, 17, 21]","['sigmoid', 'swish', 'swish', 'sigmoid', 'elu', 'tanh', 'tanh']",06f80866a099d9,204,Adam,MaxAbsoluteDeviation,0.3474701941013336,0.8802963495254517,1.7084298999980092
"[8, 23, 8, 8, 18, 17, 21]","['sigmoid', 'swish', 'swish', 'sigmoid', 'elu', 'tanh', 'tanh']",06f80806a099d9,700,Adam,MaxAbsoluteDeviation,0.3474701941013336,0.38162434101104736,4.358340900042094
"[8, 23, 8, 14, 18, 17]","['sigmoid', 'swish', 'swish', 'sigmoid', 'elu', 'tanh']",06f80866a099,700,Adam,MaxAbsoluteDeviation,0.3377726972103119,0.0866423025727272,4.125692899920978
"[8, 23, 8, 14, 18, 17, 23]","['sigmoid', 'swish', 'swish', 'sigmoid', 'elu', 'tanh', 'tanh']",06f80866a099f9,700,Adam,MaxAbsoluteDeviation,0.5141823291778564,0.3787364661693573,4.251465000095777
"[8, 23, 23, 14, 18, 17, 23]","['sigmoid', 'swish', 'swish', 'sigmoid', 'elu', 'tanh', 'tanh']",06f8f866a099f9,700,Adam,MaxAbsoluteDeviation,0.6879113912582397,0.6737093329429626,4.40246690006461
"[23, 23, 23, 14, 18, 17, 23]","['sigmoid', 'swish', 'swish', 'sigmoid', 'elu', 'tanh', 'tanh']",f6f8f866a099f9,700,Adam,MaxAbsoluteDeviation,0.46990489959716797,0.5776699781417847,4.252795399981551
"[23, 23, 23, 14, 18, 17]","['sigmoid', 'elu', 'swish', 'sigmoid', 'elu', 'tanh']",f6f0f866a099,700,Adam,MaxAbsoluteDeviation,0.46990489959716797,7.651411056518555,4.0372128000017256
"[23, 23, 23, 14, 18, 17, 23, 8]","['sigmoid', 'swish', 'swish', 'sigmoid', 'elu', 'tanh', 'tanh', 'elu']",f6f8f866a099f900,700,Adam,MaxAbsoluteDeviation,0.46990489959716797,7.4540324211120605,4.523112799972296
"[23, 23, 23, 14, 18, 17, 23]","['sigmoid', 'swish', 'swish', 'sigmoid', 'elu', 'tanh', 'tanh']",f6f8f866a099f9,184,Adam,MaxAbsoluteDeviation,0.46990489959716797,1.3675655126571655,1.5733179999515414
"[23, 23, 23, 14, 18, 17, 23, 20, 16]","['sigmoid', 'swish', 'swish', 'sigmoid', 'elu', 'tanh', 'tanh', 'tanh', 'tanh']",f6f8f866a099f9c989,700,Adam,MaxAbsoluteDeviation,0.46990489959716797,7.334140777587891,4.7056897999718785
"[23, 23, 23, 14, 18, 17, 23, 23]","['sigmoid', 'swish', 'swish', 'sigmoid', 'elu', 'tanh', 'tanh', 'elu']",f6f8f866a099f9f0,700,Adam,MaxAbsoluteDeviation,0.46990489959716797,0.97713702917099,12.132789799943566
"[23, 23, 23, 14, 18, 17, 23]","['sigmoid', 'swish', 'swish', 'sigmoid', 'elu', 'tanh', 'tanh']",f6f8f866a099f9,700,Adam,MaxAbsoluteDeviation,0.46990489959716797,7.380357265472412,7.024886899976991
"[23, 23, 23, 14, 18, 17, 23]","['sigmoid', 'swish', 'swish', 'sigmoid', 'elu', 'tanh', 'tanh']",f6f8f866a099f9,100,Adam,MaxAbsoluteDeviation,0.46990489959716797,7.498263359069824,1.5483754000160843
"[23, 23, 23, 14, 18, 17, 23, 22]","['sigmoid', 'swish', 'swish', 'sigmoid', 'elu', 'tanh', 'tanh', 'tanh']",f6f8f866a099f9e9,700,Adam,MaxAbsoluteDeviation,0.46990489959716797,1.255211591720581,7.780995100038126
"[23, 23, 23, 14, 18, 17, 23, 15]","['sigmoid', 'swish', 'swish', 'sigmoid', 'elu', 'tanh', 'tanh', 'elu']",f6f8f866a099f970,700,Adam,MaxAbsoluteDeviation,0.46990489959716797,0.7301527857780457,7.6853808999294415
"[23, 23, 23, 14, 8, 17, 23]","['sigmoid', 'swish', 'swish', 'sigmoid', 'elu', 'tanh', 'tanh']",f6f8f8660099f9,700,Adam,MaxAbsoluteDeviation,0.42169076204299927,0.5776669979095459,7.0621767999837175
"[23, 23, 23, 14, 8, 17, 23]","['sigmoid', 'swish', 'swish', 'sigmoid', 'elu', 'tanh', 'tanh']",f6f8f8660099f9,424,Adam,MaxAbsoluteDeviation,0.42169076204299927,0.23075367510318756,4.487469099927694
"[23, 23, 23, 14, 8, 17, 23]","['sigmoid', 'swish', 'swish', 'sigmoid', 'elu', 'tanh', 'sigmoid']",f6f8f8660099f6,700,Adam,MaxAbsoluteDeviation,0.42169076204299927,0.47700780630111694,7.014731999952346
"[23, 23, 23, 14, 8, 17, 23]","['sigmoid', 'swish', 'swish', 'sigmoid', 'elu', 'tanh', 'tanh']",f6f8f8660099f9,700,Adam,MaxAbsoluteDeviation,0.4171350300312042,0.4440116286277771,6.902331400080584
"[23, 23, 23, 14, 8, 17, 23, 20]","['sigmoid', 'swish', 'swish', 'sigmoid', 'elu', 'tanh', 'tanh', 'tanh']",f6f8f8660099f9c9,700,Adam,MaxAbsoluteDeviation,0.4171350300312042,7.459269046783447,7.519228799967095
"[23, 23, 23, 23, 8, 17, 23, 22]","['sigmoid', 'swish', 'swish', 'sigmoid', 'elu', 'tanh', 'tanh', 'sigmoid']",f6f8f8f60099f9e6,700,Adam,MaxAbsoluteDeviation,0.4171350300312042,7.362258434295654,7.64429339999333
"[23, 23, 23, 14, 8, 17, 23]","['sigmoid', 'swish', 'swish', 'sigmoid', 'elu', 'tanh', 'tanh']",f6f8f8660099f9,700,Adam,MaxAbsoluteDeviation,0.4171350300312042,0.19503504037857056,6.9849730000132695
"[23, 23, 23, 14, 8, 17]","['sigmoid', 'swish', 'swish', 'sigmoid', 'elu', 'tanh']",f6f8f8660099,700,Adam,MaxAbsoluteDeviation,0.3976716995239258,0.32677721977233887,6.289434500038624
"[23, 23, 23, 14, 8, 17]","['sigmoid', 'swish', 'swish', 'sigmoid', 'elu', 'tanh']",f6f8f8660099,186,Adam,MaxAbsoluteDeviation,0.3976716995239258,0.5794039368629456,2.06733750004787
"[23, 23, 23, 14, 8, 17]","['sigmoid', 'swish', 'sigmoid', 'sigmoid', 'elu', 'tanh']",f6f8f6660099,700,Adam,MaxAbsoluteDeviation,0.47292134165763855,0.3086072504520416,6.173870999948122
"[23, 23, 23, 14, 8, 17]","['sigmoid', 'swish', 'sigmoid', 'sigmoid', 'elu', 'tanh']",f6f8f6660099,700,Adam,MaxAbsoluteDeviation,0.3681967258453369,0.2571617364883423,6.089409100008197
"[23, 23, 23, 14, 8, 17]","['elu', 'swish', 'sigmoid', 'sigmoid', 'elu', 'tanh']",f0f8f6660099,700,Adam,MaxAbsoluteDeviation,0.30081191658973694,0.10855402797460556,6.132280300022103
"[23, 23, 23, 14]","['elu', 'swish', 'sigmoid', 'sigmoid']",f0f8f666,700,Adam,MaxAbsoluteDeviation,0.2667312026023865,0.273688405752182,5.020270400098525
"[23, 8, 23, 14]","['elu', 'swish', 'elu', 'sigmoid']",f008f066,700,Adam,MaxAbsoluteDeviation,0.2568037807941437,0.09073910117149353,5.025492899934761
"[23, 8, 23, 14, 10]","['elu', 'swish', 'elu', 'sigmoid', 'swish']",f008f06628,700,Adam,MaxAbsoluteDeviation,0.5536731481552124,0.27198976278305054,5.5701732999878
"[23, 8, 23, 14, 10, 11]","['elu', 'swish', 'elu', 'sigmoid', 'swish', 'swish']",f008f0662838,700,Adam,MaxAbsoluteDeviation,0.27563759684562683,0.18818819522857666,6.070278899976984
"[23, 8, 23, 14, 10, 11]","['elu', 'swish', 'elu', 'sigmoid', 'swish', 'swish']",f008f0662838,478,Adam,MaxAbsoluteDeviation,0.485317587852478,0.2753395736217499,4.326328299939632
"[23, 8, 23, 14, 10, 11]","['elu', 'swish', 'elu', 'sigmoid', 'swish', 'swish']",f008f0662838,700,Adam,MaxAbsoluteDeviation,0.5045756101608276,0.3090636134147644,6.023881400004029
"[23, 8, 23, 14, 10, 11]","['elu', 'swish', 'elu', 'sigmoid', 'swish', 'swish']",f008f0662838,700,Adam,MaxAbsoluteDeviation,0.3802542984485626,0.1465114802122116,5.932549100019969
"[23, 8, 23, 14, 10, 11]","['elu', 'swish', 'elu', 'sigmoid', 'swish', 'swish']",f008f0662838,700,Adam,MaxAbsoluteDeviation,0.9872382879257202,0.6868722438812256,5.974770699976943
"[23, 8, 23, 14, 10]","['elu', 'swish', 'elu', 'sigmoid', 'swish']",f008f06628,700,Adam,MaxAbsoluteDeviation,0.5502539873123169,0.3474096655845642,5.400286399992183
"[23, 8, 23, 14, 10]","['elu', 'swish', 'elu', 'sigmoid', 'swish']",f008f06628,700,Adam,MaxAbsoluteDeviation,0.4196413457393646,0.14890627562999725,5.457534300046973
"[23, 8, 23, 14, 10, 10]","['elu', 'swish', 'elu', 'sigmoid', 'swish', 'sigmoid']",f008f0662826,700,Adam,MaxAbsoluteDeviation,0.2200392186641693,0.19798901677131653,5.949851999990642
"[23, 8, 23, 14, 10]","['elu', 'swish', 'elu', 'sigmoid', 'swish']",f008f06628,700,Adam,MaxAbsoluteDeviation,0.2200392186641693,0.5878211855888367,5.46910999994725
"[23, 8, 23, 14, 10]","['elu', 'swish', 'elu', 'sigmoid', 'swish']",f008f06628,700,Adam,MaxAbsoluteDeviation,0.2200392186641693,0.1044858768582344,5.360033700009808
"[8, 8, 23, 14, 10, 10]","['elu', 'swish', 'elu', 'sigmoid', 'swish', 'sigmoid']",0008f0662826,700,Adam,MaxAbsoluteDeviation,0.2335169017314911,0.2568782866001129,5.777323299902491
"[8, 8, 23, 14, 10, 10]","['elu', 'swish', 'elu', 'sigmoid', 'swish', 'sigmoid']",0008f0662826,667,Adam,MaxAbsoluteDeviation,0.20856240391731262,0.2178701013326645,5.586857400019653
"[8, 8, 23, 14, 10, 23]","['elu', 'swish', 'elu', 'sigmoid', 'swish', 'sigmoid']",0008f06628f6,700,Adam,MaxAbsoluteDeviation,0.3723209500312805,0.3050238788127899,5.777826400008053
"[8, 8, 23, 14, 10, 23]","['elu', 'swish', 'elu', 'sigmoid', 'swish', 'sigmoid']",0008f06628f6,700,Adam,MaxAbsoluteDeviation,0.2757456302642822,0.3095138967037201,5.724207299994305
"[8, 8, 23, 14, 10, 23]","['elu', 'swish', 'elu', 'sigmoid', 'swish', 'sigmoid']",0008f06628f6,346,Adam,MaxAbsoluteDeviation,0.2919267416000366,0.23966270685195923,3.08203659998253
"[8, 8, 23, 14, 10, 23]","['elu', 'swish', 'elu', 'sigmoid', 'swish', 'sigmoid']",0008f06628f6,346,Adam,MaxAbsoluteDeviation,0.3559369742870331,0.22896406054496765,3.0239209999563172
"[8, 8, 23, 14, 10, 23]","['elu', 'swish', 'elu', 'sigmoid', 'swish', 'sigmoid']",0008f06628f6,100,Adam,MaxAbsoluteDeviation,0.3559369742870331,0.39913254976272583,1.3202296999515966
"[8, 8, 23, 14, 23, 23]","['elu', 'swish', 'elu', 'sigmoid', 'swish', 'sigmoid']",0008f066f8f6,252,Adam,MaxAbsoluteDeviation,0.414456307888031,0.2982596457004547,2.3809737999690697
"[8, 8, 23, 14, 23, 23]","['elu', 'swish', 'elu', 'sigmoid', 'swish', 'sigmoid']",0008f066f8f6,700,Adam,MaxAbsoluteDeviation,0.44769906997680664,0.2400803565979004,5.595161500037648
"[8, 8, 23, 14, 23, 23]","['elu', 'swish', 'elu', 'sigmoid', 'swish', 'sigmoid']",0008f066f8f6,700,Adam,MaxAbsoluteDeviation,0.24564573168754578,0.19117124378681183,5.639408800052479
"[8, 8, 23, 14, 23, 23]","['elu', 'swish', 'elu', 'sigmoid', 'swish', 'sigmoid']",0008f066f8f6,700,Adam,MaxAbsoluteDeviation,0.17121648788452148,0.12011720985174179,5.647700799978338
"[8, 8, 23, 14, 23, 23]","['elu', 'swish', 'elu', 'sigmoid', 'swish', 'sigmoid']",0008f066f8f6,295,Adam,MaxAbsoluteDeviation,0.17121648788452148,0.3245657980442047,2.625560099957511
"[8, 8, 23, 14, 23, 23]","['elu', 'tanh', 'elu', 'sigmoid', 'swish', 'sigmoid']",0009f066f8f6,700,Adam,MaxAbsoluteDeviation,0.40039387345314026,0.412227064371109,5.542688800022006
"[8, 8, 23, 14, 23, 23]","['elu', 'tanh', 'elu', 'sigmoid', 'swish', 'sigmoid']",0009f066f8f6,700,Adam,MaxAbsoluteDeviation,0.3169303834438324,0.13639627397060394,5.488926699967124
"[8, 8, 23, 14, 23, 23]","['elu', 'tanh', 'elu', 'sigmoid', 'swish', 'sigmoid']",0009f066f8f6,182,Adam,MaxAbsoluteDeviation,0.3169303834438324,0.17891520261764526,1.8214597000041977
"[8, 8, 23, 14, 23, 23]","['elu', 'tanh', 'elu', 'sigmoid', 'swish', 'sigmoid']",0009f066f8f6,700,Adam,MaxAbsoluteDeviation,0.3164488673210144,0.23527628183364868,5.514365499955602
"[8, 8, 23, 14, 23, 23]","['elu', 'tanh', 'elu', 'sigmoid', 'swish', 'tanh']",0009f066f8f9,700,Adam,MaxAbsoluteDeviation,0.43317341804504395,0.18951104581356049,5.427251599961892
"[8, 8, 23, 14, 23, 23, 15]","['elu', 'tanh', 'elu', 'sigmoid', 'swish', 'tanh', 'swish']",0009f066f8f978,700,Adam,MaxAbsoluteDeviation,0.4183180630207062,0.3113349378108978,6.026394399930723
"[8, 8, 23, 14, 23, 23, 15, 11]","['elu', 'tanh', 'elu', 'sigmoid', 'swish', 'tanh', 'swish', 'elu']",0009f066f8f97830,700,Adam,MaxAbsoluteDeviation,0.4939799904823303,0.2789668142795563,6.518955899984576
"[8, 8, 23, 14, 23, 23, 15, 23]","['elu', 'tanh', 'elu', 'sigmoid', 'swish', 'tanh', 'swish', 'elu']",0009f066f8f978f0,248,Adam,MaxAbsoluteDeviation,0.4939799904823303,0.8327842950820923,2.7303648999659345
"[8, 8, 23, 14, 23, 23, 15]","['elu', 'tanh', 'elu', 'sigmoid', 'swish', 'tanh', 'swish']",0009f066f8f978,100,Adam,MaxAbsoluteDeviation,0.4939799904823303,0.606197714805603,1.4009048000443727
"[8, 8, 23, 14, 23, 23]","['elu', 'tanh', 'elu', 'sigmoid', 'swish', 'tanh']",0009f066f8f9,700,Adam,MaxAbsoluteDeviation,0.3188438415527344,0.22360506653785706,5.368917799904011
"[8, 8, 23, 14, 23, 23]","['elu', 'tanh', 'elu', 'sigmoid', 'swish', 'tanh']",0009f066f8f9,700,Adam,MaxAbsoluteDeviation,0.5324247479438782,0.2674465775489807,5.299130599945784
"[8, 23, 23, 14, 23, 23]","['elu', 'tanh', 'elu', 'sigmoid', 'swish', 'tanh']",00f9f066f8f9,700,Adam,MaxAbsoluteDeviation,0.7169792652130127,0.7096744775772095,5.245713499956764
"[8, 23, 23, 14, 23]","['elu', 'tanh', 'elu', 'sigmoid', 'swish']",00f9f066f8,700,Adam,MaxAbsoluteDeviation,0.35142606496810913,0.27790677547454834,5.0062608999433
"[8, 23, 23, 14, 23, 21]","['elu', 'tanh', 'elu', 'sigmoid', 'swish', 'swish']",00f9f066f8d8,700,Adam,MaxAbsoluteDeviation,0.5803996324539185,0.28794994950294495,5.340569599997252
"[8, 23, 23, 14, 23]","['elu', 'tanh', 'elu', 'sigmoid', 'swish']",00f9f066f8,700,Adam,MaxAbsoluteDeviation,0.5566924214363098,0.2444656938314438,4.966382000013255
"[8, 23, 23, 14, 8]","['elu', 'tanh', 'elu', 'sigmoid', 'swish']",00f9f06608,700,Adam,MaxAbsoluteDeviation,0.5276947617530823,0.28181400895118713,4.896873600082472
"[8, 23, 23, 14, 8]","['elu', 'tanh', 'elu', 'sigmoid', 'swish']",00f9f06608,581,Adam,MaxAbsoluteDeviation,0.4257645308971405,0.1862177848815918,4.087895100004971
"[8, 23, 23, 23, 8]","['elu', 'tanh', 'elu', 'sigmoid', 'swish']",00f9f0f608,581,Adam,MaxAbsoluteDeviation,0.4257645308971405,0.5164904594421387,4.045722199953161
"[8, 23, 23, 14, 8]","['elu', 'tanh', 'elu', 'sigmoid', 'swish']",00f9f06608,505,Adam,MaxAbsoluteDeviation,0.418142706155777,0.4228992760181427,3.568848800030537
"[8, 23, 23, 14, 8, 16]","['elu', 'tanh', 'elu', 'sigmoid', 'swish', 'elu']",00f9f0660880,505,Adam,MaxAbsoluteDeviation,0.418142706155777,0.30977484583854675,3.905924699967727
"[8, 23, 23, 14, 8, 19]","['elu', 'tanh', 'elu', 'sigmoid', 'swish', 'swish']",00f9f06608b8,505,Adam,MaxAbsoluteDeviation,0.4186720550060272,0.10338664054870605,3.863505100016482
"[8, 23, 23, 14, 8, 19]","['elu', 'tanh', 'elu', 'sigmoid', 'swish', 'tanh']",00f9f06608b9,505,Adam,MaxAbsoluteDeviation,0.4186720550060272,0.3653634488582611,3.8153873999835923
"[8, 8, 23, 14, 8, 19]","['elu', 'tanh', 'elu', 'sigmoid', 'swish', 'swish']",0009f06608b8,505,Adam,MaxAbsoluteDeviation,0.4186720550060272,0.29827842116355896,3.863782300031744
"[8, 23, 23, 14, 8, 19, 23]","['elu', 'tanh', 'elu', 'sigmoid', 'swish', 'swish', 'sigmoid']",00f9f06608b8f6,700,Adam,MaxAbsoluteDeviation,0.6018067598342896,0.4916495680809021,5.498244499904104
"[8, 23, 23, 14, 8, 19]","['elu', 'tanh', 'elu', 'sigmoid', 'swish', 'swish']",00f9f06608b8,700,Adam,MaxAbsoluteDeviation,0.23085469007492065,0.2297322154045105,5.116246700054035
"[8, 23, 23, 14, 8, 19]","['elu', 'tanh', 'elu', 'sigmoid', 'swish', 'swish']",00f9f06608b8,580,Adam,MaxAbsoluteDeviation,0.23085469007492065,0.3310985863208771,4.337982899975032
"[8, 23, 23, 14, 8]","['elu', 'tanh', 'elu', 'sigmoid', 'swish']",00f9f06608,700,Adam,MaxAbsoluteDeviation,0.3210926055908203,0.3207048177719116,4.672351200017147
"[8, 23, 23, 14, 8]","['elu', 'tanh', 'elu', 'sigmoid', 'swish']",00f9f06608,700,Adam,MaxAbsoluteDeviation,0.30582043528556824,0.22078675031661987,4.641067099990323
"[8, 23, 23, 14, 8]","['elu', 'tanh', 'elu', 'sigmoid', 'tanh']",00f9f06609,700,Adam,MaxAbsoluteDeviation,0.29673537611961365,0.341467946767807,4.653968199971132
"[8, 8, 23, 14, 8]","['elu', 'tanh', 'elu', 'sigmoid', 'tanh']",0009f06609,297,Adam,MaxAbsoluteDeviation,0.29673537611961365,0.2974630892276764,2.166512900032103
"[23, 23, 23, 14, 8]","['elu', 'tanh', 'elu', 'sigmoid', 'tanh']",f0f9f06609,574,Adam,MaxAbsoluteDeviation,0.5011996626853943,0.4254775941371918,3.8202862999169156
"[23, 23, 23, 14, 8, 14]","['elu', 'tanh', 'elu', 'sigmoid', 'tanh', 'sigmoid']",f0f9f0660966,574,Adam,MaxAbsoluteDeviation,0.5337292551994324,0.3282458186149597,4.072030200040899
"[23, 23, 23, 14, 8, 14]","['elu', 'tanh', 'elu', 'sigmoid', 'tanh', 'sigmoid']",f0f9f0660966,165,Adam,MaxAbsoluteDeviation,0.5223715901374817,0.39222168922424316,1.5218847999349236
"[23, 23, 23, 8, 8, 14]","['elu', 'tanh', 'elu', 'sigmoid', 'tanh', 'sigmoid']",f0f9f0060966,165,Adam,MaxAbsoluteDeviation,0.7768018841743469,0.3805355429649353,1.5223649999825284
"[23, 23, 23, 8, 8, 14]","['sigmoid', 'tanh', 'elu', 'sigmoid', 'tanh', 'sigmoid']",f6f9f0060966,700,Adam,MaxAbsoluteDeviation,0.7768018841743469,7.374279022216797,4.8443487000186
"[23, 23, 23, 8, 8, 14]","['elu', 'tanh', 'elu', 'sigmoid', 'tanh', 'sigmoid']",f0f9f0060966,165,Adam,MaxAbsoluteDeviation,0.7768018841743469,7.414103984832764,1.511607400025241
"[23, 23, 23, 8, 8, 14]","['elu', 'tanh', 'elu', 'sigmoid', 'tanh', 'sigmoid']",f0f9f0060966,165,Adam,MaxAbsoluteDeviation,0.563468873500824,0.27256855368614197,1.5234299000585452
"[23, 23, 23, 8, 8, 14]","['elu', 'tanh', 'elu', 'sigmoid', 'tanh', 'sigmoid']",f0f9f0060966,700,Adam,MaxAbsoluteDeviation,0.563468873500824,0.29242363572120667,4.831912400084548
"[23, 23, 23, 8, 8, 14]","['elu', 'tanh', 'elu', 'sigmoid', 'tanh', 'sigmoid']",f0f9f0060966,100,Adam,MaxAbsoluteDeviation,0.563468873500824,2.217813491821289,1.1518968999153003
"[23, 23, 23, 8, 8]","['elu', 'tanh', 'elu', 'sigmoid', 'tanh']",f0f9f00609,700,Adam,MaxAbsoluteDeviation,0.4591507911682129,0.5278786420822144,4.3848156000021845
"[23, 23, 23, 8, 8]","['elu', 'tanh', 'elu', 'sigmoid', 'tanh']",f0f9f00609,407,Adam,MaxAbsoluteDeviation,0.37729525566101074,0.3407471776008606,2.70938729995396
"[23, 23, 23, 8, 8, 16]","['elu', 'tanh', 'elu', 'sigmoid', 'tanh', 'tanh']",f0f9f0060989,407,Adam,MaxAbsoluteDeviation,0.6302793025970459,0.49942129850387573,2.949418200063519
"[23, 23, 23, 8, 8, 16]","['elu', 'tanh', 'elu', 'sigmoid', 'tanh', 'tanh']",f0f9f0060989,100,Adam,MaxAbsoluteDeviation,0.5945286154747009,0.6129576563835144,1.130563099985011
"[23, 23, 8, 8, 8]","['elu', 'tanh', 'elu', 'sigmoid', 'tanh']",f0f9000609,100,Adam,MaxAbsoluteDeviation,0.731199324131012,0.19412660598754883,1.03076529991813
"[23, 23, 8, 8]","['elu', 'tanh', 'elu', 'sigmoid']",f0f90006,100,Adam,MaxAbsoluteDeviation,1.085013508796692,1.4048984050750732,0.9326580999186262
"[23, 23, 8, 8]","['elu', 'tanh', 'elu', 'sigmoid']",f0f90006,100,Adam,MaxAbsoluteDeviation,1.085013508796692,1.5859363079071045,0.929424999980256
"[23, 23, 8, 8]","['elu', 'tanh', 'elu', 'sigmoid']",f0f90006,100,Adam,MaxAbsoluteDeviation,1.047058343887329,0.7288371920585632,0.9298171999398619
"[23, 23, 8, 8]","['elu', 'tanh', 'elu', 'sigmoid']",f0f90006,700,Adam,MaxAbsoluteDeviation,0.22809921205043793,0.17045265436172485,9.430336100049317
"[23, 23, 8, 23]","['elu', 'tanh', 'elu', 'sigmoid']",f0f900f6,700,Adam,MaxAbsoluteDeviation,0.2732093930244446,0.14011342823505402,5.131231000064872
"[23, 23, 8, 23, 15]","['elu', 'tanh', 'elu', 'sigmoid', 'swish']",f0f900f678,700,Adam,MaxAbsoluteDeviation,0.31214818358421326,0.24452102184295654,5.711830600048415
"[23, 23, 8, 23, 15, 16]","['elu', 'tanh', 'elu', 'sigmoid', 'swish', 'swish']",f0f900f67888,700,Adam,MaxAbsoluteDeviation,0.21529874205589294,0.17963343858718872,6.319518900010735
"[23, 23, 8, 23, 15]","['elu', 'tanh', 'elu', 'sigmoid', 'swish']",f0f900f678,700,Adam,MaxAbsoluteDeviation,0.21529874205589294,0.5580289959907532,5.659752199891955
"[23, 23, 8, 23, 15, 16]","['elu', 'tanh', 'elu', 'sigmoid', 'swish', 'swish']",f0f900f67888,392,Adam,MaxAbsoluteDeviation,0.3939865827560425,0.26264140009880066,3.7360496999463066
"[23, 23, 8, 23, 15, 16]","['elu', 'swish', 'elu', 'sigmoid', 'swish', 'swish']",f0f800f67888,392,Adam,MaxAbsoluteDeviation,0.3939865827560425,0.2872275114059448,3.6665166000602767
"[23, 23, 8, 23, 15]","['elu', 'tanh', 'elu', 'sigmoid', 'swish']",f0f900f678,392,Adam,MaxAbsoluteDeviation,0.26123201847076416,0.14910520613193512,3.3310325000202283
"[23, 23, 8, 23, 15]","['elu', 'tanh', 'elu', 'sigmoid', 'swish']",f0f900f678,392,Adam,MaxAbsoluteDeviation,0.3789396286010742,0.2786693572998047,3.283432299969718
"[23, 23, 8, 23, 15]","['elu', 'tanh', 'elu', 'sigmoid', 'swish']",f0f900f678,700,Adam,MaxAbsoluteDeviation,0.39177533984184265,0.3448110818862915,5.552165500004776
"[23, 19, 8, 23, 23]","['elu', 'elu', 'elu', 'sigmoid', 'swish']",f0b000f6f8,501,Adam,MaxAbsoluteDeviation,0.1478634625673294,0.09929227083921432,4.134504100074992
"[23, 19, 8, 23]","['elu', 'elu', 'elu', 'sigmoid']",f0b000f6,501,Adam,MaxAbsoluteDeviation,0.1478634625673294,0.09428377449512482,3.5575400999514386
"[23, 19, 8, 23, 23]","['elu', 'elu', 'elu', 'sigmoid', 'swish']",f0b000f6f8,296,Adam,MaxAbsoluteDeviation,0.1478634625673294,0.24664439260959625,2.5690799999283627
"[23, 19, 8, 23, 23]","['elu', 'elu', 'elu', 'sigmoid', 'swish']",f0b000f6f8,700,Adam,MaxAbsoluteDeviation,0.4584517478942871,0.3550705909729004,5.508154600043781
"[23, 19, 8, 23, 23]","['elu', 'swish', 'elu', 'sigmoid', 'swish']",f0b800f6f8,700,Adam,MaxAbsoluteDeviation,0.2921959459781647,0.4615987241268158,5.576330499956384
"[23, 19, 8, 23, 23]","['elu', 'swish', 'elu', 'sigmoid', 'swish']",f0b800f6f8,700,Adam,MaxAbsoluteDeviation,0.3024464547634125,0.18232432007789612,5.5187221999512985
"[23, 19, 23, 23, 23]","['elu', 'swish', 'elu', 'sigmoid', 'swish']",f0b8f0f6f8,700,Adam,MaxAbsoluteDeviation,0.3024464547634125,0.5072301030158997,5.561297000036575
"[23, 19, 8, 23, 23]","['elu', 'swish', 'elu', 'sigmoid', 'swish']",f0b800f6f8,700,Adam,MaxAbsoluteDeviation,0.2553444504737854,0.17681844532489777,5.467552899965085
"[23, 19, 8, 23, 8]","['elu', 'swish', 'elu', 'sigmoid', 'swish']",f0b800f608,700,Adam,MaxAbsoluteDeviation,0.2423512488603592,0.17543745040893555,5.389768799999729
"[23, 19, 8, 23, 8]","['elu', 'swish', 'elu', 'sigmoid', 'swish']",f0b800f608,194,Adam,MaxAbsoluteDeviation,0.3509007394313812,0.20595213770866394,1.8313844000222161
"[23, 19, 8, 23, 23]","['elu', 'swish', 'elu', 'sigmoid', 'swish']",f0b800f6f8,194,Adam,MaxAbsoluteDeviation,0.3509007394313812,0.3364490270614624,1.8462696000933647
"[23, 19, 8, 23, 8]","['elu', 'swish', 'elu', 'sigmoid', 'swish']",f0b800f608,700,Adam,MaxAbsoluteDeviation,0.3792283236980438,0.277070552110672,5.423567599966191
"[23, 19, 8, 23]","['elu', 'swish', 'elu', 'sigmoid']",f0b800f6,700,Adam,MaxAbsoluteDeviation,0.3375699818134308,0.34171634912490845,4.810472800047137
"[23, 19, 8, 23]","['elu', 'sigmoid', 'elu', 'sigmoid']",f0b600f6,700,Adam,MaxAbsoluteDeviation,0.3375699818134308,0.3711807131767273,4.801457399968058
"[23, 19, 8, 23]","['elu', 'swish', 'elu', 'sigmoid']",f0b800f6,700,Adam,MaxAbsoluteDeviation,0.27466222643852234,0.19692489504814148,4.7835905000101775
"[23, 19, 8, 23, 9]","['elu', 'swish', 'elu', 'sigmoid', 'elu']",f0b800f610,700,Adam,MaxAbsoluteDeviation,0.23945534229278564,0.29222723841667175,5.209610900026746
"[23, 19, 8, 23, 9]","['elu', 'swish', 'elu', 'sigmoid', 'elu']",f0b800f610,274,Adam,MaxAbsoluteDeviation,0.25777652859687805,0.0955146923661232,2.327193299890496
"[23, 23, 8, 23, 9]","['elu', 'swish', 'elu', 'sigmoid', 'elu']",f0f800f610,274,Adam,MaxAbsoluteDeviation,0.4355624318122864,0.7668901681900024,2.3039097998989746
"[23, 23, 8, 23, 9]","['elu', 'swish', 'tanh', 'sigmoid', 'elu']",f0f809f610,700,Adam,MaxAbsoluteDeviation,0.4355624318122864,0.28039541840553284,5.296190199907869
"[23, 23, 8, 23, 9]","['elu', 'swish', 'elu', 'sigmoid', 'elu']",f0f800f610,700,Adam,MaxAbsoluteDeviation,0.2622720003128052,0.3026394546031952,5.157150200102478
"[23, 23, 8, 23]","['elu', 'sigmoid', 'elu', 'sigmoid']",f0f600f6,700,Adam,MaxAbsoluteDeviation,0.2110316902399063,0.24951757490634918,4.690328700002283
"[23, 23, 8, 23]","['elu', 'sigmoid', 'elu', 'sigmoid']",f0f600f6,700,Adam,MaxAbsoluteDeviation,0.23695078492164612,0.28066879510879517,4.659980500000529
"[23, 23, 8]","['elu', 'sigmoid', 'elu']",f0f600,700,Adam,MaxAbsoluteDeviation,0.09788160771131516,0.041131045669317245,4.053584899986163
