"[23, 18]","['swish', 'elu']",f8a0,441,Adam,MaxAbsoluteDeviation,0.30528780817985535,0.4717388153076172,1.561827400000766
"[23, 18, 15]","['swish', 'elu', 'sigmoid']",f8a076,441,Adam,MaxAbsoluteDeviation,0.3174116909503937,0.35015106201171875,1.7064325000392273
"[8, 18, 15]","['swish', 'elu', 'sigmoid']",08a076,370,Adam,MaxAbsoluteDeviation,0.14235582947731018,0.14197158813476562,1.4884739000117406
"[8, 18]","['swish', 'elu']",08a0,370,Adam,MaxAbsoluteDeviation,0.44375237822532654,0.5415258407592773,1.3236015000147745
[23],['swish'],f8,370,Adam,MaxAbsoluteDeviation,0.44375237822532654,1.2131216526031494,1.229625300038606
"[8, 18]","['swish', 'elu']",08a0,700,Adam,MaxAbsoluteDeviation,0.13811920583248138,0.161041259765625,2.323371800011955
"[8, 18]","['swish', 'elu']",08a0,700,Adam,MaxAbsoluteDeviation,0.20688900351524353,0.1588907241821289,2.318473899969831
"[8, 18]","['swish', 'elu']",08a0,700,Adam,MaxAbsoluteDeviation,0.18522223830223083,0.1507110595703125,2.3283625999465585
"[8, 18, 11]","['swish', 'elu', 'tanh']",08a039,700,Adam,MaxAbsoluteDeviation,0.2310478836297989,0.20225286483764648,2.50096079998184
"[8, 8, 11]","['swish', 'elu', 'tanh']",080039,700,Adam,MaxAbsoluteDeviation,0.3276578485965729,0.1856536865234375,2.4938658999744803
"[8, 8, 23]","['swish', 'elu', 'tanh']",0800f9,700,Adam,MaxAbsoluteDeviation,0.6157909631729126,0.19025945663452148,2.47401040000841
"[8, 8, 23]","['swish', 'elu', 'tanh']",0800f9,700,Adam,MaxAbsoluteDeviation,0.2610301077365875,0.6580352783203125,2.487438900046982
"[8, 8, 23, 11]","['swish', 'elu', 'tanh', 'elu']",0800f930,700,Adam,MaxAbsoluteDeviation,0.6355273723602295,0.23944091796875,2.641350100049749
"[8, 8, 23, 11, 15]","['swish', 'elu', 'tanh', 'elu', 'elu']",0800f93070,700,Adam,MaxAbsoluteDeviation,0.13214538991451263,0.2114391326904297,2.734652500017546
"[8, 8, 23, 11]","['swish', 'elu', 'tanh', 'elu']",0800f930,700,Adam,MaxAbsoluteDeviation,0.37776556611061096,0.6157264709472656,2.6457882000831887
"[8, 8, 23, 11]","['swish', 'elu', 'tanh', 'elu']",0800f930,700,Adam,MaxAbsoluteDeviation,0.6683210730552673,0.3269691467285156,2.625308300019242
"[8, 8, 23, 11]","['swish', 'elu', 'tanh', 'elu']",0800f930,700,Adam,MaxAbsoluteDeviation,0.43815842270851135,0.5889320373535156,2.6080869000870734
"[8, 8, 23, 11]","['swish', 'swish', 'tanh', 'elu']",0808f930,244,Adam,MaxAbsoluteDeviation,0.2428751438856125,0.2620086669921875,1.1882912999717519
"[8, 8, 23, 8]","['swish', 'swish', 'tanh', 'elu']",0808f900,244,Adam,MaxAbsoluteDeviation,0.20803993940353394,0.1399688720703125,1.1776361999800429
"[8, 8, 23, 8]","['swish', 'swish', 'tanh', 'elu']",0808f900,100,Adam,MaxAbsoluteDeviation,0.7514691352844238,0.32915452122688293,0.7644363000290468
"[8, 23, 23, 8]","['swish', 'swish', 'tanh', 'elu']",08f8f900,100,Adam,MaxAbsoluteDeviation,0.6820884943008423,0.2931203842163086,0.7666417999425903
"[8, 23, 23, 8]","['swish', 'swish', 'tanh', 'elu']",08f8f900,700,Adam,MaxAbsoluteDeviation,0.15954522788524628,0.1498260498046875,2.587820400018245
"[23, 23, 23, 8, 15]","['swish', 'swish', 'tanh', 'elu', 'tanh']",f8f8f90079,700,Adam,MaxAbsoluteDeviation,0.7199960947036743,0.9265403747558594,2.7018293999135494
"[23, 23, 23, 8, 15]","['swish', 'swish', 'tanh', 'elu', 'tanh']",f8f8f90079,700,Adam,MaxAbsoluteDeviation,0.47353553771972656,0.4122021198272705,2.7330431999871507
"[23, 23, 23, 8, 8]","['swish', 'swish', 'tanh', 'elu', 'tanh']",f8f8f90009,259,Adam,MaxAbsoluteDeviation,0.9175112247467041,0.5128335952758789,1.3001836999319494
"[23, 23, 23, 8, 8]","['swish', 'swish', 'tanh', 'elu', 'tanh']",f8f8f90009,259,Adam,MaxAbsoluteDeviation,0.7166253924369812,0.9777573943138123,1.3026821999810636
"[23, 23, 23, 8, 8]","['swish', 'swish', 'tanh', 'elu', 'tanh']",f8f8f90009,259,Adam,MaxAbsoluteDeviation,1.2154513597488403,0.764129638671875,1.3023310999851674
"[23, 23, 23, 8]","['swish', 'swish', 'tanh', 'elu']",f8f8f900,259,Adam,MaxAbsoluteDeviation,0.5939767956733704,0.5122928619384766,1.213456999976188
"[23, 23, 23, 8]","['swish', 'swish', 'tanh', 'elu']",f8f8f900,259,Adam,MaxAbsoluteDeviation,0.6421640515327454,0.42410945892333984,1.2062701000832021
"[23, 23, 23, 8]","['swish', 'swish', 'tanh', 'elu']",f8f8f900,169,Adam,MaxAbsoluteDeviation,0.37253403663635254,0.36765289306640625,0.9407895000185817
"[23, 8, 23, 8]","['swish', 'swish', 'tanh', 'elu']",f808f900,169,Adam,MaxAbsoluteDeviation,0.2955649197101593,0.1451568603515625,0.9496481000678614
"[23, 8, 23, 8]","['swish', 'swish', 'sigmoid', 'elu']",f808f600,700,Adam,MaxAbsoluteDeviation,0.16899196803569794,0.07976174354553223,2.571113199926913
"[23, 8, 23, 8]","['swish', 'swish', 'sigmoid', 'elu']",f808f600,700,Adam,MaxAbsoluteDeviation,0.32543808221817017,0.1419053077697754,2.5240076000336558
"[23, 8, 23, 8]","['tanh', 'swish', 'sigmoid', 'elu']",f908f600,430,Adam,MaxAbsoluteDeviation,0.4044579267501831,0.3886127471923828,1.6691774000646546
"[23, 8]","['tanh', 'swish']",f908,700,Adam,MaxAbsoluteDeviation,0.3508484661579132,0.24339628219604492,2.2400009999983013
"[23, 8]","['tanh', 'swish']",f908,700,Adam,MaxAbsoluteDeviation,0.3508484661579132,0.1772763878107071,2.2234604000113904
"[23, 8]","['tanh', 'sigmoid']",f906,700,Adam,MaxAbsoluteDeviation,0.10469627380371094,0.0792531967163086,2.233580100000836
[23],['swish'],f8,700,Adam,MaxAbsoluteDeviation,1.8496692180633545,1.7800997495651245,2.1107690000208095
"[23, 19]","['tanh', 'elu']",f9b0,700,Adam,MaxAbsoluteDeviation,0.5075637698173523,0.5853042602539062,2.1902422999264672
"[23, 8]","['tanh', 'elu']",f900,700,Adam,MaxAbsoluteDeviation,0.5953462719917297,1.1461901664733887,2.2094962999690324
"[23, 8, 17]","['tanh', 'elu', 'tanh']",f90099,617,Adam,MaxAbsoluteDeviation,0.26250866055488586,0.46306800842285156,2.086877900059335
"[23, 8, 17, 17]","['tanh', 'elu', 'tanh', 'elu']",f9009990,617,Adam,MaxAbsoluteDeviation,0.6794888973236084,0.5495291948318481,2.2032121000811458
"[23, 8, 17, 17]","['tanh', 'elu', 'tanh', 'elu']",f9009990,100,Adam,MaxAbsoluteDeviation,1.0337259769439697,1.1924571990966797,0.7176915999734774
"[23, 8, 17, 17, 22, 10]","['tanh', 'elu', 'tanh', 'elu', 'swish', 'tanh']",f9009990e829,100,Adam,MaxAbsoluteDeviation,1.0337259769439697,1.5464709997177124,0.8720403000479564
"[23, 8, 17, 11]","['tanh', 'elu', 'tanh', 'elu']",f9009930,100,Adam,MaxAbsoluteDeviation,0.5369918346405029,1.0891437530517578,0.7096522999927402
"[23, 8, 17, 11]","['tanh', 'swish', 'tanh', 'elu']",f9089930,100,Adam,MaxAbsoluteDeviation,0.5369918346405029,0.7707786560058594,0.7289961000205949
"[23, 8, 17, 11]","['tanh', 'sigmoid', 'tanh', 'elu']",f9069930,700,Adam,MaxAbsoluteDeviation,0.2728232443332672,0.18207645416259766,2.4662831999594346
"[23, 8, 17, 11, 10]","['tanh', 'sigmoid', 'tanh', 'elu', 'sigmoid']",f906993026,700,Adam,MaxAbsoluteDeviation,0.2728232443332672,2.7650060653686523,2.575295399990864
"[23, 8, 17, 11]","['tanh', 'sigmoid', 'tanh', 'elu']",f9069930,700,Adam,MaxAbsoluteDeviation,0.4197998046875,0.32562828063964844,2.4465318999718875
"[23, 8, 17, 11, 17]","['tanh', 'sigmoid', 'tanh', 'elu', 'elu']",f906993090,700,Adam,MaxAbsoluteDeviation,0.1300773173570633,0.22821283340454102,2.55135110008996
"[23, 8, 17, 11]","['tanh', 'sigmoid', 'tanh', 'elu']",f9069930,700,Adam,MaxAbsoluteDeviation,0.1300773173570633,0.8372421264648438,2.445043500047177
"[23, 8, 17, 11, 17]","['tanh', 'sigmoid', 'tanh', 'elu', 'elu']",f906993090,700,Adam,MaxAbsoluteDeviation,0.1300773173570633,0.3269004821777344,2.5234280000440776
"[23, 8, 17, 11, 17]","['swish', 'sigmoid', 'tanh', 'elu', 'elu']",f806993090,700,Adam,MaxAbsoluteDeviation,0.6697530150413513,0.396490216255188,2.5622152999276295
"[23, 8, 17, 11, 17, 23]","['swish', 'sigmoid', 'tanh', 'tanh', 'elu', 'sigmoid']",f806993990f6,700,Adam,MaxAbsoluteDeviation,0.47351935505867004,0.6362743377685547,6.920094900066033
"[23, 8, 17, 11, 17, 23]","['tanh', 'sigmoid', 'tanh', 'tanh', 'elu', 'sigmoid']",f906993990f6,700,Adam,MaxAbsoluteDeviation,0.3439829349517822,0.33275675773620605,3.453965099994093
"[23, 8, 17, 11, 17, 23, 16]","['tanh', 'sigmoid', 'tanh', 'tanh', 'elu', 'sigmoid', 'swish']",f906993990f688,700,Adam,MaxAbsoluteDeviation,0.30996739864349365,0.5277895927429199,3.7492356000002474
"[23, 8, 17, 11, 17, 23, 16]","['tanh', 'sigmoid', 'tanh', 'tanh', 'elu', 'sigmoid', 'swish']",f906993990f688,143,Adam,MaxAbsoluteDeviation,0.6653739213943481,1.1760139465332031,1.252530200057663
"[23, 8, 17, 11, 17, 23, 16]","['tanh', 'sigmoid', 'tanh', 'tanh', 'elu', 'sigmoid', 'swish']",f906993990f688,100,Adam,MaxAbsoluteDeviation,0.6070497035980225,0.8928871154785156,1.0655798999359831
"[23, 8, 17, 11, 17, 23, 16]","['tanh', 'sigmoid', 'tanh', 'tanh', 'elu', 'sigmoid', 'swish']",f906993990f688,100,Adam,MaxAbsoluteDeviation,0.6070497035980225,0.361541748046875,1.064817399950698
"[23, 8, 17, 11, 17, 23]","['tanh', 'sigmoid', 'tanh', 'tanh', 'elu', 'sigmoid']",f906993990f6,100,Adam,MaxAbsoluteDeviation,0.6070497035980225,5.029924392700195,0.9584108999697492
"[23, 8, 17, 11, 17, 23, 16]","['tanh', 'sigmoid', 'tanh', 'tanh', 'swish', 'sigmoid', 'swish']",f906993998f688,100,Adam,MaxAbsoluteDeviation,0.6070497035980225,1.914789080619812,1.0851212999550626
"[23, 8, 17, 11, 17, 23, 16, 21]","['tanh', 'sigmoid', 'tanh', 'tanh', 'elu', 'sigmoid', 'swish', 'sigmoid']",f906993990f688d6,100,Adam,MaxAbsoluteDeviation,0.6070497035980225,8.73064136505127,1.1549823000095785
"[23, 8, 17, 11, 17, 23, 16]","['tanh', 'sigmoid', 'tanh', 'tanh', 'elu', 'sigmoid', 'swish']",f906993990f688,700,Adam,MaxAbsoluteDeviation,0.2869736850261688,0.31448936462402344,3.6815626999596134
"[23, 8, 17, 11, 17, 23, 16]","['tanh', 'sigmoid', 'tanh', 'tanh', 'elu', 'sigmoid', 'swish']",f906993990f688,667,Adam,MaxAbsoluteDeviation,0.3622790575027466,0.44092845916748047,3.485096199903637
"[23, 8, 17, 11, 17, 23, 16]","['tanh', 'sigmoid', 'tanh', 'tanh', 'elu', 'sigmoid', 'swish']",f906993990f688,249,Adam,MaxAbsoluteDeviation,0.3622790575027466,0.6218862533569336,1.6612681000260636
"[23, 8, 17, 11, 17, 8, 16]","['tanh', 'sigmoid', 'tanh', 'tanh', 'elu', 'sigmoid', 'swish']",f9069939900688,667,Adam,MaxAbsoluteDeviation,0.5143572092056274,0.4964122772216797,3.496645800070837
"[23, 8, 17, 11, 17, 8]","['tanh', 'sigmoid', 'tanh', 'tanh', 'elu', 'sigmoid']",f90699399006,667,Adam,MaxAbsoluteDeviation,0.4412127435207367,0.4174041748046875,3.2290264999028295
"[23, 8, 17, 11, 17, 8]","['tanh', 'sigmoid', 'tanh', 'tanh', 'elu', 'sigmoid']",f90699399006,667,Adam,MaxAbsoluteDeviation,0.4793184697628021,0.9270915985107422,3.202577800024301
"[23, 8, 17, 11, 17, 8]","['tanh', 'sigmoid', 'tanh', 'tanh', 'elu', 'sigmoid']",f90699399006,700,Adam,MaxAbsoluteDeviation,0.5180652737617493,0.4044914245605469,3.323537199990824
"[23, 8, 17, 11, 17, 8]","['tanh', 'sigmoid', 'tanh', 'tanh', 'elu', 'sigmoid']",f90699399006,700,Adam,MaxAbsoluteDeviation,1.447878122329712,1.5261116027832031,3.321885299985297
"[23, 8, 17, 11, 17, 8]","['tanh', 'sigmoid', 'tanh', 'tanh', 'elu', 'sigmoid']",f90699399006,700,Adam,MaxAbsoluteDeviation,0.5560018420219421,0.5983982086181641,3.3242539999773726
"[23, 8, 17, 11, 17, 8]","['tanh', 'sigmoid', 'tanh', 'tanh', 'elu', 'sigmoid']",f90699399006,242,Adam,MaxAbsoluteDeviation,0.5560018420219421,2.1322154998779297,1.4714215999701992
"[23, 8, 17, 11, 17, 8]","['tanh', 'sigmoid', 'tanh', 'tanh', 'elu', 'sigmoid']",f90699399006,221,Adam,MaxAbsoluteDeviation,0.5560018420219421,8.277742385864258,1.3971251000184566
"[23, 8, 17, 11, 17, 8]","['tanh', 'sigmoid', 'tanh', 'tanh', 'elu', 'sigmoid']",f90699399006,700,Adam,MaxAbsoluteDeviation,1.1659175157546997,1.1434392929077148,3.278158500092104
"[23, 8, 17, 11, 17]","['tanh', 'sigmoid', 'tanh', 'tanh', 'elu']",f906993990,700,Adam,MaxAbsoluteDeviation,0.5852168202400208,0.82611083984375,3.062400000053458
"[23, 8, 17, 11, 17, 12]","['tanh', 'sigmoid', 'tanh', 'tanh', 'elu', 'elu']",f90699399040,700,Adam,MaxAbsoluteDeviation,0.5852168202400208,0.5603008270263672,3.301633600029163
"[23, 8, 17, 11, 23]","['tanh', 'sigmoid', 'tanh', 'tanh', 'elu']",f9069939f0,700,Adam,MaxAbsoluteDeviation,0.4692358076572418,1.0630083084106445,3.092985700001009
"[23, 8, 17, 11, 23, 12]","['tanh', 'sigmoid', 'tanh', 'tanh', 'elu', 'elu']",f9069939f040,700,Adam,MaxAbsoluteDeviation,0.5188503861427307,0.8481936454772949,3.2478458000114188
"[23, 8, 17, 11, 23, 12]","['tanh', 'sigmoid', 'tanh', 'tanh', 'elu', 'elu']",f9069939f040,700,Adam,MaxAbsoluteDeviation,0.5242881178855896,1.0596733093261719,3.2746910999994725
"[23, 8, 17, 11, 23, 12, 10]","['tanh', 'sigmoid', 'tanh', 'tanh', 'elu', 'elu', 'tanh']",f9069939f04029,700,Adam,MaxAbsoluteDeviation,0.5242881178855896,8.634720802307129,3.4706569999689236
"[23, 8, 17, 23, 23, 12]","['tanh', 'sigmoid', 'tanh', 'tanh', 'elu', 'elu']",f90699f9f040,700,Adam,MaxAbsoluteDeviation,0.7033947706222534,0.2512645721435547,3.244544000015594
"[23, 8, 17, 23, 23, 12]","['tanh', 'sigmoid', 'tanh', 'tanh', 'elu', 'elu']",f90699f9f040,700,Adam,MaxAbsoluteDeviation,1.3810393810272217,0.8538932800292969,3.2453507999889553
"[23, 8, 17, 23, 23, 12]","['tanh', 'sigmoid', 'tanh', 'tanh', 'elu', 'elu']",f90699f9f040,700,Adam,MaxAbsoluteDeviation,0.7930781841278076,2.211885452270508,3.2534308000467718
"[23, 8, 17, 23, 23, 12]","['tanh', 'sigmoid', 'tanh', 'tanh', 'elu', 'elu']",f90699f9f040,700,Adam,MaxAbsoluteDeviation,0.5852277874946594,0.7476100921630859,3.2067453000927344
"[23, 8, 17, 23, 23]","['tanh', 'sigmoid', 'tanh', 'tanh', 'elu']",f90699f9f0,700,Adam,MaxAbsoluteDeviation,0.8465695977210999,1.243269920349121,3.0294705000706017
"[23, 8, 17, 23, 23]","['tanh', 'elu', 'tanh', 'tanh', 'elu']",f90099f9f0,700,Adam,MaxAbsoluteDeviation,0.4649162292480469,0.4204627275466919,3.008283599978313
"[23, 8, 17, 23, 23]","['tanh', 'elu', 'tanh', 'tanh', 'elu']",f90099f9f0,700,Adam,MaxAbsoluteDeviation,0.7094936966896057,0.36055946350097656,3.0282683999976143
"[23, 8, 23, 23]","['tanh', 'elu', 'tanh', 'tanh']",f900f9f9,700,Adam,MaxAbsoluteDeviation,0.4041505455970764,0.8226184844970703,2.823616600013338
"[23, 8, 8, 23, 12]","['tanh', 'elu', 'tanh', 'tanh', 'swish']",f90009f948,700,Adam,MaxAbsoluteDeviation,0.5168584585189819,0.37578773498535156,3.001127399969846
"[23, 8, 8, 23, 12]","['tanh', 'elu', 'tanh', 'tanh', 'swish']",f90009f948,700,Adam,MaxAbsoluteDeviation,0.5168584585189819,1.2430343627929688,3.027646700036712
"[23, 8, 8, 23, 12]","['tanh', 'elu', 'tanh', 'tanh', 'swish']",f90009f948,422,Adam,MaxAbsoluteDeviation,0.20230574905872345,0.4268932342529297,1.9690408000024036
"[23, 8, 8, 23, 12]","['tanh', 'elu', 'tanh', 'tanh', 'swish']",f90009f948,700,Adam,MaxAbsoluteDeviation,0.20230574905872345,0.12659668922424316,2.9800957000115886
"[23, 8, 8, 23, 12]","['tanh', 'elu', 'tanh', 'elu', 'swish']",f90009f048,422,Adam,MaxAbsoluteDeviation,0.5340173840522766,1.6176252365112305,1.9538611000170931
"[23, 23, 8, 23, 12]","['sigmoid', 'elu', 'tanh', 'elu', 'swish']",f6f009f048,422,Adam,MaxAbsoluteDeviation,0.9080653190612793,2.0782928466796875,1.9599847999634221
"[23, 23, 8, 23, 12]","['sigmoid', 'elu', 'tanh', 'elu', 'swish']",f6f009f048,422,Adam,MaxAbsoluteDeviation,1.6740100383758545,0.44849395751953125,1.9513334999792278
"[23, 23, 8, 23, 12]","['sigmoid', 'tanh', 'tanh', 'elu', 'swish']",f6f909f048,100,Adam,MaxAbsoluteDeviation,1.3949155807495117,0.41631126403808594,0.8535494999960065
"[23, 23, 8, 23, 12]","['sigmoid', 'tanh', 'tanh', 'elu', 'swish']",f6f909f048,100,Adam,MaxAbsoluteDeviation,1.9247918128967285,1.089914321899414,0.8529472999507561
"[23, 23, 8, 23, 12]","['sigmoid', 'tanh', 'tanh', 'elu', 'swish']",f6f909f048,700,Adam,MaxAbsoluteDeviation,0.6551231145858765,0.6865158081054688,2.9363935000728816
"[23, 23, 8, 23, 12]","['sigmoid', 'tanh', 'tanh', 'elu', 'swish']",f6f909f048,700,Adam,MaxAbsoluteDeviation,0.6352992057800293,0.49619102478027344,2.9109686999581754
"[23, 23, 8, 23]","['sigmoid', 'tanh', 'tanh', 'elu']",f6f909f0,700,Adam,MaxAbsoluteDeviation,0.6771134734153748,0.8500843048095703,2.6963619999587536
"[23, 23, 8, 23]","['sigmoid', 'tanh', 'tanh', 'elu']",f6f909f0,700,Adam,MaxAbsoluteDeviation,0.6097896695137024,0.30179381370544434,2.725631000008434
"[23, 23, 8, 23, 9]","['sigmoid', 'tanh', 'tanh', 'elu', 'swish']",f6f909f018,700,Adam,MaxAbsoluteDeviation,0.41905394196510315,0.29595088958740234,2.9152609000448138
"[23, 23, 8, 23, 9]","['sigmoid', 'tanh', 'tanh', 'elu', 'elu']",f6f909f010,700,Adam,MaxAbsoluteDeviation,0.4848950207233429,0.3291783034801483,2.837781299953349
"[23, 23, 8, 23, 14]","['sigmoid', 'tanh', 'tanh', 'elu', 'elu']",f6f909f060,700,Adam,MaxAbsoluteDeviation,0.4848950207233429,1.8707410097122192,2.8555232000071555
"[23, 23, 8, 23, 9]","['sigmoid', 'tanh', 'tanh', 'elu', 'elu']",f6f909f010,349,Adam,MaxAbsoluteDeviation,0.4607999324798584,0.6131992340087891,1.6296968000242487
"[23, 23, 8, 23, 9, 23]","['sigmoid', 'tanh', 'tanh', 'elu', 'elu', 'swish']",f6f909f010f8,349,Adam,MaxAbsoluteDeviation,0.4607999324798584,0.7899008989334106,1.7601755999494344
"[23, 23, 8, 23, 9]","['sigmoid', 'tanh', 'tanh', 'elu', 'elu']",f6f909f010,349,Adam,MaxAbsoluteDeviation,1.0678459405899048,1.9726448059082031,1.6084302000235766
"[23, 23, 8, 23, 9, 15]","['sigmoid', 'tanh', 'tanh', 'elu', 'elu', 'tanh']",f6f909f01079,349,Adam,MaxAbsoluteDeviation,1.855413556098938,2.5072078704833984,1.7193287000991404
"[23, 23, 8, 23, 9, 15]","['sigmoid', 'tanh', 'tanh', 'elu', 'elu', 'elu']",f6f909f01070,700,Adam,MaxAbsoluteDeviation,0.5773792862892151,1.2572193145751953,2.9361563000129536
"[23, 23, 8, 23, 9, 15, 20]","['sigmoid', 'tanh', 'tanh', 'elu', 'elu', 'elu', 'elu']",f6f909f01070c0,700,Adam,MaxAbsoluteDeviation,0.38635948300361633,0.3074660301208496,3.1164344999706373
"[8, 23, 8, 23, 9, 15, 20]","['sigmoid', 'tanh', 'tanh', 'elu', 'elu', 'elu', 'elu']",06f909f01070c0,700,Adam,MaxAbsoluteDeviation,0.38635948300361633,0.6800503730773926,3.1030379999428988
"[23, 23, 8, 23, 9, 15, 20, 15]","['sigmoid', 'tanh', 'tanh', 'elu', 'elu', 'elu', 'elu', 'elu']",f6f909f01070c070,700,Adam,MaxAbsoluteDeviation,0.38635948300361633,0.9753503203392029,3.2774732999969274
"[23, 23, 8, 23, 9, 15, 20]","['sigmoid', 'tanh', 'tanh', 'elu', 'tanh', 'elu', 'elu']",f6f909f01970c0,700,Adam,MaxAbsoluteDeviation,0.851772665977478,1.451164722442627,3.0777420999947935
"[23, 23, 8, 23, 9, 15, 20]","['sigmoid', 'tanh', 'tanh', 'elu', 'tanh', 'elu', 'elu']",f6f909f01970c0,492,Adam,MaxAbsoluteDeviation,1.2428919076919556,0.7991843223571777,2.298268000013195
"[23, 23, 8, 23, 9, 15, 20]","['sigmoid', 'tanh', 'tanh', 'elu', 'tanh', 'elu', 'elu']",f6f909f01970c0,492,Adam,MaxAbsoluteDeviation,1.2428919076919556,1.5895438194274902,2.3104364000028
"[8, 23, 8, 23, 9, 15]","['sigmoid', 'tanh', 'tanh', 'elu', 'tanh', 'elu']",06f909f01970,492,Adam,MaxAbsoluteDeviation,0.6801631450653076,1.4411706924438477,2.1936629000119865
"[8, 23, 8, 23, 9, 15]","['sigmoid', 'tanh', 'tanh', 'elu', 'tanh', 'elu']",06f909f01970,387,Adam,MaxAbsoluteDeviation,0.6801631450653076,0.8873729705810547,1.8093433000613004
"[8, 23, 8, 23, 9, 15]","['sigmoid', 'tanh', 'tanh', 'swish', 'tanh', 'tanh']",06f909f81979,492,Adam,MaxAbsoluteDeviation,0.8835499286651611,0.7484946250915527,2.161589599912986
"[8, 23, 8, 23, 9, 8]","['sigmoid', 'tanh', 'tanh', 'swish', 'tanh', 'tanh']",06f909f81909,492,Adam,MaxAbsoluteDeviation,0.8835499286651611,4.993329048156738,2.1597385000204667
"[8, 23, 8, 8, 9]","['sigmoid', 'tanh', 'tanh', 'swish', 'tanh']",06f9090819,492,Adam,MaxAbsoluteDeviation,0.3357681334018707,0.5966320037841797,2.052172200055793
"[8, 23, 8, 8, 9]","['sigmoid', 'tanh', 'tanh', 'swish', 'tanh']",06f9090819,700,Adam,MaxAbsoluteDeviation,0.3357681334018707,2.395106315612793,2.7467836999567226
"[8, 23, 8, 8, 9]","['sigmoid', 'tanh', 'tanh', 'swish', 'tanh']",06f9090819,492,Adam,MaxAbsoluteDeviation,0.35239177942276,0.18056774139404297,2.0350765000330284
"[8, 23, 8, 8, 9, 15]","['sigmoid', 'tanh', 'tanh', 'swish', 'tanh', 'tanh']",06f909081979,492,Adam,MaxAbsoluteDeviation,0.534790575504303,0.46642494201660156,2.1342971000121906
"[8, 23, 8, 8, 9, 15, 18]","['sigmoid', 'tanh', 'tanh', 'swish', 'tanh', 'tanh', 'swish']",06f909081979a8,492,Adam,MaxAbsoluteDeviation,1.567229151725769,0.93048095703125,2.285275200032629
"[8, 23, 8, 8, 9, 15, 18]","['sigmoid', 'tanh', 'tanh', 'swish', 'tanh', 'tanh', 'swish']",06f909081979a8,492,Adam,MaxAbsoluteDeviation,1.567229151725769,0.7206935882568359,2.2531593999592587
"[8, 23, 8, 8, 9, 15, 18]","['sigmoid', 'tanh', 'tanh', 'swish', 'tanh', 'tanh', 'swish']",06f909081979a8,209,Adam,MaxAbsoluteDeviation,1.1993786096572876,1.536259651184082,1.3103907000040635
"[8, 23, 8, 8, 9, 15, 18]","['sigmoid', 'tanh', 'tanh', 'swish', 'tanh', 'tanh', 'swish']",06f909081979a8,100,Adam,MaxAbsoluteDeviation,1.4305977821350098,2.319338798522949,4.514689699979499
"[8, 23, 8, 8, 9, 23, 18]","['sigmoid', 'tanh', 'tanh', 'swish', 'tanh', 'tanh', 'swish']",06f9090819f9a8,100,Adam,MaxAbsoluteDeviation,1.6961960792541504,0.9179058074951172,1.0924689999083057
"[8, 23, 8, 8, 9, 23]","['sigmoid', 'tanh', 'tanh', 'swish', 'tanh', 'tanh']",06f9090819f9,100,Adam,MaxAbsoluteDeviation,1.6961960792541504,8.165562629699707,0.9747831999557093
"[8, 23, 8, 8, 9, 23, 18]","['sigmoid', 'tanh', 'tanh', 'swish', 'tanh', 'tanh', 'swish']",06f9090819f9a8,100,Adam,MaxAbsoluteDeviation,1.6961960792541504,1.6311416625976562,1.0849421999882907
"[8, 23, 8, 8, 9, 23, 18]","['sigmoid', 'tanh', 'tanh', 'swish', 'tanh', 'tanh', 'swish']",06f9090819f9a8,700,Adam,MaxAbsoluteDeviation,2.31276535987854,0.9981517791748047,3.7206992000574246
"[8, 23, 8, 8, 9, 23, 18, 18]","['sigmoid', 'tanh', 'tanh', 'swish', 'tanh', 'tanh', 'swish', 'tanh']",06f9090819f9a8a9,700,Adam,MaxAbsoluteDeviation,0.9712347388267517,0.7823715209960938,4.0046558000613
"[8, 23, 8, 8, 9, 23, 18, 18]","['sigmoid', 'tanh', 'tanh', 'swish', 'tanh', 'tanh', 'swish', 'tanh']",06f9090819f9a8a9,700,Adam,MaxAbsoluteDeviation,1.7755149602890015,1.460066795349121,4.02489339991007
"[23, 23, 8, 8, 9, 23, 18, 18]","['sigmoid', 'tanh', 'tanh', 'swish', 'tanh', 'tanh', 'swish', 'tanh']",f6f9090819f9a8a9,700,Adam,MaxAbsoluteDeviation,1.7755149602890015,8.234796524047852,4.008599800057709
"[8, 23, 8, 8, 9, 23, 18]","['sigmoid', 'tanh', 'tanh', 'swish', 'tanh', 'tanh', 'swish']",06f9090819f9a8,700,Adam,MaxAbsoluteDeviation,0.4287235140800476,0.45874741673469543,3.7312086999882013
"[8, 8, 8, 8, 9, 23, 18]","['sigmoid', 'tanh', 'tanh', 'swish', 'tanh', 'tanh', 'swish']",0609090819f9a8,700,Adam,MaxAbsoluteDeviation,0.5799571871757507,0.5051898956298828,3.716242399998009
"[8, 8, 8, 8, 9, 23]","['sigmoid', 'tanh', 'tanh', 'swish', 'tanh', 'tanh']",0609090819f9,700,Adam,MaxAbsoluteDeviation,0.3526352643966675,0.6247916221618652,3.4041270999005064
"[8, 8, 8, 8, 9, 23]","['sigmoid', 'tanh', 'tanh', 'swish', 'tanh', 'tanh']",0609090819f9,700,Adam,MaxAbsoluteDeviation,0.5122910141944885,1.2576370239257812,3.397698799963109
"[8, 8, 8, 8, 9]","['sigmoid', 'tanh', 'tanh', 'swish', 'tanh']",0609090819,700,Adam,MaxAbsoluteDeviation,0.4401676654815674,0.4652900695800781,3.1448216000571847
"[8, 8, 8, 8, 9]","['sigmoid', 'tanh', 'tanh', 'swish', 'tanh']",0609090819,700,Adam,MaxAbsoluteDeviation,0.4849206805229187,0.5855731964111328,3.1681094000814483
"[8, 8, 8, 8, 9]","['sigmoid', 'tanh', 'tanh', 'swish', 'tanh']",0609090819,689,Adam,MaxAbsoluteDeviation,0.31594449281692505,0.5246076583862305,3.098305099993013
"[8, 8, 8, 8, 9]","['sigmoid', 'tanh', 'tanh', 'swish', 'tanh']",0609090819,100,Adam,MaxAbsoluteDeviation,0.31594449281692505,8.337796211242676,0.8737017000094056
"[8, 8, 8, 8, 9]","['sigmoid', 'tanh', 'tanh', 'swish', 'tanh']",0609090819,689,Adam,MaxAbsoluteDeviation,0.7084680199623108,0.6074825525283813,3.0858352000359446
"[8, 8, 8, 8, 9]","['sigmoid', 'tanh', 'tanh', 'swish', 'tanh']",0609090819,100,Adam,MaxAbsoluteDeviation,0.7084680199623108,8.462451934814453,0.8834609999321401
"[8, 8, 8, 8]","['sigmoid', 'tanh', 'tanh', 'swish']",06090908,689,Adam,MaxAbsoluteDeviation,0.45569586753845215,0.5824565887451172,2.8773379999911413
"[23, 8, 8, 8]","['sigmoid', 'tanh', 'tanh', 'swish']",f6090908,689,Adam,MaxAbsoluteDeviation,0.15588264167308807,0.32125237584114075,2.872575100045651
"[23, 8, 8, 8, 16]","['sigmoid', 'tanh', 'tanh', 'swish', 'tanh']",f609090889,689,Adam,MaxAbsoluteDeviation,0.15588264167308807,0.8613529205322266,3.0730892999563366
"[23, 8, 8, 8]","['sigmoid', 'tanh', 'tanh', 'swish']",f6090908,100,Adam,MaxAbsoluteDeviation,0.15588264167308807,2.6524012088775635,0.8039298000512645
"[23, 8, 8]","['sigmoid', 'tanh', 'tanh']",f60909,174,Adam,MaxAbsoluteDeviation,1.4686676263809204,2.2936506271362305,0.9256617999635637
"[23, 8, 8]","['sigmoid', 'tanh', 'tanh']",f60909,174,Adam,MaxAbsoluteDeviation,1.413570761680603,0.8499362468719482,0.9074008000316098
"[23, 8, 8]","['sigmoid', 'tanh', 'tanh']",f60909,111,Adam,MaxAbsoluteDeviation,1.413570761680603,3.865682601928711,0.7339855999452993
"[23, 8, 8]","['sigmoid', 'tanh', 'tanh']",f60909,700,Adam,MaxAbsoluteDeviation,0.2217758595943451,0.41197681427001953,2.6117980000562966
"[23, 8, 8]","['sigmoid', 'tanh', 'tanh']",f60909,700,Adam,MaxAbsoluteDeviation,0.2217758595943451,0.3786945343017578,2.5753534000832587
"[23, 8]","['sigmoid', 'tanh']",f609,700,Adam,MaxAbsoluteDeviation,0.32722872495651245,0.23916053771972656,2.3622859000461176
[23],['swish'],f8,700,Adam,MaxAbsoluteDeviation,0.32722872495651245,1.6862682104110718,2.183726300019771
"[23, 8]","['sigmoid', 'tanh']",f609,121,Adam,MaxAbsoluteDeviation,0.32722872495651245,4.525457382202148,0.6520490000257269
"[23, 8]","['sigmoid', 'tanh']",f609,700,Adam,MaxAbsoluteDeviation,0.20568513870239258,0.22931671142578125,2.3558225999586284
"[23, 8]","['sigmoid', 'tanh']",f609,700,Adam,MaxAbsoluteDeviation,0.2813015878200531,0.09273242950439453,2.362661399994977
"[23, 8, 14]","['sigmoid', 'tanh', 'swish']",f60968,287,Adam,MaxAbsoluteDeviation,0.6545361280441284,0.730133056640625,1.2460373000940308
"[23, 8, 14]","['sigmoid', 'tanh', 'swish']",f60968,100,Adam,MaxAbsoluteDeviation,0.6545361280441284,1.4586515426635742,0.7145006000064313
"[23, 8, 14, 20]","['sigmoid', 'tanh', 'swish', 'swish']",f60968c8,287,Adam,MaxAbsoluteDeviation,2.5571703910827637,1.701604962348938,1.3936750999419019
"[8, 8, 14, 20]","['sigmoid', 'tanh', 'swish', 'swish']",060968c8,287,Adam,MaxAbsoluteDeviation,0.4645044207572937,1.279958724975586,1.3952024000464007
"[8, 23, 14, 20]","['sigmoid', 'tanh', 'swish', 'swish']",06f968c8,287,Adam,MaxAbsoluteDeviation,1.1518337726593018,1.0549468994140625,1.3752796999178827
"[8, 23, 14, 20]","['sigmoid', 'tanh', 'swish', 'sigmoid']",06f968c6,287,Adam,MaxAbsoluteDeviation,0.6641941666603088,0.6496972441673279,1.3719418999971822
"[8, 23, 14]","['sigmoid', 'sigmoid', 'swish']",06f668,287,Adam,MaxAbsoluteDeviation,0.6641941666603088,0.9285469055175781,1.2435712000587955
"[8, 23, 14]","['sigmoid', 'tanh', 'swish']",06f968,700,Adam,MaxAbsoluteDeviation,0.8238516449928284,0.6155357360839844,2.5659801999572664
"[8, 23, 14, 16]","['tanh', 'tanh', 'swish', 'swish']",09f96888,700,Adam,MaxAbsoluteDeviation,0.3739030361175537,0.5844764709472656,2.8010870999423787
"[8, 23, 14, 16, 14]","['tanh', 'tanh', 'swish', 'swish', 'swish']",09f9688868,700,Adam,MaxAbsoluteDeviation,0.23250091075897217,0.1744861602783203,2.9635901000583544
"[8, 23, 14, 16]","['tanh', 'tanh', 'swish', 'swish']",09f96888,700,Adam,MaxAbsoluteDeviation,0.17585906386375427,0.27393531799316406,2.740623499965295
"[8, 23, 23, 16]","['tanh', 'tanh', 'swish', 'swish']",09f9f888,700,Adam,MaxAbsoluteDeviation,0.3350032866001129,0.42292213439941406,2.7595821999711916
"[8, 23, 23, 8]","['tanh', 'tanh', 'swish', 'swish']",09f9f808,100,Adam,MaxAbsoluteDeviation,0.8270494937896729,1.2824383974075317,0.79417570005171
"[8, 23, 23, 8, 15]","['tanh', 'tanh', 'swish', 'swish', 'swish']",09f9f80878,100,Adam,MaxAbsoluteDeviation,0.6602874994277954,0.4805736541748047,0.881347700022161
"[8, 23, 23, 8, 15]","['swish', 'elu', 'swish', 'swish', 'swish']",08f0f80878,100,Adam,MaxAbsoluteDeviation,0.49120771884918213,0.5966863632202148,0.8915314999176189
"[8, 23, 23, 8]","['swish', 'elu', 'swish', 'swish']",08f0f808,100,Adam,MaxAbsoluteDeviation,0.9746278524398804,1.1224117279052734,0.8083703999873251
"[8, 23, 23, 8]","['swish', 'elu', 'sigmoid', 'swish']",08f0f608,700,Adam,MaxAbsoluteDeviation,0.19121311604976654,0.2018108367919922,2.7220635999692604
"[8, 23, 23, 8]","['swish', 'elu', 'sigmoid', 'swish']",08f0f608,700,Adam,MaxAbsoluteDeviation,0.19121311604976654,0.7932472229003906,2.741727099986747
"[8, 23, 23, 8, 20]","['swish', 'elu', 'sigmoid', 'swish', 'swish']",08f0f608c8,700,Adam,MaxAbsoluteDeviation,0.34015315771102905,0.1449565887451172,2.893517999909818
"[8, 23, 23, 8, 20]","['swish', 'elu', 'sigmoid', 'swish', 'swish']",08f0f608c8,700,Adam,MaxAbsoluteDeviation,0.3478755056858063,0.2741713523864746,2.833505699993111
"[8, 23, 23, 8, 20]","['swish', 'elu', 'sigmoid', 'swish', 'swish']",08f0f608c8,700,Adam,MaxAbsoluteDeviation,0.3478755056858063,0.9388160705566406,2.8740565000334755
"[8, 23, 23, 8, 20]","['swish', 'elu', 'sigmoid', 'swish', 'swish']",08f0f608c8,111,Adam,MaxAbsoluteDeviation,0.5257477760314941,0.8630237579345703,0.8986243000254035
"[8, 23, 23, 8, 20]","['swish', 'elu', 'sigmoid', 'swish', 'swish']",08f0f608c8,700,Adam,MaxAbsoluteDeviation,0.3521779775619507,0.4187908172607422,2.859336700057611
"[8, 23, 23, 23]","['swish', 'elu', 'sigmoid', 'swish']",08f0f6f8,700,Adam,MaxAbsoluteDeviation,0.4904617369174957,0.7656517028808594,2.712702100048773
"[8, 23, 23, 23]","['swish', 'elu', 'sigmoid', 'swish']",08f0f6f8,217,Adam,MaxAbsoluteDeviation,0.19940787553787231,0.5906352996826172,1.1210366999730468
"[8, 23, 23]","['swish', 'elu', 'sigmoid']",08f0f6,217,Adam,MaxAbsoluteDeviation,0.35465705394744873,0.2608909606933594,1.0001428000396118
"[8, 23, 23, 13, 14]","['swish', 'elu', 'sigmoid', 'tanh', 'tanh']",08f0f65969,217,Adam,MaxAbsoluteDeviation,0.35465705394744873,0.8351020812988281,1.1782091000350192
"[8, 23, 23]","['swish', 'elu', 'sigmoid']",08f0f6,217,Adam,MaxAbsoluteDeviation,0.1919601410627365,0.09231877326965332,0.9925165000604466
"[8, 23, 23]","['swish', 'tanh', 'sigmoid']",08f9f6,217,Adam,MaxAbsoluteDeviation,0.2667597532272339,0.5148296356201172,0.9923201999627054
"[8, 8, 23]","['swish', 'tanh', 'tanh']",0809f9,217,Adam,MaxAbsoluteDeviation,0.1864784210920334,0.20388221740722656,0.9839867999544367
"[8, 8, 23]","['swish', 'tanh', 'tanh']",0809f9,177,Adam,MaxAbsoluteDeviation,0.1864784210920334,1.235555648803711,0.8832626999355853
"[8, 8]","['swish', 'tanh']",0809,217,Adam,MaxAbsoluteDeviation,0.1864784210920334,0.640042781829834,0.8962014999706298
"[8, 8]","['swish', 'tanh']",0809,217,Adam,MaxAbsoluteDeviation,0.1864784210920334,0.2012310028076172,0.8910627000732347
"[8, 8, 23]","['swish', 'tanh', 'tanh']",0809f9,700,Adam,MaxAbsoluteDeviation,0.22203974425792694,0.09589767456054688,2.4128663999726996
"[8, 8, 23]","['swish', 'tanh', 'tanh']",0809f9,700,Adam,MaxAbsoluteDeviation,0.45561859011650085,0.10290837287902832,2.415826499927789
"[8, 8, 23]","['swish', 'tanh', 'tanh']",0809f9,700,Adam,MaxAbsoluteDeviation,0.18774428963661194,0.25963401794433594,2.404104100074619
"[8, 23, 23]","['tanh', 'tanh', 'tanh']",09f9f9,459,Adam,MaxAbsoluteDeviation,0.2892317473888397,0.5246944427490234,1.640937100048177
"[8, 8]","['tanh', 'tanh']",0909,459,Adam,MaxAbsoluteDeviation,0.37384092807769775,0.20155715942382812,1.5234756000572816
"[8, 8]","['elu', 'tanh']",0009,459,Adam,MaxAbsoluteDeviation,0.43369773030281067,0.3181421756744385,1.5281451999908313
[8],['elu'],00,459,Adam,MaxAbsoluteDeviation,0.43369773030281067,2.652170181274414,1.4193447000579908
"[8, 8]","['elu', 'tanh']",0009,459,Adam,MaxAbsoluteDeviation,0.18506668508052826,0.1625537872314453,1.51237500004936
"[8, 8]","['elu', 'tanh']",0009,403,Adam,MaxAbsoluteDeviation,0.15008026361465454,0.2608489990234375,1.3654663000488654
"[8, 8]","['elu', 'tanh']",0009,163,Adam,MaxAbsoluteDeviation,0.15008026361465454,1.0644149780273438,0.7317228999454528
"[8, 8, 16]","['elu', 'tanh', 'tanh']",000989,403,Adam,MaxAbsoluteDeviation,0.26696905493736267,0.25531005859375,1.4701850999845192
"[23, 8, 16]","['elu', 'tanh', 'tanh']",f00989,403,Adam,MaxAbsoluteDeviation,0.42877739667892456,0.23198318481445312,1.475557200028561
"[23, 8, 16]","['elu', 'tanh', 'tanh']",f00989,263,Adam,MaxAbsoluteDeviation,0.33447006344795227,0.4017829895019531,1.0872130000498146
"[23, 8, 16]","['elu', 'tanh', 'elu']",f00980,263,Adam,MaxAbsoluteDeviation,0.2885363698005676,0.18650436401367188,1.0742514999583364
"[23, 8, 16]","['elu', 'tanh', 'elu']",f00980,100,Adam,MaxAbsoluteDeviation,0.3487743139266968,0.17611074447631836,0.6413508999394253
"[23, 23, 16]","['elu', 'tanh', 'elu']",f0f980,100,Adam,MaxAbsoluteDeviation,0.6646290421485901,1.9814834594726562,0.6411641000304371
"[23, 23, 16]","['sigmoid', 'tanh', 'elu']",f6f980,100,Adam,MaxAbsoluteDeviation,1.0722343921661377,0.6149125099182129,0.6354605999076739
"[23, 23, 16]","['sigmoid', 'tanh', 'elu']",f6f980,100,Adam,MaxAbsoluteDeviation,0.7886996269226074,0.9976272583007812,0.6408046999713406
"[23, 23, 16]","['tanh', 'tanh', 'elu']",f9f980,100,Adam,MaxAbsoluteDeviation,0.7171039581298828,0.7138052582740784,0.6394180000061169
"[23, 23, 16, 14]","['tanh', 'tanh', 'elu', 'elu']",f9f98060,100,Adam,MaxAbsoluteDeviation,0.5569289922714233,0.5605068206787109,0.7110322000226006
"[23, 23, 23, 14]","['tanh', 'tanh', 'elu', 'elu']",f9f9f060,700,Adam,MaxAbsoluteDeviation,0.5328080654144287,1.0844993591308594,2.4595589000964537
"[23, 23, 23, 14, 12]","['tanh', 'tanh', 'elu', 'elu', 'tanh']",f9f9f06049,700,Adam,MaxAbsoluteDeviation,0.9806126952171326,1.0580902099609375,2.606687300023623
"[23, 23, 23, 14, 12]","['tanh', 'tanh', 'elu', 'elu', 'tanh']",f9f9f06049,700,Adam,MaxAbsoluteDeviation,0.9806126952171326,8.802053451538086,2.5368615000043064
"[23, 23, 23, 23, 12, 8]","['tanh', 'tanh', 'elu', 'elu', 'elu', 'tanh']",f9f9f0f04009,100,Adam,MaxAbsoluteDeviation,0.9806126952171326,8.366040229797363,0.8441381000448018
"[23, 23, 8, 14, 12, 15]","['tanh', 'swish', 'elu', 'tanh', 'tanh', 'swish']",f9f800694978,343,Adam,MaxAbsoluteDeviation,0.6482818722724915,0.683488667011261,5.446879799943417
"[23, 23, 8, 14, 12, 15]","['tanh', 'swish', 'elu', 'tanh', 'tanh', 'swish']",f9f800694978,700,Adam,MaxAbsoluteDeviation,0.4215943217277527,0.9959430694580078,3.5120022000046447
"[23, 23, 8, 14, 12, 15, 19]","['tanh', 'swish', 'elu', 'tanh', 'tanh', 'swish', 'swish']",f9f800694978b8,700,Adam,MaxAbsoluteDeviation,0.6086908578872681,0.5647296905517578,3.7505227000219747
"[23, 23, 8, 14, 12, 15, 19]","['tanh', 'swish', 'elu', 'tanh', 'tanh', 'swish', 'swish']",f9f800694978b8,700,Adam,MaxAbsoluteDeviation,0.34443768858909607,0.7658424377441406,3.792242299998179
"[23, 23, 8, 14, 12, 15, 19]","['tanh', 'swish', 'elu', 'tanh', 'tanh', 'swish', 'swish']",f9f800694978b8,397,Adam,MaxAbsoluteDeviation,0.34443768858909607,2.258922576904297,2.37195109995082
"[23, 23, 8, 14, 12, 15, 19]","['tanh', 'swish', 'elu', 'tanh', 'tanh', 'swish', 'swish']",f9f800694978b8,700,Adam,MaxAbsoluteDeviation,0.6715717315673828,0.9719409942626953,3.7343229999532923
"[23, 23, 8, 14, 12, 15]","['tanh', 'swish', 'elu', 'tanh', 'tanh', 'swish']",f9f800694978,700,Adam,MaxAbsoluteDeviation,0.41797569394111633,0.5126705169677734,3.480397399980575
"[23, 23, 8, 14, 12, 15]","['tanh', 'swish', 'elu', 'tanh', 'tanh', 'swish']",f9f800694978,700,Adam,MaxAbsoluteDeviation,0.6474334001541138,0.7306618690490723,3.4536398999625817
"[23, 23, 8, 14, 12, 8]","['tanh', 'swish', 'elu', 'tanh', 'tanh', 'swish']",f9f800694908,700,Adam,MaxAbsoluteDeviation,0.2736951410770416,0.7197617888450623,3.4321217999095097
"[23, 23, 8, 14, 12, 8]","['tanh', 'swish', 'elu', 'tanh', 'tanh', 'swish']",f9f800694908,700,Adam,MaxAbsoluteDeviation,0.2736951410770416,8.726822853088379,3.480059399968013
"[23, 23, 8, 14, 12, 8, 12]","['tanh', 'swish', 'elu', 'tanh', 'tanh', 'swish', 'swish']",f9f80069490848,700,Adam,MaxAbsoluteDeviation,0.5628840923309326,0.22536897659301758,3.7150818000081927
"[23, 23, 8, 14, 12, 8, 8]","['tanh', 'swish', 'elu', 'tanh', 'tanh', 'swish', 'swish']",f9f80069490808,700,Adam,MaxAbsoluteDeviation,0.671881914138794,0.8468952178955078,3.7060504000401124
"[23, 23, 8, 14, 12, 8, 8]","['sigmoid', 'swish', 'tanh', 'tanh', 'tanh', 'swish', 'swish']",f6f80969490808,700,Adam,MaxAbsoluteDeviation,0.4342530071735382,0.5798848867416382,3.7063268000492826
"[23, 23, 8, 14, 12, 8, 8]","['sigmoid', 'swish', 'tanh', 'tanh', 'tanh', 'swish', 'swish']",f6f80969490808,700,Adam,MaxAbsoluteDeviation,0.4342530071735382,0.68780517578125,3.672157400054857
"[23, 23, 8, 14, 12, 8]","['sigmoid', 'swish', 'tanh', 'tanh', 'tanh', 'swish']",f6f809694908,700,Adam,MaxAbsoluteDeviation,0.4342530071735382,0.7832391262054443,3.3915798000525683
"[23, 23, 8, 14, 12, 8, 8]","['sigmoid', 'swish', 'tanh', 'tanh', 'tanh', 'swish', 'swish']",f6f80969490808,700,Adam,MaxAbsoluteDeviation,0.4342530071735382,0.8508949279785156,3.685473099933006
"[23, 23, 8, 14, 12, 8, 8]","['sigmoid', 'swish', 'tanh', 'tanh', 'tanh', 'swish', 'swish']",f6f80969490808,101,Adam,MaxAbsoluteDeviation,0.4342530071735382,4.491125106811523,1.0934723000973463
"[23, 23, 8, 23, 12, 8, 8]","['sigmoid', 'swish', 'tanh', 'tanh', 'tanh', 'swish', 'swish']",f6f809f9490808,700,Adam,MaxAbsoluteDeviation,0.4342530071735382,3.386808395385742,3.6071769000263885
"[23, 23, 8, 14, 12, 8, 8]","['sigmoid', 'swish', 'tanh', 'tanh', 'tanh', 'swish', 'swish']",f6f80969490808,700,Adam,MaxAbsoluteDeviation,0.2001194953918457,0.36991265416145325,3.6139635000145063
"[23, 23, 8, 14, 12, 8, 8, 15]","['sigmoid', 'swish', 'tanh', 'tanh', 'tanh', 'swish', 'swish', 'elu']",f6f8096949080870,700,Adam,MaxAbsoluteDeviation,0.2001194953918457,1.9723528623580933,3.821858700015582
"[23, 23, 8, 14, 12, 8, 23]","['sigmoid', 'swish', 'tanh', 'tanh', 'tanh', 'swish', 'swish']",f6f809694908f8,700,Adam,MaxAbsoluteDeviation,2.5076582431793213,1.1192097663879395,3.6018497000914067
"[23, 23, 8, 14, 12, 8]","['sigmoid', 'swish', 'tanh', 'tanh', 'tanh', 'swish']",f6f809694908,700,Adam,MaxAbsoluteDeviation,1.291070580482483,0.3626749515533447,3.3440322999376804
"[23, 23, 8, 14, 12, 8]","['sigmoid', 'swish', 'tanh', 'tanh', 'tanh', 'swish']",f6f809694908,700,Adam,MaxAbsoluteDeviation,0.6527462601661682,0.5831232070922852,3.35869509994518
"[23, 23, 8, 14, 12, 8, 20]","['sigmoid', 'swish', 'tanh', 'tanh', 'tanh', 'swish', 'swish']",f6f809694908c8,700,Adam,MaxAbsoluteDeviation,1.300848364830017,0.6823744773864746,3.601205400074832
"[23, 23, 8, 14, 12, 8, 20]","['sigmoid', 'swish', 'tanh', 'swish', 'tanh', 'swish', 'swish']",f6f809684908c8,700,Adam,MaxAbsoluteDeviation,0.5074672102928162,0.3317556381225586,3.600517600076273
"[23, 23, 8, 14, 8, 8]","['sigmoid', 'swish', 'tanh', 'swish', 'tanh', 'swish']",f6f809680908,700,Adam,MaxAbsoluteDeviation,0.5074672102928162,0.9505386352539062,3.3459248000290245
"[23, 23, 8, 14, 12, 8, 20]","['sigmoid', 'swish', 'tanh', 'swish', 'tanh', 'swish', 'swish']",f6f809684908c8,700,Adam,MaxAbsoluteDeviation,0.4999676048755646,0.4000553786754608,3.6046005999669433
"[23, 23, 8, 14, 12, 8, 20]","['sigmoid', 'swish', 'tanh', 'swish', 'tanh', 'swish', 'swish']",f6f809684908c8,700,Adam,MaxAbsoluteDeviation,1.5588455200195312,2.1154422760009766,3.571357600041665
"[23, 23, 8, 14, 12, 8]","['sigmoid', 'swish', 'tanh', 'swish', 'tanh', 'swish']",f6f809684908,700,Adam,MaxAbsoluteDeviation,1.197572112083435,1.1227989196777344,3.2893344999756664
"[23, 23, 8, 14, 12]","['sigmoid', 'swish', 'tanh', 'swish', 'tanh']",f6f8096849,700,Adam,MaxAbsoluteDeviation,1.197572112083435,8.822748184204102,3.0981057999888435
"[23, 23, 8, 14, 12]","['sigmoid', 'swish', 'tanh', 'swish', 'tanh']",f6f8096849,700,Adam,MaxAbsoluteDeviation,1.5828362703323364,1.4405889511108398,3.10648499999661
"[23, 23, 8, 14]","['sigmoid', 'swish', 'tanh', 'swish']",f6f80968,700,Adam,MaxAbsoluteDeviation,1.0509741306304932,0.619990348815918,2.913789500016719
"[23, 23, 8, 14]","['sigmoid', 'swish', 'tanh', 'swish']",f6f80968,700,Adam,MaxAbsoluteDeviation,0.510191023349762,0.6987466216087341,2.9049134999513626
"[8, 23, 8, 14]","['sigmoid', 'swish', 'tanh', 'swish']",06f80968,700,Adam,MaxAbsoluteDeviation,0.3859786093235016,0.3528430461883545,2.901185799972154
"[8, 23, 8, 14, 17]","['sigmoid', 'swish', 'tanh', 'swish', 'swish']",06f8096898,700,Adam,MaxAbsoluteDeviation,0.5168206691741943,0.3392667770385742,3.0576719000237063
"[8, 23, 8, 14, 17]","['sigmoid', 'swish', 'tanh', 'swish', 'swish']",06f8096898,700,Adam,MaxAbsoluteDeviation,0.5944329500198364,0.7062034606933594,3.074459300027229
"[8, 23, 8, 14]","['sigmoid', 'swish', 'tanh', 'swish']",06f80968,700,Adam,MaxAbsoluteDeviation,0.4350935220718384,1.0421390533447266,2.840663700015284
"[8, 23, 8, 14]","['sigmoid', 'swish', 'elu', 'swish']",06f80068,700,Adam,MaxAbsoluteDeviation,0.4475085139274597,0.7095310688018799,2.84091010002885
"[8, 23, 8]","['sigmoid', 'swish', 'elu']",06f800,700,Adam,MaxAbsoluteDeviation,0.4475085139274597,0.4556903839111328,2.5996467999648303
"[8, 23, 8, 14]","['sigmoid', 'swish', 'elu', 'swish']",06f80068,434,Adam,MaxAbsoluteDeviation,0.45791709423065186,1.0836029052734375,1.8764508999884129
"[8, 23, 8, 14, 14, 21]","['sigmoid', 'swish', 'elu', 'swish', 'sigmoid', 'sigmoid']",06f8006866d6,269,Adam,MaxAbsoluteDeviation,0.45791709423065186,1.2639598846435547,1.5420662000542507
"[8, 23, 8, 14]","['sigmoid', 'swish', 'elu', 'swish']",06f80068,221,Adam,MaxAbsoluteDeviation,0.8700261116027832,0.5950050354003906,1.1662693000398576
"[8, 23, 8, 23]","['sigmoid', 'swish', 'elu', 'swish']",06f800f8,221,Adam,MaxAbsoluteDeviation,1.1429426670074463,1.9800033569335938,1.1703676000470296
"[23, 23, 8, 23, 9]","['sigmoid', 'swish', 'elu', 'swish', 'tanh']",f6f800f819,221,Adam,MaxAbsoluteDeviation,1.1429426670074463,8.41922378540039,1.271561500034295
"[8, 23, 8, 23]","['sigmoid', 'swish', 'elu', 'swish']",06f800f8,221,Adam,MaxAbsoluteDeviation,0.7481157183647156,1.0251750946044922,1.1611438000109047
"[8, 23, 23, 23]","['sigmoid', 'swish', 'elu', 'swish']",06f8f0f8,221,Adam,MaxAbsoluteDeviation,0.8934729695320129,0.9834766387939453,1.1832383000291884
"[8, 23, 23, 23, 21]","['sigmoid', 'swish', 'elu', 'swish', 'sigmoid']",06f8f0f8d6,221,Adam,MaxAbsoluteDeviation,1.2875367403030396,1.1517353057861328,1.2485469999955967
"[8, 23, 23, 23]","['sigmoid', 'swish', 'elu', 'swish']",06f8f0f8,221,Adam,MaxAbsoluteDeviation,1.4718458652496338,0.8830013275146484,1.1599960000021383
"[8, 8, 23, 23]","['sigmoid', 'swish', 'elu', 'tanh']",0608f0f9,221,Adam,MaxAbsoluteDeviation,0.3370971977710724,0.5520973205566406,1.1360866000177339
"[8, 8, 23]","['sigmoid', 'elu', 'elu']",0600f0,221,Adam,MaxAbsoluteDeviation,0.7715628743171692,1.0871906280517578,1.0146911999909207
"[23, 8, 23]","['sigmoid', 'elu', 'elu']",f600f0,221,Adam,MaxAbsoluteDeviation,0.9141415953636169,1.035125732421875,1.0126344999298453
"[23, 8, 12]","['sigmoid', 'elu', 'tanh']",f60049,221,Adam,MaxAbsoluteDeviation,0.5645075440406799,0.6958236694335938,1.006293100072071
"[8, 8, 12]","['sigmoid', 'elu', 'tanh']",060049,221,Adam,MaxAbsoluteDeviation,0.7813947200775146,0.7171230316162109,1.0109817000338808
"[8, 8, 12]","['sigmoid', 'elu', 'tanh']",060049,100,Adam,MaxAbsoluteDeviation,0.7813947200775146,8.561439514160156,0.661458499962464
"[8, 8, 12, 22]","['sigmoid', 'elu', 'tanh', 'tanh']",060049e9,221,Adam,MaxAbsoluteDeviation,0.8134902119636536,2.228684425354004,1.1018901000497863
"[8, 8, 12, 22]","['sigmoid', 'elu', 'tanh', 'tanh']",060049e9,148,Adam,MaxAbsoluteDeviation,0.8134902119636536,2.692023277282715,0.8827434000559151
"[8, 8, 12]","['sigmoid', 'elu', 'tanh']",060049,221,Adam,MaxAbsoluteDeviation,0.6186328530311584,0.4572582244873047,0.9908594000153244
"[8, 8, 12, 13]","['sigmoid', 'elu', 'tanh', 'tanh']",06004959,103,Adam,MaxAbsoluteDeviation,0.6186328530311584,1.6420669555664062,0.7525353999808431
"[8, 8]","['sigmoid', 'elu']",0600,221,Adam,MaxAbsoluteDeviation,0.6186328530311584,3.0155420303344727,0.891963699948974
"[8, 8, 12]","['sigmoid', 'elu', 'tanh']",060049,700,Adam,MaxAbsoluteDeviation,0.2749619781970978,0.16075992584228516,2.4327204999281093
"[8, 8, 12, 9]","['sigmoid', 'elu', 'tanh', 'sigmoid']",06004916,700,Adam,MaxAbsoluteDeviation,0.3917725384235382,0.5913143157958984,2.5824989000102505
"[10, 8, 12, 9]","['sigmoid', 'elu', 'tanh', 'sigmoid']",26004916,700,Adam,MaxAbsoluteDeviation,0.639102578163147,0.3830432891845703,2.5677846999606118
"[23, 8, 12, 9]","['sigmoid', 'elu', 'tanh', 'sigmoid']",f6004916,700,Adam,MaxAbsoluteDeviation,0.7752697467803955,0.29465198516845703,2.57620200002566
"[23, 8, 23, 9]","['sigmoid', 'elu', 'tanh', 'sigmoid']",f600f916,700,Adam,MaxAbsoluteDeviation,0.25724121928215027,0.3305826187133789,2.6082627000287175
"[23, 8, 23, 9, 18]","['sigmoid', 'elu', 'tanh', 'sigmoid', 'tanh']",f600f916a9,100,Adam,MaxAbsoluteDeviation,0.25724121928215027,4.2519636154174805,0.7970155000220984
"[23, 8, 23, 9]","['sigmoid', 'elu', 'tanh', 'sigmoid']",f600f916,700,Adam,MaxAbsoluteDeviation,0.25724121928215027,0.6550502777099609,2.5498835999751464
"[23, 8, 23]","['sigmoid', 'elu', 'tanh']",f600f9,700,Adam,MaxAbsoluteDeviation,0.32731759548187256,0.3190441131591797,2.4085415999870747
"[23, 8, 23]","['sigmoid', 'elu', 'swish']",f600f8,700,Adam,MaxAbsoluteDeviation,0.38199517130851746,0.7374477386474609,2.3843134000198916
"[8, 8, 23]","['sigmoid', 'elu', 'swish']",0600f8,700,Adam,MaxAbsoluteDeviation,0.3804953098297119,0.2661045789718628,2.418967099976726
"[8, 8, 23]","['sigmoid', 'elu', 'swish']",0600f8,700,Adam,MaxAbsoluteDeviation,0.2638992965221405,0.5357304811477661,2.385645500035025
"[8, 8, 23]","['sigmoid', 'elu', 'swish']",0600f8,153,Adam,MaxAbsoluteDeviation,0.2638992965221405,1.1529960632324219,0.7956955000991002
"[8, 23, 8]","['sigmoid', 'elu', 'swish']",06f008,700,Adam,MaxAbsoluteDeviation,0.502754807472229,0.2610419988632202,2.3982091000070795
"[8, 23, 8]","['sigmoid', 'elu', 'swish']",06f008,700,Adam,MaxAbsoluteDeviation,1.8002798557281494,1.9472246170043945,2.380864700069651
"[8, 23, 8]","['sigmoid', 'elu', 'swish']",06f008,668,Adam,MaxAbsoluteDeviation,0.5223404765129089,0.5340805053710938,2.2731776000000536
"[8, 23, 8]","['sigmoid', 'elu', 'swish']",06f008,668,Adam,MaxAbsoluteDeviation,0.5223404765129089,0.38178861141204834,2.2676350000547245
"[8, 23]","['sigmoid', 'elu']",06f0,668,Adam,MaxAbsoluteDeviation,1.0437524318695068,0.6642377972602844,2.1062601000303403
"[8, 23]","['sigmoid', 'swish']",06f8,668,Adam,MaxAbsoluteDeviation,1.0437524318695068,1.8733015060424805,2.1422325999010354
"[8, 23]","['sigmoid', 'elu']",06f0,619,Adam,MaxAbsoluteDeviation,0.6186301708221436,0.41585350036621094,1.968345999950543
"[8, 23]","['sigmoid', 'elu']",06f0,619,Adam,MaxAbsoluteDeviation,0.6186301708221436,2.062649726867676,1.9491869999328628
"[23, 8]","['sigmoid', 'elu']",f600,180,Adam,MaxAbsoluteDeviation,0.6186301708221436,3.595646858215332,0.7699487999780104
"[8, 23]","['sigmoid', 'elu']",06f0,619,Adam,MaxAbsoluteDeviation,0.6085240840911865,0.32234275341033936,1.9520017000613734
"[8, 23]","['sigmoid', 'swish']",06f8,619,Adam,MaxAbsoluteDeviation,0.6085240840911865,1.4894294738769531,1.9881707000313327
"[8, 23]","['sigmoid', 'elu']",06f0,700,Adam,MaxAbsoluteDeviation,0.6085240840911865,1.3414108753204346,5.927368400036357
"[8, 23, 19]","['sigmoid', 'elu', 'sigmoid']",06f0b6,619,Adam,MaxAbsoluteDeviation,0.49550461769104004,0.7504196166992188,2.401635699905455
"[8, 23]","['sigmoid', 'elu']",06f0,608,Adam,MaxAbsoluteDeviation,0.49550461769104004,2.4570417404174805,2.116051100078039
"[8, 23, 22]","['sigmoid', 'elu', 'tanh']",06f0e9,619,Adam,MaxAbsoluteDeviation,0.3193197250366211,0.6750869750976562,2.389094000100158
"[8, 23, 22]","['sigmoid', 'elu', 'tanh']",06f0e9,619,Adam,MaxAbsoluteDeviation,0.5495890974998474,0.5834484100341797,2.3965019000461325
"[8, 23, 22]","['sigmoid', 'elu', 'tanh']",06f0e9,700,Adam,MaxAbsoluteDeviation,0.3845962882041931,0.20100784301757812,2.6785691999830306
"[8, 23, 22]","['sigmoid', 'elu', 'tanh']",06f0e9,700,Adam,MaxAbsoluteDeviation,0.49216315150260925,1.150686264038086,2.6679994000587612
"[8, 23]","['sigmoid', 'elu']",06f0,700,Adam,MaxAbsoluteDeviation,0.49216315150260925,1.6967753171920776,2.4204385000048205
"[8, 23, 22, 14]","['sigmoid', 'elu', 'tanh', 'sigmoid']",06f0e966,700,Adam,MaxAbsoluteDeviation,1.1659555435180664,1.251871109008789,2.8908515999792144
"[8, 8, 22, 14]","['sigmoid', 'elu', 'tanh', 'sigmoid']",0600e966,700,Adam,MaxAbsoluteDeviation,0.3837928771972656,0.5284175872802734,2.9012452999595553
"[8, 8, 22, 14, 11]","['sigmoid', 'elu', 'tanh', 'sigmoid', 'sigmoid']",0600e96636,700,Adam,MaxAbsoluteDeviation,0.3914305865764618,0.1936941146850586,3.115018600015901
"[8, 8, 22, 14, 11]","['sigmoid', 'elu', 'tanh', 'sigmoid', 'sigmoid']",0600e96636,700,Adam,MaxAbsoluteDeviation,0.6730039715766907,0.7586383819580078,3.1175607999321073
"[8, 8, 22, 14, 11]","['sigmoid', 'elu', 'tanh', 'sigmoid', 'sigmoid']",0600e96636,100,Adam,MaxAbsoluteDeviation,0.6730039715766907,6.142900466918945,0.8615733999758959
"[8, 8, 22, 14, 11]","['sigmoid', 'elu', 'tanh', 'sigmoid', 'sigmoid']",0600e96636,700,Adam,MaxAbsoluteDeviation,0.4723149836063385,0.4488849639892578,3.072334000025876
"[8, 8, 22, 14, 23]","['sigmoid', 'elu', 'tanh', 'sigmoid', 'sigmoid']",0600e966f6,700,Adam,MaxAbsoluteDeviation,0.4723149836063385,1.2964630126953125,3.089973199996166
"[8, 8, 22, 14, 11]","['sigmoid', 'elu', 'tanh', 'sigmoid', 'sigmoid']",0600e96636,700,Adam,MaxAbsoluteDeviation,0.3849146366119385,0.22238540649414062,3.065428499947302
"[8, 8, 23, 14, 11]","['sigmoid', 'elu', 'tanh', 'sigmoid', 'sigmoid']",0600f96636,700,Adam,MaxAbsoluteDeviation,0.8302670121192932,0.8963196277618408,3.0779793999390677
"[8, 8, 23, 14, 11, 23]","['sigmoid', 'elu', 'tanh', 'sigmoid', 'sigmoid', 'swish']",0600f96636f8,700,Adam,MaxAbsoluteDeviation,0.363641619682312,0.5578708648681641,3.3268736000172794
"[8, 8, 23, 14, 11, 23, 10]","['sigmoid', 'elu', 'tanh', 'sigmoid', 'sigmoid', 'swish', 'swish']",0600f96636f828,700,Adam,MaxAbsoluteDeviation,0.5684092044830322,1.139596939086914,3.5316323000006378
"[8, 8, 23, 14, 11, 23, 10]","['sigmoid', 'elu', 'tanh', 'swish', 'sigmoid', 'swish', 'swish']",0600f96836f828,700,Adam,MaxAbsoluteDeviation,0.5684092044830322,0.8849877715110779,3.55079869995825
"[8, 8, 23, 14, 11]","['sigmoid', 'elu', 'tanh', 'sigmoid', 'sigmoid']",0600f96636,700,Adam,MaxAbsoluteDeviation,0.2626540958881378,0.4277076721191406,3.0393024999648333
"[8, 8, 23, 14, 11]","['sigmoid', 'elu', 'tanh', 'sigmoid', 'tanh']",0600f96639,700,Adam,MaxAbsoluteDeviation,0.31513047218322754,0.8051204681396484,3.0571733999531716
"[8, 8, 23, 14, 23]","['sigmoid', 'elu', 'tanh', 'sigmoid', 'tanh']",0600f966f9,700,Adam,MaxAbsoluteDeviation,0.19639915227890015,0.2068958282470703,3.0295306000625715
"[8, 8, 23, 14, 23, 15]","['sigmoid', 'elu', 'tanh', 'sigmoid', 'tanh', 'sigmoid']",0600f966f976,587,Adam,MaxAbsoluteDeviation,0.38200241327285767,0.31356048583984375,2.7946994999656454
"[8, 8, 23, 14, 23, 9]","['sigmoid', 'elu', 'tanh', 'sigmoid', 'tanh', 'elu']",0600f966f910,587,Adam,MaxAbsoluteDeviation,0.7937649488449097,1.3919202089309692,2.7468089000321925
"[8, 8, 23, 14, 23, 9]","['sigmoid', 'elu', 'tanh', 'sigmoid', 'tanh', 'elu']",0600f966f910,587,Adam,MaxAbsoluteDeviation,0.7937649488449097,0.46730804443359375,2.748239799984731
"[8, 8, 23, 14, 23, 9]","['sigmoid', 'elu', 'tanh', 'sigmoid', 'tanh', 'elu']",0600f966f910,342,Adam,MaxAbsoluteDeviation,0.7415487170219421,0.47008609771728516,1.80101289995946
"[8, 8, 23, 14, 23, 9]","['sigmoid', 'elu', 'tanh', 'sigmoid', 'tanh', 'swish']",0600f966f918,342,Adam,MaxAbsoluteDeviation,0.7415487170219421,0.46871185302734375,1.828747499966994
"[8, 8, 23, 14, 8, 9]","['sigmoid', 'elu', 'tanh', 'sigmoid', 'tanh', 'elu']",0600f9660910,100,Adam,MaxAbsoluteDeviation,0.7415487170219421,1.916499137878418,0.9341844000155106
"[8, 8, 23, 14, 23, 9]","['sigmoid', 'elu', 'tanh', 'sigmoid', 'tanh', 'elu']",0600f966f910,161,Adam,MaxAbsoluteDeviation,2.066657781600952,0.3649139404296875,1.1385115999728441
"[8, 8, 23, 14, 23, 9, 20]","['sigmoid', 'elu', 'tanh', 'sigmoid', 'tanh', 'elu', 'tanh']",0600f966f910c9,161,Adam,MaxAbsoluteDeviation,0.9703032970428467,0.6529407501220703,1.2483683999162167
"[8, 8, 23, 14, 23, 9, 20]","['sigmoid', 'elu', 'tanh', 'sigmoid', 'tanh', 'elu', 'tanh']",0600f966f910c9,161,Adam,MaxAbsoluteDeviation,0.9966517686843872,2.192455291748047,1.2516684000147507
"[8, 8, 8, 14, 23, 9, 20, 20]","['sigmoid', 'elu', 'tanh', 'sigmoid', 'tanh', 'elu', 'tanh', 'elu']",06000966f910c9c0,700,Adam,MaxAbsoluteDeviation,0.7715896368026733,1.6429166793823242,3.5517607999499887
"[8, 8, 8, 14, 23, 9, 20, 20, 19]","['sigmoid', 'elu', 'tanh', 'sigmoid', 'tanh', 'elu', 'tanh', 'elu', 'elu']",06000966f910c9c0b0,700,Adam,MaxAbsoluteDeviation,0.7069140076637268,1.3564262390136719,3.7474374999292195
"[8, 8, 8, 14, 23, 9, 20, 20, 8]","['sigmoid', 'elu', 'tanh', 'sigmoid', 'tanh', 'elu', 'tanh', 'elu', 'elu']",06000966f910c9c000,700,Adam,MaxAbsoluteDeviation,0.4244321584701538,0.7996893525123596,3.786143700010143
"[8, 8, 8, 14, 23, 9, 20, 20, 8]","['sigmoid', 'elu', 'tanh', 'sigmoid', 'tanh', 'elu', 'tanh', 'elu', 'elu']",06000966f910c9c000,279,Adam,MaxAbsoluteDeviation,0.4244321584701538,2.4277219772338867,1.9251605999888852
"[8, 8, 8, 14, 23, 9, 20, 20, 8]","['sigmoid', 'elu', 'tanh', 'sigmoid', 'tanh', 'elu', 'tanh', 'elu', 'elu']",06000966f910c9c000,700,Adam,MaxAbsoluteDeviation,0.4244321584701538,1.4726275205612183,3.7858063000021502
"[8, 8, 8, 14, 23, 9, 20, 20]","['sigmoid', 'elu', 'tanh', 'sigmoid', 'tanh', 'tanh', 'tanh', 'elu']",06000966f919c9c0,700,Adam,MaxAbsoluteDeviation,0.4244321584701538,1.073012351989746,3.570950199966319
"[8, 8, 8, 14, 23, 9, 20, 20, 8]","['sigmoid', 'elu', 'tanh', 'sigmoid', 'tanh', 'elu', 'tanh', 'elu', 'elu']",06000966f910c9c000,410,Adam,MaxAbsoluteDeviation,0.4244321584701538,8.342374801635742,2.4696535000111908
"[8, 8, 8, 14, 23, 9, 20, 20]","['sigmoid', 'elu', 'tanh', 'sigmoid', 'tanh', 'elu', 'tanh', 'elu']",06000966f910c9c0,700,Adam,MaxAbsoluteDeviation,0.4244321584701538,1.685154914855957,3.5204116000095382
"[8, 8, 8, 14, 23, 9, 20, 20, 8, 17]","['sigmoid', 'elu', 'tanh', 'sigmoid', 'tanh', 'elu', 'tanh', 'elu', 'elu', 'sigmoid']",06000966f910c9c00096,700,Adam,MaxAbsoluteDeviation,0.4244321584701538,8.192909240722656,3.9175759999779984
"[8, 8, 8, 14, 8, 9, 20, 20, 8]","['sigmoid', 'elu', 'tanh', 'sigmoid', 'tanh', 'elu', 'tanh', 'elu', 'elu']",060009660910c9c000,700,Adam,MaxAbsoluteDeviation,0.7031775116920471,1.183126449584961,3.7044781000586227
"[8, 8, 8, 14, 8, 9, 20, 20, 8]","['sigmoid', 'elu', 'tanh', 'sigmoid', 'tanh', 'elu', 'tanh', 'elu', 'elu']",060009660910c9c000,613,Adam,MaxAbsoluteDeviation,0.49135345220565796,0.7290022373199463,3.3018808000488207
"[8, 8, 8, 14, 8, 9, 20, 23, 8]","['sigmoid', 'elu', 'tanh', 'sigmoid', 'tanh', 'elu', 'tanh', 'elu', 'elu']",060009660910c9f000,613,Adam,MaxAbsoluteDeviation,0.4972129762172699,0.6904983520507812,3.2995888000587
"[8, 8, 8, 14, 8, 9, 20, 23, 8]","['sigmoid', 'elu', 'tanh', 'sigmoid', 'tanh', 'elu', 'tanh', 'elu', 'elu']",060009660910c9f000,428,Adam,MaxAbsoluteDeviation,0.4972129762172699,1.304388165473938,2.5251936999848112
"[8, 8, 8, 14, 8, 9, 20, 23, 8]","['sigmoid', 'elu', 'tanh', 'sigmoid', 'tanh', 'elu', 'tanh', 'elu', 'elu']",060009660910c9f000,613,Adam,MaxAbsoluteDeviation,0.4972129762172699,0.798159658908844,3.314435600070283
"[8, 8, 8, 14, 8, 9, 20, 23, 8]","['sigmoid', 'elu', 'tanh', 'sigmoid', 'tanh', 'elu', 'tanh', 'elu', 'elu']",060009660910c9f000,538,Adam,MaxAbsoluteDeviation,0.8287605047225952,1.8202810287475586,2.9694238000083715
"[8, 8, 8, 14, 8, 9, 20, 23, 8]","['sigmoid', 'elu', 'tanh', 'sigmoid', 'tanh', 'elu', 'tanh', 'elu', 'elu']",060009660910c9f000,700,Adam,MaxAbsoluteDeviation,1.1401548385620117,0.6313071250915527,3.6775082000531256
"[8, 8, 8, 14, 8, 9, 20, 8, 8]","['sigmoid', 'tanh', 'tanh', 'sigmoid', 'tanh', 'elu', 'tanh', 'elu', 'elu']",060909660910c90000,700,Adam,MaxAbsoluteDeviation,1.279361367225647,1.9658108949661255,3.710698499926366
"[8, 8, 8, 14, 8, 9, 20, 8, 8]","['sigmoid', 'tanh', 'tanh', 'sigmoid', 'tanh', 'elu', 'tanh', 'elu', 'elu']",060909660910c90000,403,Adam,MaxAbsoluteDeviation,1.676816463470459,1.1600375175476074,2.39694259990938
"[8, 8, 8, 14, 8, 9, 23, 8, 8]","['sigmoid', 'tanh', 'tanh', 'sigmoid', 'tanh', 'elu', 'tanh', 'elu', 'elu']",060909660910f90000,403,Adam,MaxAbsoluteDeviation,0.49864664673805237,1.6164932250976562,2.3779455000767484
"[8, 8, 8, 14, 8, 9, 23, 8, 8, 15]","['sigmoid', 'tanh', 'tanh', 'sigmoid', 'tanh', 'elu', 'tanh', 'elu', 'elu', 'elu']",060909660910f9000070,403,Adam,MaxAbsoluteDeviation,0.574522078037262,0.5624160766601562,2.5292392999399453
"[8, 8, 8, 14, 23, 9, 23, 8, 8, 15]","['sigmoid', 'tanh', 'tanh', 'sigmoid', 'tanh', 'elu', 'tanh', 'elu', 'elu', 'elu']",06090966f910f9000070,100,Adam,MaxAbsoluteDeviation,1.8443899154663086,1.725255012512207,1.2410022999392822
"[8, 8, 8, 14, 23, 9, 23, 8, 8, 15]","['sigmoid', 'tanh', 'tanh', 'sigmoid', 'tanh', 'elu', 'tanh', 'elu', 'elu', 'elu']",06090966f910f9000070,100,Adam,MaxAbsoluteDeviation,1.4509257078170776,1.4611537456512451,1.2470448999665678
"[8, 8, 8, 14, 23, 9, 23, 8, 8, 15]","['sigmoid', 'tanh', 'tanh', 'sigmoid', 'tanh', 'elu', 'tanh', 'elu', 'elu', 'elu']",06090966f910f9000070,700,Adam,MaxAbsoluteDeviation,1.1512560844421387,1.1948766708374023,3.835190000012517
"[8, 23, 8, 14, 23, 9, 23, 8, 8, 15]","['sigmoid', 'tanh', 'tanh', 'sigmoid', 'tanh', 'elu', 'tanh', 'elu', 'elu', 'elu']",06f90966f910f9000070,700,Adam,MaxAbsoluteDeviation,0.9059342741966248,0.4024181365966797,3.807677299948409
"[8, 23, 8, 14, 23, 9, 23, 8, 8]","['sigmoid', 'tanh', 'tanh', 'sigmoid', 'tanh', 'elu', 'tanh', 'elu', 'elu']",06f90966f910f90000,700,Adam,MaxAbsoluteDeviation,0.7961061000823975,0.8360862731933594,3.639202699996531
"[8, 23, 8, 14, 23, 9, 23, 8, 8, 16]","['sigmoid', 'tanh', 'tanh', 'sigmoid', 'tanh', 'elu', 'tanh', 'elu', 'elu', 'sigmoid']",06f90966f910f9000086,700,Adam,MaxAbsoluteDeviation,0.7961061000823975,8.650738716125488,3.8898792000254616
"[8, 23, 8, 14, 23, 9, 23, 8, 8]","['sigmoid', 'tanh', 'tanh', 'elu', 'tanh', 'elu', 'tanh', 'elu', 'elu']",06f90960f910f90000,700,Adam,MaxAbsoluteDeviation,1.8479989767074585,1.5907058715820312,3.667394500109367
"[23, 23, 8, 14, 23, 9, 23, 8]","['sigmoid', 'tanh', 'tanh', 'elu', 'tanh', 'elu', 'tanh', 'elu']",f6f90960f910f900,100,Adam,MaxAbsoluteDeviation,1.8479989767074585,8.680652618408203,1.0728287999518216
"[8, 23, 8, 14, 23, 9, 23, 8, 8]","['sigmoid', 'tanh', 'tanh', 'elu', 'tanh', 'elu', 'tanh', 'elu', 'elu']",06f90960f910f90000,700,Adam,MaxAbsoluteDeviation,0.9995772838592529,1.1938714981079102,3.679609800106846
"[8, 23, 8, 14, 23, 9, 23, 8, 8, 21]","['sigmoid', 'tanh', 'tanh', 'elu', 'tanh', 'elu', 'tanh', 'elu', 'elu', 'sigmoid']",06f90960f910f90000d6,700,Adam,MaxAbsoluteDeviation,0.9132429361343384,1.9240684509277344,3.899978099972941
"[8, 23, 8, 14, 23, 9, 23, 8, 8, 21, 19]","['sigmoid', 'tanh', 'tanh', 'elu', 'tanh', 'elu', 'tanh', 'elu', 'elu', 'sigmoid', 'elu']",06f90960f910f90000d6b0,700,Adam,MaxAbsoluteDeviation,0.5481746196746826,0.7865662574768066,4.090995299979113
"[8, 23, 8, 14, 23, 9, 23, 8, 8, 21, 19]","['sigmoid', 'tanh', 'tanh', 'elu', 'tanh', 'elu', 'tanh', 'elu', 'elu', 'sigmoid', 'elu']",06f90960f910f90000d6b0,100,Adam,MaxAbsoluteDeviation,0.5481746196746826,0.966941237449646,1.3181854999857023
"[8, 23, 8, 14, 23, 9, 23, 8, 8, 21, 19]","['sigmoid', 'tanh', 'tanh', 'elu', 'tanh', 'elu', 'tanh', 'elu', 'elu', 'sigmoid', 'elu']",06f90960f910f90000d6b0,645,Adam,MaxAbsoluteDeviation,0.5481746196746826,8.541095733642578,3.868386000045575
"[8, 23, 8, 14, 23, 9, 23, 8, 8, 21, 23]","['sigmoid', 'tanh', 'tanh', 'elu', 'tanh', 'elu', 'tanh', 'elu', 'elu', 'sigmoid', 'elu']",06f90960f910f90000d6f0,700,Adam,MaxAbsoluteDeviation,0.5481746196746826,3.249410629272461,4.136309099965729
"[8, 23, 8, 14, 23, 9, 23, 8, 8, 21, 19, 20]","['sigmoid', 'tanh', 'tanh', 'elu', 'tanh', 'elu', 'tanh', 'elu', 'elu', 'sigmoid', 'elu', 'tanh']",06f90960f910f90000d6b0c9,700,Adam,MaxAbsoluteDeviation,0.5481746196746826,8.735214233398438,4.23642959992867
"[8, 23, 8, 14, 23, 9, 23, 8, 8, 21]","['sigmoid', 'tanh', 'tanh', 'elu', 'tanh', 'elu', 'tanh', 'elu', 'elu', 'sigmoid']",06f90960f910f90000d6,700,Adam,MaxAbsoluteDeviation,0.5481746196746826,8.158780097961426,8.009651399916038
"[8, 23, 8, 14, 23, 9, 23, 8, 8, 21]","['sigmoid', 'tanh', 'tanh', 'elu', 'tanh', 'elu', 'tanh', 'elu', 'elu', 'sigmoid']",06f90960f910f90000d6,700,Adam,MaxAbsoluteDeviation,0.5481746196746826,8.650993347167969,4.576545399962924
"[8, 23, 8, 14, 23, 9, 23, 8, 8, 21, 19]","['sigmoid', 'tanh', 'tanh', 'elu', 'tanh', 'elu', 'tanh', 'elu', 'elu', 'sigmoid', 'elu']",06f90960f910f90000d6b0,100,Adam,MaxAbsoluteDeviation,0.5481746196746826,8.443241119384766,1.434773899964057
"[8, 23, 8, 14, 23, 9, 23, 8, 8, 21, 19]","['sigmoid', 'tanh', 'tanh', 'elu', 'tanh', 'elu', 'tanh', 'elu', 'elu', 'sigmoid', 'elu']",06f90960f910f90000d6b0,700,Adam,MaxAbsoluteDeviation,0.5481746196746826,8.373274803161621,4.784300099941902
"[8, 23, 8, 14, 23, 9, 23, 8, 8, 21, 19]","['sigmoid', 'tanh', 'tanh', 'elu', 'tanh', 'elu', 'tanh', 'elu', 'elu', 'sigmoid', 'elu']",06f90960f910f90000d6b0,700,Adam,MaxAbsoluteDeviation,0.5481746196746826,8.739181518554688,4.81948609999381
"[8, 23, 8, 14, 23, 9, 23, 8, 8, 21, 19]","['sigmoid', 'tanh', 'tanh', 'elu', 'tanh', 'elu', 'tanh', 'elu', 'elu', 'sigmoid', 'elu']",06f90960f910f90000d6b0,100,Adam,MaxAbsoluteDeviation,0.5481746196746826,8.585262298583984,1.436963599990122
"[8, 23, 8, 14, 23, 9, 23, 8, 8, 21, 19, 15]","['tanh', 'tanh', 'tanh', 'elu', 'tanh', 'elu', 'tanh', 'elu', 'elu', 'sigmoid', 'elu', 'swish']",09f90960f910f90000d6b078,700,Adam,MaxAbsoluteDeviation,0.5315803289413452,1.0860481262207031,5.132193799945526
"[8, 23, 8, 14, 23, 9, 23, 8, 8, 21, 19, 15]","['tanh', 'tanh', 'tanh', 'elu', 'tanh', 'elu', 'tanh', 'elu', 'elu', 'sigmoid', 'swish', 'swish']",09f90960f910f90000d6b878,276,Adam,MaxAbsoluteDeviation,0.5315803289413452,0.8399916887283325,2.551752100000158
"[8, 23, 8, 14, 23, 9, 23, 8, 8, 21, 19, 15]","['tanh', 'swish', 'tanh', 'elu', 'tanh', 'elu', 'tanh', 'elu', 'elu', 'sigmoid', 'elu', 'swish']",09f80960f910f90000d6b078,700,Adam,MaxAbsoluteDeviation,0.8719545006752014,0.9828071594238281,5.140549000003375
"[8, 23, 8, 14, 23, 9, 23, 8, 8, 21, 19, 15]","['tanh', 'swish', 'tanh', 'elu', 'tanh', 'elu', 'tanh', 'elu', 'elu', 'sigmoid', 'elu', 'swish']",09f80960f910f90000d6b078,700,Adam,MaxAbsoluteDeviation,0.8739356398582458,0.7358292937278748,5.155177999986336
"[8, 23, 8, 14, 23, 9, 23, 8, 8, 21, 19, 15]","['tanh', 'swish', 'tanh', 'elu', 'tanh', 'elu', 'tanh', 'elu', 'elu', 'sigmoid', 'sigmoid', 'swish']",09f80960f910f90000d6b678,700,Adam,MaxAbsoluteDeviation,0.8739356398582458,8.467657089233398,5.059268799959682
"[8, 23, 8, 14, 23, 9, 23, 8, 8, 21, 19]","['tanh', 'swish', 'tanh', 'elu', 'tanh', 'elu', 'tanh', 'elu', 'elu', 'sigmoid', 'elu']",09f80960f910f90000d6b0,700,Adam,MaxAbsoluteDeviation,1.209662675857544,1.81170654296875,4.794949100003578
"[8, 23, 8, 14, 23, 9, 23, 8, 8, 21, 19]","['tanh', 'swish', 'tanh', 'elu', 'tanh', 'elu', 'tanh', 'sigmoid', 'elu', 'sigmoid', 'elu']",09f80960f910f90600d6b0,700,Adam,MaxAbsoluteDeviation,1.020724892616272,1.0618724822998047,4.8028380000032485
"[8, 23, 8, 14, 23, 9, 23, 8, 8, 21, 19, 17]","['tanh', 'swish', 'tanh', 'elu', 'tanh', 'elu', 'tanh', 'sigmoid', 'elu', 'sigmoid', 'elu', 'swish']",09f80960f910f90600d6b098,700,Adam,MaxAbsoluteDeviation,0.6585575938224792,0.6347405910491943,5.139437699923292
"[8, 23, 8, 14, 23, 9, 23, 8, 8, 21, 19, 17, 14]","['tanh', 'swish', 'tanh', 'elu', 'tanh', 'elu', 'tanh', 'sigmoid', 'elu', 'sigmoid', 'elu', 'swish', 'tanh']",09f80960f910f90600d6b09869,700,Adam,MaxAbsoluteDeviation,0.6585575938224792,8.663226127624512,5.423962600063533
"[8, 23, 8, 14, 23, 9, 23, 8, 8, 21, 19, 17]","['tanh', 'swish', 'tanh', 'elu', 'tanh', 'elu', 'tanh', 'sigmoid', 'elu', 'sigmoid', 'elu', 'swish']",09f80960f910f90600d6b098,700,Adam,MaxAbsoluteDeviation,0.567418098449707,0.6681137084960938,5.193839699961245
"[8, 23, 8, 14, 23, 9, 23, 8, 8, 21, 19, 17, 10]","['tanh', 'swish', 'tanh', 'elu', 'tanh', 'elu', 'tanh', 'sigmoid', 'elu', 'sigmoid', 'elu', 'swish', 'tanh']",09f80960f910f90600d6b09829,700,Adam,MaxAbsoluteDeviation,0.567418098449707,8.593244552612305,5.552441400010139
"[8, 23, 8, 14, 23, 9, 23, 8, 8, 21, 19, 17]","['tanh', 'swish', 'tanh', 'elu', 'tanh', 'elu', 'tanh', 'sigmoid', 'elu', 'sigmoid', 'elu', 'swish']",09f80960f910f90600d6b098,700,Adam,MaxAbsoluteDeviation,0.5455886721611023,0.8587722778320312,5.261389599996619
"[8, 23, 8, 14, 23, 9, 23, 8, 8, 21, 19, 17, 21]","['tanh', 'swish', 'tanh', 'elu', 'tanh', 'elu', 'tanh', 'sigmoid', 'elu', 'sigmoid', 'elu', 'swish', 'elu']",09f80960f910f90600d6b098d0,700,Adam,MaxAbsoluteDeviation,0.5455886721611023,1.0353798866271973,5.518915600026958
"[8, 23, 8, 14, 23, 9, 23, 8, 8, 21, 19, 17]","['tanh', 'swish', 'tanh', 'elu', 'tanh', 'elu', 'tanh', 'sigmoid', 'elu', 'sigmoid', 'elu', 'swish']",09f80960f910f90600d6b098,447,Adam,MaxAbsoluteDeviation,0.5455886721611023,1.9363298416137695,3.7043963000178337
"[8, 23, 8, 14, 23, 9, 23, 8, 8, 21, 19, 17]","['tanh', 'swish', 'tanh', 'elu', 'tanh', 'elu', 'tanh', 'swish', 'elu', 'sigmoid', 'elu', 'swish']",09f80960f910f90800d6b098,700,Adam,MaxAbsoluteDeviation,1.0668072700500488,0.7872581481933594,5.692917799926363
"[8, 23, 8, 14, 23, 9, 23, 8, 8, 21, 19, 17]","['tanh', 'swish', 'tanh', 'elu', 'tanh', 'elu', 'tanh', 'swish', 'elu', 'sigmoid', 'elu', 'swish']",09f80960f910f90800d6b098,700,Adam,MaxAbsoluteDeviation,1.5817011594772339,2.1672210693359375,5.9396061999723315
"[8, 23, 8, 14, 23, 9, 23, 8, 8, 21, 19, 17]","['tanh', 'swish', 'tanh', 'elu', 'tanh', 'elu', 'tanh', 'swish', 'elu', 'sigmoid', 'tanh', 'swish']",09f80960f910f90800d6b998,423,Adam,MaxAbsoluteDeviation,0.6925774216651917,0.2888450622558594,3.6137214000336826
"[8, 23, 8, 14, 23, 9, 23, 8, 8, 21, 19, 17]","['tanh', 'swish', 'tanh', 'elu', 'tanh', 'elu', 'tanh', 'swish', 'elu', 'sigmoid', 'tanh', 'swish']",09f80960f910f90800d6b998,290,Adam,MaxAbsoluteDeviation,0.6925774216651917,1.6737993955612183,3.000351700000465
"[8, 23, 8, 14, 23, 9, 23, 8, 8, 21, 19]","['tanh', 'swish', 'tanh', 'elu', 'tanh', 'elu', 'tanh', 'swish', 'elu', 'sigmoid', 'tanh']",09f80960f910f90800d6b9,423,Adam,MaxAbsoluteDeviation,1.7939958572387695,0.9059238433837891,3.839958900003694
"[23, 23, 8, 14, 23, 9, 23, 8, 8, 21, 19]","['tanh', 'swish', 'tanh', 'elu', 'tanh', 'elu', 'tanh', 'swish', 'elu', 'sigmoid', 'tanh']",f9f80960f910f90800d6b9,423,Adam,MaxAbsoluteDeviation,1.7939958572387695,3.6849985122680664,3.2320310999639332
"[8, 23, 8, 14, 23, 9, 23, 8, 8, 21, 19]","['tanh', 'swish', 'tanh', 'elu', 'tanh', 'elu', 'tanh', 'swish', 'elu', 'sigmoid', 'tanh']",09f80960f910f90800d6b9,700,Adam,MaxAbsoluteDeviation,2.2170238494873047,2.467012643814087,4.969495700090192
"[8, 23, 8, 14, 23, 9, 23, 8, 8, 21, 19]","['tanh', 'swish', 'tanh', 'elu', 'tanh', 'elu', 'tanh', 'swish', 'elu', 'sigmoid', 'tanh']",09f80960f910f90800d6b9,163,Adam,MaxAbsoluteDeviation,2.4499664306640625,1.3053672313690186,1.8122760000405833
"[8, 23, 8, 14, 23, 9, 23, 8, 8, 21, 19]","['tanh', 'swish', 'tanh', 'elu', 'tanh', 'elu', 'tanh', 'tanh', 'elu', 'sigmoid', 'tanh']",09f80960f910f90900d6b9,163,Adam,MaxAbsoluteDeviation,2.4499664306640625,12.356395721435547,1.789175400044769
"[8, 23, 8, 14, 23, 9, 23, 8, 8, 21, 19]","['tanh', 'swish', 'tanh', 'elu', 'tanh', 'elu', 'tanh', 'swish', 'elu', 'sigmoid', 'tanh']",09f80960f910f90800d6b9,100,Adam,MaxAbsoluteDeviation,1.9766454696655273,1.6447924375534058,1.4622081000125036
"[8, 23, 8, 14, 23, 9, 23, 8, 8, 21, 19]","['tanh', 'swish', 'tanh', 'elu', 'tanh', 'elu', 'tanh', 'swish', 'elu', 'sigmoid', 'tanh']",09f80960f910f90800d6b9,700,Adam,MaxAbsoluteDeviation,1.0534101724624634,1.037801742553711,4.767274099984206
"[8, 23, 8, 14, 23, 9, 23, 8, 8, 21, 19]","['tanh', 'swish', 'tanh', 'elu', 'tanh', 'elu', 'tanh', 'swish', 'elu', 'sigmoid', 'tanh']",09f80960f910f90800d6b9,437,Adam,MaxAbsoluteDeviation,1.0534101724624634,2.678375244140625,3.272560500074178
"[8, 23, 8, 14, 23, 9, 23, 8, 23, 21, 19]","['tanh', 'swish', 'tanh', 'elu', 'tanh', 'elu', 'tanh', 'swish', 'elu', 'sigmoid', 'tanh']",09f80960f910f908f0d6b9,700,Adam,MaxAbsoluteDeviation,1.351166844367981,1.0188713073730469,4.717555099981837
"[8, 23, 8, 14, 23, 9, 23, 23, 23, 21, 19]","['tanh', 'swish', 'tanh', 'elu', 'tanh', 'elu', 'tanh', 'swish', 'elu', 'sigmoid', 'tanh']",09f80960f910f9f8f0d6b9,700,Adam,MaxAbsoluteDeviation,1.351166844367981,6.515587329864502,4.777400299906731
"[8, 23, 8, 14, 23, 9, 23, 8, 23, 21, 19]","['tanh', 'swish', 'tanh', 'elu', 'tanh', 'elu', 'tanh', 'swish', 'elu', 'sigmoid', 'tanh']",09f80960f910f908f0d6b9,700,Adam,MaxAbsoluteDeviation,1.351166844367981,8.226380348205566,4.751669799908996
"[8, 23, 8, 14, 23, 9, 23, 8, 23, 21, 19]","['tanh', 'swish', 'tanh', 'elu', 'tanh', 'elu', 'tanh', 'swish', 'elu', 'sigmoid', 'tanh']",09f80960f910f908f0d6b9,700,Adam,MaxAbsoluteDeviation,1.4440487623214722,1.0429134368896484,4.728849799954332
"[8, 23, 8, 14, 23, 9, 23, 8, 23, 21, 19]","['tanh', 'swish', 'tanh', 'elu', 'tanh', 'elu', 'tanh', 'swish', 'elu', 'sigmoid', 'tanh']",09f80960f910f908f0d6b9,700,Adam,MaxAbsoluteDeviation,1.104200839996338,1.0424270629882812,4.781571100000292
"[8, 23, 8, 14, 23, 9, 23, 8, 23, 21, 19]","['tanh', 'swish', 'tanh', 'elu', 'tanh', 'elu', 'tanh', 'swish', 'elu', 'sigmoid', 'tanh']",09f80960f910f908f0d6b9,700,Adam,MaxAbsoluteDeviation,1.6716034412384033,1.909948468208313,4.7416458000661805
"[8, 23, 8, 14, 23, 9, 23, 8, 23, 21]","['tanh', 'swish', 'tanh', 'elu', 'tanh', 'elu', 'tanh', 'swish', 'elu', 'sigmoid']",09f80960f910f908f0d6,700,Adam,MaxAbsoluteDeviation,1.6716034412384033,4.685799598693848,4.489399799960665
"[8, 23, 8, 14, 23, 9, 23, 8, 23, 21, 19]","['tanh', 'swish', 'tanh', 'elu', 'tanh', 'elu', 'tanh', 'swish', 'elu', 'sigmoid', 'tanh']",09f80960f910f908f0d6b9,195,Adam,MaxAbsoluteDeviation,1.6716034412384033,5.208361625671387,1.9369833000237122
"[8, 23, 8, 14, 23, 9, 23, 8, 23, 21, 19]","['tanh', 'swish', 'tanh', 'elu', 'tanh', 'elu', 'tanh', 'swish', 'elu', 'sigmoid', 'tanh']",09f80960f910f908f0d6b9,273,Adam,MaxAbsoluteDeviation,2.7408623695373535,3.270134925842285,2.3241594000719488
"[8, 23, 8, 14, 23, 9, 23, 8, 23, 21, 19]","['tanh', 'swish', 'tanh', 'elu', 'tanh', 'elu', 'tanh', 'swish', 'elu', 'sigmoid', 'tanh']",09f80960f910f908f0d6b9,273,Adam,MaxAbsoluteDeviation,2.3731136322021484,3.3145675659179688,2.3331195999635383
"[8, 23, 8, 14, 23, 9, 23, 8, 23, 21, 19, 12]","['tanh', 'swish', 'tanh', 'elu', 'tanh', 'elu', 'tanh', 'swish', 'elu', 'sigmoid', 'tanh', 'sigmoid']",09f80960f910f908f0d6b946,273,Adam,MaxAbsoluteDeviation,2.3731136322021484,8.751751899719238,2.4981362000107765
"[8, 23, 8, 14, 23, 9, 23, 8, 23, 21]","['tanh', 'swish', 'tanh', 'elu', 'tanh', 'elu', 'tanh', 'swish', 'elu', 'sigmoid']",09f80960f910f908f0d6,273,Adam,MaxAbsoluteDeviation,2.3731136322021484,2.834033727645874,2.197666499996558
"[8, 23, 8, 14, 23, 9, 23, 8, 23, 21]","['tanh', 'swish', 'tanh', 'elu', 'elu', 'elu', 'tanh', 'swish', 'elu', 'sigmoid']",09f80960f010f908f0d6,273,Adam,MaxAbsoluteDeviation,2.3731136322021484,8.282136917114258,2.209585199947469
"[8, 23, 8, 14, 23, 9, 23, 8, 23, 21]","['tanh', 'swish', 'tanh', 'elu', 'tanh', 'elu', 'tanh', 'swish', 'elu', 'sigmoid']",09f80960f910f908f0d6,273,Adam,MaxAbsoluteDeviation,2.3731136322021484,5.184892177581787,2.20092079997994
"[8, 23, 8, 14, 23, 9, 23, 8, 23, 21, 19]","['tanh', 'swish', 'tanh', 'elu', 'tanh', 'elu', 'tanh', 'swish', 'elu', 'sigmoid', 'tanh']",09f80960f910f908f0d6b9,700,Adam,MaxAbsoluteDeviation,2.3731136322021484,9.205561637878418,4.706351600005291
"[8, 23, 8, 14, 23, 9, 23, 23, 23, 21, 19, 14]","['tanh', 'swish', 'tanh', 'elu', 'tanh', 'elu', 'tanh', 'swish', 'elu', 'sigmoid', 'tanh', 'swish']",09f80960f910f9f8f0d6b968,273,Adam,MaxAbsoluteDeviation,2.373286485671997,0.9530067443847656,2.540087700006552
"[8, 23, 8, 8, 23, 9, 23, 23, 23, 21, 19, 14]","['tanh', 'swish', 'tanh', 'elu', 'tanh', 'elu', 'tanh', 'swish', 'elu', 'sigmoid', 'tanh', 'swish']",09f80900f910f9f8f0d6b968,273,Adam,MaxAbsoluteDeviation,0.8583518862724304,1.2678375244140625,2.506654900033027
"[8, 23, 8, 8, 23, 9, 23, 23, 23, 21, 19]","['tanh', 'swish', 'tanh', 'elu', 'tanh', 'elu', 'tanh', 'swish', 'elu', 'sigmoid', 'tanh']",09f80900f910f9f8f0d6b9,273,Adam,MaxAbsoluteDeviation,0.8583518862724304,5.023509979248047,2.388708500075154
"[8, 23, 8, 8, 23, 9, 23, 23, 23, 21, 19, 14]","['tanh', 'swish', 'tanh', 'elu', 'tanh', 'elu', 'tanh', 'swish', 'elu', 'sigmoid', 'tanh', 'swish']",09f80900f910f9f8f0d6b968,226,Adam,MaxAbsoluteDeviation,0.8583518862724304,2.1422338485717773,5.809475900023244
"[8, 23, 8, 8, 23, 8, 23, 23, 23, 21, 19, 14]","['tanh', 'swish', 'tanh', 'elu', 'tanh', 'elu', 'tanh', 'swish', 'elu', 'sigmoid', 'tanh', 'swish']",09f80900f900f9f8f0d6b968,273,Adam,MaxAbsoluteDeviation,0.8583518862724304,3.467953681945801,2.574571799952537
"[8, 23, 8, 8, 23, 9, 23, 23, 23, 21, 19]","['tanh', 'swish', 'tanh', 'elu', 'tanh', 'elu', 'tanh', 'swish', 'elu', 'sigmoid', 'tanh']",09f80900f910f9f8f0d6b9,700,Adam,MaxAbsoluteDeviation,0.8583518862724304,4.571592330932617,4.938675499986857
"[8, 23, 8, 8, 23, 9, 23, 23, 23, 21, 19, 14]","['tanh', 'swish', 'tanh', 'elu', 'tanh', 'elu', 'tanh', 'swish', 'elu', 'sigmoid', 'tanh', 'swish']",09f80900f910f9f8f0d6b968,178,Adam,MaxAbsoluteDeviation,0.8583518862724304,2.7246007919311523,2.048945300048217
"[8, 23, 8, 8, 23, 9, 23, 23, 23, 21, 19, 14]","['tanh', 'swish', 'tanh', 'elu', 'tanh', 'elu', 'tanh', 'swish', 'elu', 'sigmoid', 'tanh', 'swish']",09f80900f910f9f8f0d6b968,273,Adam,MaxAbsoluteDeviation,0.8583518862724304,8.230920791625977,2.5828566000564024
"[8, 23, 8, 8, 23, 9, 23, 23, 23, 21, 19, 14]","['tanh', 'swish', 'tanh', 'elu', 'tanh', 'elu', 'tanh', 'swish', 'elu', 'sigmoid', 'tanh', 'swish']",09f80900f910f9f8f0d6b968,700,Adam,MaxAbsoluteDeviation,1.1693214178085327,0.9016399383544922,5.2805943000130355
"[8, 23, 8, 8, 23, 9, 23, 23, 23, 21, 19, 14, 10]","['tanh', 'swish', 'tanh', 'elu', 'tanh', 'elu', 'tanh', 'swish', 'elu', 'sigmoid', 'tanh', 'swish', 'swish']",09f80900f910f9f8f0d6b96828,700,Adam,MaxAbsoluteDeviation,1.1693214178085327,3.4512014389038086,5.488335100002587
"[8, 23, 8, 8, 23, 9, 23, 23, 23, 21, 19]","['tanh', 'swish', 'tanh', 'elu', 'tanh', 'elu', 'tanh', 'swish', 'elu', 'sigmoid', 'tanh']",09f80900f910f9f8f0d6b9,700,Adam,MaxAbsoluteDeviation,1.7634711265563965,0.9487400054931641,4.932325699948706
"[8, 23, 8, 8, 23, 9, 23, 23, 23, 21, 19]","['swish', 'swish', 'tanh', 'elu', 'tanh', 'elu', 'tanh', 'swish', 'elu', 'sigmoid', 'tanh']",08f80900f910f9f8f0d6b9,700,Adam,MaxAbsoluteDeviation,1.7634711265563965,2.9250898361206055,4.978812900022604
"[8, 23, 8, 8, 23, 9, 23, 23, 23, 21, 19, 13]","['tanh', 'swish', 'tanh', 'elu', 'tanh', 'elu', 'tanh', 'swish', 'elu', 'sigmoid', 'tanh', 'elu']",09f80900f910f9f8f0d6b950,700,Adam,MaxAbsoluteDeviation,1.7634711265563965,8.299659729003906,5.1743921000743285
"[8, 23, 8, 8, 23, 9, 23, 23, 23, 21, 19, 17, 10]","['tanh', 'swish', 'tanh', 'elu', 'tanh', 'elu', 'tanh', 'swish', 'elu', 'sigmoid', 'tanh', 'sigmoid', 'elu']",09f80900f910f9f8f0d6b99620,700,Adam,MaxAbsoluteDeviation,1.7634711265563965,8.545750617980957,5.378745699999854
"[8, 23, 8, 8, 8, 9, 23, 23, 23, 21, 19]","['tanh', 'swish', 'tanh', 'elu', 'tanh', 'elu', 'tanh', 'swish', 'elu', 'sigmoid', 'tanh']",09f809000910f9f8f0d6b9,700,Adam,MaxAbsoluteDeviation,1.2953828573226929,0.9962688684463501,4.914517999975942
"[8, 23, 8, 8, 8, 9, 23, 23, 23, 21, 19]","['tanh', 'swish', 'tanh', 'elu', 'tanh', 'elu', 'tanh', 'swish', 'elu', 'sigmoid', 'tanh']",09f809000910f9f8f0d6b9,197,Adam,MaxAbsoluteDeviation,1.2953828573226929,8.899096488952637,2.0166898999596015
"[8, 23, 8, 8, 8, 9, 23, 23, 23, 21, 19]","['tanh', 'swish', 'tanh', 'elu', 'tanh', 'elu', 'tanh', 'swish', 'elu', 'sigmoid', 'tanh']",09f809000910f9f8f0d6b9,220,Adam,MaxAbsoluteDeviation,1.2953828573226929,8.659440040588379,2.11283989995718
"[8, 23, 8, 8, 8, 9, 23, 23, 23, 21, 19]","['tanh', 'swish', 'tanh', 'elu', 'tanh', 'elu', 'tanh', 'swish', 'elu', 'sigmoid', 'tanh']",09f809000910f9f8f0d6b9,700,Adam,MaxAbsoluteDeviation,1.2953828573226929,8.295835494995117,4.8829812000039965
"[8, 23, 8, 8, 8, 9, 23, 23, 23, 21, 23]","['tanh', 'swish', 'tanh', 'elu', 'tanh', 'elu', 'tanh', 'swish', 'elu', 'sigmoid', 'tanh']",09f809000910f9f8f0d6f9,700,Adam,MaxAbsoluteDeviation,1.2953828573226929,8.65671157836914,4.79011379997246
"[8, 23, 8, 8, 23, 9, 23, 23, 23, 21]","['tanh', 'swish', 'tanh', 'elu', 'tanh', 'elu', 'tanh', 'swish', 'elu', 'sigmoid']",09f80900f910f9f8f0d6,700,Adam,MaxAbsoluteDeviation,1.2953828573226929,8.378533363342285,4.6004743000958115
"[8, 23, 8, 8, 8, 9, 23, 23, 23, 21, 19]","['tanh', 'swish', 'tanh', 'elu', 'tanh', 'elu', 'elu', 'swish', 'elu', 'sigmoid', 'tanh']",09f809000910f0f8f0d6b9,700,Adam,MaxAbsoluteDeviation,1.2953828573226929,5.704005241394043,4.844445100054145
"[8, 23, 8, 8, 8, 9, 23, 23, 23, 21]","['tanh', 'swish', 'tanh', 'elu', 'tanh', 'elu', 'tanh', 'swish', 'elu', 'sigmoid']",09f809000910f9f8f0d6,700,Adam,MaxAbsoluteDeviation,3.393447160720825,3.175311803817749,4.664147600065917
"[8, 23, 8, 8, 8, 23, 23, 23, 23, 21]","['tanh', 'swish', 'tanh', 'elu', 'tanh', 'elu', 'tanh', 'swish', 'elu', 'sigmoid']",09f8090009f0f9f8f0d6,700,Adam,MaxAbsoluteDeviation,3.393447160720825,8.376738548278809,4.633423499995843
"[8, 23, 8, 8, 8, 9, 23, 23, 23]","['tanh', 'swish', 'tanh', 'elu', 'tanh', 'elu', 'tanh', 'swish', 'elu']",09f809000910f9f8f0,700,Adam,MaxAbsoluteDeviation,0.2902633547782898,0.552757740020752,4.285901500028558
"[8, 23, 8, 8, 8, 9, 23, 23, 23]","['tanh', 'swish', 'tanh', 'elu', 'tanh', 'elu', 'tanh', 'swish', 'elu']",09f809000910f9f8f0,700,Adam,MaxAbsoluteDeviation,0.696133017539978,1.210855484008789,4.2915695999981835
"[8, 23, 8, 8, 8, 8, 23, 23, 23]","['tanh', 'swish', 'tanh', 'elu', 'tanh', 'elu', 'tanh', 'swish', 'elu']",09f809000900f9f8f0,700,Adam,MaxAbsoluteDeviation,0.8133883476257324,1.1423835754394531,4.335808900068514
"[8, 23, 8, 8, 8, 8, 23, 23, 23]","['tanh', 'sigmoid', 'tanh', 'elu', 'tanh', 'elu', 'tanh', 'swish', 'elu']",09f609000900f9f8f0,700,Adam,MaxAbsoluteDeviation,0.7360257506370544,0.4633760452270508,4.244282300001942
"[8, 23, 8, 8, 8, 8, 23, 23, 23]","['tanh', 'sigmoid', 'tanh', 'elu', 'tanh', 'elu', 'tanh', 'swish', 'elu']",09f609000900f9f8f0,276,Adam,MaxAbsoluteDeviation,0.7360257506370544,1.7135009765625,2.0805334999458864
"[8, 23, 8, 8, 8, 8, 23, 23, 23]","['tanh', 'sigmoid', 'tanh', 'elu', 'tanh', 'elu', 'tanh', 'swish', 'elu']",09f609000900f9f8f0,700,Adam,MaxAbsoluteDeviation,0.49425020813941956,0.9354076385498047,4.250219699926674
"[8, 23, 8, 8, 8, 8, 23, 23, 23]","['tanh', 'sigmoid', 'tanh', 'elu', 'tanh', 'elu', 'tanh', 'swish', 'elu']",09f609000900f9f8f0,700,Adam,MaxAbsoluteDeviation,0.33794453740119934,0.2912864685058594,4.2372559000505134
"[8, 23, 8, 8, 8, 8, 23, 23, 23, 23]","['tanh', 'sigmoid', 'tanh', 'elu', 'tanh', 'elu', 'tanh', 'swish', 'elu', 'sigmoid']",09f609000900f9f8f0f6,700,Adam,MaxAbsoluteDeviation,0.33794453740119934,8.631072044372559,4.504196499940008
"[8, 23, 8, 8, 8, 8, 23, 23, 23]","['tanh', 'sigmoid', 'tanh', 'elu', 'tanh', 'elu', 'tanh', 'swish', 'elu']",09f609000900f9f8f0,700,Adam,MaxAbsoluteDeviation,1.1488006114959717,0.6193027496337891,4.190511699998751
"[8, 23, 8, 8, 8, 8, 23, 23, 23]","['tanh', 'elu', 'tanh', 'elu', 'tanh', 'elu', 'tanh', 'swish', 'elu']",09f009000900f9f8f0,700,Adam,MaxAbsoluteDeviation,0.8623406887054443,0.374353289604187,4.237403600011021
"[8, 23, 8, 8, 8, 8, 8, 23, 23]","['tanh', 'elu', 'tanh', 'elu', 'tanh', 'elu', 'tanh', 'swish', 'elu']",09f00900090009f8f0,700,Adam,MaxAbsoluteDeviation,0.7741257548332214,0.8873719573020935,4.198113900027238
"[8, 23, 8, 8, 8, 8, 8, 23, 23]","['tanh', 'elu', 'tanh', 'elu', 'tanh', 'elu', 'tanh', 'swish', 'elu']",09f00900090009f8f0,474,Adam,MaxAbsoluteDeviation,0.9240428805351257,0.27658700942993164,3.0663164000725374
"[8, 23, 8, 8, 8, 8, 8, 23, 23]","['tanh', 'elu', 'tanh', 'elu', 'tanh', 'elu', 'tanh', 'swish', 'elu']",09f00900090009f8f0,700,Adam,MaxAbsoluteDeviation,1.0792728662490845,1.7271308898925781,4.198627300094813
"[8, 23, 8, 8, 8, 8, 8, 23, 23]","['tanh', 'elu', 'tanh', 'elu', 'tanh', 'elu', 'tanh', 'swish', 'elu']",09f00900090009f8f0,475,Adam,MaxAbsoluteDeviation,0.511301577091217,1.09112548828125,3.046839499962516
"[8, 23, 8, 8, 8, 8, 8, 23, 23]","['tanh', 'elu', 'tanh', 'elu', 'tanh', 'elu', 'tanh', 'swish', 'elu']",09f00900090009f8f0,475,Adam,MaxAbsoluteDeviation,0.6819791197776794,0.47953033447265625,3.0758877000771463
"[8, 23, 8, 8, 8, 8, 8, 23]","['tanh', 'elu', 'tanh', 'elu', 'tanh', 'elu', 'tanh', 'swish']",09f00900090009f8,475,Adam,MaxAbsoluteDeviation,0.6341888308525085,1.2196693420410156,2.8935837999451905
"[8, 23, 8, 8, 8, 8, 8, 23]","['tanh', 'elu', 'tanh', 'elu', 'tanh', 'elu', 'tanh', 'swish']",09f00900090009f8,475,Adam,MaxAbsoluteDeviation,0.388568639755249,0.4292163848876953,2.894956700038165
"[8, 23, 8, 8, 23, 23, 8, 23]","['tanh', 'elu', 'tanh', 'elu', 'tanh', 'elu', 'tanh', 'swish']",09f00900f9f009f8,700,Adam,MaxAbsoluteDeviation,0.388568639755249,0.654716968536377,4.01753379998263
"[8, 23, 8, 8, 8, 8, 8, 23]","['tanh', 'elu', 'sigmoid', 'elu', 'tanh', 'elu', 'tanh', 'swish']",09f00600090009f8,475,Adam,MaxAbsoluteDeviation,0.3323616087436676,0.5784130096435547,2.876606300007552
"[8, 23, 8, 8, 8, 8, 8, 23]","['tanh', 'elu', 'sigmoid', 'elu', 'tanh', 'elu', 'tanh', 'swish']",09f00600090009f8,475,Adam,MaxAbsoluteDeviation,0.6561797261238098,0.6347775459289551,2.8546521000098437
"[8, 23, 8, 8, 8, 8, 8, 19]","['tanh', 'elu', 'sigmoid', 'elu', 'tanh', 'elu', 'tanh', 'elu']",09f00600090009b0,475,Adam,MaxAbsoluteDeviation,0.6237234473228455,0.7567567229270935,2.865622299956158
"[8, 23, 8, 8, 8, 8, 8, 19]","['tanh', 'elu', 'sigmoid', 'elu', 'tanh', 'elu', 'swish', 'elu']",09f00600090008b0,700,Adam,MaxAbsoluteDeviation,0.6147732734680176,0.35685157775878906,3.9598513999953866
"[8, 23, 8, 8, 8, 8, 8, 19]","['tanh', 'elu', 'sigmoid', 'elu', 'tanh', 'elu', 'swish', 'elu']",09f00600090008b0,197,Adam,MaxAbsoluteDeviation,0.6147732734680176,0.6276416778564453,1.5942819999763742
"[8, 23, 8, 8, 23, 8, 8, 19]","['tanh', 'elu', 'sigmoid', 'elu', 'tanh', 'elu', 'swish', 'elu']",09f00600f90008b0,700,Adam,MaxAbsoluteDeviation,0.5676625967025757,0.6396636962890625,3.933258599950932
"[8, 23, 8, 8, 23, 8, 8, 19, 21]","['tanh', 'elu', 'sigmoid', 'elu', 'tanh', 'elu', 'swish', 'elu', 'swish']",09f00600f90008b0d8,700,Adam,MaxAbsoluteDeviation,0.8854677081108093,0.7536311149597168,4.174075399991125
"[8, 23, 8, 8, 23, 8, 8, 19, 21]","['tanh', 'elu', 'sigmoid', 'elu', 'tanh', 'elu', 'swish', 'elu', 'swish']",09f00600f90008b0d8,200,Adam,MaxAbsoluteDeviation,0.8854677081108093,0.8774490356445312,1.729306900058873
"[8, 23, 8, 8, 23, 8, 8, 19, 21]","['tanh', 'elu', 'sigmoid', 'elu', 'tanh', 'elu', 'swish', 'elu', 'swish']",09f00600f90008b0d8,272,Adam,MaxAbsoluteDeviation,0.49744537472724915,1.0211143493652344,2.075018599978648
"[8, 23, 8, 8, 23, 8, 8, 19, 21]","['tanh', 'elu', 'sigmoid', 'elu', 'tanh', 'sigmoid', 'swish', 'elu', 'swish']",09f00600f90608b0d8,272,Adam,MaxAbsoluteDeviation,0.9458901882171631,0.48456645011901855,2.0801920000230893
"[8, 23, 8, 8, 23, 8, 8, 19]","['tanh', 'elu', 'sigmoid', 'elu', 'tanh', 'sigmoid', 'swish', 'elu']",09f00600f90608b0,700,Adam,MaxAbsoluteDeviation,0.5907334089279175,1.1901912689208984,4.0083013999974355
"[8, 23, 8, 23, 23, 8, 8, 19]","['tanh', 'elu', 'sigmoid', 'elu', 'tanh', 'sigmoid', 'swish', 'elu']",09f006f0f90608b0,700,Adam,MaxAbsoluteDeviation,0.605991542339325,1.2317428588867188,4.006019999971613
"[8, 23, 8, 23, 23, 8, 8, 19]","['swish', 'elu', 'sigmoid', 'elu', 'tanh', 'sigmoid', 'swish', 'elu']",08f006f0f90608b0,700,Adam,MaxAbsoluteDeviation,0.605991542339325,0.7779731750488281,4.005958799971268
"[8, 23, 8, 23, 23, 8, 8]","['tanh', 'elu', 'sigmoid', 'elu', 'tanh', 'sigmoid', 'swish']",09f006f0f90608,700,Adam,MaxAbsoluteDeviation,0.45218604803085327,0.3681068420410156,3.734014199930243
"[8, 23, 8, 23, 23, 8, 8, 15]","['tanh', 'elu', 'sigmoid', 'elu', 'tanh', 'sigmoid', 'swish', 'swish']",09f006f0f9060878,700,Adam,MaxAbsoluteDeviation,0.4952601492404938,0.47109508514404297,4.026205100002699
"[8, 23, 8, 23, 23, 8, 8, 15, 18]","['tanh', 'elu', 'sigmoid', 'elu', 'tanh', 'sigmoid', 'swish', 'swish', 'elu']",09f006f0f9060878a0,700,Adam,MaxAbsoluteDeviation,0.4952601492404938,0.6190528869628906,4.2404368000570685
"[8, 23, 8, 23, 23, 8, 8, 15]","['tanh', 'elu', 'sigmoid', 'elu', 'tanh', 'sigmoid', 'swish', 'swish']",09f006f0f9060878,700,Adam,MaxAbsoluteDeviation,0.4952601492404938,0.37418556213378906,4.036812199978158
"[8, 23, 8, 23, 23, 8, 8, 15]","['tanh', 'elu', 'sigmoid', 'elu', 'tanh', 'sigmoid', 'swish', 'swish']",09f006f0f9060878,700,Adam,MaxAbsoluteDeviation,0.3869380056858063,0.7063274383544922,4.038644699961878
"[8, 23, 8, 23, 23, 8, 8, 15]","['tanh', 'elu', 'sigmoid', 'elu', 'tanh', 'sigmoid', 'swish', 'swish']",09f006f0f9060878,700,Adam,MaxAbsoluteDeviation,0.9277496933937073,0.5464382171630859,4.027481600060128
"[8, 23, 8, 23, 23, 8, 8, 15]","['tanh', 'elu', 'sigmoid', 'elu', 'tanh', 'sigmoid', 'swish', 'swish']",09f006f0f9060878,700,Adam,MaxAbsoluteDeviation,0.3929852247238159,0.5775909423828125,7.7095237999456
"[8, 23, 8, 23, 23, 8, 8, 17]","['tanh', 'elu', 'sigmoid', 'elu', 'tanh', 'sigmoid', 'swish', 'elu']",09f006f0f9060890,700,Adam,MaxAbsoluteDeviation,0.3811676800251007,0.34516239166259766,4.053950599976815
"[8, 23, 8, 23, 23, 8, 8, 17]","['tanh', 'elu', 'sigmoid', 'elu', 'tanh', 'sigmoid', 'swish', 'elu']",09f006f0f9060890,238,Adam,MaxAbsoluteDeviation,0.3811676800251007,1.7137460708618164,1.790512999985367
"[8, 23, 8, 23, 23, 8, 8, 17]","['tanh', 'elu', 'sigmoid', 'elu', 'tanh', 'sigmoid', 'swish', 'elu']",09f006f0f9060890,700,Adam,MaxAbsoluteDeviation,0.3811676800251007,0.5100584030151367,4.083247600006871
"[8, 23, 8, 23, 23, 8, 8, 17, 16]","['sigmoid', 'elu', 'sigmoid', 'elu', 'tanh', 'sigmoid', 'swish', 'elu', 'swish']",06f006f0f906089088,700,Adam,MaxAbsoluteDeviation,0.53803551197052,0.7167167663574219,4.379266900010407
"[8, 23, 8, 8, 23, 8, 8, 17, 16]","['sigmoid', 'elu', 'sigmoid', 'elu', 'tanh', 'sigmoid', 'swish', 'elu', 'swish']",06f00600f906089088,700,Adam,MaxAbsoluteDeviation,0.53803551197052,0.6351079940795898,4.348997000022791
"[8, 23, 8, 8, 23, 8, 8, 17, 16]","['sigmoid', 'elu', 'sigmoid', 'elu', 'tanh', 'sigmoid', 'swish', 'elu', 'swish']",06f00600f906089088,700,Adam,MaxAbsoluteDeviation,0.41968023777008057,0.8458347320556641,4.366852500010282
"[8, 23, 8, 8, 23, 8, 8, 17]","['sigmoid', 'elu', 'sigmoid', 'elu', 'tanh', 'sigmoid', 'swish', 'elu']",06f00600f9060890,700,Adam,MaxAbsoluteDeviation,0.5236150622367859,0.6945705413818359,4.033414800069295
"[8, 23, 8, 8, 23, 8, 8, 17]","['sigmoid', 'elu', 'sigmoid', 'elu', 'tanh', 'sigmoid', 'swish', 'elu']",06f00600f9060890,327,Adam,MaxAbsoluteDeviation,0.5236150622367859,8.736988067626953,2.192689299932681
"[8, 23, 8, 8, 23, 8, 8, 17]","['sigmoid', 'elu', 'sigmoid', 'elu', 'tanh', 'sigmoid', 'swish', 'sigmoid']",06f00600f9060896,700,Adam,MaxAbsoluteDeviation,0.5988377332687378,0.7146472930908203,3.9933332999935374
"[8, 23, 8, 8, 23, 8, 8, 17]","['sigmoid', 'elu', 'sigmoid', 'elu', 'tanh', 'sigmoid', 'swish', 'sigmoid']",06f00600f9060896,700,Adam,MaxAbsoluteDeviation,0.590565025806427,1.4248369932174683,4.050434199976735
"[8, 23, 8, 8, 23, 23, 8, 17]","['sigmoid', 'elu', 'sigmoid', 'elu', 'tanh', 'sigmoid', 'swish', 'sigmoid']",06f00600f9f60896,700,Adam,MaxAbsoluteDeviation,0.8202006816864014,1.4728299379348755,4.038458399940282
"[8, 23, 8, 8, 23, 23, 8]","['sigmoid', 'elu', 'sigmoid', 'elu', 'tanh', 'sigmoid', 'swish']",06f00600f9f608,436,Adam,MaxAbsoluteDeviation,0.6762566566467285,0.6055221557617188,2.5134701000060886
"[8, 23, 8, 8, 23, 23, 8]","['sigmoid', 'elu', 'sigmoid', 'elu', 'tanh', 'sigmoid', 'swish']",06f00600f9f608,436,Adam,MaxAbsoluteDeviation,0.47094619274139404,1.6997604370117188,2.539925300050527
"[8, 23, 8, 8, 23, 23, 8]","['sigmoid', 'elu', 'sigmoid', 'elu', 'tanh', 'sigmoid', 'swish']",06f00600f9f608,700,Adam,MaxAbsoluteDeviation,1.19504714012146,1.1369905471801758,3.7406595000065863
"[8, 23, 8, 8, 23, 23, 8]","['sigmoid', 'elu', 'sigmoid', 'elu', 'tanh', 'sigmoid', 'swish']",06f00600f9f608,700,Adam,MaxAbsoluteDeviation,0.598673939704895,0.8918066620826721,3.7164032999426126
"[8, 23, 8, 8, 23, 23, 8]","['sigmoid', 'elu', 'sigmoid', 'elu', 'tanh', 'sigmoid', 'swish']",06f00600f9f608,700,Adam,MaxAbsoluteDeviation,0.32043343782424927,0.33612823486328125,3.728236399940215
"[8, 23, 8, 8, 23, 23, 8]","['sigmoid', 'elu', 'sigmoid', 'elu', 'tanh', 'sigmoid', 'swish']",06f00600f9f608,700,Adam,MaxAbsoluteDeviation,0.8368596434593201,0.7378082275390625,3.7286436000140384
"[8, 23, 8, 8, 23, 23, 8]","['sigmoid', 'elu', 'sigmoid', 'elu', 'tanh', 'sigmoid', 'swish']",06f00600f9f608,700,Adam,MaxAbsoluteDeviation,0.6244534850120544,0.4240226745605469,3.780627000029199
"[8, 23, 8, 23, 23, 23, 8, 16]","['sigmoid', 'elu', 'sigmoid', 'elu', 'tanh', 'sigmoid', 'swish', 'sigmoid']",06f006f0f9f60886,100,Adam,MaxAbsoluteDeviation,0.6244534850120544,8.926960945129395,1.162380399997346
"[8, 23, 8, 8, 23, 23, 8]","['sigmoid', 'elu', 'sigmoid', 'elu', 'tanh', 'sigmoid', 'swish']",06f00600f9f608,700,Adam,MaxAbsoluteDeviation,0.520699679851532,0.3800468444824219,3.730720699997619
"[8, 23, 8, 8, 23, 23, 8]","['sigmoid', 'elu', 'sigmoid', 'elu', 'tanh', 'sigmoid', 'swish']",06f00600f9f608,700,Adam,MaxAbsoluteDeviation,0.2496262937784195,0.5715618133544922,3.7344019999727607
"[8, 23, 8, 8, 23, 23, 8]","['sigmoid', 'elu', 'sigmoid', 'elu', 'tanh', 'sigmoid', 'swish']",06f00600f9f608,700,Adam,MaxAbsoluteDeviation,0.3855251967906952,0.9893207550048828,3.7146990000037476
"[8, 23, 8, 8, 23, 23, 8, 9]","['sigmoid', 'elu', 'sigmoid', 'elu', 'tanh', 'sigmoid', 'swish', 'swish']",06f00600f9f60818,700,Adam,MaxAbsoluteDeviation,0.41469672322273254,0.5438518524169922,3.9749572000000626
"[8, 23, 8, 8, 23, 23, 23, 9, 21]","['sigmoid', 'elu', 'sigmoid', 'elu', 'tanh', 'sigmoid', 'swish', 'swish', 'elu']",06f00600f9f6f818d0,700,Adam,MaxAbsoluteDeviation,0.8559567332267761,0.7745047211647034,4.228683300083503
"[8, 23, 23, 8, 23, 23, 23, 9, 21]","['sigmoid', 'elu', 'sigmoid', 'elu', 'tanh', 'sigmoid', 'swish', 'swish', 'elu']",06f0f600f9f6f818d0,700,Adam,MaxAbsoluteDeviation,0.8559567332267761,0.617828369140625,4.224266599980183
"[8, 23, 8, 8, 23, 23, 23, 23, 21]","['sigmoid', 'elu', 'sigmoid', 'elu', 'tanh', 'sigmoid', 'swish', 'swish', 'elu']",06f00600f9f6f8f8d0,700,Adam,MaxAbsoluteDeviation,0.47486376762390137,0.8606491088867188,4.215507699991576
"[8, 23, 8, 8, 23, 23, 23, 23, 21]","['sigmoid', 'elu', 'sigmoid', 'elu', 'tanh', 'sigmoid', 'swish', 'swish', 'elu']",06f00600f9f6f8f8d0,227,Adam,MaxAbsoluteDeviation,0.9140083193778992,0.3770771026611328,1.877487299963832
"[8, 23, 8, 8, 23, 23, 23, 23, 21, 8]","['sigmoid', 'elu', 'sigmoid', 'elu', 'tanh', 'sigmoid', 'swish', 'swish', 'elu', 'tanh']",06f00600f9f6f8f8d009,227,Adam,MaxAbsoluteDeviation,0.9140083193778992,8.562356948852539,1.9808209999464452
"[8, 23, 8, 8, 23, 23, 23, 23, 21]","['sigmoid', 'elu', 'sigmoid', 'elu', 'tanh', 'sigmoid', 'swish', 'swish', 'elu']",06f00600f9f6f8f8d0,227,Adam,MaxAbsoluteDeviation,0.4537864327430725,0.1830439567565918,1.8644048999994993
"[8, 23, 8, 8, 23, 23, 23, 23, 21]","['sigmoid', 'elu', 'sigmoid', 'elu', 'tanh', 'sigmoid', 'swish', 'swish', 'elu']",06f00600f9f6f8f8d0,100,Adam,MaxAbsoluteDeviation,0.4537864327430725,1.9987317323684692,1.2842678000451997
"[8, 23, 8, 8, 23, 23, 23, 23]","['sigmoid', 'elu', 'sigmoid', 'elu', 'tanh', 'sigmoid', 'swish', 'swish']",06f00600f9f6f8f8,227,Adam,MaxAbsoluteDeviation,0.4537864327430725,0.6828622221946716,1.7335554000455886
"[8, 23, 8, 8, 8, 23, 23, 23, 21]","['sigmoid', 'elu', 'sigmoid', 'elu', 'tanh', 'sigmoid', 'swish', 'swish', 'elu']",06f0060009f6f8f8d0,227,Adam,MaxAbsoluteDeviation,1.9207968711853027,1.2476615905761719,1.9300658999709412
"[8, 23, 8, 8, 8, 23, 23, 23, 21]","['sigmoid', 'elu', 'sigmoid', 'elu', 'tanh', 'sigmoid', 'swish', 'swish', 'elu']",06f0060009f6f8f8d0,227,Adam,MaxAbsoluteDeviation,1.0455456972122192,0.6419601440429688,1.84231139998883
"[8, 23, 8, 8, 8, 23, 23, 23]","['sigmoid', 'elu', 'sigmoid', 'elu', 'tanh', 'sigmoid', 'swish', 'swish']",06f0060009f6f8f8,227,Adam,MaxAbsoluteDeviation,1.2192693948745728,1.196521520614624,1.724720099940896
"[8, 23, 8, 8, 8, 23, 23, 23]","['sigmoid', 'elu', 'sigmoid', 'elu', 'tanh', 'sigmoid', 'swish', 'swish']",06f0060009f6f8f8,700,Adam,MaxAbsoluteDeviation,0.6562946438789368,1.5330352783203125,3.892394799971953
"[8, 23, 8, 8, 23, 23, 23, 23]","['sigmoid', 'elu', 'sigmoid', 'elu', 'tanh', 'sigmoid', 'swish', 'swish']",06f00600f9f6f8f8,700,Adam,MaxAbsoluteDeviation,1.2019425630569458,0.28580474853515625,3.9080603000475094
"[8, 23, 8, 8, 23, 23, 23]","['sigmoid', 'elu', 'sigmoid', 'elu', 'tanh', 'sigmoid', 'swish']",06f00600f9f6f8,700,Adam,MaxAbsoluteDeviation,2.294285774230957,1.3315582275390625,3.677383100031875
"[8, 23, 8, 23, 23, 23, 23]","['sigmoid', 'elu', 'sigmoid', 'elu', 'tanh', 'sigmoid', 'swish']",06f006f0f9f6f8,700,Adam,MaxAbsoluteDeviation,2.101666212081909,1.232015609741211,3.592055100016296
"[8, 23, 8, 23, 23, 23, 23]","['sigmoid', 'elu', 'sigmoid', 'elu', 'tanh', 'sigmoid', 'swish']",06f006f0f9f6f8,700,Adam,MaxAbsoluteDeviation,2.1101186275482178,1.554366111755371,3.617354099988006
"[8, 23, 8, 23, 23, 23, 23]","['sigmoid', 'elu', 'sigmoid', 'elu', 'tanh', 'sigmoid', 'swish']",06f006f0f9f6f8,700,Adam,MaxAbsoluteDeviation,0.4509729743003845,0.771514892578125,3.646818499895744
"[8, 23, 8, 23, 23, 23, 23]","['sigmoid', 'elu', 'sigmoid', 'elu', 'tanh', 'sigmoid', 'swish']",06f006f0f9f6f8,268,Adam,MaxAbsoluteDeviation,1.8705143928527832,2.279025077819824,1.722816800000146
"[8, 23, 8, 23, 23, 8, 23]","['sigmoid', 'elu', 'sigmoid', 'elu', 'tanh', 'sigmoid', 'swish']",06f006f0f906f8,268,Adam,MaxAbsoluteDeviation,1.8705143928527832,8.261688232421875,1.7104808000149205
"[8, 23, 8, 23, 23, 23, 23]","['sigmoid', 'elu', 'sigmoid', 'elu', 'tanh', 'sigmoid', 'swish']",06f006f0f9f6f8,268,Adam,MaxAbsoluteDeviation,1.2193403244018555,1.034347653388977,1.7373361000791192
"[8, 23, 8, 23, 23, 23, 23]","['sigmoid', 'elu', 'sigmoid', 'elu', 'tanh', 'sigmoid', 'swish']",06f006f0f9f6f8,700,Adam,MaxAbsoluteDeviation,1.1515817642211914,1.791229248046875,3.608651699963957
"[8, 23, 8, 23, 23, 23]","['sigmoid', 'elu', 'sigmoid', 'elu', 'tanh', 'sigmoid']",06f006f0f9f6,700,Adam,MaxAbsoluteDeviation,1.1504765748977661,0.6628317832946777,3.3186828000470996
"[8, 23, 8, 23, 23, 23]","['sigmoid', 'elu', 'sigmoid', 'elu', 'tanh', 'sigmoid']",06f006f0f9f6,260,Adam,MaxAbsoluteDeviation,0.7649617195129395,0.6411037445068359,1.532322600018233
"[8, 23, 8, 23, 23, 23]","['sigmoid', 'elu', 'sigmoid', 'swish', 'tanh', 'sigmoid']",06f006f8f9f6,260,Adam,MaxAbsoluteDeviation,0.7649617195129395,1.457056999206543,1.5748478999594226
"[8, 23, 8, 23, 23, 23]","['sigmoid', 'elu', 'sigmoid', 'elu', 'tanh', 'sigmoid']",06f006f0f9f6,260,Adam,MaxAbsoluteDeviation,1.0542737245559692,0.9562993049621582,1.508392299991101
"[8, 23, 8, 23, 23, 23]","['sigmoid', 'elu', 'sigmoid', 'elu', 'tanh', 'sigmoid']",06f006f0f9f6,700,Adam,MaxAbsoluteDeviation,0.47647589445114136,0.7366294860839844,3.270134999998845
"[8, 8, 8, 23, 23, 8]","['sigmoid', 'elu', 'sigmoid', 'elu', 'tanh', 'sigmoid']",060006f0f906,700,Adam,MaxAbsoluteDeviation,0.6476526856422424,0.612457275390625,3.2791114000137895
"[8, 8, 8, 23, 23, 8]","['sigmoid', 'elu', 'sigmoid', 'elu', 'tanh', 'sigmoid']",060006f0f906,570,Adam,MaxAbsoluteDeviation,0.6476526856422424,9.428317070007324,2.7362562000053003
"[8, 8, 8, 23, 23, 8]","['sigmoid', 'elu', 'sigmoid', 'elu', 'tanh', 'sigmoid']",060006f0f906,700,Adam,MaxAbsoluteDeviation,0.6476526856422424,3.6645870208740234,3.236309799947776
"[8, 8, 8, 23, 23, 8]","['sigmoid', 'elu', 'sigmoid', 'elu', 'tanh', 'sigmoid']",060006f0f906,700,Adam,MaxAbsoluteDeviation,1.055838942527771,1.2288885116577148,3.279845199896954
"[8, 8, 8, 23, 8, 8]","['sigmoid', 'elu', 'sigmoid', 'elu', 'tanh', 'sigmoid']",060006f00906,700,Adam,MaxAbsoluteDeviation,0.7069172859191895,0.7696771025657654,3.247514000046067
"[8, 8, 8, 23, 8, 8]","['sigmoid', 'elu', 'sigmoid', 'elu', 'tanh', 'sigmoid']",060006f00906,700,Adam,MaxAbsoluteDeviation,0.7069172859191895,8.293545722961426,3.212588299997151
"[8, 8, 8, 23, 8, 8]","['sigmoid', 'elu', 'sigmoid', 'elu', 'tanh', 'tanh']",060006f00909,700,Adam,MaxAbsoluteDeviation,0.4574069678783417,0.7073078155517578,3.2147286001127213
"[8, 8, 8, 23, 8, 8]","['sigmoid', 'elu', 'sigmoid', 'elu', 'tanh', 'tanh']",060006f00909,700,Adam,MaxAbsoluteDeviation,0.4574069678783417,2.439955711364746,3.237236100016162
"[8, 8, 8, 23, 8, 23]","['sigmoid', 'elu', 'sigmoid', 'elu', 'tanh', 'tanh']",060006f009f9,700,Adam,MaxAbsoluteDeviation,0.6088172197341919,1.4708938598632812,3.2061970999930054
"[8, 8, 8, 23, 8, 23]","['sigmoid', 'elu', 'sigmoid', 'elu', 'tanh', 'tanh']",060006f009f9,700,Adam,MaxAbsoluteDeviation,0.46043577790260315,0.5265579223632812,3.1937209999887273
"[8, 8, 8, 23, 8, 23, 13]","['sigmoid', 'elu', 'sigmoid', 'elu', 'tanh', 'tanh', 'sigmoid']",060006f009f956,700,Adam,MaxAbsoluteDeviation,0.642365574836731,0.3968524932861328,3.4082394000142813
"[8, 8, 8, 23, 8, 23, 13]","['sigmoid', 'elu', 'tanh', 'elu', 'tanh', 'tanh', 'sigmoid']",060009f009f956,700,Adam,MaxAbsoluteDeviation,0.642365574836731,8.81796932220459,3.4472963000880554
"[8, 8, 8, 23, 8, 23, 13]","['sigmoid', 'elu', 'sigmoid', 'elu', 'tanh', 'elu', 'sigmoid']",060006f009f056,700,Adam,MaxAbsoluteDeviation,0.642365574836731,8.914335250854492,3.4014539999188855
"[8, 8, 8, 23, 8, 23, 13]","['sigmoid', 'elu', 'sigmoid', 'elu', 'tanh', 'tanh', 'sigmoid']",060006f009f956,700,Adam,MaxAbsoluteDeviation,0.642365574836731,4.741054534912109,3.399699000059627
"[8, 8, 8, 23, 8, 23, 13]","['sigmoid', 'elu', 'sigmoid', 'elu', 'tanh', 'tanh', 'sigmoid']",060006f009f956,700,Adam,MaxAbsoluteDeviation,0.8417819142341614,1.2158231735229492,3.4152463000500575
"[8, 8, 8, 23, 8, 8, 13, 20]","['sigmoid', 'elu', 'sigmoid', 'elu', 'tanh', 'tanh', 'sigmoid', 'sigmoid']",060006f0090956c6,700,Adam,MaxAbsoluteDeviation,0.8417819142341614,8.668614387512207,3.629641699953936
"[8, 8, 8, 23, 8, 23, 23]","['sigmoid', 'elu', 'sigmoid', 'elu', 'tanh', 'tanh', 'sigmoid']",060006f009f9f6,700,Adam,MaxAbsoluteDeviation,0.38024425506591797,0.5439167022705078,3.4239976999815553
"[23, 8, 8, 23, 8, 23, 23]","['sigmoid', 'elu', 'sigmoid', 'elu', 'tanh', 'tanh', 'sigmoid']",f60006f009f9f6,700,Adam,MaxAbsoluteDeviation,0.38024425506591797,8.81254768371582,3.4183368999511003
"[8, 8, 8, 23, 8, 23, 23]","['sigmoid', 'elu', 'sigmoid', 'elu', 'tanh', 'tanh', 'sigmoid']",060006f009f9f6,474,Adam,MaxAbsoluteDeviation,0.38024425506591797,1.2045783996582031,6.261378899915144
"[8, 8, 8, 23, 8, 23, 23]","['sigmoid', 'elu', 'sigmoid', 'elu', 'tanh', 'tanh', 'sigmoid']",060006f009f9f6,700,Adam,MaxAbsoluteDeviation,0.38024425506591797,8.310430526733398,3.737919299979694
"[8, 8, 8, 23, 8, 23]","['sigmoid', 'elu', 'sigmoid', 'elu', 'tanh', 'tanh']",060006f009f9,700,Adam,MaxAbsoluteDeviation,0.38024425506591797,0.5829534530639648,3.4875401000026613
"[8, 8, 8, 23, 8, 23, 23]","['sigmoid', 'elu', 'sigmoid', 'elu', 'tanh', 'tanh', 'sigmoid']",060006f009f9f6,700,Adam,MaxAbsoluteDeviation,0.44884997606277466,0.8328380584716797,3.713997600018047
"[8, 8, 8, 23, 8, 23, 23, 11]","['sigmoid', 'elu', 'sigmoid', 'elu', 'tanh', 'tanh', 'sigmoid', 'sigmoid']",060006f009f9f636,700,Adam,MaxAbsoluteDeviation,0.44884997606277466,8.610437393188477,3.9515076000243425
"[8, 8, 8, 23, 8, 23, 23]","['sigmoid', 'elu', 'sigmoid', 'elu', 'tanh', 'tanh', 'sigmoid']",060006f009f9f6,100,Adam,MaxAbsoluteDeviation,0.44884997606277466,3.268649101257324,1.0562081000534818
"[8, 8, 8, 23, 8, 23, 23]","['sigmoid', 'elu', 'sigmoid', 'elu', 'tanh', 'tanh', 'sigmoid']",060006f009f9f6,511,Adam,MaxAbsoluteDeviation,0.9836798310279846,0.6933631896972656,2.85463630000595
"[8, 8, 8, 23, 8, 23, 23]","['sigmoid', 'elu', 'sigmoid', 'elu', 'tanh', 'tanh', 'sigmoid']",060006f009f9f6,700,Adam,MaxAbsoluteDeviation,0.9276362657546997,1.7146776914596558,3.7399483000626788
"[8, 8, 8, 23, 8, 23]","['sigmoid', 'elu', 'sigmoid', 'elu', 'tanh', 'tanh']",060006f009f9,700,Adam,MaxAbsoluteDeviation,1.1825461387634277,1.5115374326705933,3.431629200000316
"[8, 8, 8, 8, 8, 23]","['sigmoid', 'elu', 'sigmoid', 'elu', 'tanh', 'tanh']",0600060009f9,700,Adam,MaxAbsoluteDeviation,1.2082605361938477,0.41011714935302734,3.3872680000495166
"[8, 8, 8, 8, 8, 23]","['sigmoid', 'elu', 'sigmoid', 'elu', 'tanh', 'tanh']",0600060009f9,100,Adam,MaxAbsoluteDeviation,1.2082605361938477,1.989731788635254,0.9536713999696076
"[8, 8, 8, 8, 8, 23]","['sigmoid', 'elu', 'sigmoid', 'elu', 'tanh', 'tanh']",0600060009f9,380,Adam,MaxAbsoluteDeviation,0.7633277773857117,1.6298751831054688,2.0505627000238746
"[8, 8, 8, 8, 8]","['sigmoid', 'elu', 'sigmoid', 'elu', 'tanh']",0600060009,380,Adam,MaxAbsoluteDeviation,0.7633277773857117,8.746119499206543,1.8855374000268057
"[8, 8, 8, 8, 8, 23]","['sigmoid', 'elu', 'sigmoid', 'elu', 'tanh', 'tanh']",0600060009f9,350,Adam,MaxAbsoluteDeviation,0.345072478055954,0.497161865234375,1.9269107000436634
"[8, 8, 8, 8, 8, 23]","['sigmoid', 'elu', 'sigmoid', 'elu', 'tanh', 'tanh']",0600060009f9,100,Adam,MaxAbsoluteDeviation,1.4091070890426636,1.1653094291687012,0.9545602999860421
"[8, 8, 8, 8, 8, 23]","['sigmoid', 'elu', 'sigmoid', 'elu', 'tanh', 'tanh']",0600060009f9,100,Adam,MaxAbsoluteDeviation,1.4091070890426636,8.486376762390137,0.9463277000468224
"[8, 8, 8, 8, 8, 23]","['sigmoid', 'elu', 'sigmoid', 'elu', 'tanh', 'tanh']",0600060009f9,100,Adam,MaxAbsoluteDeviation,1.0494740009307861,1.473810076713562,0.9441995000233874
"[8, 23, 8, 8, 8, 23]","['sigmoid', 'elu', 'sigmoid', 'elu', 'tanh', 'tanh']",06f0060009f9,100,Adam,MaxAbsoluteDeviation,1.0494740009307861,2.3447318077087402,0.953000699984841
"[8, 8, 8, 8, 8, 23]","['sigmoid', 'elu', 'sigmoid', 'elu', 'tanh', 'swish']",0600060009f8,100,Adam,MaxAbsoluteDeviation,1.0612609386444092,0.6331219673156738,0.9653255000011995
"[8, 8, 8, 8, 8, 23]","['sigmoid', 'elu', 'sigmoid', 'elu', 'tanh', 'swish']",0600060009f8,100,Adam,MaxAbsoluteDeviation,1.0612609386444092,2.8575048446655273,0.9627970999572426
"[8, 8, 8, 8, 8]","['sigmoid', 'elu', 'sigmoid', 'elu', 'tanh']",0600060009,100,Adam,MaxAbsoluteDeviation,1.0612609386444092,8.452041625976562,0.8795034000650048
"[8, 8, 8, 8, 8]","['sigmoid', 'elu', 'sigmoid', 'elu', 'tanh']",0600060009,100,Adam,MaxAbsoluteDeviation,1.0612609386444092,8.296391487121582,0.8665075999451801
"[8, 8, 8, 8, 8, 23]","['sigmoid', 'elu', 'sigmoid', 'elu', 'tanh', 'swish']",0600060009f8,700,Adam,MaxAbsoluteDeviation,0.16531993448734283,0.09038329124450684,3.3235826999880373
"[8, 8, 8, 8, 8, 23]","['sigmoid', 'swish', 'sigmoid', 'elu', 'tanh', 'swish']",0608060009f8,700,Adam,MaxAbsoluteDeviation,1.2516608238220215,1.3006057739257812,3.3091159000759944
"[8, 8, 8, 8, 8, 23, 12]","['sigmoid', 'swish', 'sigmoid', 'elu', 'elu', 'swish', 'sigmoid']",0608060000f846,100,Adam,MaxAbsoluteDeviation,1.2516608238220215,8.263545989990234,1.0657050999579951
"[8, 8, 8, 8, 8, 23]","['sigmoid', 'swish', 'sigmoid', 'elu', 'tanh', 'swish']",0608060009f8,700,Adam,MaxAbsoluteDeviation,0.5064173936843872,0.5729408264160156,3.339174900087528
"[8, 8, 8, 8, 8]","['sigmoid', 'swish', 'sigmoid', 'elu', 'tanh']",0608060009,700,Adam,MaxAbsoluteDeviation,0.5221319794654846,0.27000272274017334,3.064831000054255
"[8, 8, 8, 8, 8, 21]","['sigmoid', 'swish', 'sigmoid', 'elu', 'tanh', 'swish']",0608060009d8,700,Adam,MaxAbsoluteDeviation,0.3798799216747284,1.0647525787353516,3.309452199959196
"[8, 8, 8, 8, 8, 21]","['sigmoid', 'swish', 'sigmoid', 'elu', 'tanh', 'swish']",0608060009d8,264,Adam,MaxAbsoluteDeviation,0.6615409851074219,0.7579975128173828,1.588063000002876
"[8, 8, 8, 8, 8, 21, 23]","['sigmoid', 'swish', 'sigmoid', 'elu', 'tanh', 'swish', 'swish']",0608060009d8f8,264,Adam,MaxAbsoluteDeviation,0.9362369775772095,1.615728497505188,1.7123547999653965
"[8, 8, 8, 8, 8, 21, 23, 9]","['sigmoid', 'swish', 'sigmoid', 'elu', 'tanh', 'swish', 'swish', 'elu']",0608060009d8f810,264,Adam,MaxAbsoluteDeviation,1.4549614191055298,1.3492765426635742,1.8457745000487193
"[8, 8, 8, 8, 8, 23, 23]","['sigmoid', 'swish', 'sigmoid', 'elu', 'tanh', 'swish', 'swish']",0608060009f8f8,264,Adam,MaxAbsoluteDeviation,0.6426991820335388,0.8682203888893127,1.715343700023368
"[8, 8, 8, 23, 8, 23, 23]","['sigmoid', 'swish', 'sigmoid', 'elu', 'tanh', 'swish', 'swish']",060806f009f8f8,264,Adam,MaxAbsoluteDeviation,0.6426991820335388,8.174110412597656,1.7086330000311136
"[8, 8, 8, 8, 23, 23, 23]","['sigmoid', 'swish', 'sigmoid', 'elu', 'tanh', 'swish', 'swish']",06080600f9f8f8,264,Adam,MaxAbsoluteDeviation,0.9719082713127136,0.9997539520263672,1.720206799916923
"[8, 8, 8, 8, 23, 23, 23]","['sigmoid', 'swish', 'sigmoid', 'elu', 'tanh', 'swish', 'swish']",06080600f9f8f8,138,Adam,MaxAbsoluteDeviation,1.1771689653396606,1.0734853744506836,1.2265623999992386
"[8, 8, 8, 8, 23, 23, 23]","['sigmoid', 'swish', 'sigmoid', 'elu', 'tanh', 'swish', 'swish']",06080600f9f8f8,116,Adam,MaxAbsoluteDeviation,1.8463830947875977,1.0319523811340332,1.143466699984856
"[8, 23, 8, 8, 23, 23]","['sigmoid', 'swish', 'sigmoid', 'elu', 'tanh', 'swish']",06f80600f9f8,116,Adam,MaxAbsoluteDeviation,2.46998929977417,0.9542779326438904,1.032708700047806
"[8, 23, 8, 8, 23, 23, 21]","['sigmoid', 'swish', 'sigmoid', 'elu', 'tanh', 'swish', 'elu']",06f80600f9f8d0,116,Adam,MaxAbsoluteDeviation,1.3896665573120117,2.7997798919677734,1.1107021999778226
"[8, 23, 8, 8, 23, 23, 21, 10]","['sigmoid', 'swish', 'sigmoid', 'elu', 'tanh', 'swish', 'elu', 'tanh']",06f80600f9f8d029,116,Adam,MaxAbsoluteDeviation,1.3896665573120117,6.970513343811035,1.2009718000190333
"[8, 23, 8, 8, 23, 23, 21]","['sigmoid', 'swish', 'sigmoid', 'elu', 'tanh', 'swish', 'elu']",06f80600f9f8d0,700,Adam,MaxAbsoluteDeviation,0.5957633256912231,1.461797833442688,3.464289200026542
"[8, 23, 8, 8, 8, 23, 21]","['sigmoid', 'swish', 'sigmoid', 'elu', 'tanh', 'swish', 'elu']",06f8060009f8d0,700,Adam,MaxAbsoluteDeviation,1.1111977100372314,0.7489891052246094,3.4565794999944046
"[8, 23, 8, 8, 8, 23, 21]","['sigmoid', 'swish', 'sigmoid', 'elu', 'tanh', 'swish', 'elu']",06f8060009f8d0,700,Adam,MaxAbsoluteDeviation,0.6089662313461304,0.19827890396118164,3.446183599997312
"[8, 23, 8, 8, 8, 23, 21]","['sigmoid', 'swish', 'sigmoid', 'elu', 'tanh', 'swish', 'elu']",06f8060009f8d0,700,Adam,MaxAbsoluteDeviation,0.600972056388855,0.7125453948974609,3.416880299919285
"[8, 23, 8, 8, 8, 23, 21]","['sigmoid', 'swish', 'sigmoid', 'elu', 'tanh', 'swish', 'elu']",06f8060009f8d0,700,Adam,MaxAbsoluteDeviation,0.8324035406112671,0.4939115047454834,3.399774399935268
"[8, 23, 8, 8, 8, 23, 21]","['swish', 'swish', 'sigmoid', 'elu', 'tanh', 'swish', 'elu']",08f8060009f8d0,700,Adam,MaxAbsoluteDeviation,0.2732023000717163,0.5555963516235352,3.4434448999818414
"[8, 23, 8, 8, 8, 23, 8, 9]","['swish', 'swish', 'sigmoid', 'elu', 'tanh', 'swish', 'elu', 'elu']",08f8060009f80010,700,Adam,MaxAbsoluteDeviation,0.3971598744392395,0.4216632843017578,3.62139899993781
"[8, 23, 8, 8, 8, 23, 8]","['swish', 'swish', 'sigmoid', 'elu', 'tanh', 'swish', 'elu']",08f8060009f800,700,Adam,MaxAbsoluteDeviation,0.29023268818855286,0.2547798156738281,3.392111900029704
"[8, 23, 8, 8, 8, 23, 8, 15]","['swish', 'swish', 'sigmoid', 'elu', 'tanh', 'swish', 'elu', 'swish']",08f8060009f80078,700,Adam,MaxAbsoluteDeviation,0.29023268818855286,0.6951531767845154,3.651703199953772
"[8, 23, 8, 8, 8, 23, 8]","['swish', 'swish', 'sigmoid', 'elu', 'tanh', 'swish', 'elu']",08f8060009f800,700,Adam,MaxAbsoluteDeviation,0.2873329222202301,0.2567157745361328,3.3942953000077978
"[8, 23, 8, 8, 8, 23, 8]","['swish', 'swish', 'sigmoid', 'elu', 'tanh', 'swish', 'elu']",08f8060009f800,700,Adam,MaxAbsoluteDeviation,0.5401136875152588,0.4107367992401123,3.3132739000720903
"[8, 23, 8, 8, 8, 23]","['swish', 'swish', 'sigmoid', 'elu', 'tanh', 'swish']",08f8060009f8,700,Adam,MaxAbsoluteDeviation,0.25745895504951477,0.282745361328125,3.1985509999794886
"[8, 23, 8, 8, 8]","['swish', 'swish', 'sigmoid', 'elu', 'tanh']",08f8060009,481,Adam,MaxAbsoluteDeviation,0.25745895504951477,0.5813980102539062,2.1710428000660613
"[8, 23, 8, 8, 8, 23]","['elu', 'swish', 'sigmoid', 'elu', 'tanh', 'swish']",00f8060009f8,700,Adam,MaxAbsoluteDeviation,0.4551365375518799,0.6252822875976562,3.1152856000699103
"[8, 23, 8, 8, 8, 23]","['elu', 'swish', 'sigmoid', 'elu', 'tanh', 'swish']",00f8060009f8,700,Adam,MaxAbsoluteDeviation,0.5058944821357727,0.13347434997558594,3.1321306000463665
"[8, 23, 8, 8, 8]","['elu', 'swish', 'sigmoid', 'elu', 'tanh']",00f8060009,700,Adam,MaxAbsoluteDeviation,0.2480320930480957,0.7874259948730469,2.9081891999812797
"[8, 23, 8, 8, 19]","['elu', 'swish', 'sigmoid', 'elu', 'tanh']",00f80600b9,700,Adam,MaxAbsoluteDeviation,0.49078214168548584,0.4381580352783203,2.8897170999553055
"[8, 23, 23, 8, 19, 10]","['elu', 'swish', 'sigmoid', 'elu', 'tanh', 'tanh']",00f8f600b929,700,Adam,MaxAbsoluteDeviation,0.74835604429245,0.5465221405029297,3.0968438999261707
"[8, 23, 23, 8, 8, 10]","['elu', 'swish', 'sigmoid', 'elu', 'tanh', 'tanh']",00f8f6000929,700,Adam,MaxAbsoluteDeviation,0.9697903394699097,0.6261720657348633,3.059126599924639
"[8, 23, 23, 8, 8, 10]","['elu', 'swish', 'sigmoid', 'elu', 'tanh', 'tanh']",00f8f6000929,100,Adam,MaxAbsoluteDeviation,0.9697903394699097,2.743436813354492,0.9132402000250295
"[8, 23, 23, 8, 8]","['elu', 'swish', 'sigmoid', 'elu', 'tanh']",00f8f60009,700,Adam,MaxAbsoluteDeviation,0.49741923809051514,1.123769760131836,2.871353800059296
"[8, 23, 23, 8, 8]","['elu', 'swish', 'sigmoid', 'elu', 'tanh']",00f8f60009,700,Adam,MaxAbsoluteDeviation,0.6917714476585388,0.30211496353149414,2.8716985000064597
"[8, 23, 23, 8]","['elu', 'swish', 'sigmoid', 'elu']",00f8f600,700,Adam,MaxAbsoluteDeviation,0.4208988845348358,0.13970088958740234,2.7361175999976695
"[8, 8, 23, 8]","['elu', 'swish', 'sigmoid', 'elu']",0008f600,700,Adam,MaxAbsoluteDeviation,0.21154190599918365,0.06293487548828125,2.6920789000578225
"[8, 8, 23, 8, 12]","['elu', 'swish', 'sigmoid', 'elu', 'tanh']",0008f60049,700,Adam,MaxAbsoluteDeviation,0.4531297981739044,0.9632186889648438,2.831566800014116
"[8, 8, 23, 8, 12]","['elu', 'swish', 'sigmoid', 'elu', 'tanh']",0008f60049,100,Adam,MaxAbsoluteDeviation,0.4531297981739044,1.1047744750976562,0.8368289999198169
"[8, 8, 23, 23, 12]","['elu', 'swish', 'sigmoid', 'elu', 'tanh']",0008f6f049,700,Adam,MaxAbsoluteDeviation,0.4531297981739044,1.0418119430541992,2.8291740000713617
"[8, 8, 23, 8, 12]","['elu', 'swish', 'sigmoid', 'elu', 'tanh']",0008f60049,700,Adam,MaxAbsoluteDeviation,0.5999751091003418,0.5209412574768066,2.815510099986568
"[8, 8, 23, 8, 12, 10]","['elu', 'swish', 'sigmoid', 'elu', 'tanh', 'elu']",0008f6004920,700,Adam,MaxAbsoluteDeviation,0.8621664643287659,0.3406751751899719,2.945199599955231
"[8, 8, 23, 23, 12, 10]","['elu', 'swish', 'sigmoid', 'elu', 'tanh', 'elu']",0008f6f04920,700,Adam,MaxAbsoluteDeviation,0.662099301815033,0.7101874351501465,2.959685300011188
"[8, 8, 23, 23, 12, 10]","['elu', 'swish', 'sigmoid', 'elu', 'tanh', 'elu']",0008f6f04920,700,Adam,MaxAbsoluteDeviation,1.3150721788406372,1.5611004829406738,2.934722999925725
"[8, 8, 23, 23, 12, 10, 13]","['elu', 'swish', 'sigmoid', 'elu', 'tanh', 'elu', 'elu']",0008f6f0492050,700,Adam,MaxAbsoluteDeviation,1.5688810348510742,0.9454388618469238,3.0894035999663174
"[8, 8, 23, 23, 12, 10, 13, 14]","['elu', 'swish', 'sigmoid', 'elu', 'elu', 'elu', 'elu', 'sigmoid']",0008f6f040205066,700,Adam,MaxAbsoluteDeviation,1.5688810348510742,8.431548118591309,3.2108687000581995
"[8, 8, 23, 23, 12, 10, 13]","['elu', 'swish', 'sigmoid', 'elu', 'tanh', 'elu', 'elu']",0008f6f0492050,700,Adam,MaxAbsoluteDeviation,0.29714077711105347,0.4472084045410156,3.056099299923517
"[8, 8, 23, 23, 12, 10]","['elu', 'swish', 'sigmoid', 'elu', 'tanh', 'elu']",0008f6f04920,100,Adam,MaxAbsoluteDeviation,0.29714077711105347,4.571158409118652,4.564390299958177
"[8, 8, 23, 23, 12, 10, 13]","['elu', 'sigmoid', 'sigmoid', 'elu', 'tanh', 'elu', 'elu']",0006f6f0492050,700,Adam,MaxAbsoluteDeviation,0.5796741247177124,0.9576034545898438,3.770334900007583
"[8, 8, 23, 23, 12, 8, 13]","['elu', 'sigmoid', 'sigmoid', 'elu', 'tanh', 'elu', 'elu']",0006f6f0490050,700,Adam,MaxAbsoluteDeviation,0.4797491133213043,0.3535771071910858,3.7693154000444338
"[8, 8, 23, 23, 12, 8, 13, 22]","['elu', 'sigmoid', 'sigmoid', 'elu', 'tanh', 'elu', 'elu', 'tanh']",0006f6f0490050e9,270,Adam,MaxAbsoluteDeviation,0.4797491133213043,1.4336671829223633,1.8967189999530092
"[8, 8, 23, 23, 12, 8, 13]","['elu', 'sigmoid', 'sigmoid', 'elu', 'tanh', 'elu', 'elu']",0006f6f0490050,700,Adam,MaxAbsoluteDeviation,0.7716842889785767,0.48985862731933594,3.7052081000292674
"[8, 8, 23, 23, 12, 8]","['elu', 'sigmoid', 'sigmoid', 'elu', 'tanh', 'elu']",0006f6f04900,700,Adam,MaxAbsoluteDeviation,0.2111627161502838,0.4640998840332031,3.442862000083551
"[8, 8, 23, 23, 12, 8, 20]","['elu', 'sigmoid', 'tanh', 'elu', 'tanh', 'elu', 'swish']",0006f9f04900c8,700,Adam,MaxAbsoluteDeviation,0.2111627161502838,8.741174697875977,3.743076500017196
"[8, 8, 23, 23, 12, 8]","['elu', 'sigmoid', 'sigmoid', 'elu', 'tanh', 'elu']",0006f6f04900,700,Adam,MaxAbsoluteDeviation,0.8026553988456726,1.0937519073486328,3.4267379000084475
"[8, 8, 23, 23, 12]","['elu', 'sigmoid', 'sigmoid', 'swish', 'tanh']",0006f6f849,700,Adam,MaxAbsoluteDeviation,0.37251216173171997,0.4387364089488983,3.1966302000219002
"[8, 8, 23, 23, 12]","['elu', 'sigmoid', 'sigmoid', 'swish', 'tanh']",0006f6f849,100,Adam,MaxAbsoluteDeviation,0.37251216173171997,8.685017585754395,0.8920241000596434
"[8, 8, 23, 23]","['elu', 'sigmoid', 'sigmoid', 'swish']",0006f6f8,700,Adam,MaxAbsoluteDeviation,0.2739171087741852,0.19801807403564453,2.9819197000470012
"[8, 8, 23, 23]","['elu', 'sigmoid', 'sigmoid', 'swish']",0006f6f8,700,Adam,MaxAbsoluteDeviation,0.2739171087741852,0.3693656921386719,2.982730000047013
"[8, 8, 23]","['elu', 'sigmoid', 'sigmoid']",0006f6,700,Adam,MaxAbsoluteDeviation,0.29961180686950684,0.04594707489013672,2.6509504000423476
"[8, 8, 23]","['elu', 'sigmoid', 'sigmoid']",0006f6,700,Adam,MaxAbsoluteDeviation,0.14719389379024506,0.10508346557617188,2.661876400001347
"[8, 8, 8]","['elu', 'sigmoid', 'sigmoid']",000606,700,Adam,MaxAbsoluteDeviation,0.10414594411849976,0.1251506805419922,2.645024299970828
"[8, 8, 8]","['elu', 'sigmoid', 'sigmoid']",000606,700,Adam,MaxAbsoluteDeviation,0.25108498334884644,0.2003345489501953,2.6513799999374896
"[8, 8, 8]","['elu', 'sigmoid', 'sigmoid']",000606,646,Adam,MaxAbsoluteDeviation,0.07560104131698608,0.12070441246032715,2.438570800004527
