"[9, 20, 17]","['swish', 'swish', 'elu']",18c890,581,Adam,MaxAbsoluteDeviation,0.2724698781967163,0.11506658047437668,3.183418200002052
"[8, 20, 23]","['swish', 'swish', 'elu']",08c8f0,581,Adam,MaxAbsoluteDeviation,0.4902532398700714,0.2822103798389435,3.230524400016293
"[23, 20, 23]","['swish', 'swish', 'elu']",f8c8f0,581,Adam,MaxAbsoluteDeviation,0.2857661545276642,0.15506136417388916,3.2267604999942705
"[8, 20, 23]","['swish', 'swish', 'sigmoid']",08c8f6,700,Adam,MaxAbsoluteDeviation,0.12627701461315155,0.15199241042137146,3.7434699999867007
"[8, 20]","['swish', 'swish']",08c8,167,Adam,MaxAbsoluteDeviation,0.1841910034418106,0.18256451189517975,1.0484537999145687
"[8, 20]","['swish', 'swish']",08c8,700,Adam,MaxAbsoluteDeviation,0.23462021350860596,0.2068074345588684,3.352755200001411
"[8, 20]","['swish', 'swish']",08c8,374,Adam,MaxAbsoluteDeviation,0.23462021350860596,0.09965316951274872,1.928053900017403
"[8, 20]","['swish', 'swish']",08c8,700,Adam,MaxAbsoluteDeviation,0.17655952274799347,0.09192883968353271,3.4471890999702737
"[8, 20]","['swish', 'swish']",08c8,376,Adam,MaxAbsoluteDeviation,0.1458255499601364,0.10564707219600677,1.9216647000284865
"[8, 20, 23]","['swish', 'swish', 'sigmoid']",08c8f6,376,Adam,MaxAbsoluteDeviation,0.28320008516311646,0.21898925304412842,2.158074300037697
"[23, 20, 23]","['elu', 'swish', 'sigmoid']",f0c8f6,376,Adam,MaxAbsoluteDeviation,0.3665682077407837,0.11283570528030396,2.0962248999858275
"[23, 20, 23]","['swish', 'swish', 'sigmoid']",f8c8f6,376,Adam,MaxAbsoluteDeviation,0.14442536234855652,0.10964032262563705,2.180218999972567
"[23, 20, 23]","['swish', 'swish', 'sigmoid']",f8c8f6,700,Adam,MaxAbsoluteDeviation,0.11300520598888397,0.11255088448524475,3.680292999953963
"[23, 20, 23]","['swish', 'swish', 'sigmoid']",f8c8f6,700,Adam,MaxAbsoluteDeviation,0.264821857213974,0.08499617129564285,3.723767700023018
"[23, 23, 23]","['swish', 'sigmoid', 'sigmoid']",f8f6f6,700,Adam,MaxAbsoluteDeviation,0.1879851073026657,0.10010744631290436,3.7069432999705896
"[23, 23, 23]","['swish', 'elu', 'sigmoid']",f8f0f6,700,Adam,MaxAbsoluteDeviation,0.19040580093860626,0.11630137264728546,3.682419899967499
"[23, 23]","['swish', 'elu']",f8f0,700,Adam,MaxAbsoluteDeviation,0.18409308791160583,0.16751635074615479,3.274727000040002
"[8, 23]","['swish', 'elu']",08f0,700,Adam,MaxAbsoluteDeviation,0.1375696063041687,0.1236855536699295,3.2789770999224856
"[8, 23, 18]","['swish', 'elu', 'sigmoid']",08f0a6,700,Adam,MaxAbsoluteDeviation,0.12539392709732056,0.17268534004688263,3.6075465000467375
"[8, 23, 18, 19]","['swish', 'elu', 'sigmoid', 'swish']",08f0a6b8,700,Adam,MaxAbsoluteDeviation,0.11954730749130249,0.06852655857801437,3.9111855999799445
"[8, 23, 18, 19]","['swish', 'elu', 'sigmoid', 'swish']",08f0a6b8,100,Adam,MaxAbsoluteDeviation,0.42914190888404846,0.6205114722251892,0.958274699980393
"[8, 23, 18, 19, 23]","['swish', 'elu', 'sigmoid', 'swish', 'sigmoid']",08f0a6b8f6,100,Adam,MaxAbsoluteDeviation,0.4902152419090271,0.43868663907051086,1.029348099953495
"[8, 23, 18, 19, 23]","['swish', 'elu', 'swish', 'swish', 'sigmoid']",08f0a8b8f6,100,Adam,MaxAbsoluteDeviation,0.8245737552642822,0.5409916043281555,1.0428917999379337
"[8, 23, 18, 19, 23]","['swish', 'elu', 'swish', 'swish', 'sigmoid']",08f0a8b8f6,100,Adam,MaxAbsoluteDeviation,0.5105916857719421,0.4816140830516815,1.0530153999570757
"[8, 23, 18, 19, 23]","['swish', 'elu', 'swish', 'tanh', 'sigmoid']",08f0a8b9f6,100,Adam,MaxAbsoluteDeviation,0.7251254320144653,0.44439375400543213,1.0291800000704825
"[8, 23, 18, 19, 23, 12]","['swish', 'elu', 'swish', 'tanh', 'sigmoid', 'sigmoid']",08f0a8b9f646,100,Adam,MaxAbsoluteDeviation,0.7251254320144653,1.911342740058899,1.1218256000429392
"[8, 23, 18, 19, 23]","['swish', 'elu', 'swish', 'tanh', 'sigmoid']",08f0a8b9f6,100,Adam,MaxAbsoluteDeviation,0.2986632287502289,0.35121476650238037,1.02525579999201
"[8, 23, 18, 19, 23]","['swish', 'elu', 'swish', 'tanh', 'sigmoid']",08f0a8b9f6,100,Adam,MaxAbsoluteDeviation,0.6351770162582397,0.56136554479599,1.0152944000437856
"[8, 23, 18, 19, 23]","['swish', 'elu', 'swish', 'tanh', 'sigmoid']",08f0a8b9f6,100,Adam,MaxAbsoluteDeviation,0.6453887224197388,0.6062646508216858,1.020663500064984
"[8, 8, 18, 19, 23]","['swish', 'elu', 'swish', 'tanh', 'sigmoid']",0800a8b9f6,100,Adam,MaxAbsoluteDeviation,0.35357755422592163,0.25033214688301086,1.0245327999582514
"[8, 23, 18, 19, 23]","['swish', 'elu', 'swish', 'tanh', 'sigmoid']",08f0a8b9f6,100,Adam,MaxAbsoluteDeviation,0.4232572913169861,0.34316617250442505,1.02665260003414
"[8, 8, 23, 19, 23]","['swish', 'elu', 'swish', 'tanh', 'sigmoid']",0800f8b9f6,100,Adam,MaxAbsoluteDeviation,0.4232572913169861,0.44381892681121826,1.024595299968496
"[8, 23, 18, 19]","['elu', 'elu', 'swish', 'tanh']",00f0a8b9,100,Adam,MaxAbsoluteDeviation,0.6414551734924316,0.25962039828300476,0.9050366999581456
"[8, 23, 18, 19]","['elu', 'elu', 'elu', 'tanh']",00f0a0b9,100,Adam,MaxAbsoluteDeviation,0.9003263115882874,0.9770326614379883,0.897571999928914
"[23, 23, 18, 19, 23]","['elu', 'elu', 'elu', 'tanh', 'swish']",f0f0a0b9f8,100,Adam,MaxAbsoluteDeviation,0.9003263115882874,0.7740959525108337,0.9933346000034362
"[8, 23, 18, 19]","['elu', 'swish', 'elu', 'tanh']",00f8a0b9,100,Adam,MaxAbsoluteDeviation,0.4593088924884796,0.14926666021347046,0.9090159999905154
"[8, 23, 18, 19, 17]","['elu', 'swish', 'elu', 'tanh', 'sigmoid']",00f8a0b996,700,Adam,MaxAbsoluteDeviation,0.35196399688720703,0.38131430745124817,3.9378891999367625
"[8, 23, 18, 19]","['elu', 'swish', 'elu', 'tanh']",00f8a0b9,700,Adam,MaxAbsoluteDeviation,0.32645145058631897,0.28246021270751953,3.7026468000840396
"[8, 8, 18, 19]","['elu', 'swish', 'tanh', 'tanh']",0008a9b9,700,Adam,MaxAbsoluteDeviation,0.32098937034606934,0.3509422242641449,3.673078399966471
"[8, 8, 18, 19]","['elu', 'swish', 'tanh', 'tanh']",0008a9b9,439,Adam,MaxAbsoluteDeviation,0.2879246473312378,0.18753601610660553,2.4890348999761045
"[8, 8, 18, 19, 17]","['elu', 'swish', 'tanh', 'tanh', 'sigmoid']",0008a9b996,439,Adam,MaxAbsoluteDeviation,0.4995395839214325,0.26528874039649963,2.5724895999301225
"[8, 8, 18, 19, 17]","['elu', 'swish', 'tanh', 'tanh', 'sigmoid']",0008a9b996,378,Adam,MaxAbsoluteDeviation,0.4995395839214325,0.28933677077293396,2.2974426000146195
"[8, 8, 18, 19, 17]","['elu', 'swish', 'tanh', 'tanh', 'sigmoid']",0008a9b996,700,Adam,MaxAbsoluteDeviation,0.41901007294654846,0.3440800607204437,3.900870900019072
"[8, 8, 18, 19]","['swish', 'swish', 'tanh', 'tanh']",0808a9b9,700,Adam,MaxAbsoluteDeviation,0.2621830403804779,0.1908973902463913,3.7021191999083385
"[23, 8, 18, 19]","['swish', 'swish', 'tanh', 'tanh']",f808a9b9,700,Adam,MaxAbsoluteDeviation,0.5363145470619202,0.22120684385299683,3.789403999922797
"[23, 8, 18]","['swish', 'swish', 'tanh']",f808a9,700,Adam,MaxAbsoluteDeviation,0.32359886169433594,0.09188903868198395,3.515046800021082
"[23, 8]","['swish', 'swish']",f808,700,Adam,MaxAbsoluteDeviation,0.18379762768745422,0.1266309916973114,3.1699874999467283
"[23, 8, 23]","['swish', 'swish', 'swish']",f808f8,700,Adam,MaxAbsoluteDeviation,0.20181263983249664,0.20799320936203003,3.5581996999680996
"[23, 23, 23]","['swish', 'swish', 'swish']",f8f8f8,700,Adam,MaxAbsoluteDeviation,0.17238712310791016,0.15249791741371155,10.42533400002867
"[23, 23, 23]","['swish', 'swish', 'swish']",f8f8f8,700,Adam,MaxAbsoluteDeviation,0.27069899439811707,0.2701849937438965,4.76069730008021
"[23, 23, 23]","['swish', 'swish', 'swish']",f8f8f8,680,Adam,MaxAbsoluteDeviation,0.26792773604393005,0.18903803825378418,4.716518900007941
"[23, 23, 23]","['swish', 'swish', 'swish']",f8f8f8,465,Adam,MaxAbsoluteDeviation,0.3139841854572296,0.19648587703704834,3.319192499970086
"[23, 23, 23]","['swish', 'swish', 'swish']",f8f8f8,465,Adam,MaxAbsoluteDeviation,0.3566361665725708,0.3939497768878937,3.217253500013612
"[23, 8, 23]","['swish', 'swish', 'swish']",f808f8,465,Adam,MaxAbsoluteDeviation,0.20780004560947418,0.13295958936214447,3.2316968999803066
"[23, 8, 23]","['swish', 'swish', 'swish']",f808f8,465,Adam,MaxAbsoluteDeviation,0.20780004560947418,0.3251049816608429,3.2441327999113128
"[23, 8, 23, 12]","['swish', 'swish', 'swish', 'tanh']",f808f849,465,Adam,MaxAbsoluteDeviation,0.2687362730503082,0.15888763964176178,3.677670200006105
"[23, 8, 23, 12]","['swish', 'swish', 'swish', 'tanh']",f808f849,343,Adam,MaxAbsoluteDeviation,0.6543508172035217,0.09023953974246979,2.8324014000827447
"[23, 8, 23, 12]","['tanh', 'swish', 'swish', 'tanh']",f908f849,343,Adam,MaxAbsoluteDeviation,0.20199894905090332,0.12895284593105316,2.8167417999356985
"[23, 8, 23, 12, 12]","['tanh', 'swish', 'swish', 'tanh', 'swish']",f908f84948,343,Adam,MaxAbsoluteDeviation,0.44434213638305664,0.16633860766887665,3.192023599985987
"[23, 8, 23, 23, 12]","['tanh', 'swish', 'swish', 'tanh', 'swish']",f908f8f948,343,Adam,MaxAbsoluteDeviation,0.3585572838783264,0.3595435619354248,3.2180766999954358
"[23, 23, 23, 23, 12]","['tanh', 'swish', 'swish', 'tanh', 'swish']",f9f8f8f948,343,Adam,MaxAbsoluteDeviation,0.3537096679210663,0.21280890703201294,3.218813000014052
"[23, 23, 23, 23, 12]","['tanh', 'swish', 'swish', 'tanh', 'sigmoid']",f9f8f8f946,343,Adam,MaxAbsoluteDeviation,0.6158594489097595,0.627027690410614,3.118981199921109
"[23, 23, 23, 23, 12]","['tanh', 'swish', 'swish', 'tanh', 'sigmoid']",f9f8f8f946,100,Adam,MaxAbsoluteDeviation,1.0364054441452026,0.4224294126033783,1.299397199996747
"[23, 8, 23, 23, 12]","['tanh', 'swish', 'swish', 'tanh', 'sigmoid']",f908f8f946,100,Adam,MaxAbsoluteDeviation,0.501101016998291,0.43382808566093445,1.3059898000210524
"[23, 8, 8, 23, 12]","['tanh', 'swish', 'swish', 'tanh', 'sigmoid']",f90808f946,100,Adam,MaxAbsoluteDeviation,0.4577626585960388,0.4646209180355072,1.2873702999204397
"[23, 8, 8, 23, 12]","['tanh', 'swish', 'swish', 'tanh', 'sigmoid']",f90808f946,700,Adam,MaxAbsoluteDeviation,0.4467300474643707,0.37054184079170227,5.896570299984887
"[23, 8, 8, 23, 12, 10]","['tanh', 'swish', 'swish', 'tanh', 'sigmoid', 'swish']",f90808f94628,700,Adam,MaxAbsoluteDeviation,0.5173371434211731,0.5870682001113892,6.554580199997872
"[23, 8, 8, 23, 12, 10]","['tanh', 'swish', 'swish', 'tanh', 'sigmoid', 'swish']",f90808f94628,700,Adam,MaxAbsoluteDeviation,0.3732818365097046,0.3934082090854645,6.438358000013977
"[23, 8, 8, 23, 12]","['tanh', 'swish', 'swish', 'tanh', 'sigmoid']",f90808f946,700,Adam,MaxAbsoluteDeviation,0.22721168398857117,0.24766285717487335,5.829906799946912
"[23, 8, 8, 23, 12]","['tanh', 'swish', 'swish', 'tanh', 'sigmoid']",f90808f946,700,Adam,MaxAbsoluteDeviation,0.23874445259571075,0.16077277064323425,5.804512299946509
"[23, 8, 8, 23, 12, 16]","['tanh', 'swish', 'swish', 'tanh', 'sigmoid', 'elu']",f90808f94680,700,Adam,MaxAbsoluteDeviation,0.5279955863952637,0.3571694493293762,6.322204299969599
"[23, 8, 8, 23, 12, 16]","['tanh', 'swish', 'swish', 'tanh', 'sigmoid', 'elu']",f90808f94680,700,Adam,MaxAbsoluteDeviation,0.2058807760477066,0.25964081287384033,6.325723099987954
"[23, 8, 8, 23, 12]","['tanh', 'swish', 'swish', 'tanh', 'sigmoid']",f90808f946,700,Adam,MaxAbsoluteDeviation,0.3228992223739624,0.18486163020133972,5.825414799968712
"[23, 8, 8, 23, 12]","['tanh', 'swish', 'swish', 'tanh', 'sigmoid']",f90808f946,700,Adam,MaxAbsoluteDeviation,0.24042002856731415,0.34826406836509705,5.762622500071302
"[23, 8, 8, 23, 12]","['tanh', 'swish', 'swish', 'tanh', 'sigmoid']",f90808f946,700,Adam,MaxAbsoluteDeviation,0.46235087513923645,0.16373573243618011,5.762986100045964
"[23, 8, 8, 23]","['tanh', 'swish', 'swish', 'tanh']",f90808f9,700,Adam,MaxAbsoluteDeviation,0.20395329594612122,0.07251408696174622,5.218931400100701
"[23, 8, 8, 23, 14]","['tanh', 'swish', 'swish', 'tanh', 'tanh']",f90808f969,700,Adam,MaxAbsoluteDeviation,0.4761914014816284,0.4033030569553375,5.62975770002231
"[23, 8, 23, 23, 14]","['tanh', 'swish', 'swish', 'tanh', 'tanh']",f908f8f969,700,Adam,MaxAbsoluteDeviation,0.6206413507461548,0.761320173740387,5.68913519999478
"[23, 8, 23, 23, 14, 13]","['tanh', 'swish', 'swish', 'tanh', 'tanh', 'tanh']",f908f8f96959,700,Adam,MaxAbsoluteDeviation,0.541793167591095,0.5838150978088379,6.158221099991351
"[23, 8, 23, 23, 14]","['tanh', 'swish', 'swish', 'tanh', 'elu']",f908f8f960,700,Adam,MaxAbsoluteDeviation,0.41291627287864685,0.23926745355129242,5.679269100073725
"[23, 8, 23, 23, 14]","['tanh', 'elu', 'swish', 'tanh', 'elu']",f900f8f960,700,Adam,MaxAbsoluteDeviation,0.6757494211196899,0.4715622067451477,5.661187299992889
"[23, 23, 23, 23, 14]","['tanh', 'elu', 'swish', 'tanh', 'elu']",f9f0f8f960,700,Adam,MaxAbsoluteDeviation,0.6757494211196899,0.5976080298423767,5.583523400011472
"[23, 8, 23, 23, 14, 10]","['tanh', 'elu', 'swish', 'tanh', 'elu', 'sigmoid']",f900f8f96026,700,Adam,MaxAbsoluteDeviation,0.44858142733573914,0.3204457461833954,6.111549300025217
"[23, 8, 23, 23, 14, 10]","['tanh', 'elu', 'swish', 'tanh', 'swish', 'sigmoid']",f900f8f96826,700,Adam,MaxAbsoluteDeviation,0.43305718898773193,0.2894406020641327,6.137514699948952
"[23, 8, 23, 23, 14, 10]","['tanh', 'elu', 'swish', 'tanh', 'swish', 'sigmoid']",f900f8f96826,700,Adam,MaxAbsoluteDeviation,0.28109097480773926,0.4593881368637085,6.116220899973996
"[23, 8, 23, 23, 14, 10]","['tanh', 'elu', 'swish', 'tanh', 'swish', 'sigmoid']",f900f8f96826,449,Adam,MaxAbsoluteDeviation,0.28109097480773926,0.574066698551178,4.072638100013137
"[23, 8, 23, 23, 8, 10]","['tanh', 'elu', 'swish', 'tanh', 'swish', 'sigmoid']",f900f8f90826,700,Adam,MaxAbsoluteDeviation,0.8228369951248169,0.9581370949745178,6.024291499983519
"[23, 8, 23, 23, 8, 10]","['tanh', 'elu', 'elu', 'tanh', 'swish', 'sigmoid']",f900f0f90826,700,Adam,MaxAbsoluteDeviation,0.7987819910049438,0.3744015097618103,6.014655799954198
"[23, 8, 23, 23, 8, 10]","['tanh', 'elu', 'elu', 'tanh', 'swish', 'sigmoid']",f900f0f90826,242,Adam,MaxAbsoluteDeviation,1.375768780708313,1.5256344079971313,2.362813299987465
"[23, 8, 23, 23, 8, 23]","['tanh', 'elu', 'elu', 'tanh', 'swish', 'sigmoid']",f900f0f908f6,242,Adam,MaxAbsoluteDeviation,0.5918129682540894,0.5195092558860779,2.3775748000480235
"[23, 8, 23, 23, 8, 23, 14]","['tanh', 'elu', 'elu', 'tanh', 'swish', 'sigmoid', 'sigmoid']",f900f0f908f666,242,Adam,MaxAbsoluteDeviation,0.6941975951194763,0.4373672604560852,2.6547343999845907
"[23, 8, 23, 23, 8, 23, 14]","['tanh', 'elu', 'elu', 'tanh', 'swish', 'sigmoid', 'sigmoid']",f900f0f908f666,159,Adam,MaxAbsoluteDeviation,0.9213855862617493,0.5962458252906799,1.9609936999622732
"[23, 8, 23, 23, 8, 23, 14]","['tanh', 'elu', 'elu', 'tanh', 'swish', 'sigmoid', 'sigmoid']",f900f0f908f666,700,Adam,MaxAbsoluteDeviation,0.9313206076622009,0.5700368285179138,6.533859499963
"[23, 8, 23, 23, 8, 23, 14]","['tanh', 'elu', 'elu', 'tanh', 'swish', 'sigmoid', 'sigmoid']",f900f0f908f666,700,Adam,MaxAbsoluteDeviation,0.6046544313430786,0.5619248747825623,6.521879900014028
"[23, 23, 23, 23, 8, 23, 14]","['tanh', 'elu', 'elu', 'tanh', 'swish', 'sigmoid', 'sigmoid']",f9f0f0f908f666,700,Adam,MaxAbsoluteDeviation,1.488916039466858,1.8744144439697266,6.450910300016403
"[23, 23, 23, 23, 8, 23]","['tanh', 'elu', 'elu', 'tanh', 'swish', 'sigmoid']",f9f0f0f908f6,700,Adam,MaxAbsoluteDeviation,0.6430056691169739,0.6714929938316345,5.810528700007126
"[23, 23, 23, 23, 8, 23]","['tanh', 'elu', 'elu', 'tanh', 'swish', 'sigmoid']",f9f0f0f908f6,700,Adam,MaxAbsoluteDeviation,0.5160860419273376,0.46625110507011414,5.798256499925628
"[23, 23, 23, 23, 8, 8]","['tanh', 'elu', 'elu', 'tanh', 'swish', 'sigmoid']",f9f0f0f90806,700,Adam,MaxAbsoluteDeviation,0.9336351752281189,0.94384765625,5.704927899991162
"[23, 23, 23, 23, 8, 8]","['tanh', 'elu', 'elu', 'tanh', 'swish', 'swish']",f9f0f0f90808,700,Adam,MaxAbsoluteDeviation,0.6392965316772461,0.533264696598053,5.854074199916795
"[23, 23, 23, 23, 8, 8]","['tanh', 'sigmoid', 'elu', 'tanh', 'swish', 'swish']",f9f6f0f90808,700,Adam,MaxAbsoluteDeviation,0.2978813052177429,0.3261770009994507,5.724545500008389
"[8, 23, 23, 23, 8, 8]","['tanh', 'sigmoid', 'elu', 'tanh', 'swish', 'swish']",09f6f0f90808,700,Adam,MaxAbsoluteDeviation,0.5543807744979858,0.5247311592102051,5.721153999911621
"[8, 23, 23, 23, 8, 8]","['tanh', 'sigmoid', 'elu', 'tanh', 'swish', 'swish']",09f6f0f90808,123,Adam,MaxAbsoluteDeviation,0.4779779613018036,0.20872211456298828,1.4842269000364468
"[8, 23, 23, 23, 8, 8]","['tanh', 'sigmoid', 'elu', 'tanh', 'swish', 'swish']",09f6f0f90808,100,Adam,MaxAbsoluteDeviation,0.4779779613018036,7.123871326446533,1.332443399936892
"[8, 23, 23, 23, 8]","['tanh', 'sigmoid', 'elu', 'tanh', 'swish']",09f6f0f908,123,Adam,MaxAbsoluteDeviation,0.4779779613018036,0.9609622955322266,1.3353016999317333
"[8, 23, 23, 23, 8]","['tanh', 'sigmoid', 'elu', 'tanh', 'swish']",09f6f0f908,700,Adam,MaxAbsoluteDeviation,0.22629348933696747,0.1802339106798172,5.189343700069003
"[8, 23, 23, 23, 8]","['swish', 'sigmoid', 'elu', 'tanh', 'swish']",08f6f0f908,700,Adam,MaxAbsoluteDeviation,0.38439691066741943,0.21006833016872406,5.245056099956855
"[8, 8, 23, 23, 8]","['swish', 'sigmoid', 'elu', 'tanh', 'swish']",0806f0f908,700,Adam,MaxAbsoluteDeviation,0.32952097058296204,0.17250198125839233,5.268047400051728
"[8, 8, 23, 23]","['swish', 'sigmoid', 'elu', 'tanh']",0806f0f9,700,Adam,MaxAbsoluteDeviation,0.3388441205024719,0.17132683098316193,4.71225240000058
"[8, 8, 23]","['swish', 'sigmoid', 'elu']",0806f0,700,Adam,MaxAbsoluteDeviation,0.2599097788333893,0.29994869232177734,4.15482489997521
"[8, 8, 23]","['swish', 'sigmoid', 'elu']",0806f0,700,Adam,MaxAbsoluteDeviation,0.2772354185581207,0.4109780490398407,4.099918500054628
"[8, 8, 8]","['swish', 'sigmoid', 'elu']",080600,700,Adam,MaxAbsoluteDeviation,0.1650909185409546,0.1790432184934616,4.086621299968101
"[8, 8, 8]","['swish', 'sigmoid', 'elu']",080600,554,Adam,MaxAbsoluteDeviation,0.37019386887550354,0.10653485357761383,3.2862644999986514
"[8, 8, 8]","['swish', 'sigmoid', 'elu']",080600,100,Adam,MaxAbsoluteDeviation,0.1400648057460785,0.06466949731111526,0.9137468000408262
"[8, 8]","['swish', 'sigmoid']",0806,100,Adam,MaxAbsoluteDeviation,0.1400648057460785,1.088855266571045,0.7670490000164136
"[23, 8, 8]","['swish', 'sigmoid', 'elu']",f80600,100,Adam,MaxAbsoluteDeviation,0.1444777101278305,0.12698370218276978,0.9135806000558659
"[23, 8, 8, 8]","['swish', 'sigmoid', 'elu', 'swish']",f8060008,100,Adam,MaxAbsoluteDeviation,0.1444777101278305,0.2793087661266327,1.0402501999633387
"[23, 8, 8]","['swish', 'sigmoid', 'elu']",f80600,100,Adam,MaxAbsoluteDeviation,0.1444777101278305,0.271078884601593,0.8898854000726715
"[23, 8, 8, 14]","['swish', 'swish', 'elu', 'elu']",f8080060,700,Adam,MaxAbsoluteDeviation,0.1444777101278305,0.07659772038459778,4.589979299926199
"[23, 8, 8]","['elu', 'sigmoid', 'elu']",f00600,100,Adam,MaxAbsoluteDeviation,0.5344101190567017,0.5878000855445862,0.8708263000007719
"[23, 8, 8]","['elu', 'sigmoid', 'elu']",f00600,100,Adam,MaxAbsoluteDeviation,0.5557188987731934,0.4004567861557007,0.8770256999414414
"[23, 8, 8]","['elu', 'sigmoid', 'elu']",f00600,100,Adam,MaxAbsoluteDeviation,0.25308382511138916,0.34406036138534546,0.8668765999609604
"[23, 8, 8]","['elu', 'sigmoid', 'elu']",f00600,100,Adam,MaxAbsoluteDeviation,0.1696321815252304,0.09706807136535645,0.8663423000834882
"[23, 8]","['elu', 'sigmoid']",f006,100,Adam,MaxAbsoluteDeviation,0.4101465344429016,0.22387079894542694,0.7372144999681041
"[23, 8]","['elu', 'sigmoid']",f006,100,Adam,MaxAbsoluteDeviation,0.4101465344429016,1.6155807971954346,0.7409980000229552
"[8, 23]","['elu', 'sigmoid']",00f6,100,Adam,MaxAbsoluteDeviation,0.4068509340286255,0.28822702169418335,0.7373679999727756
"[8, 23]","['swish', 'sigmoid']",08f6,100,Adam,MaxAbsoluteDeviation,0.5406218767166138,0.47267401218414307,0.7573239000048488
"[8, 8]","['swish', 'sigmoid']",0806,100,Adam,MaxAbsoluteDeviation,0.7688134908676147,0.632491946220398,0.758743500104174
"[8, 8, 23]","['swish', 'sigmoid', 'tanh']",0806f9,100,Adam,MaxAbsoluteDeviation,0.482487291097641,0.2542339563369751,0.8764674999983981
"[8, 8, 23]","['swish', 'sigmoid', 'tanh']",0806f9,700,Adam,MaxAbsoluteDeviation,0.2629598379135132,0.28050604462623596,3.8222595000406727
"[23, 8, 8]","['swish', 'sigmoid', 'tanh']",f80609,513,Adam,MaxAbsoluteDeviation,0.27025800943374634,0.07050918787717819,2.8740006000734866
"[23, 8, 8]","['swish', 'sigmoid', 'tanh']",f80609,449,Adam,MaxAbsoluteDeviation,0.17029757797718048,0.1305634081363678,2.540201999945566
"[23, 8, 8, 17]","['swish', 'sigmoid', 'tanh', 'sigmoid']",f8060996,449,Adam,MaxAbsoluteDeviation,0.1459387242794037,0.11520357429981232,2.8038258000742644
"[23, 8, 8, 17]","['swish', 'sigmoid', 'tanh', 'sigmoid']",f8060996,100,Adam,MaxAbsoluteDeviation,0.1459387242794037,0.27551397681236267,0.9722332999808714
"[23, 8, 8, 17]","['swish', 'sigmoid', 'tanh', 'sigmoid']",f8060996,700,Adam,MaxAbsoluteDeviation,0.16860903799533844,0.06873214989900589,4.040157299954444
"[23, 8, 8]","['swish', 'sigmoid', 'tanh']",f80609,287,Adam,MaxAbsoluteDeviation,0.1331530064344406,0.051502328366041183,1.694822399993427
"[23, 8, 8]","['swish', 'sigmoid', 'tanh']",f80609,273,Adam,MaxAbsoluteDeviation,0.21339721977710724,0.2995270788669586,1.6371817000908777
"[23, 8, 8]","['swish', 'swish', 'tanh']",f80809,273,Adam,MaxAbsoluteDeviation,0.20294217765331268,0.20715411007404327,1.6381661999039352
"[23, 8, 8]","['swish', 'swish', 'tanh']",f80809,100,Adam,MaxAbsoluteDeviation,0.20294217765331268,0.42228811979293823,0.8608953000511974
"[23, 23, 8]","['swish', 'swish', 'tanh']",f8f809,273,Adam,MaxAbsoluteDeviation,0.20294217765331268,0.19970913231372833,1.6060997999738902
"[23, 8, 8]","['swish', 'swish', 'tanh']",f80809,100,Adam,MaxAbsoluteDeviation,0.20294217765331268,0.2483067363500595,0.855523300007917
"[23, 8, 8, 8]","['swish', 'swish', 'tanh', 'elu']",f8080900,273,Adam,MaxAbsoluteDeviation,0.7324236631393433,0.4154714345932007,1.767973600071855
"[23, 8, 8, 8, 9]","['swish', 'swish', 'tanh', 'elu', 'elu']",f808090010,273,Adam,MaxAbsoluteDeviation,0.43958723545074463,0.1311267912387848,1.9202878000214696
"[23, 8, 8, 8, 9, 11, 23]","['swish', 'swish', 'tanh', 'elu', 'elu', 'swish', 'elu']",f80809001038f0,273,Adam,MaxAbsoluteDeviation,0.2983274459838867,0.2497827708721161,2.186496299924329
"[23, 8, 8, 8, 9, 11, 23]","['swish', 'swish', 'tanh', 'elu', 'swish', 'swish', 'elu']",f80809001838f0,273,Adam,MaxAbsoluteDeviation,0.4052189886569977,0.2369707226753235,2.2315660000313073
"[23, 8, 8, 8, 9, 11, 23]","['swish', 'swish', 'tanh', 'elu', 'swish', 'swish', 'elu']",f80809001838f0,700,Adam,MaxAbsoluteDeviation,0.6269084215164185,0.3053838610649109,4.678271199925803
"[23, 8, 8, 8, 9, 11, 23]","['swish', 'swish', 'tanh', 'elu', 'swish', 'swish', 'elu']",f80809001838f0,700,Adam,MaxAbsoluteDeviation,0.5070679783821106,0.802013635635376,4.633188900072128
"[23, 8, 8, 8, 9, 11, 23]","['swish', 'swish', 'tanh', 'elu', 'swish', 'swish', 'elu']",f80809001838f0,507,Adam,MaxAbsoluteDeviation,0.24304868280887604,0.1549074798822403,3.507499400060624
"[23, 8, 8, 8, 9, 11, 23]","['swish', 'swish', 'tanh', 'elu', 'swish', 'swish', 'elu']",f80809001838f0,100,Adam,MaxAbsoluteDeviation,0.24304868280887604,0.3451824486255646,1.2325520999729633
"[23, 8, 8, 8, 23, 11, 23]","['swish', 'swish', 'tanh', 'elu', 'swish', 'swish', 'elu']",f8080900f838f0,507,Adam,MaxAbsoluteDeviation,0.5239281058311462,0.3054967224597931,3.532366200000979
"[23, 8, 8, 8, 23, 11]","['swish', 'swish', 'tanh', 'elu', 'swish', 'swish']",f8080900f838,507,Adam,MaxAbsoluteDeviation,0.5333123803138733,0.4020073413848877,3.368026899988763
"[23, 8, 8, 8, 23, 11]","['swish', 'swish', 'tanh', 'elu', 'swish', 'swish']",f8080900f838,151,Adam,MaxAbsoluteDeviation,0.9726715087890625,0.4694032669067383,1.3870050000259653
"[23, 23, 8, 8, 23, 11]","['swish', 'swish', 'tanh', 'elu', 'swish', 'swish']",f8f80900f838,151,Adam,MaxAbsoluteDeviation,1.170457124710083,0.8495283722877502,1.420617900090292
"[23, 23, 8, 8, 23, 8]","['swish', 'swish', 'tanh', 'elu', 'swish', 'swish']",f8f80900f808,151,Adam,MaxAbsoluteDeviation,0.9893553853034973,0.84491366147995,1.400264099938795
"[23, 23, 8, 8, 23, 8]","['swish', 'swish', 'tanh', 'elu', 'swish', 'swish']",f8f80900f808,100,Adam,MaxAbsoluteDeviation,1.3170711994171143,1.0245246887207031,1.1508979999925941
"[23, 23, 8, 23, 23, 8]","['swish', 'swish', 'tanh', 'elu', 'swish', 'swish']",f8f809f0f808,100,Adam,MaxAbsoluteDeviation,0.7401942014694214,0.5173668265342712,1.1332832999760285
"[23, 23, 8, 23, 23, 8]","['swish', 'swish', 'tanh', 'elu', 'swish', 'swish']",f8f809f0f808,700,Adam,MaxAbsoluteDeviation,0.33140829205513,0.15400446951389313,4.320265999995172
"[23, 23, 8, 23, 23, 8]","['swish', 'swish', 'tanh', 'elu', 'swish', 'swish']",f8f809f0f808,700,Adam,MaxAbsoluteDeviation,0.3630638122558594,0.189507395029068,4.405812800046988
"[23, 23, 8, 23, 23, 8]","['swish', 'swish', 'tanh', 'elu', 'swish', 'swish']",f8f809f0f808,147,Adam,MaxAbsoluteDeviation,1.2187987565994263,0.5274819731712341,1.3869323999388143
"[23, 23, 8, 23, 23, 8]","['swish', 'swish', 'tanh', 'elu', 'swish', 'swish']",f8f809f0f808,100,Adam,MaxAbsoluteDeviation,0.8263913989067078,0.9974742531776428,1.136221699998714
"[23, 23, 8, 23, 23, 8]","['swish', 'swish', 'swish', 'elu', 'swish', 'swish']",f8f808f0f808,100,Adam,MaxAbsoluteDeviation,0.9382131099700928,0.4807700514793396,1.1527573999483138
"[8, 23, 8, 23, 8, 8]","['swish', 'swish', 'swish', 'elu', 'swish', 'swish']",08f808f00808,100,Adam,MaxAbsoluteDeviation,0.6817059516906738,0.1487676501274109,1.1381240000482649
"[8, 23, 8, 23, 8, 18]","['swish', 'swish', 'swish', 'elu', 'swish', 'swish']",08f808f008a8,100,Adam,MaxAbsoluteDeviation,0.6817059516906738,0.9436662793159485,1.1481153999920934
"[8, 23, 8, 23, 8, 8, 10]","['swish', 'swish', 'swish', 'elu', 'swish', 'swish', 'sigmoid']",08f808f0080826,100,Adam,MaxAbsoluteDeviation,0.6817059516906738,3.4598405361175537,1.2255723999114707
"[8, 23, 8, 23, 8, 8]","['swish', 'swish', 'swish', 'swish', 'tanh', 'swish']",08f808f80908,100,Adam,MaxAbsoluteDeviation,0.5574389696121216,0.4786829650402069,1.1765581000363454
"[23, 23, 8, 23, 8, 8]","['swish', 'swish', 'swish', 'swish', 'tanh', 'swish']",f8f808f80908,100,Adam,MaxAbsoluteDeviation,0.7185307145118713,0.35018911957740784,1.1330032000551
"[23, 23, 8, 23, 8, 8]","['swish', 'swish', 'swish', 'swish', 'tanh', 'swish']",f8f808f80908,100,Adam,MaxAbsoluteDeviation,0.9376962184906006,0.4471687972545624,1.1390160000883043
"[23, 23, 8, 23, 8, 8, 10]","['swish', 'elu', 'swish', 'swish', 'tanh', 'swish', 'swish']",f8f008f8090828,100,Adam,MaxAbsoluteDeviation,0.493375688791275,0.6597754955291748,1.2209155999589711
"[23, 23, 8, 23, 8, 8, 23]","['swish', 'elu', 'swish', 'swish', 'tanh', 'swish', 'swish']",f8f008f80908f8,100,Adam,MaxAbsoluteDeviation,0.7331048846244812,0.4067220687866211,7.342431800090708
"[8, 23, 8, 23, 8, 8, 23]","['swish', 'elu', 'swish', 'swish', 'tanh', 'swish', 'swish']",08f008f80908f8,700,Adam,MaxAbsoluteDeviation,0.25469067692756653,0.2250649333000183,7.996270600007847
"[23, 23, 8, 23, 8, 8, 23]","['swish', 'elu', 'swish', 'swish', 'tanh', 'swish', 'swish']",f8f008f80908f8,700,Adam,MaxAbsoluteDeviation,0.25469067692756653,0.6505621671676636,7.834079899941571
"[23, 23, 8, 23, 8, 8, 23]","['swish', 'elu', 'swish', 'swish', 'tanh', 'swish', 'swish']",f8f008f80908f8,700,Adam,MaxAbsoluteDeviation,0.25469067692756653,0.39770472049713135,7.940549400052987
"[8, 23, 8, 23, 8]","['swish', 'elu', 'swish', 'swish', 'tanh']",08f008f809,700,Adam,MaxAbsoluteDeviation,0.22625070810317993,0.2404906153678894,6.2908254999201745
"[8, 23, 8, 23, 8, 13]","['swish', 'elu', 'swish', 'swish', 'tanh', 'swish']",08f008f80958,631,Adam,MaxAbsoluteDeviation,0.22625070810317993,0.20482580363750458,6.275829200050794
"[8, 23, 8, 23, 8]","['swish', 'swish', 'swish', 'swish', 'tanh']",08f808f809,700,Adam,MaxAbsoluteDeviation,0.24153774976730347,0.15369047224521637,6.336268799961545
"[8, 23, 8, 23, 8]","['swish', 'swish', 'swish', 'swish', 'tanh']",08f808f809,700,Adam,MaxAbsoluteDeviation,0.2231895923614502,0.16802860796451569,6.311405899934471
"[8, 23, 8, 23, 8]","['swish', 'swish', 'swish', 'swish', 'tanh']",08f808f809,394,Adam,MaxAbsoluteDeviation,0.3927942216396332,0.489776611328125,3.71988180000335
"[8, 23, 8, 23, 8, 17]","['swish', 'swish', 'swish', 'swish', 'tanh', 'swish']",08f808f80998,394,Adam,MaxAbsoluteDeviation,0.5494358539581299,0.34376922249794006,4.172920499928296
"[8, 23, 8, 23, 8, 17]","['swish', 'swish', 'swish', 'swish', 'tanh', 'swish']",08f808f80998,100,Adam,MaxAbsoluteDeviation,0.7095889449119568,0.3649114966392517,1.5444994000717998
"[8, 23, 8, 23, 8, 17]","['swish', 'swish', 'swish', 'swish', 'tanh', 'swish']",08f808f80998,100,Adam,MaxAbsoluteDeviation,0.6522713303565979,0.3232400119304657,1.5370527999475598
"[8, 23, 8, 23, 8, 23]","['swish', 'swish', 'swish', 'swish', 'tanh', 'swish']",08f808f809f8,100,Adam,MaxAbsoluteDeviation,0.3442331850528717,0.22574831545352936,1.5373552000382915
"[8, 23, 8, 23, 8]","['swish', 'elu', 'swish', 'swish', 'tanh']",08f008f809,100,Adam,MaxAbsoluteDeviation,0.3442331850528717,0.7715680003166199,1.353233699919656
"[8, 23, 8, 23, 8, 23]","['swish', 'swish', 'swish', 'swish', 'tanh', 'swish']",08f808f809f8,100,Adam,MaxAbsoluteDeviation,0.585161030292511,0.42265257239341736,1.529544899938628
"[8, 23, 8, 23, 8, 23]","['swish', 'swish', 'swish', 'swish', 'tanh', 'swish']",08f808f809f8,100,Adam,MaxAbsoluteDeviation,0.35437557101249695,0.23422940075397491,1.5318549000658095
"[8, 23, 8, 23, 8, 23]","['swish', 'swish', 'swish', 'swish', 'tanh', 'swish']",08f808f809f8,700,Adam,MaxAbsoluteDeviation,0.35437557101249695,0.22050419449806213,6.818520899978466
"[8, 23, 8, 23, 23, 23]","['swish', 'swish', 'swish', 'swish', 'tanh', 'swish']",08f808f8f9f8,100,Adam,MaxAbsoluteDeviation,0.35437557101249695,0.5891245603561401,1.5316818999126554
"[8, 23, 8, 23, 8, 8]","['swish', 'swish', 'swish', 'swish', 'tanh', 'swish']",08f808f80908,100,Adam,MaxAbsoluteDeviation,0.35437557101249695,7.445516109466553,1.533820900018327
"[8, 23, 8, 23, 8, 23, 22]","['swish', 'swish', 'swish', 'swish', 'tanh', 'swish', 'elu']",08f808f809f8e0,100,Adam,MaxAbsoluteDeviation,0.45416340231895447,0.2977098226547241,1.6825010000029579
"[8, 23, 8, 23, 8, 23, 22]","['swish', 'swish', 'swish', 'swish', 'tanh', 'swish', 'swish']",08f808f809f8e8,100,Adam,MaxAbsoluteDeviation,0.7776768207550049,0.4811713695526123,1.7001407999778166
"[8, 23, 8, 23, 8, 23]","['swish', 'swish', 'swish', 'swish', 'tanh', 'swish']",08f808f809f8,100,Adam,MaxAbsoluteDeviation,1.082820177078247,0.6549195647239685,1.5171408000169322
"[8, 23, 8, 23, 8, 23]","['swish', 'swish', 'swish', 'swish', 'elu', 'swish']",08f808f800f8,100,Adam,MaxAbsoluteDeviation,0.4189729392528534,0.48554912209510803,1.5165456000249833
"[8, 23, 8, 23, 8, 23]","['swish', 'swish', 'swish', 'swish', 'elu', 'swish']",08f808f800f8,100,Adam,MaxAbsoluteDeviation,0.3645203113555908,0.6582061648368835,1.516702700057067
"[23, 23, 8, 23, 8, 23]","['swish', 'swish', 'swish', 'swish', 'elu', 'swish']",f8f808f800f8,100,Adam,MaxAbsoluteDeviation,0.3645203113555908,1.2159186601638794,1.5023260000161827
"[8, 23, 8, 23, 8, 23]","['swish', 'swish', 'swish', 'swish', 'elu', 'swish']",08f808f800f8,700,Adam,MaxAbsoluteDeviation,0.3743627071380615,0.18339161574840546,6.860889600007795
"[8, 23, 8, 23, 8]","['swish', 'swish', 'swish', 'swish', 'elu']",08f808f800,700,Adam,MaxAbsoluteDeviation,0.2251574993133545,0.09058868139982224,6.003622099990025
"[8, 23, 23, 23, 8]","['swish', 'swish', 'swish', 'swish', 'elu']",08f8f8f800,700,Adam,MaxAbsoluteDeviation,0.5975350737571716,0.27591124176979065,6.023308899952099
"[8, 23, 23, 23]","['swish', 'swish', 'swish', 'swish']",08f8f8f8,700,Adam,MaxAbsoluteDeviation,0.323077529668808,0.2522302269935608,5.396989000029862
"[8, 23, 23, 23]","['swish', 'swish', 'swish', 'swish']",08f8f8f8,618,Adam,MaxAbsoluteDeviation,0.46074244379997253,0.1816292107105255,4.8382880999706686
"[8, 23, 23]","['swish', 'swish', 'swish']",08f8f8,618,Adam,MaxAbsoluteDeviation,0.16861166059970856,0.1219119280576706,4.129039800027385
"[8, 23, 23]","['swish', 'swish', 'swish']",08f8f8,618,Adam,MaxAbsoluteDeviation,0.18367071449756622,0.15530993044376373,4.126787599991076
"[8, 23, 8]","['elu', 'swish', 'swish']",00f808,100,Adam,MaxAbsoluteDeviation,0.7360678315162659,0.5031395554542542,0.9996603999752551
"[8, 23, 8, 23]","['elu', 'swish', 'swish', 'swish']",00f808f8,100,Adam,MaxAbsoluteDeviation,0.5865291953086853,0.3996841311454773,1.160711899981834
"[8, 23, 8, 23, 16]","['elu', 'swish', 'swish', 'swish', 'swish']",00f808f888,100,Adam,MaxAbsoluteDeviation,0.2068278193473816,0.1824057698249817,1.3164924000157043
"[8, 23, 8, 23, 16]","['elu', 'elu', 'swish', 'swish', 'swish']",00f008f888,100,Adam,MaxAbsoluteDeviation,1.0203056335449219,0.28086569905281067,1.287031599902548
"[8, 23, 8, 23, 16]","['elu', 'elu', 'swish', 'swish', 'swish']",00f008f888,700,Adam,MaxAbsoluteDeviation,0.20165735483169556,0.18425264954566956,5.758245100034401
"[8, 23, 8, 23, 16]","['elu', 'elu', 'swish', 'swish', 'swish']",00f008f888,700,Adam,MaxAbsoluteDeviation,0.4688936471939087,0.21137626469135284,5.780699599999934
"[8, 23, 8, 23, 8, 18]","['elu', 'elu', 'swish', 'swish', 'swish', 'tanh']",00f008f808a9,700,Adam,MaxAbsoluteDeviation,0.38976773619651794,0.3003852665424347,6.167677200050093
"[8, 23, 8, 23, 8, 18, 18, 14]","['elu', 'elu', 'swish', 'swish', 'swish', 'tanh', 'tanh', 'tanh']",00f008f808a9a969,700,Adam,MaxAbsoluteDeviation,0.6617748737335205,0.4381827712059021,7.60641210002359
"[8, 23, 8, 23, 8, 18, 18, 14, 23]","['elu', 'elu', 'swish', 'swish', 'swish', 'tanh', 'tanh', 'tanh', 'elu']",00f008f808a9a969f0,671,Adam,MaxAbsoluteDeviation,0.602383553981781,0.836088240146637,7.887707500020042
"[8, 23, 8, 23, 8, 18, 18, 14, 23]","['elu', 'elu', 'swish', 'swish', 'swish', 'tanh', 'tanh', 'tanh', 'elu']",00f008f808a9a969f0,553,Adam,MaxAbsoluteDeviation,1.1359082460403442,1.0032811164855957,6.602550799958408
"[8, 23, 8, 23, 8, 18, 18, 14, 23]","['elu', 'elu', 'swish', 'swish', 'swish', 'tanh', 'tanh', 'tanh', 'elu']",00f008f808a9a969f0,175,Adam,MaxAbsoluteDeviation,1.3935383558273315,1.4053685665130615,2.627915499964729
"[8, 23, 8, 23, 8, 18, 18, 14]","['elu', 'elu', 'swish', 'swish', 'swish', 'tanh', 'tanh', 'tanh']",00f008f808a9a969,175,Adam,MaxAbsoluteDeviation,1.0768929719924927,0.7018293142318726,2.4263633000664413
"[8, 23, 8, 23, 8, 18, 18, 14]","['elu', 'elu', 'swish', 'swish', 'swish', 'tanh', 'tanh', 'tanh']",00f008f808a9a969,104,Adam,MaxAbsoluteDeviation,1.0768929719924927,2.5430216789245605,1.7413344000233337
"[8, 23, 8, 23, 8, 18, 18, 23]","['elu', 'elu', 'swish', 'swish', 'swish', 'tanh', 'tanh', 'tanh']",00f008f808a9a9f9,175,Adam,MaxAbsoluteDeviation,0.7560026049613953,0.4399775564670563,2.3946952000260353
"[8, 23, 8, 23, 8, 18, 18]","['elu', 'elu', 'swish', 'swish', 'swish', 'tanh', 'tanh']",00f008f808a9a9,700,Adam,MaxAbsoluteDeviation,0.7560026049613953,1.0182137489318848,6.909474299987778
"[8, 23, 8, 23, 8, 18, 18, 23]","['elu', 'tanh', 'swish', 'swish', 'swish', 'tanh', 'tanh', 'tanh']",00f908f808a9a9f9,175,Adam,MaxAbsoluteDeviation,0.48070698976516724,0.35241997241973877,2.39631240000017
"[8, 23, 8, 23, 8, 18, 18, 23]","['elu', 'tanh', 'swish', 'swish', 'swish', 'tanh', 'tanh', 'tanh']",00f908f808a9a9f9,100,Adam,MaxAbsoluteDeviation,0.48070698976516724,0.5251825451850891,1.706406299956143
"[8, 23, 8, 23, 8, 18, 18, 23]","['elu', 'tanh', 'swish', 'swish', 'swish', 'tanh', 'tanh', 'tanh']",00f908f808a9a9f9,110,Adam,MaxAbsoluteDeviation,0.48070698976516724,1.6778039932250977,1.7797282000537962
"[8, 8, 8, 23, 8, 18, 18, 23]","['elu', 'tanh', 'swish', 'elu', 'swish', 'tanh', 'tanh', 'tanh']",000908f008a9a9f9,175,Adam,MaxAbsoluteDeviation,0.48070698976516724,0.7364421486854553,2.4088753999676555
"[8, 23, 8, 23, 8, 18, 18, 23]","['elu', 'tanh', 'swish', 'swish', 'swish', 'tanh', 'tanh', 'tanh']",00f908f808a9a9f9,175,Adam,MaxAbsoluteDeviation,1.0532257556915283,0.658927321434021,2.3729619999649003
"[8, 23, 8, 23, 8, 18, 18, 23]","['elu', 'swish', 'swish', 'swish', 'swish', 'tanh', 'tanh', 'tanh']",00f808f808a9a9f9,175,Adam,MaxAbsoluteDeviation,0.7949262261390686,0.7626993060112,2.3886378000024706
"[8, 23, 8, 23, 8, 18, 18, 23]","['elu', 'swish', 'swish', 'swish', 'swish', 'tanh', 'tanh', 'tanh']",00f808f808a9a9f9,175,Adam,MaxAbsoluteDeviation,0.9971880912780762,0.3536831736564636,2.377542599919252
"[8, 23, 8, 23, 8, 18, 18, 23]","['elu', 'swish', 'swish', 'elu', 'swish', 'tanh', 'tanh', 'tanh']",00f808f008a9a9f9,175,Adam,MaxAbsoluteDeviation,0.9971880912780762,0.8374211192131042,2.374694899888709
"[8, 23, 8, 23, 8, 18, 18, 23]","['elu', 'swish', 'swish', 'swish', 'swish', 'tanh', 'tanh', 'tanh']",00f808f808a9a9f9,175,Adam,MaxAbsoluteDeviation,0.7377127408981323,0.7022155523300171,2.4025799999944866
"[8, 23, 8, 23, 8, 18, 18, 23]","['sigmoid', 'swish', 'swish', 'swish', 'swish', 'tanh', 'tanh', 'tanh']",06f808f808a9a9f9,175,Adam,MaxAbsoluteDeviation,0.7377127408981323,7.651158809661865,2.3544262000359595
"[8, 23, 8, 23, 8, 18, 18, 23]","['elu', 'swish', 'swish', 'swish', 'swish', 'tanh', 'tanh', 'tanh']",00f808f808a9a9f9,175,Adam,MaxAbsoluteDeviation,1.0004748106002808,0.904588520526886,2.397903300006874
"[8, 23, 8, 23, 8, 18, 18, 23]","['elu', 'swish', 'swish', 'swish', 'swish', 'tanh', 'tanh', 'tanh']",00f808f808a9a9f9,700,Adam,MaxAbsoluteDeviation,1.3563835620880127,0.7932567596435547,7.3836459999438375
"[8, 23, 8, 23, 8, 18, 18, 23]","['elu', 'swish', 'tanh', 'swish', 'swish', 'tanh', 'tanh', 'tanh']",00f809f808a9a9f9,700,Adam,MaxAbsoluteDeviation,0.6322672367095947,0.5321348905563354,7.277312199934386
"[8, 23, 8, 23, 8, 18, 18, 23, 10]","['elu', 'swish', 'tanh', 'swish', 'swish', 'tanh', 'tanh', 'tanh', 'swish']",00f809f808a9a9f928,700,Adam,MaxAbsoluteDeviation,0.7153915166854858,0.5494503974914551,7.970813499996439
"[8, 23, 8, 23, 8, 18, 18, 23]","['elu', 'swish', 'tanh', 'swish', 'swish', 'tanh', 'tanh', 'tanh']",00f809f808a9a9f9,700,Adam,MaxAbsoluteDeviation,0.7153915166854858,0.4157220423221588,7.342106599942781
"[8, 23, 8, 23, 8, 18, 18, 23]","['elu', 'swish', 'tanh', 'swish', 'swish', 'tanh', 'tanh', 'tanh']",00f809f808a9a9f9,700,Adam,MaxAbsoluteDeviation,1.2374895811080933,0.8851895332336426,7.3186195000307634
"[8, 23, 8, 23, 8, 18, 8, 23]","['elu', 'swish', 'tanh', 'swish', 'swish', 'tanh', 'tanh', 'tanh']",00f809f808a909f9,700,Adam,MaxAbsoluteDeviation,0.8945068120956421,0.8850061297416687,7.213261299999431
"[8, 23, 8, 23, 8, 18, 8]","['elu', 'swish', 'tanh', 'swish', 'swish', 'tanh', 'tanh']",00f809f808a909,700,Adam,MaxAbsoluteDeviation,0.40264660120010376,0.6043985486030579,6.626939399982803
"[8, 23, 8, 23, 8, 18, 8]","['elu', 'swish', 'tanh', 'swish', 'swish', 'tanh', 'tanh']",00f809f808a909,700,Adam,MaxAbsoluteDeviation,0.36171793937683105,0.30941763520240784,6.642083800048567
"[8, 23, 8, 23, 8, 18, 8]","['elu', 'swish', 'tanh', 'swish', 'swish', 'tanh', 'tanh']",00f809f808a909,700,Adam,MaxAbsoluteDeviation,0.3624868392944336,0.4309770166873932,6.676957099931315
"[8, 23, 8, 23, 8, 18, 8, 22]","['elu', 'swish', 'tanh', 'swish', 'swish', 'tanh', 'tanh', 'sigmoid']",00f809f808a909e6,700,Adam,MaxAbsoluteDeviation,0.4920080006122589,0.4531005918979645,7.231475400039926
"[8, 23, 8, 23, 8, 18, 8, 22]","['elu', 'swish', 'tanh', 'swish', 'swish', 'tanh', 'tanh', 'sigmoid']",00f809f808a909e6,340,Adam,MaxAbsoluteDeviation,1.1072053909301758,0.6244997978210449,3.777210700092837
"[8, 23, 8, 23, 8, 18, 8, 22]","['elu', 'swish', 'tanh', 'swish', 'swish', 'tanh', 'tanh', 'sigmoid']",00f809f808a909e6,309,Adam,MaxAbsoluteDeviation,0.7855368256568909,0.7061116695404053,3.480329699930735
"[8, 23, 8, 23, 8, 18, 8]","['elu', 'swish', 'tanh', 'swish', 'swish', 'tanh', 'tanh']",00f809f808a909,309,Adam,MaxAbsoluteDeviation,0.5627106428146362,0.6239948868751526,3.2212729998864233
"[8, 23, 8, 23, 8, 18]","['elu', 'swish', 'tanh', 'swish', 'swish', 'tanh']",00f809f808a9,700,Adam,MaxAbsoluteDeviation,0.3845023810863495,0.27362707257270813,5.971963099902496
"[8, 23, 8, 23, 8, 18]","['elu', 'swish', 'tanh', 'swish', 'swish', 'tanh']",00f809f808a9,700,Adam,MaxAbsoluteDeviation,0.49281045794487,0.407502681016922,6.001916900044307
"[8, 23, 8, 23, 8, 18]","['elu', 'swish', 'swish', 'swish', 'swish', 'tanh']",00f808f808a9,700,Adam,MaxAbsoluteDeviation,0.876052975654602,0.37632516026496887,5.9045440999325365
"[8, 23, 8, 23, 8, 18, 12]","['elu', 'swish', 'swish', 'swish', 'swish', 'tanh', 'sigmoid']",00f808f808a946,700,Adam,MaxAbsoluteDeviation,0.5859952569007874,0.2652618885040283,6.468645400018431
"[8, 23, 8, 23, 8, 18, 12]","['elu', 'swish', 'swish', 'swish', 'swish', 'tanh', 'sigmoid']",00f808f808a946,700,Adam,MaxAbsoluteDeviation,0.40793895721435547,0.36862367391586304,6.5508450999623165
"[8, 23, 8, 23, 8, 18, 12]","['elu', 'swish', 'swish', 'swish', 'swish', 'tanh', 'sigmoid']",00f808f808a946,589,Adam,MaxAbsoluteDeviation,0.34393683075904846,0.2546338140964508,5.455938400002196
"[8, 23, 8, 23, 8, 18, 12]","['elu', 'swish', 'swish', 'swish', 'swish', 'tanh', 'sigmoid']",00f808f808a946,700,Adam,MaxAbsoluteDeviation,0.23464113473892212,0.1773238182067871,6.375781600014307
"[8, 23, 8, 23, 8, 18]","['elu', 'swish', 'swish', 'swish', 'swish', 'tanh']",00f808f808a9,700,Adam,MaxAbsoluteDeviation,0.23464113473892212,7.298018455505371,5.916020800010301
"[8, 23, 8, 23, 8, 18, 12, 22]","['elu', 'swish', 'swish', 'swish', 'swish', 'tanh', 'sigmoid', 'elu']",00f808f808a946e0,700,Adam,MaxAbsoluteDeviation,0.23464113473892212,7.506534099578857,6.9200498999562114
"[8, 23, 8, 23, 8, 18, 12]","['elu', 'swish', 'swish', 'swish', 'swish', 'tanh', 'sigmoid']",00f808f808a946,100,Adam,MaxAbsoluteDeviation,0.23464113473892212,7.366184234619141,1.4905230000149459
"[8, 23, 8, 23, 8, 18, 12]","['elu', 'swish', 'swish', 'swish', 'swish', 'tanh', 'sigmoid']",00f808f808a946,482,Adam,MaxAbsoluteDeviation,0.813942551612854,0.2787551283836365,4.563544199918397
"[8, 23, 8, 23, 8, 18, 12]","['elu', 'swish', 'swish', 'swish', 'swish', 'tanh', 'sigmoid']",00f808f808a946,282,Adam,MaxAbsoluteDeviation,0.5761959552764893,0.3901717960834503,2.9397678999230266
"[8, 23, 8, 23, 8, 18, 12]","['elu', 'swish', 'swish', 'swish', 'swish', 'tanh', 'sigmoid']",00f808f808a946,100,Adam,MaxAbsoluteDeviation,0.5761959552764893,0.48011109232902527,1.483287199982442
"[8, 23, 8, 23, 8, 18, 12]","['elu', 'swish', 'swish', 'swish', 'swish', 'tanh', 'sigmoid']",00f808f808a946,282,Adam,MaxAbsoluteDeviation,0.6945064067840576,0.8920475244522095,2.9023261999245733
"[8, 23, 8, 23, 8, 18, 12]","['elu', 'swish', 'swish', 'swish', 'swish', 'tanh', 'sigmoid']",00f808f808a946,139,Adam,MaxAbsoluteDeviation,0.6945064067840576,7.4514241218566895,1.7995003999676555
"[8, 23, 8, 23, 8, 18, 12]","['elu', 'sigmoid', 'swish', 'swish', 'swish', 'tanh', 'tanh']",00f608f808a949,282,Adam,MaxAbsoluteDeviation,0.9373325705528259,0.5610814690589905,2.9305837999563664
"[8, 23, 8, 23, 8, 18, 12]","['elu', 'sigmoid', 'swish', 'swish', 'swish', 'tanh', 'tanh']",00f608f808a949,282,Adam,MaxAbsoluteDeviation,0.5083789229393005,0.25846976041793823,2.866424400010146
"[8, 23, 8, 23, 8, 18, 12]","['elu', 'sigmoid', 'swish', 'swish', 'swish', 'tanh', 'tanh']",00f608f808a949,700,Adam,MaxAbsoluteDeviation,0.7080346941947937,0.45786213874816895,6.293689500074834
"[8, 23, 8, 23, 8, 18, 12, 23, 21]","['elu', 'sigmoid', 'swish', 'swish', 'swish', 'tanh', 'tanh', 'tanh', 'swish']",00f608f808a949f9d8,700,Adam,MaxAbsoluteDeviation,1.2514572143554688,0.5733444690704346,7.37815430003684
"[8, 23, 8, 23, 8, 18, 12, 23, 21]","['elu', 'sigmoid', 'swish', 'swish', 'swish', 'tanh', 'tanh', 'tanh', 'swish']",00f608f808a949f9d8,700,Adam,MaxAbsoluteDeviation,1.2514572143554688,0.9552767872810364,7.497808799962513
"[23, 23, 8, 23, 8, 18, 12, 23, 21]","['elu', 'sigmoid', 'swish', 'swish', 'swish', 'tanh', 'tanh', 'tanh', 'swish']",f0f608f808a949f9d8,700,Adam,MaxAbsoluteDeviation,0.6245314478874207,0.7027149200439453,7.572488900041208
"[23, 23, 8, 23, 8, 8, 12, 23, 21, 22]","['elu', 'sigmoid', 'swish', 'swish', 'swish', 'tanh', 'tanh', 'tanh', 'swish', 'sigmoid']",f0f608f8080949f9d8e6,700,Adam,MaxAbsoluteDeviation,0.6245314478874207,7.361342906951904,7.973132999963127
"[23, 23, 8, 23, 8, 18, 8, 23, 21]","['elu', 'sigmoid', 'swish', 'swish', 'swish', 'tanh', 'tanh', 'tanh', 'swish']",f0f608f808a909f9d8,700,Adam,MaxAbsoluteDeviation,0.6245314478874207,0.4921506643295288,7.548426900058985
"[23, 23, 8, 23, 8, 18, 12, 23, 21]","['elu', 'sigmoid', 'swish', 'swish', 'swish', 'tanh', 'tanh', 'tanh', 'swish']",f0f608f808a949f9d8,700,Adam,MaxAbsoluteDeviation,0.9982950687408447,0.8667115569114685,7.44319879997056
"[23, 23, 8, 23, 8, 18, 12, 23, 21, 10]","['elu', 'sigmoid', 'swish', 'swish', 'swish', 'tanh', 'tanh', 'tanh', 'swish', 'tanh']",f0f608f808a949f9d829,700,Adam,MaxAbsoluteDeviation,0.9982950687408447,7.396570682525635,8.00820839998778
"[23, 23, 8, 23, 8, 18, 12, 23, 21]","['elu', 'tanh', 'swish', 'swish', 'swish', 'tanh', 'tanh', 'tanh', 'swish']",f0f908f808a949f9d8,700,Adam,MaxAbsoluteDeviation,1.4057669639587402,0.9888341426849365,7.4803666999796405
"[23, 23, 8, 8, 8, 18, 12, 23, 21]","['elu', 'tanh', 'swish', 'swish', 'swish', 'tanh', 'tanh', 'tanh', 'swish']",f0f9080808a949f9d8,700,Adam,MaxAbsoluteDeviation,0.81947261095047,0.6841294169425964,15.108527600066736
"[23, 23, 8, 8, 8, 23, 12, 23, 21]","['elu', 'tanh', 'swish', 'swish', 'swish', 'tanh', 'tanh', 'tanh', 'swish']",f0f9080808f949f9d8,700,Adam,MaxAbsoluteDeviation,0.8314060568809509,0.4321870505809784,9.443655299954116
"[23, 23, 8, 8, 8, 23, 12, 23, 21]","['elu', 'tanh', 'swish', 'swish', 'swish', 'tanh', 'tanh', 'tanh', 'swish']",f0f9080808f949f9d8,700,Adam,MaxAbsoluteDeviation,0.7437119483947754,0.41786739230155945,9.51093290001154
"[23, 23, 8, 8, 8, 23, 12, 23, 21, 11]","['elu', 'tanh', 'swish', 'swish', 'swish', 'tanh', 'tanh', 'tanh', 'swish', 'elu']",f0f9080808f949f9d830,700,Adam,MaxAbsoluteDeviation,0.7437119483947754,0.9640855193138123,10.21244629996363
"[23, 23, 8, 23, 8, 23, 12, 23, 21]","['elu', 'tanh', 'swish', 'swish', 'swish', 'tanh', 'tanh', 'tanh', 'swish']",f0f908f808f949f9d8,700,Adam,MaxAbsoluteDeviation,0.46863052248954773,0.38594290614128113,9.35849060001783
"[23, 23, 8, 8, 23, 23, 12, 23, 15]","['elu', 'tanh', 'swish', 'swish', 'tanh', 'tanh', 'tanh', 'tanh', 'sigmoid']",f0f90808f9f949f976,700,Adam,MaxAbsoluteDeviation,0.46863052248954773,6.197911739349365,9.376464299974032
"[23, 23, 8, 23, 8, 23, 12, 23, 21]","['elu', 'tanh', 'swish', 'swish', 'swish', 'tanh', 'tanh', 'tanh', 'swish']",f0f908f808f949f9d8,700,Adam,MaxAbsoluteDeviation,0.7611985802650452,0.6733154654502869,9.483186700032093
"[23, 23, 8, 23, 8, 23, 12, 23, 21, 8]","['elu', 'tanh', 'swish', 'swish', 'swish', 'tanh', 'tanh', 'tanh', 'swish', 'elu']",f0f908f808f949f9d800,700,Adam,MaxAbsoluteDeviation,1.0565571784973145,0.8930263519287109,10.110748999984935
"[23, 23, 8, 23, 8, 23, 12, 23, 21, 8, 23]","['elu', 'tanh', 'swish', 'swish', 'swish', 'tanh', 'tanh', 'tanh', 'swish', 'elu', 'tanh']",f0f908f808f949f9d800f9,700,Adam,MaxAbsoluteDeviation,1.0565571784973145,7.340226173400879,10.806733799981885
"[23, 23, 8, 23, 8, 23, 12, 23, 21, 8, 17]","['elu', 'tanh', 'swish', 'swish', 'swish', 'tanh', 'tanh', 'tanh', 'swish', 'elu', 'sigmoid']",f0f908f808f949f9d80096,700,Adam,MaxAbsoluteDeviation,1.0565571784973145,7.413928985595703,10.743564800010063
"[23, 23, 8, 23, 8, 23, 12, 23, 21, 8]","['elu', 'tanh', 'swish', 'swish', 'swish', 'tanh', 'tanh', 'tanh', 'swish', 'elu']",f0f908f808f949f9d800,700,Adam,MaxAbsoluteDeviation,0.8189377784729004,0.4570467174053192,10.038570099975914
"[23, 23, 8, 23, 8, 23, 12, 23, 21, 8]","['swish', 'tanh', 'swish', 'swish', 'swish', 'tanh', 'tanh', 'tanh', 'swish', 'elu']",f8f908f808f949f9d800,700,Adam,MaxAbsoluteDeviation,0.8189377784729004,0.8294679522514343,9.923988699913025
"[23, 23, 8, 23, 8, 23, 12, 23, 21, 8]","['elu', 'tanh', 'swish', 'tanh', 'swish', 'tanh', 'tanh', 'tanh', 'swish', 'elu']",f0f908f908f949f9d800,700,Adam,MaxAbsoluteDeviation,0.6510478258132935,0.5415623784065247,9.905934000038542
"[8, 23, 8, 23, 8, 23, 12, 23, 21, 8]","['elu', 'tanh', 'swish', 'tanh', 'swish', 'tanh', 'tanh', 'tanh', 'swish', 'elu']",00f908f908f949f9d800,700,Adam,MaxAbsoluteDeviation,0.5935420989990234,0.6295480132102966,9.873939700075425
"[8, 23, 8, 23, 8, 23, 12, 23, 21]","['elu', 'tanh', 'swish', 'tanh', 'swish', 'tanh', 'tanh', 'tanh', 'swish']",00f908f908f949f9d8,700,Adam,MaxAbsoluteDeviation,0.5935420989990234,0.25289973616600037,9.16632680001203
"[8, 23, 8, 23, 8, 23, 12, 23, 21, 8]","['elu', 'tanh', 'swish', 'tanh', 'swish', 'tanh', 'tanh', 'tanh', 'swish', 'elu']",00f908f908f949f9d800,700,Adam,MaxAbsoluteDeviation,0.5935420989990234,1.3615620136260986,9.834209900000133
"[8, 23, 8, 23, 8, 23, 12, 23, 21, 8]","['elu', 'tanh', 'swish', 'tanh', 'swish', 'tanh', 'tanh', 'tanh', 'tanh', 'elu']",00f908f908f949f9d900,700,Adam,MaxAbsoluteDeviation,1.0923839807510376,0.8551327586174011,9.68577739992179
"[8, 23, 23, 23, 8, 23, 12, 23, 21]","['elu', 'tanh', 'swish', 'tanh', 'swish', 'tanh', 'tanh', 'tanh', 'tanh']",00f9f8f908f949f9d9,700,Adam,MaxAbsoluteDeviation,1.0923839807510376,4.802723407745361,8.990867100073956
"[8, 23, 8, 23, 8, 23, 12, 23, 21, 8]","['elu', 'tanh', 'swish', 'tanh', 'swish', 'tanh', 'tanh', 'tanh', 'tanh', 'elu']",00f908f908f949f9d900,700,Adam,MaxAbsoluteDeviation,0.917009711265564,0.6227000951766968,9.626216100063175
"[8, 23, 8, 23, 8, 23, 12, 23, 21, 8]","['sigmoid', 'tanh', 'swish', 'tanh', 'swish', 'tanh', 'tanh', 'tanh', 'tanh', 'elu']",06f908f908f949f9d900,700,Adam,MaxAbsoluteDeviation,0.917009711265564,7.216553688049316,9.645009700092487
"[8, 23, 8, 23, 8, 23, 12, 23, 21]","['elu', 'tanh', 'swish', 'tanh', 'swish', 'tanh', 'tanh', 'tanh', 'tanh']",00f908f908f949f9d9,700,Adam,MaxAbsoluteDeviation,0.917009711265564,7.618520736694336,9.027371699921787
"[8, 23, 8, 23, 8, 23, 8, 23, 21, 8]","['elu', 'tanh', 'swish', 'tanh', 'swish', 'tanh', 'tanh', 'tanh', 'tanh', 'elu']",00f908f908f909f9d900,700,Adam,MaxAbsoluteDeviation,0.917009711265564,2.124537229537964,9.72093000006862
"[8, 23, 8, 23, 8, 23, 12, 23, 21, 8]","['elu', 'tanh', 'swish', 'tanh', 'swish', 'tanh', 'tanh', 'tanh', 'tanh', 'elu']",00f908f908f949f9d900,700,Adam,MaxAbsoluteDeviation,1.1132960319519043,0.7788559198379517,9.703292899997905
"[8, 23, 8, 23, 8, 23, 12, 23, 21]","['elu', 'tanh', 'swish', 'tanh', 'swish', 'tanh', 'tanh', 'tanh', 'tanh']",00f908f908f949f9d9,700,Adam,MaxAbsoluteDeviation,1.0722506046295166,0.41856902837753296,8.920721900067292
"[8, 23, 8, 23, 8, 23, 12, 23, 21]","['elu', 'tanh', 'swish', 'tanh', 'swish', 'tanh', 'tanh', 'tanh', 'tanh']",00f908f908f949f9d9,700,Adam,MaxAbsoluteDeviation,1.208303451538086,0.7825528979301453,8.857265700004064
"[8, 23, 8, 23, 8, 23, 12, 23, 21]","['elu', 'tanh', 'swish', 'swish', 'swish', 'tanh', 'tanh', 'tanh', 'tanh']",00f908f808f949f9d9,700,Adam,MaxAbsoluteDeviation,1.221023440361023,0.7372211813926697,8.870239199954085
"[8, 23, 8, 23, 8, 23, 12, 23, 21]","['elu', 'tanh', 'swish', 'swish', 'swish', 'tanh', 'tanh', 'tanh', 'tanh']",00f908f808f949f9d9,700,Adam,MaxAbsoluteDeviation,1.3985813856124878,0.7160240411758423,8.905411000014283
"[8, 23, 8, 23, 8, 23, 12, 23, 21, 23]","['elu', 'tanh', 'swish', 'swish', 'swish', 'tanh', 'tanh', 'tanh', 'tanh', 'sigmoid']",00f908f808f949f9d9f6,248,Adam,MaxAbsoluteDeviation,1.3985813856124878,7.4068098068237305,3.92922869999893
"[8, 23, 8, 23, 8, 23, 12, 23]","['elu', 'tanh', 'swish', 'swish', 'swish', 'tanh', 'tanh', 'tanh']",00f908f808f949f9,700,Adam,MaxAbsoluteDeviation,0.3935655653476715,0.4380126893520355,8.153331500012428
"[8, 23, 8, 23, 8, 23, 8, 23, 20]","['elu', 'tanh', 'swish', 'swish', 'swish', 'tanh', 'tanh', 'tanh', 'swish']",00f908f808f909f9c8,700,Adam,MaxAbsoluteDeviation,0.6845612525939941,0.6629159450531006,8.886069900006987
"[8, 23, 8, 23, 8, 23, 8, 23, 20]","['elu', 'tanh', 'swish', 'swish', 'swish', 'tanh', 'tanh', 'tanh', 'swish']",00f908f808f909f9c8,700,Adam,MaxAbsoluteDeviation,0.8602941632270813,0.4050784409046173,8.796224399935454
"[8, 23, 8, 23, 8, 23, 8, 23]","['elu', 'tanh', 'swish', 'swish', 'swish', 'tanh', 'tanh', 'tanh']",00f908f808f909f9,700,Adam,MaxAbsoluteDeviation,0.589074432849884,0.4660249352455139,8.23957140010316
"[8, 23, 8, 23, 8, 23, 8, 23]","['elu', 'tanh', 'swish', 'swish', 'swish', 'tanh', 'tanh', 'tanh']",00f908f808f909f9,700,Adam,MaxAbsoluteDeviation,0.698602557182312,0.6054757237434387,8.211876299930736
"[8, 23, 8, 23, 8, 8, 8, 23]","['elu', 'tanh', 'swish', 'swish', 'swish', 'tanh', 'tanh', 'tanh']",00f908f8080909f9,700,Adam,MaxAbsoluteDeviation,0.5165296792984009,0.5385709404945374,8.159473899984732
"[8, 23, 8, 23, 8, 8, 8]","['elu', 'tanh', 'swish', 'swish', 'swish', 'tanh', 'tanh']",00f908f8080909,700,Adam,MaxAbsoluteDeviation,0.5094578266143799,0.5028787851333618,7.488801099942066
"[8, 23, 8, 23, 8, 8, 8]","['elu', 'tanh', 'swish', 'swish', 'swish', 'tanh', 'tanh']",00f908f8080909,700,Adam,MaxAbsoluteDeviation,0.5094578266143799,7.379083633422852,7.449161000084132
"[8, 23, 8, 23, 8, 8, 8]","['elu', 'tanh', 'swish', 'swish', 'swish', 'tanh', 'tanh']",00f908f8080909,700,Adam,MaxAbsoluteDeviation,0.3985980153083801,0.4397004246711731,7.439185400027782
"[8, 23, 8, 23, 23, 8, 8]","['elu', 'tanh', 'swish', 'swish', 'swish', 'tanh', 'tanh']",00f908f8f80909,700,Adam,MaxAbsoluteDeviation,0.3985980153083801,7.373877048492432,7.335197399952449
"[8, 23, 8, 23, 8, 8]","['elu', 'tanh', 'swish', 'swish', 'swish', 'tanh']",00f908f80809,700,Adam,MaxAbsoluteDeviation,0.27577099204063416,0.23518705368041992,6.686950999894179
"[8, 23, 8, 23, 8, 8, 16]","['elu', 'tanh', 'elu', 'swish', 'swish', 'tanh', 'tanh']",00f900f8080989,700,Adam,MaxAbsoluteDeviation,0.6710405349731445,0.5441672205924988,7.243535800022073
"[8, 23, 8, 23, 8, 8, 16]","['elu', 'tanh', 'elu', 'swish', 'swish', 'tanh', 'tanh']",00f900f8080989,500,Adam,MaxAbsoluteDeviation,0.6898375153541565,0.3382609188556671,5.382455799961463
"[8, 23, 8, 23, 8, 8]","['elu', 'tanh', 'elu', 'swish', 'swish', 'tanh']",00f900f80809,500,Adam,MaxAbsoluteDeviation,0.6898375153541565,7.362101078033447,4.847023900016211
"[8, 23, 8, 23, 8, 8, 16]","['elu', 'tanh', 'tanh', 'swish', 'swish', 'tanh', 'tanh']",00f909f8080989,700,Adam,MaxAbsoluteDeviation,0.43057286739349365,0.3034493029117584,7.253373800078407
"[8, 23, 8, 23, 8, 8, 16]","['elu', 'tanh', 'tanh', 'swish', 'swish', 'tanh', 'tanh']",00f909f8080989,700,Adam,MaxAbsoluteDeviation,0.48517322540283203,0.40345969796180725,7.255291800014675
"[8, 23, 8, 23, 8, 8, 16]","['elu', 'tanh', 'tanh', 'swish', 'swish', 'tanh', 'tanh']",00f909f8080989,554,Adam,MaxAbsoluteDeviation,0.48517322540283203,0.44923704862594604,5.792952200048603
"[8, 23, 8, 23, 8, 8, 16, 17]","['elu', 'tanh', 'tanh', 'swish', 'swish', 'tanh', 'tanh', 'elu']",00f909f808098990,700,Adam,MaxAbsoluteDeviation,0.6630287766456604,0.5275580883026123,7.950818800018169
"[8, 23, 8, 23, 23, 8, 16, 17]","['elu', 'tanh', 'tanh', 'swish', 'swish', 'tanh', 'tanh', 'elu']",00f909f8f8098990,430,Adam,MaxAbsoluteDeviation,1.0380507707595825,1.24252450466156,5.029711999930441
"[8, 23, 8, 23, 23, 23, 16, 17]","['elu', 'tanh', 'tanh', 'swish', 'swish', 'tanh', 'tanh', 'elu']",00f909f8f8f98990,430,Adam,MaxAbsoluteDeviation,0.9194176197052002,1.3202521800994873,5.079600699944422
"[8, 23, 8, 23, 23, 23, 16, 17]","['elu', 'tanh', 'tanh', 'swish', 'swish', 'tanh', 'tanh', 'elu']",00f909f8f8f98990,100,Adam,MaxAbsoluteDeviation,0.8954426050186157,0.8626475930213928,1.7369240000844002
"[8, 23, 8, 23, 23, 23, 16, 17]","['elu', 'tanh', 'tanh', 'swish', 'swish', 'tanh', 'tanh', 'elu']",00f909f8f8f98990,700,Adam,MaxAbsoluteDeviation,0.5427719354629517,0.5186052322387695,7.867829299997538
"[8, 23, 8, 23, 23, 23, 16, 17]","['elu', 'tanh', 'tanh', 'swish', 'swish', 'tanh', 'tanh', 'elu']",00f909f8f8f98990,105,Adam,MaxAbsoluteDeviation,1.1225546598434448,0.8621532917022705,1.8011917000403628
"[8, 23, 8, 23, 23, 23, 23, 17]","['elu', 'tanh', 'tanh', 'swish', 'swish', 'tanh', 'tanh', 'elu']",00f909f8f8f9f990,100,Adam,MaxAbsoluteDeviation,1.3195180892944336,1.0001729726791382,1.7399534999858588
"[8, 23, 8, 23, 23, 23, 23, 17, 21]","['elu', 'tanh', 'tanh', 'swish', 'swish', 'tanh', 'tanh', 'elu', 'swish']",00f909f8f8f9f990d8,100,Adam,MaxAbsoluteDeviation,2.6183698177337646,2.292984962463379,1.9239504999713972
"[8, 23, 8, 23, 23, 23, 23, 17, 21, 11]","['elu', 'elu', 'sigmoid', 'swish', 'swish', 'tanh', 'tanh', 'elu', 'swish', 'swish']",00f006f8f8f9f990d838,100,Adam,MaxAbsoluteDeviation,1.2156049013137817,0.9504872560501099,2.1206813000608236
"[8, 23, 8, 23, 23, 23, 23, 17, 21, 11]","['elu', 'elu', 'sigmoid', 'swish', 'swish', 'tanh', 'tanh', 'elu', 'swish', 'swish']",00f006f8f8f9f990d838,700,Adam,MaxAbsoluteDeviation,0.642124354839325,0.8105086088180542,9.548008700017817
"[8, 23, 8, 23, 23, 23, 23, 17, 21, 23]","['elu', 'elu', 'sigmoid', 'swish', 'swish', 'tanh', 'tanh', 'elu', 'swish', 'swish']",00f006f8f8f9f990d8f8,700,Adam,MaxAbsoluteDeviation,0.69961017370224,0.4214913547039032,9.43899459997192
"[8, 23, 8, 23, 23, 23, 23, 17, 21, 23]","['elu', 'elu', 'sigmoid', 'swish', 'swish', 'swish', 'tanh', 'elu', 'swish', 'swish']",00f006f8f8f8f990d8f8,700,Adam,MaxAbsoluteDeviation,0.7393239140510559,0.6315785646438599,9.579320100019686
"[23, 23, 8, 23, 23, 23, 23, 17, 21, 23]","['elu', 'elu', 'sigmoid', 'swish', 'swish', 'swish', 'tanh', 'elu', 'swish', 'swish']",f0f006f8f8f8f990d8f8,700,Adam,MaxAbsoluteDeviation,0.7077562212944031,0.2590830624103546,9.394367799977772
"[23, 23, 8, 23, 23, 23, 23, 17, 21]","['elu', 'elu', 'sigmoid', 'swish', 'swish', 'swish', 'tanh', 'elu', 'swish']",f0f006f8f8f8f990d8,700,Adam,MaxAbsoluteDeviation,0.7364776730537415,0.32094264030456543,8.617667199927382
"[23, 23, 8, 23, 23, 23, 23, 17, 21]","['elu', 'elu', 'sigmoid', 'swish', 'swish', 'swish', 'tanh', 'elu', 'swish']",f0f006f8f8f8f990d8,174,Adam,MaxAbsoluteDeviation,1.1456724405288696,0.7802363038063049,2.7053559999912977
"[23, 23, 8, 23, 23, 23, 23, 17, 21, 11]","['elu', 'elu', 'sigmoid', 'swish', 'swish', 'swish', 'tanh', 'elu', 'swish', 'elu']",f0f006f8f8f8f990d830,174,Adam,MaxAbsoluteDeviation,1.9031556844711304,1.6131914854049683,2.942381600034423
"[23, 23, 8, 23, 23, 23, 23, 17, 23, 11, 11, 23]","['elu', 'elu', 'sigmoid', 'swish', 'swish', 'swish', 'tanh', 'elu', 'swish', 'elu', 'elu', 'sigmoid']",f0f006f8f8f8f990f83030f6,174,Adam,MaxAbsoluteDeviation,1.9031556844711304,7.414961814880371,3.372495099902153
"[23, 23, 8, 23, 23, 23, 23, 17, 21, 11]","['elu', 'elu', 'sigmoid', 'swish', 'swish', 'swish', 'tanh', 'swish', 'swish', 'elu']",f0f006f8f8f8f998d830,174,Adam,MaxAbsoluteDeviation,0.6070904731750488,0.9190329909324646,2.920149700017646
"[23, 23, 8, 23, 23, 23, 23, 17, 21]","['elu', 'elu', 'sigmoid', 'swish', 'swish', 'swish', 'tanh', 'swish', 'swish']",f0f006f8f8f8f998d8,174,Adam,MaxAbsoluteDeviation,1.022527813911438,0.4611700475215912,2.7620813999092206
"[23, 23, 8, 23, 23, 23, 23, 17, 21]","['elu', 'tanh', 'sigmoid', 'swish', 'swish', 'swish', 'tanh', 'swish', 'swish']",f0f906f8f8f8f998d8,700,Adam,MaxAbsoluteDeviation,0.49680736660957336,0.2875681519508362,8.613704900024459
"[23, 23, 8, 23, 23, 23, 23, 17, 21]","['elu', 'tanh', 'sigmoid', 'swish', 'swish', 'swish', 'tanh', 'swish', 'swish']",f0f906f8f8f8f998d8,274,Adam,MaxAbsoluteDeviation,1.1914620399475098,1.0092146396636963,3.845990000059828
"[23, 23, 8, 23, 23, 23, 23, 23, 8]","['elu', 'tanh', 'sigmoid', 'swish', 'swish', 'tanh', 'tanh', 'swish', 'swish']",f0f906f8f8f9f9f808,100,Adam,MaxAbsoluteDeviation,1.520734190940857,0.8678718209266663,1.911071699927561
"[23, 23, 8, 23, 23, 23, 23, 8, 8]","['elu', 'tanh', 'sigmoid', 'swish', 'swish', 'tanh', 'tanh', 'swish', 'swish']",f0f906f8f8f9f90808,100,Adam,MaxAbsoluteDeviation,0.8539708256721497,0.49148279428482056,1.9245107000460848
"[23, 23, 8, 23, 23, 23, 23, 8, 8]","['elu', 'tanh', 'sigmoid', 'swish', 'swish', 'tanh', 'tanh', 'swish', 'swish']",f0f906f8f8f9f90808,700,Adam,MaxAbsoluteDeviation,0.7377969622612,0.4724060595035553,8.657089499989524
"[23, 23, 8, 23, 23, 23, 23, 8, 8, 17]","['elu', 'tanh', 'sigmoid', 'swish', 'swish', 'tanh', 'tanh', 'swish', 'swish', 'tanh']",f0f906f8f8f9f9080899,700,Adam,MaxAbsoluteDeviation,0.7377969622612,7.414397716522217,9.288635600009002
"[23, 23, 8, 23, 23, 23, 23, 8, 8]","['elu', 'tanh', 'sigmoid', 'swish', 'swish', 'tanh', 'tanh', 'swish', 'swish']",f0f906f8f8f9f90808,209,Adam,MaxAbsoluteDeviation,0.7145376801490784,0.7901594042778015,3.1108345000538975
"[23, 23, 8, 23, 23, 23, 23, 8, 8]","['elu', 'tanh', 'sigmoid', 'swish', 'swish', 'tanh', 'tanh', 'swish', 'swish']",f0f906f8f8f9f90808,209,Adam,MaxAbsoluteDeviation,0.8769547343254089,0.4517902731895447,3.112639799946919
"[23, 23, 8, 23, 23, 23, 23, 8, 8, 14]","['elu', 'tanh', 'sigmoid', 'swish', 'swish', 'tanh', 'tanh', 'swish', 'swish', 'swish']",f0f906f8f8f9f9080868,209,Adam,MaxAbsoluteDeviation,0.8847549557685852,1.091548204421997,3.3725908000487834
"[23, 23, 8, 23, 23, 23, 23, 8, 8, 14]","['elu', 'tanh', 'sigmoid', 'swish', 'swish', 'tanh', 'tanh', 'swish', 'swish', 'swish']",f0f906f8f8f9f9080868,700,Adam,MaxAbsoluteDeviation,0.6477728486061096,0.6281445026397705,9.314326000050642
"[23, 23, 8, 23, 23, 23, 23, 8, 8, 14, 20]","['elu', 'tanh', 'sigmoid', 'swish', 'swish', 'tanh', 'tanh', 'swish', 'swish', 'swish', 'sigmoid']",f0f906f8f8f9f9080868c6,613,Adam,MaxAbsoluteDeviation,0.8061609864234924,0.705341100692749,8.965031699975953
"[23, 23, 8, 23, 23, 23, 23, 8, 8, 14, 20]","['elu', 'tanh', 'sigmoid', 'swish', 'swish', 'tanh', 'tanh', 'swish', 'swish', 'swish', 'sigmoid']",f0f906f8f8f9f9080868c6,613,Adam,MaxAbsoluteDeviation,0.8061609864234924,7.392141819000244,8.8026926999446
"[8, 23, 8, 23, 23, 23, 23, 8, 8, 14, 20]","['elu', 'tanh', 'sigmoid', 'swish', 'swish', 'tanh', 'tanh', 'swish', 'swish', 'swish', 'sigmoid']",00f906f8f8f9f9080868c6,613,Adam,MaxAbsoluteDeviation,0.8061609864234924,7.401461601257324,8.933256800053641
"[23, 23, 8, 23, 23, 23, 23, 8, 8, 14, 20]","['elu', 'tanh', 'sigmoid', 'swish', 'swish', 'tanh', 'tanh', 'swish', 'swish', 'swish', 'sigmoid']",f0f906f8f8f9f9080868c6,613,Adam,MaxAbsoluteDeviation,0.8061609864234924,7.40840482711792,8.974484300008044
"[23, 23, 8, 23, 23, 23, 23, 8, 8, 14]","['elu', 'tanh', 'sigmoid', 'swish', 'swish', 'tanh', 'tanh', 'swish', 'swish', 'swish']",f0f906f8f8f9f9080868,613,Adam,MaxAbsoluteDeviation,1.040765643119812,0.8499361872673035,8.214773699990474
"[23, 8, 8, 23, 23, 23, 23, 8, 8, 14]","['elu', 'tanh', 'sigmoid', 'swish', 'swish', 'tanh', 'tanh', 'swish', 'swish', 'swish']",f00906f8f8f9f9080868,613,Adam,MaxAbsoluteDeviation,1.407354474067688,1.0829129219055176,8.184770900057629
"[23, 8, 8, 23, 23, 23, 23, 8, 8, 14]","['elu', 'tanh', 'sigmoid', 'swish', 'swish', 'tanh', 'tanh', 'swish', 'swish', 'swish']",f00906f8f8f9f9080868,700,Adam,MaxAbsoluteDeviation,0.8178442716598511,0.5774025917053223,9.446653099963441
"[23, 8, 8, 23, 23, 23, 23, 8]","['elu', 'tanh', 'sigmoid', 'swish', 'swish', 'tanh', 'tanh', 'swish']",f00906f8f8f9f908,700,Adam,MaxAbsoluteDeviation,0.4241318702697754,0.3027186989784241,7.921322299982421
"[23, 8, 8, 23, 23, 23, 23, 8, 18]","['elu', 'tanh', 'sigmoid', 'swish', 'swish', 'tanh', 'tanh', 'swish', 'tanh']",f00906f8f8f9f908a9,700,Adam,MaxAbsoluteDeviation,0.4241318702697754,0.6376259326934814,8.51621030003298
"[23, 8, 8, 23, 23, 23, 23, 8, 11]","['elu', 'tanh', 'sigmoid', 'swish', 'swish', 'tanh', 'tanh', 'swish', 'sigmoid']",f00906f8f8f9f90836,700,Adam,MaxAbsoluteDeviation,0.5557026267051697,0.3284974992275238,8.563324599992484
"[23, 8, 8, 23, 23, 23, 23, 8, 11, 14]","['elu', 'tanh', 'sigmoid', 'swish', 'swish', 'tanh', 'tanh', 'swish', 'sigmoid', 'elu']",f00906f8f8f9f9083660,700,Adam,MaxAbsoluteDeviation,0.5585232377052307,0.36025914549827576,9.213974700076506
"[23, 8, 8, 23, 23, 23, 23, 8, 11, 14, 10]","['elu', 'tanh', 'sigmoid', 'swish', 'swish', 'tanh', 'tanh', 'swish', 'sigmoid', 'elu', 'tanh']",f00906f8f8f9f908366029,700,Adam,MaxAbsoluteDeviation,0.5585232377052307,7.346846580505371,11.015056100091897
"[23, 8, 8, 23, 23, 23, 23, 8, 11]","['elu', 'tanh', 'sigmoid', 'swish', 'swish', 'tanh', 'tanh', 'swish', 'sigmoid']",f00906f8f8f9f90836,700,Adam,MaxAbsoluteDeviation,0.5585232377052307,5.920435905456543,9.635083199944347
"[23, 8, 8, 23, 23, 23, 23, 8, 11, 14]","['elu', 'tanh', 'sigmoid', 'swish', 'swish', 'tanh', 'tanh', 'swish', 'sigmoid', 'elu']",f00906f8f8f9f9083660,424,Adam,MaxAbsoluteDeviation,0.7166229486465454,0.527023196220398,6.5317431999137625
"[23, 8, 8, 23, 23, 23, 8, 8, 11, 14]","['elu', 'tanh', 'sigmoid', 'swish', 'swish', 'tanh', 'tanh', 'swish', 'sigmoid', 'elu']",f00906f8f8f909083660,700,Adam,MaxAbsoluteDeviation,0.9062543511390686,1.028397798538208,10.308041700045578
"[23, 8, 8, 23, 23, 23, 8, 8, 11]","['elu', 'tanh', 'sigmoid', 'swish', 'swish', 'tanh', 'tanh', 'swish', 'sigmoid']",f00906f8f8f9090836,700,Adam,MaxAbsoluteDeviation,0.9062543511390686,7.412527084350586,9.459088000003248
"[23, 8, 8, 23, 23, 23, 8, 8, 11]","['elu', 'tanh', 'sigmoid', 'swish', 'swish', 'tanh', 'tanh', 'swish', 'sigmoid']",f00906f8f8f9090836,700,Adam,MaxAbsoluteDeviation,0.9062543511390686,7.404428482055664,9.326825099997222
"[23, 8, 8, 23, 23, 23, 8, 8, 11, 14]","['elu', 'tanh', 'sigmoid', 'swish', 'swish', 'tanh', 'tanh', 'swish', 'sigmoid', 'elu']",f00906f8f8f909083660,700,Adam,MaxAbsoluteDeviation,0.6597345471382141,0.3406279385089874,10.176069399924017
"[23, 8, 23, 23, 23, 23, 8, 8, 11, 14]","['elu', 'tanh', 'sigmoid', 'swish', 'swish', 'tanh', 'tanh', 'swish', 'sigmoid', 'elu']",f009f6f8f8f909083660,700,Adam,MaxAbsoluteDeviation,0.6597345471382141,7.505426406860352,10.117283200030215
"[23, 8, 8, 23, 23, 23, 8, 8, 11]","['elu', 'tanh', 'sigmoid', 'swish', 'swish', 'tanh', 'tanh', 'swish', 'sigmoid']",f00906f8f8f9090836,389,Adam,MaxAbsoluteDeviation,0.6597345471382141,6.557127475738525,5.519279100000858
"[23, 8, 8, 23, 23, 23, 8, 8, 11, 14]","['elu', 'tanh', 'sigmoid', 'swish', 'swish', 'tanh', 'tanh', 'swish', 'sigmoid', 'elu']",f00906f8f8f909083660,700,Adam,MaxAbsoluteDeviation,0.6597345471382141,7.369415760040283,10.134849500027485
"[23, 8, 8, 23, 23, 23, 8, 8, 11, 14]","['elu', 'tanh', 'sigmoid', 'swish', 'swish', 'tanh', 'tanh', 'swish', 'sigmoid', 'swish']",f00906f8f8f909083668,159,Adam,MaxAbsoluteDeviation,0.7547966241836548,0.6488583087921143,2.9700713999336585
"[23, 8, 8, 23, 23, 23, 8, 8, 11, 14]","['elu', 'tanh', 'sigmoid', 'swish', 'swish', 'tanh', 'tanh', 'swish', 'sigmoid', 'swish']",f00906f8f8f909083668,143,Adam,MaxAbsoluteDeviation,1.134476900100708,0.7359558939933777,2.7579789999872446
"[23, 8, 8, 23, 23, 23, 8, 8, 11, 14]","['elu', 'tanh', 'sigmoid', 'swish', 'swish', 'tanh', 'tanh', 'swish', 'sigmoid', 'swish']",f00906f8f8f909083668,700,Adam,MaxAbsoluteDeviation,0.7868848443031311,0.7970631122589111,10.039592699962668
"[23, 8, 8, 23, 23, 23, 8, 8, 11, 14]","['elu', 'tanh', 'sigmoid', 'swish', 'swish', 'tanh', 'tanh', 'swish', 'sigmoid', 'swish']",f00906f8f8f909083668,700,Adam,MaxAbsoluteDeviation,0.7886941432952881,0.38376307487487793,9.99741399998311
"[23, 8, 8, 23, 23, 23, 8, 8, 11, 14]","['elu', 'tanh', 'sigmoid', 'swish', 'elu', 'tanh', 'tanh', 'elu', 'sigmoid', 'swish']",f00906f8f0f909003668,700,Adam,MaxAbsoluteDeviation,0.7886941432952881,2.4878532886505127,10.01437980006449
"[23, 8, 8, 23, 23, 23, 8, 8, 11, 14]","['elu', 'tanh', 'sigmoid', 'swish', 'swish', 'tanh', 'tanh', 'swish', 'sigmoid', 'swish']",f00906f8f8f909083668,164,Adam,MaxAbsoluteDeviation,0.7886941432952881,1.2105355262756348,3.0029777000891045
"[23, 8, 8, 23, 23, 23, 8, 8, 11, 14, 17]","['elu', 'tanh', 'sigmoid', 'swish', 'swish', 'tanh', 'tanh', 'swish', 'sigmoid', 'swish', 'swish']",f00906f8f8f90908366898,700,Adam,MaxAbsoluteDeviation,0.7886941432952881,7.722789764404297,10.928232499980368
"[23, 8, 8, 23, 23, 23, 8, 8, 11, 14]","['elu', 'tanh', 'sigmoid', 'swish', 'tanh', 'tanh', 'tanh', 'swish', 'sigmoid', 'swish']",f00906f8f9f909083668,700,Adam,MaxAbsoluteDeviation,0.8858293890953064,0.8259333968162537,9.858414400019683
"[23, 8, 8, 23, 23, 23, 8, 8, 11, 14]","['elu', 'tanh', 'sigmoid', 'swish', 'tanh', 'tanh', 'tanh', 'swish', 'sigmoid', 'swish']",f00906f8f9f909083668,598,Adam,MaxAbsoluteDeviation,0.9277443289756775,1.029400110244751,8.523835800006054
"[23, 8, 8, 23, 23, 23, 8, 8, 11, 14]","['elu', 'tanh', 'sigmoid', 'swish', 'tanh', 'tanh', 'tanh', 'swish', 'sigmoid', 'swish']",f00906f8f9f909083668,700,Adam,MaxAbsoluteDeviation,0.9005645513534546,0.6523841023445129,9.817323199938983
"[23, 8, 8, 23, 23, 23, 8, 8, 11, 14]","['elu', 'tanh', 'sigmoid', 'swish', 'tanh', 'tanh', 'tanh', 'swish', 'sigmoid', 'swish']",f00906f8f9f909083668,700,Adam,MaxAbsoluteDeviation,1.0544254779815674,0.618088960647583,9.683792900061235
"[23, 8, 8, 23, 23, 23, 8, 8, 11, 14]","['elu', 'tanh', 'sigmoid', 'swish', 'tanh', 'tanh', 'tanh', 'swish', 'swish', 'swish']",f00906f8f9f909083868,700,Adam,MaxAbsoluteDeviation,0.7187353372573853,0.5299553871154785,9.790588499978185
"[23, 8, 8, 23, 23, 23, 8, 8, 11, 14]","['elu', 'tanh', 'sigmoid', 'swish', 'sigmoid', 'tanh', 'tanh', 'swish', 'swish', 'swish']",f00906f8f6f909083868,700,Adam,MaxAbsoluteDeviation,0.9011586308479309,0.5381325483322144,9.722246899968013
"[23, 8, 8, 23, 23, 23, 8, 8, 11, 14]","['elu', 'tanh', 'sigmoid', 'swish', 'sigmoid', 'tanh', 'tanh', 'swish', 'swish', 'swish']",f00906f8f6f909083868,700,Adam,MaxAbsoluteDeviation,0.6363344192504883,0.776438295841217,9.788621100015007
"[23, 8, 8, 23, 23, 23, 8, 8, 11, 14, 15]","['elu', 'tanh', 'sigmoid', 'swish', 'sigmoid', 'tanh', 'tanh', 'swish', 'swish', 'swish', 'swish']",f00906f8f6f90908386878,700,Adam,MaxAbsoluteDeviation,0.6552664041519165,0.3628687560558319,10.753878099960275
"[23, 8, 8, 23, 23, 23, 8, 8, 11, 14, 15]","['elu', 'tanh', 'sigmoid', 'swish', 'sigmoid', 'tanh', 'tanh', 'swish', 'swish', 'swish', 'swish']",f00906f8f6f90908386878,700,Adam,MaxAbsoluteDeviation,0.43392297625541687,0.5359029173851013,10.689391299965791
"[23, 8, 8, 23, 23, 23, 8, 8, 11, 14, 15]","['elu', 'tanh', 'sigmoid', 'swish', 'sigmoid', 'tanh', 'tanh', 'swish', 'sigmoid', 'swish', 'swish']",f00906f8f6f90908366878,700,Adam,MaxAbsoluteDeviation,1.1402510404586792,0.7328633069992065,10.60409530007746
"[23, 8, 8, 23, 23, 23, 8, 8, 11, 14, 15]","['elu', 'tanh', 'sigmoid', 'swish', 'sigmoid', 'tanh', 'tanh', 'swish', 'sigmoid', 'swish', 'swish']",f00906f8f6f90908366878,700,Adam,MaxAbsoluteDeviation,0.3588363528251648,0.31289952993392944,10.719326899969019
"[23, 8, 8, 23, 23, 23, 8, 8, 11, 23, 15]","['elu', 'tanh', 'sigmoid', 'swish', 'sigmoid', 'tanh', 'tanh', 'swish', 'sigmoid', 'swish', 'swish']",f00906f8f6f9090836f878,700,Adam,MaxAbsoluteDeviation,0.3588363528251648,0.5289474725723267,10.702267799992114
"[23, 8, 8, 23, 23, 23, 8, 8, 11, 23, 15]","['elu', 'tanh', 'sigmoid', 'swish', 'sigmoid', 'tanh', 'tanh', 'swish', 'sigmoid', 'swish', 'swish']",f00906f8f6f9090836f878,700,Adam,MaxAbsoluteDeviation,0.3588363528251648,1.0411182641983032,10.815315999905579
"[23, 8, 8, 23, 23, 23, 8, 8, 11, 14, 15]","['elu', 'tanh', 'sigmoid', 'swish', 'sigmoid', 'tanh', 'tanh', 'swish', 'sigmoid', 'swish', 'swish']",f00906f8f6f90908366878,700,Adam,MaxAbsoluteDeviation,1.1697359085083008,0.6461283564567566,10.756429000059143
"[23, 8, 23, 23, 23, 23, 8, 8, 11, 14, 15]","['elu', 'tanh', 'sigmoid', 'swish', 'sigmoid', 'tanh', 'tanh', 'swish', 'sigmoid', 'swish', 'swish']",f009f6f8f6f90908366878,700,Adam,MaxAbsoluteDeviation,0.8395161032676697,0.8140475749969482,10.501585600082763
"[23, 8, 23, 23, 23, 23, 8, 23, 11, 14, 15]","['elu', 'tanh', 'sigmoid', 'swish', 'sigmoid', 'tanh', 'tanh', 'swish', 'sigmoid', 'swish', 'swish']",f009f6f8f6f909f8366878,700,Adam,MaxAbsoluteDeviation,0.682084321975708,0.7773770093917847,10.619628499960527
"[23, 8, 23, 23, 23, 23, 8, 23, 11, 14, 15]","['elu', 'tanh', 'sigmoid', 'swish', 'sigmoid', 'tanh', 'tanh', 'swish', 'sigmoid', 'swish', 'swish']",f009f6f8f6f909f8366878,100,Adam,MaxAbsoluteDeviation,1.275452971458435,1.1225510835647583,2.372106899973005
"[23, 8, 23, 23, 23, 23, 8, 23, 11, 14, 15, 8]","['elu', 'tanh', 'sigmoid', 'swish', 'sigmoid', 'tanh', 'tanh', 'swish', 'sigmoid', 'swish', 'swish', 'elu']",f009f6f8f6f909f836687800,100,Adam,MaxAbsoluteDeviation,1.275452971458435,5.939599514007568,2.511880000005476
"[23, 8, 23, 23, 13, 23, 8, 23, 11, 14, 15]","['elu', 'tanh', 'sigmoid', 'swish', 'sigmoid', 'tanh', 'tanh', 'swish', 'sigmoid', 'swish', 'swish']",f009f6f856f909f8366878,100,Adam,MaxAbsoluteDeviation,1.3805525302886963,0.5500782132148743,2.372528800042346
"[23, 8, 23, 23, 13, 23, 23, 23, 11, 14, 15]","['elu', 'tanh', 'sigmoid', 'swish', 'sigmoid', 'tanh', 'tanh', 'swish', 'sigmoid', 'swish', 'swish']",f009f6f856f9f9f8366878,100,Adam,MaxAbsoluteDeviation,1.944886326789856,2.0619056224823,2.3811241999501362
"[23, 8, 23, 23, 13, 23, 23, 23, 11, 14, 15]","['elu', 'tanh', 'sigmoid', 'swish', 'sigmoid', 'tanh', 'tanh', 'swish', 'sigmoid', 'swish', 'swish']",f009f6f856f9f9f8366878,700,Adam,MaxAbsoluteDeviation,0.7959936261177063,0.6276016235351562,10.594198599923402
"[23, 8, 23, 23, 13, 23, 23, 23, 11, 14, 15, 8]","['elu', 'tanh', 'sigmoid', 'swish', 'sigmoid', 'tanh', 'tanh', 'swish', 'sigmoid', 'swish', 'swish', 'swish']",f009f6f856f9f9f836687808,700,Adam,MaxAbsoluteDeviation,0.5565367341041565,0.3638290762901306,11.319895399967209
"[23, 8, 23, 23, 13, 23, 23, 23, 8, 14, 15, 8]","['elu', 'tanh', 'sigmoid', 'swish', 'sigmoid', 'tanh', 'tanh', 'swish', 'sigmoid', 'swish', 'swish', 'swish']",f009f6f856f9f9f806687808,700,Adam,MaxAbsoluteDeviation,1.219382882118225,0.7019959688186646,11.260749899898656
"[23, 8, 23, 23, 13, 23, 23, 23, 8, 14, 15]","['elu', 'tanh', 'sigmoid', 'swish', 'sigmoid', 'tanh', 'tanh', 'swish', 'sigmoid', 'swish', 'swish']",f009f6f856f9f9f8066878,700,Adam,MaxAbsoluteDeviation,1.219382882118225,7.327301502227783,10.648647500085644
"[23, 8, 23, 23, 13, 23, 23, 23, 8, 14]","['elu', 'tanh', 'sigmoid', 'swish', 'sigmoid', 'tanh', 'tanh', 'swish', 'sigmoid', 'swish']",f009f6f856f9f9f80668,700,Adam,MaxAbsoluteDeviation,0.8644816875457764,0.5247689485549927,9.67030340002384
"[23, 8, 23, 23, 13, 23, 23, 23, 8, 14]","['elu', 'tanh', 'sigmoid', 'swish', 'sigmoid', 'tanh', 'tanh', 'swish', 'sigmoid', 'swish']",f009f6f856f9f9f80668,700,Adam,MaxAbsoluteDeviation,0.510461151599884,0.5859802961349487,9.755031700013205
"[23, 8, 23, 23, 13, 23, 23, 23, 8, 21, 15]","['elu', 'tanh', 'sigmoid', 'swish', 'sigmoid', 'tanh', 'tanh', 'swish', 'sigmoid', 'sigmoid', 'tanh']",f009f6f856f9f9f806d679,700,Adam,MaxAbsoluteDeviation,0.510461151599884,7.372424125671387,10.552460400038399
"[23, 8, 23, 23, 13, 23, 23, 23, 8, 14, 13]","['elu', 'tanh', 'sigmoid', 'swish', 'sigmoid', 'tanh', 'tanh', 'swish', 'sigmoid', 'swish', 'elu']",f009f6f856f9f9f8066850,125,Adam,MaxAbsoluteDeviation,0.510461151599884,0.7094051837921143,2.6286073999945074
"[23, 8, 23, 23, 13, 23, 23, 23, 8, 14]","['elu', 'tanh', 'sigmoid', 'swish', 'sigmoid', 'tanh', 'tanh', 'swish', 'sigmoid', 'swish']",f009f6f856f9f9f80668,700,Adam,MaxAbsoluteDeviation,0.510461151599884,7.466228008270264,9.527840599999763
"[23, 8, 23, 23, 13, 23, 23, 23, 8]","['elu', 'tanh', 'sigmoid', 'swish', 'sigmoid', 'tanh', 'tanh', 'swish', 'sigmoid']",f009f6f856f9f9f806,700,Adam,MaxAbsoluteDeviation,0.510461151599884,5.945313930511475,8.825111199985258
"[23, 8, 23, 23, 13, 23, 23, 23, 8, 14]","['elu', 'tanh', 'sigmoid', 'swish', 'sigmoid', 'tanh', 'tanh', 'swish', 'sigmoid', 'swish']",f009f6f856f9f9f80668,592,Adam,MaxAbsoluteDeviation,0.8817993402481079,0.48534560203552246,8.304317400092259
"[23, 8, 23, 23, 13, 23, 23, 23, 8, 14]","['elu', 'tanh', 'sigmoid', 'swish', 'sigmoid', 'tanh', 'tanh', 'swish', 'sigmoid', 'swish']",f009f6f856f9f9f80668,700,Adam,MaxAbsoluteDeviation,0.7902299761772156,1.0313411951065063,9.650151200010441
"[23, 8, 23, 23, 13, 23, 23, 23, 8]","['elu', 'tanh', 'sigmoid', 'swish', 'sigmoid', 'tanh', 'tanh', 'swish', 'sigmoid']",f009f6f856f9f9f806,700,Adam,MaxAbsoluteDeviation,0.7902299761772156,7.426675796508789,8.86381110001821
"[23, 8, 23, 23, 13, 23, 23, 8, 8, 14]","['elu', 'tanh', 'sigmoid', 'swish', 'sigmoid', 'tanh', 'tanh', 'swish', 'sigmoid', 'swish']",f009f6f856f9f9080668,700,Adam,MaxAbsoluteDeviation,1.0887293815612793,0.7310839295387268,9.635051700053737
"[23, 8, 23, 23, 13, 23, 23, 8, 8, 14, 12]","['elu', 'tanh', 'sigmoid', 'swish', 'sigmoid', 'tanh', 'tanh', 'swish', 'sigmoid', 'swish', 'elu']",f009f6f856f9f908066840,700,Adam,MaxAbsoluteDeviation,0.6931333541870117,0.5098330974578857,10.321673200000077
"[23, 8, 23, 23, 13, 23, 23, 8, 8, 14, 12]","['elu', 'tanh', 'sigmoid', 'swish', 'sigmoid', 'tanh', 'tanh', 'swish', 'sigmoid', 'swish', 'elu']",f009f6f856f9f908066840,218,Adam,MaxAbsoluteDeviation,0.8532984256744385,0.583523690700531,3.854339800076559
"[23, 8, 23, 23, 13, 23, 23, 8, 8, 8, 12]","['elu', 'tanh', 'sigmoid', 'swish', 'sigmoid', 'tanh', 'tanh', 'swish', 'sigmoid', 'swish', 'elu']",f009f6f856f9f908060840,218,Adam,MaxAbsoluteDeviation,0.8532984256744385,1.0277568101882935,3.8540306000504643
"[23, 8, 23, 23, 13, 23, 23, 8, 8, 14, 12]","['elu', 'tanh', 'sigmoid', 'swish', 'sigmoid', 'tanh', 'tanh', 'elu', 'sigmoid', 'swish', 'elu']",f009f6f856f9f900066840,218,Adam,MaxAbsoluteDeviation,1.9456539154052734,0.9889100193977356,3.83623599994462
"[23, 8, 23, 23, 13, 8, 23, 8, 8, 14, 12]","['elu', 'tanh', 'sigmoid', 'swish', 'sigmoid', 'tanh', 'tanh', 'elu', 'sigmoid', 'swish', 'elu']",f009f6f85609f900066840,218,Adam,MaxAbsoluteDeviation,1.1697404384613037,1.4289753437042236,3.7605735000688583
"[23, 8, 23, 23, 13, 8, 23, 8, 8, 14, 12]","['elu', 'tanh', 'sigmoid', 'swish', 'sigmoid', 'tanh', 'tanh', 'elu', 'sigmoid', 'swish', 'elu']",f009f6f85609f900066840,218,Adam,MaxAbsoluteDeviation,0.86138916015625,0.8560206890106201,3.824495500070043
"[23, 8, 23, 23, 13, 8, 23, 8, 8, 14]","['elu', 'tanh', 'sigmoid', 'swish', 'sigmoid', 'tanh', 'tanh', 'elu', 'sigmoid', 'swish']",f009f6f85609f9000668,218,Adam,MaxAbsoluteDeviation,0.86138916015625,7.200283050537109,3.4780332000227645
"[23, 8, 23, 23, 13, 8, 23, 8, 23, 14, 12]","['elu', 'tanh', 'sigmoid', 'swish', 'sigmoid', 'tanh', 'tanh', 'elu', 'sigmoid', 'swish', 'elu']",f009f6f85609f900f66840,218,Adam,MaxAbsoluteDeviation,1.1371067762374878,1.0425426959991455,3.790287800016813
"[23, 8, 23, 23, 13, 8, 23, 8, 23, 14, 12]","['elu', 'tanh', 'tanh', 'swish', 'sigmoid', 'tanh', 'tanh', 'elu', 'sigmoid', 'swish', 'elu']",f009f9f85609f900f66840,218,Adam,MaxAbsoluteDeviation,1.058617353439331,0.979065477848053,3.7923198000062257
"[23, 8, 23, 23, 13, 8, 23, 23, 23, 14, 12]","['elu', 'tanh', 'tanh', 'swish', 'sigmoid', 'tanh', 'tanh', 'elu', 'sigmoid', 'swish', 'elu']",f009f9f85609f9f0f66840,218,Adam,MaxAbsoluteDeviation,1.058617353439331,0.968386709690094,3.798741100006737
"[23, 8, 23, 23, 13, 8, 23, 8, 23, 14, 12]","['elu', 'tanh', 'tanh', 'swish', 'sigmoid', 'tanh', 'tanh', 'elu', 'sigmoid', 'swish', 'elu']",f009f9f85609f900f66840,700,Adam,MaxAbsoluteDeviation,0.8609606027603149,0.7461636066436768,10.325304200057872
"[23, 8, 23, 8, 13, 8, 23, 8, 23, 14, 12]","['elu', 'tanh', 'tanh', 'swish', 'sigmoid', 'tanh', 'tanh', 'elu', 'sigmoid', 'swish', 'elu']",f009f9085609f900f66840,700,Adam,MaxAbsoluteDeviation,1.2659047842025757,1.1618133783340454,10.336179499980062
"[23, 8, 23, 8, 13, 8, 23, 8, 23, 14, 12]","['elu', 'tanh', 'tanh', 'swish', 'sigmoid', 'tanh', 'tanh', 'elu', 'sigmoid', 'swish', 'elu']",f009f9085609f900f66840,700,Adam,MaxAbsoluteDeviation,0.7180818915367126,0.2482251524925232,10.215004800003953
"[23, 8, 23, 8, 13, 8, 23, 8, 23, 14, 12]","['elu', 'tanh', 'tanh', 'swish', 'sigmoid', 'tanh', 'tanh', 'elu', 'sigmoid', 'swish', 'elu']",f009f9085609f900f66840,700,Adam,MaxAbsoluteDeviation,0.5121139883995056,0.4900490939617157,10.329921899945475
"[23, 8, 23, 8, 13, 8, 23, 23, 23, 14, 12]","['elu', 'tanh', 'tanh', 'swish', 'sigmoid', 'tanh', 'tanh', 'elu', 'sigmoid', 'swish', 'elu']",f009f9085609f9f0f66840,700,Adam,MaxAbsoluteDeviation,1.2340655326843262,0.722410261631012,10.23195109993685
"[23, 8, 23, 8, 13, 8, 23, 23, 23, 14, 12]","['elu', 'tanh', 'tanh', 'swish', 'sigmoid', 'tanh', 'tanh', 'elu', 'sigmoid', 'swish', 'elu']",f009f9085609f9f0f66840,403,Adam,MaxAbsoluteDeviation,1.2340655326843262,0.8279473781585693,6.199391999980435
"[23, 8, 23, 8, 13, 8, 23, 23, 23, 14, 12]","['elu', 'tanh', 'tanh', 'swish', 'sigmoid', 'tanh', 'tanh', 'elu', 'sigmoid', 'swish', 'elu']",f009f9085609f9f0f66840,700,Adam,MaxAbsoluteDeviation,0.7262395024299622,0.6315264105796814,10.369493999984115
"[23, 23, 23, 8, 13, 8, 23, 23, 23, 14, 12]","['elu', 'tanh', 'tanh', 'swish', 'sigmoid', 'tanh', 'tanh', 'elu', 'sigmoid', 'swish', 'elu']",f0f9f9085609f9f0f66840,700,Adam,MaxAbsoluteDeviation,0.6669583916664124,0.5844537615776062,10.37441370007582
"[23, 23, 23, 8, 13, 8, 23, 23, 23, 14, 12]","['elu', 'tanh', 'tanh', 'swish', 'sigmoid', 'tanh', 'tanh', 'elu', 'sigmoid', 'swish', 'elu']",f0f9f9085609f9f0f66840,699,Adam,MaxAbsoluteDeviation,0.6669583916664124,0.9715482592582703,10.201933200005442
"[23, 23, 23, 8, 13, 8, 23, 23, 8, 14, 12]","['elu', 'tanh', 'tanh', 'swish', 'sigmoid', 'tanh', 'tanh', 'elu', 'sigmoid', 'swish', 'elu']",f0f9f9085609f9f0066840,700,Adam,MaxAbsoluteDeviation,0.8226028680801392,0.7230927348136902,10.286163899931125
"[23, 23, 23, 8, 13, 8, 23, 23, 8, 14]","['elu', 'tanh', 'tanh', 'swish', 'sigmoid', 'tanh', 'tanh', 'elu', 'sigmoid', 'swish']",f0f9f9085609f9f00668,700,Adam,MaxAbsoluteDeviation,0.7626961469650269,0.8858809471130371,9.521755800000392
"[23, 23, 23, 8, 13, 8, 23, 23, 8, 14, 10]","['elu', 'tanh', 'tanh', 'swish', 'sigmoid', 'tanh', 'tanh', 'elu', 'sigmoid', 'swish', 'swish']",f0f9f9085609f9f0066828,700,Adam,MaxAbsoluteDeviation,0.7626961469650269,0.9650319218635559,10.398517600027844
"[23, 23, 23, 8, 13, 8, 23, 23, 8, 14]","['elu', 'tanh', 'tanh', 'swish', 'sigmoid', 'tanh', 'tanh', 'elu', 'sigmoid', 'swish']",f0f9f9085609f9f00668,156,Adam,MaxAbsoluteDeviation,0.7626961469650269,0.8392086029052734,2.8062233000528067
"[23, 23, 23, 8, 13, 8, 23, 23, 8, 14, 22]","['elu', 'tanh', 'tanh', 'swish', 'sigmoid', 'tanh', 'tanh', 'elu', 'sigmoid', 'swish', 'elu']",f0f9f9085609f9f00668e0,700,Adam,MaxAbsoluteDeviation,0.7626961469650269,0.6848031282424927,10.096332799992524
"[23, 23, 23, 8, 13, 8, 23, 23, 8, 14]","['elu', 'tanh', 'tanh', 'swish', 'sigmoid', 'tanh', 'tanh', 'elu', 'sigmoid', 'swish']",f0f9f9085609f9f00668,626,Adam,MaxAbsoluteDeviation,0.7859272360801697,0.46014776825904846,8.613866000087
"[23, 23, 23, 8, 13, 8, 23, 23, 8]","['elu', 'tanh', 'tanh', 'swish', 'sigmoid', 'tanh', 'tanh', 'elu', 'sigmoid']",f0f9f9085609f9f006,626,Adam,MaxAbsoluteDeviation,0.7859272360801697,7.462779998779297,7.876760200015269
"[23, 23, 23, 23, 13, 8, 23, 23, 8, 14]","['elu', 'tanh', 'tanh', 'swish', 'sigmoid', 'tanh', 'tanh', 'elu', 'sigmoid', 'swish']",f0f9f9f85609f9f00668,626,Adam,MaxAbsoluteDeviation,0.6769046783447266,0.5372264981269836,8.729998400085606
"[23, 23, 23, 23, 13, 8, 23, 23, 8, 14]","['elu', 'tanh', 'tanh', 'swish', 'sigmoid', 'tanh', 'tanh', 'elu', 'sigmoid', 'swish']",f0f9f9f85609f9f00668,700,Adam,MaxAbsoluteDeviation,0.6769046783447266,7.467183589935303,9.734476400073618
"[23, 23, 23, 23, 13, 8, 23, 23, 8, 14, 13]","['elu', 'tanh', 'tanh', 'swish', 'sigmoid', 'tanh', 'tanh', 'elu', 'sigmoid', 'swish', 'sigmoid']",f0f9f9f85609f9f0066856,626,Adam,MaxAbsoluteDeviation,1.1803956031799316,0.9498329758644104,15.688910399912857
"[23, 23, 23, 23, 13, 8, 23, 23, 8, 14, 13]","['elu', 'tanh', 'tanh', 'swish', 'sigmoid', 'tanh', 'elu', 'elu', 'sigmoid', 'swish', 'sigmoid']",f0f9f9f85609f0f0066856,626,Adam,MaxAbsoluteDeviation,1.1803956031799316,7.464262008666992,9.921792600071058
"[23, 23, 23, 23, 13, 23, 23, 23, 8, 14, 13]","['elu', 'tanh', 'tanh', 'swish', 'sigmoid', 'tanh', 'tanh', 'elu', 'sigmoid', 'swish', 'sigmoid']",f0f9f9f856f9f9f0066856,626,Adam,MaxAbsoluteDeviation,1.1803956031799316,4.249678134918213,9.949219499947503
"[23, 23, 23, 23, 13, 8, 23, 23, 8, 14, 15]","['elu', 'tanh', 'tanh', 'swish', 'sigmoid', 'tanh', 'tanh', 'elu', 'sigmoid', 'swish', 'elu']",f0f9f9f85609f9f0066870,626,Adam,MaxAbsoluteDeviation,0.8917378783226013,0.8675150275230408,9.903783799964003
"[23, 23, 23, 23, 13, 8, 23, 23, 23, 14, 15]","['elu', 'tanh', 'tanh', 'swish', 'sigmoid', 'tanh', 'tanh', 'elu', 'sigmoid', 'swish', 'elu']",f0f9f9f85609f9f0f66870,626,Adam,MaxAbsoluteDeviation,1.0826586484909058,0.7894265651702881,9.84117549995426
"[23, 23, 23, 23, 13, 8, 23, 23, 23, 14, 15]","['elu', 'tanh', 'tanh', 'swish', 'tanh', 'tanh', 'tanh', 'elu', 'sigmoid', 'swish', 'elu']",f0f9f9f85909f9f0f66870,626,Adam,MaxAbsoluteDeviation,1.0826586484909058,7.4938483238220215,9.982902399962768
"[23, 23, 23, 23, 13, 8, 23, 23, 23, 14, 15]","['elu', 'tanh', 'tanh', 'swish', 'sigmoid', 'tanh', 'tanh', 'elu', 'sigmoid', 'swish', 'elu']",f0f9f9f85609f9f0f66870,100,Adam,MaxAbsoluteDeviation,1.0826586484909058,1.5559496879577637,2.3586171000497416
"[23, 23, 8, 23, 13, 23, 23, 23, 23, 14, 15]","['elu', 'tanh', 'tanh', 'swish', 'sigmoid', 'tanh', 'tanh', 'elu', 'sigmoid', 'swish', 'elu']",f0f909f856f9f9f0f66870,626,Adam,MaxAbsoluteDeviation,1.9513533115386963,1.3050073385238647,9.8871732999105
"[23, 23, 8, 23, 13, 23, 23, 23, 23, 14, 15]","['elu', 'tanh', 'tanh', 'swish', 'sigmoid', 'tanh', 'tanh', 'elu', 'sigmoid', 'swish', 'elu']",f0f909f856f9f9f0f66870,700,Adam,MaxAbsoluteDeviation,0.759426474571228,0.5149585008621216,11.495445000007749
"[23, 23, 8, 23, 13, 23, 23, 23, 23, 14]","['elu', 'tanh', 'tanh', 'swish', 'sigmoid', 'tanh', 'tanh', 'elu', 'sigmoid', 'swish']",f0f909f856f9f9f0f668,700,Adam,MaxAbsoluteDeviation,1.1214978694915771,0.4016624391078949,10.193221500026993
"[23, 23, 8, 23, 13, 23, 23, 23, 23, 14]","['elu', 'tanh', 'tanh', 'swish', 'sigmoid', 'tanh', 'tanh', 'elu', 'sigmoid', 'swish']",f0f909f856f9f9f0f668,700,Adam,MaxAbsoluteDeviation,1.1214978694915771,4.246595859527588,10.159249600023031
"[23, 23, 8, 23, 13, 23, 23, 23, 23, 23]","['elu', 'tanh', 'tanh', 'swish', 'sigmoid', 'tanh', 'tanh', 'elu', 'sigmoid', 'swish']",f0f909f856f9f9f0f6f8,700,Adam,MaxAbsoluteDeviation,0.8916076421737671,0.5368764996528625,10.202201100066304
"[23, 23, 8, 23, 13, 23, 23, 23, 23, 23]","['elu', 'tanh', 'tanh', 'swish', 'sigmoid', 'tanh', 'tanh', 'elu', 'sigmoid', 'swish']",f0f909f856f9f9f0f6f8,172,Adam,MaxAbsoluteDeviation,0.8916076421737671,1.2912760972976685,3.1150882999645546
"[23, 23, 8, 23, 13, 23, 23, 23, 23, 23]","['elu', 'tanh', 'tanh', 'swish', 'sigmoid', 'tanh', 'tanh', 'elu', 'sigmoid', 'swish']",f0f909f856f9f9f0f6f8,700,Adam,MaxAbsoluteDeviation,1.0340608358383179,0.795965313911438,9.973944899975322
"[23, 23, 8, 23, 13, 23, 23, 23, 23, 23]","['elu', 'tanh', 'tanh', 'swish', 'sigmoid', 'tanh', 'tanh', 'elu', 'sigmoid', 'swish']",f0f909f856f9f9f0f6f8,700,Adam,MaxAbsoluteDeviation,1.2551614046096802,0.7390681505203247,9.879646899993531
"[23, 23, 8, 23, 13, 23, 23, 23, 23, 8]","['elu', 'tanh', 'tanh', 'swish', 'sigmoid', 'tanh', 'tanh', 'elu', 'sigmoid', 'swish']",f0f909f856f9f9f0f608,700,Adam,MaxAbsoluteDeviation,1.2623072862625122,0.9479421973228455,9.968874399899505
"[23, 23, 8, 23, 13, 23, 23, 23, 23]","['elu', 'tanh', 'tanh', 'swish', 'sigmoid', 'tanh', 'tanh', 'elu', 'sigmoid']",f0f909f856f9f9f0f6,700,Adam,MaxAbsoluteDeviation,1.2623072862625122,7.352189064025879,9.25782319996506
"[23, 8, 8, 23, 13, 23, 23, 23, 23, 8]","['elu', 'tanh', 'tanh', 'swish', 'sigmoid', 'tanh', 'tanh', 'elu', 'sigmoid', 'swish']",f00909f856f9f9f0f608,700,Adam,MaxAbsoluteDeviation,1.1235905885696411,1.307803988456726,9.89593820006121
"[23, 8, 8, 23, 13, 23, 23, 23, 23]","['elu', 'tanh', 'tanh', 'swish', 'sigmoid', 'tanh', 'tanh', 'elu', 'sigmoid']",f00909f856f9f9f0f6,700,Adam,MaxAbsoluteDeviation,0.6762457489967346,0.8264937996864319,9.1834428999573
"[23, 8, 8, 23, 13, 23, 23, 23, 23]","['elu', 'tanh', 'tanh', 'swish', 'sigmoid', 'tanh', 'tanh', 'elu', 'sigmoid']",f00909f856f9f9f0f6,633,Adam,MaxAbsoluteDeviation,0.6762457489967346,2.272794246673584,8.310461899964139
"[23, 8, 8, 23, 13, 23, 23, 23, 23]","['swish', 'tanh', 'tanh', 'swish', 'sigmoid', 'tanh', 'tanh', 'elu', 'sigmoid']",f80909f856f9f9f0f6,700,Adam,MaxAbsoluteDeviation,1.8516587018966675,1.3020495176315308,9.324169999919832
"[23, 8, 8, 23, 13, 23, 23, 23, 23]","['swish', 'tanh', 'tanh', 'swish', 'sigmoid', 'tanh', 'tanh', 'elu', 'sigmoid']",f80909f856f9f9f0f6,700,Adam,MaxAbsoluteDeviation,1.8516587018966675,7.448126792907715,9.232246299972758
"[23, 8, 8, 23, 13, 23, 23, 23, 23]","['swish', 'tanh', 'tanh', 'swish', 'sigmoid', 'tanh', 'tanh', 'elu', 'sigmoid']",f80909f856f9f9f0f6,700,Adam,MaxAbsoluteDeviation,1.8516587018966675,7.346652030944824,9.22924489993602
"[23, 8, 8, 23, 13, 23, 23, 23, 8]","['swish', 'tanh', 'tanh', 'swish', 'sigmoid', 'tanh', 'tanh', 'elu', 'sigmoid']",f80909f856f9f9f006,700,Adam,MaxAbsoluteDeviation,1.8516587018966675,7.429032325744629,9.073966500000097
"[23, 8, 8, 23, 13, 23, 23, 23, 23]","['swish', 'tanh', 'tanh', 'swish', 'sigmoid', 'tanh', 'tanh', 'elu', 'sigmoid']",f80909f856f9f9f0f6,700,Adam,MaxAbsoluteDeviation,1.8516587018966675,3.7735021114349365,9.132453000056557
"[23, 8, 23, 23, 13, 23, 23, 23, 23, 19]","['swish', 'tanh', 'tanh', 'swish', 'sigmoid', 'tanh', 'tanh', 'elu', 'sigmoid', 'swish']",f809f9f856f9f9f0f6b8,700,Adam,MaxAbsoluteDeviation,0.9724594950675964,0.873404860496521,10.024935199995525
"[23, 8, 23, 23, 13, 23, 23, 23, 23, 19]","['swish', 'tanh', 'tanh', 'swish', 'sigmoid', 'tanh', 'tanh', 'elu', 'sigmoid', 'swish']",f809f9f856f9f9f0f6b8,700,Adam,MaxAbsoluteDeviation,1.6166237592697144,1.0843900442123413,9.943240299937315
"[23, 8, 23, 23, 13, 23, 23, 23, 23, 19]","['swish', 'tanh', 'tanh', 'swish', 'sigmoid', 'tanh', 'tanh', 'elu', 'sigmoid', 'swish']",f809f9f856f9f9f0f6b8,700,Adam,MaxAbsoluteDeviation,1.171796441078186,0.9309039115905762,10.002480000024661
"[23, 8, 23, 23, 13, 23, 23, 23, 23, 19, 9]","['swish', 'tanh', 'tanh', 'swish', 'sigmoid', 'tanh', 'tanh', 'elu', 'sigmoid', 'swish', 'tanh']",f809f9f856f9f9f0f6b819,700,Adam,MaxAbsoluteDeviation,1.171796441078186,7.362837791442871,10.787003300036304
"[23, 8, 23, 23, 13, 23, 23, 23, 23, 19]","['swish', 'tanh', 'tanh', 'swish', 'sigmoid', 'tanh', 'tanh', 'elu', 'sigmoid', 'swish']",f809f9f856f9f9f0f6b8,700,Adam,MaxAbsoluteDeviation,1.171796441078186,7.357394218444824,10.17055799998343
"[23, 8, 23, 23, 13, 23, 23, 23, 23]","['swish', 'tanh', 'tanh', 'swish', 'sigmoid', 'tanh', 'tanh', 'elu', 'sigmoid']",f809f9f856f9f9f0f6,700,Adam,MaxAbsoluteDeviation,1.171796441078186,7.436284065246582,9.003409099997953
"[23, 8, 23, 23, 13, 23, 23, 23, 23, 19, 19]","['swish', 'tanh', 'tanh', 'swish', 'sigmoid', 'tanh', 'tanh', 'elu', 'sigmoid', 'swish', 'sigmoid']",f809f9f856f9f9f0f6b8b6,700,Adam,MaxAbsoluteDeviation,1.171796441078186,4.955737590789795,10.75348600000143
"[8, 8, 23, 23, 13, 23, 23, 23, 23]","['swish', 'tanh', 'tanh', 'swish', 'sigmoid', 'tanh', 'tanh', 'elu', 'sigmoid']",0809f9f856f9f9f0f6,700,Adam,MaxAbsoluteDeviation,1.171796441078186,7.37869119644165,8.99986770004034
"[23, 8, 23, 23, 13, 23, 23, 23, 23]","['swish', 'tanh', 'tanh', 'swish', 'sigmoid', 'tanh', 'tanh', 'elu', 'sigmoid']",f809f9f856f9f9f0f6,700,Adam,MaxAbsoluteDeviation,1.171796441078186,5.986310958862305,9.080715200048871
"[23, 8, 23, 23, 8, 23, 23, 23, 23, 19]","['swish', 'tanh', 'tanh', 'swish', 'sigmoid', 'tanh', 'tanh', 'elu', 'sigmoid', 'swish']",f809f9f806f9f9f0f6b8,700,Adam,MaxAbsoluteDeviation,0.8981261253356934,0.9501675367355347,10.055682700010948
"[23, 8, 23, 23, 8, 23, 8, 23, 23, 19]","['swish', 'tanh', 'tanh', 'swish', 'sigmoid', 'tanh', 'tanh', 'elu', 'sigmoid', 'swish']",f809f9f806f909f0f6b8,700,Adam,MaxAbsoluteDeviation,0.7272523641586304,0.8761566281318665,10.085444699972868
"[23, 8, 23, 23, 8, 23, 8, 23, 23, 19]","['swish', 'tanh', 'tanh', 'swish', 'sigmoid', 'tanh', 'tanh', 'elu', 'sigmoid', 'swish']",f809f9f806f909f0f6b8,187,Adam,MaxAbsoluteDeviation,0.8511291742324829,0.8438341021537781,3.2768890999723226
"[23, 8, 23, 23, 8, 23, 8, 23, 23, 19]","['swish', 'tanh', 'tanh', 'swish', 'sigmoid', 'tanh', 'tanh', 'elu', 'sigmoid', 'swish']",f809f9f806f909f0f6b8,100,Adam,MaxAbsoluteDeviation,0.8511291742324829,0.9083343744277954,2.205320900073275
"[23, 8, 23, 23, 8, 23, 8, 23, 23]","['swish', 'tanh', 'tanh', 'swish', 'sigmoid', 'tanh', 'tanh', 'elu', 'sigmoid']",f809f9f806f909f0f6,187,Adam,MaxAbsoluteDeviation,0.7940222024917603,0.5495843291282654,2.952508000074886
"[23, 8, 23, 23, 8, 23, 8, 23, 23]","['swish', 'tanh', 'tanh', 'elu', 'sigmoid', 'tanh', 'tanh', 'elu', 'sigmoid']",f809f9f006f909f0f6,700,Adam,MaxAbsoluteDeviation,0.7509108185768127,0.6562302112579346,8.840626299963333
"[23, 8, 23, 23, 8, 23, 8, 23, 23]","['swish', 'tanh', 'tanh', 'elu', 'sigmoid', 'tanh', 'tanh', 'elu', 'sigmoid']",f809f9f006f909f0f6,700,Adam,MaxAbsoluteDeviation,0.7509108185768127,7.440694332122803,8.97804019995965
"[23, 8, 23, 23, 8, 23, 8, 23]","['swish', 'tanh', 'tanh', 'elu', 'sigmoid', 'tanh', 'tanh', 'elu']",f809f9f006f909f0,700,Adam,MaxAbsoluteDeviation,0.9569315314292908,0.8350081443786621,8.1086550001055
"[8, 8, 23, 23, 8, 23, 8, 23]","['swish', 'tanh', 'tanh', 'elu', 'sigmoid', 'tanh', 'tanh', 'elu']",0809f9f006f909f0,700,Adam,MaxAbsoluteDeviation,1.2824102640151978,0.8152351975440979,8.24813710001763
"[8, 8, 23, 23, 8, 23, 8, 8]","['swish', 'tanh', 'tanh', 'elu', 'sigmoid', 'tanh', 'tanh', 'elu']",0809f9f006f90900,700,Adam,MaxAbsoluteDeviation,0.973205029964447,1.0582278966903687,8.044164099963382
"[8, 8, 23, 23, 8, 23, 8, 9]","['swish', 'tanh', 'tanh', 'elu', 'sigmoid', 'tanh', 'tanh', 'sigmoid']",0809f9f006f90916,700,Adam,MaxAbsoluteDeviation,0.38132330775260925,0.40227824449539185,8.100655000074767
"[8, 8, 23, 23, 8, 23, 8, 9]","['swish', 'tanh', 'tanh', 'elu', 'sigmoid', 'tanh', 'sigmoid', 'sigmoid']",0809f9f006f90616,700,Adam,MaxAbsoluteDeviation,0.6834976077079773,0.5369961261749268,8.198506999993697
"[8, 8, 23, 23, 8, 23, 8, 9, 20]","['tanh', 'tanh', 'tanh', 'elu', 'sigmoid', 'tanh', 'sigmoid', 'sigmoid', 'tanh']",0909f9f006f90616c9,700,Adam,MaxAbsoluteDeviation,0.3776654005050659,0.751234769821167,8.719644900062121
"[8, 8, 23, 23, 8, 23, 8, 8, 20]","['tanh', 'tanh', 'tanh', 'elu', 'sigmoid', 'tanh', 'sigmoid', 'sigmoid', 'tanh']",0909f9f006f90606c9,700,Adam,MaxAbsoluteDeviation,0.3776654005050659,0.554789125919342,8.680844100075774
"[8, 8, 23, 23, 8, 23, 8, 9, 20]","['tanh', 'tanh', 'tanh', 'elu', 'sigmoid', 'tanh', 'sigmoid', 'sigmoid', 'tanh']",0909f9f006f90616c9,700,Adam,MaxAbsoluteDeviation,0.3515978157520294,0.32970279455184937,8.735115999937989
"[8, 8, 23, 23, 8, 23, 8, 9, 20]","['tanh', 'tanh', 'tanh', 'elu', 'sigmoid', 'tanh', 'sigmoid', 'sigmoid', 'tanh']",0909f9f006f90616c9,409,Adam,MaxAbsoluteDeviation,1.032578706741333,0.6306067109107971,5.357015100074932
"[8, 8, 23, 23, 8, 23, 8, 9, 20]","['tanh', 'tanh', 'tanh', 'elu', 'sigmoid', 'tanh', 'sigmoid', 'sigmoid', 'tanh']",0909f9f006f90616c9,100,Adam,MaxAbsoluteDeviation,1.012840986251831,0.9053788185119629,1.8878485000459477
"[23, 8, 23, 23, 8, 23, 8, 9, 20, 22]","['tanh', 'tanh', 'tanh', 'elu', 'sigmoid', 'tanh', 'sigmoid', 'sigmoid', 'tanh', 'swish']",f909f9f006f90616c9e8,100,Adam,MaxAbsoluteDeviation,1.352844476699829,0.5094862580299377,2.0704297999618575
"[23, 8, 23, 23, 8, 23, 8, 9, 20, 22]","['tanh', 'tanh', 'tanh', 'elu', 'sigmoid', 'tanh', 'sigmoid', 'sigmoid', 'tanh', 'swish']",f909f9f006f90616c9e8,700,Adam,MaxAbsoluteDeviation,0.5558106899261475,0.559602677822113,9.407246300019324
"[23, 8, 23, 23, 8, 23, 8, 9, 20, 22]","['tanh', 'tanh', 'tanh', 'elu', 'tanh', 'tanh', 'sigmoid', 'sigmoid', 'tanh', 'swish']",f909f9f009f90616c9e8,700,Adam,MaxAbsoluteDeviation,0.8971845507621765,0.6218916177749634,9.5194402000634
"[23, 8, 23, 23, 8, 23, 8, 9, 20, 22, 8]","['tanh', 'tanh', 'tanh', 'elu', 'tanh', 'tanh', 'sigmoid', 'sigmoid', 'tanh', 'swish', 'tanh']",f909f9f009f90616c9e809,700,Adam,MaxAbsoluteDeviation,0.8971845507621765,7.3720173835754395,10.342660399968736
"[23, 8, 23, 23, 8, 23, 8, 9, 8, 22]","['tanh', 'tanh', 'tanh', 'elu', 'tanh', 'tanh', 'sigmoid', 'sigmoid', 'tanh', 'swish']",f909f9f009f9061609e8,700,Adam,MaxAbsoluteDeviation,0.8908634185791016,0.43408310413360596,9.432842499925755
"[23, 8, 23, 23, 8, 23, 8, 23, 8, 22]","['tanh', 'tanh', 'tanh', 'elu', 'tanh', 'tanh', 'sigmoid', 'sigmoid', 'tanh', 'swish']",f909f9f009f906f609e8,444,Adam,MaxAbsoluteDeviation,0.8908634185791016,7.233965873718262,6.24259139993228
"[23, 8, 23, 23, 8, 23, 8, 9, 8, 22]","['tanh', 'tanh', 'tanh', 'elu', 'tanh', 'tanh', 'sigmoid', 'sigmoid', 'tanh', 'swish']",f909f9f009f9061609e8,700,Adam,MaxAbsoluteDeviation,1.038970708847046,0.7577676773071289,9.392915499978699
"[23, 8, 23, 23, 8, 23, 8, 9, 8, 22]","['tanh', 'tanh', 'tanh', 'elu', 'tanh', 'tanh', 'sigmoid', 'sigmoid', 'tanh', 'swish']",f909f9f009f9061609e8,700,Adam,MaxAbsoluteDeviation,0.7048889994621277,0.784112811088562,9.473437300068326
"[23, 8, 23, 23, 8, 23, 8, 9, 8, 22, 9]","['tanh', 'tanh', 'tanh', 'elu', 'tanh', 'tanh', 'sigmoid', 'sigmoid', 'tanh', 'swish', 'swish']",f909f9f009f9061609e818,275,Adam,MaxAbsoluteDeviation,0.7048889994621277,2.7459819316864014,4.545968299964443
"[8, 8, 23, 23, 8, 23, 8, 9, 8, 22]","['tanh', 'tanh', 'tanh', 'elu', 'tanh', 'tanh', 'sigmoid', 'sigmoid', 'tanh', 'swish']",0909f9f009f9061609e8,700,Adam,MaxAbsoluteDeviation,0.7048889994621277,5.305012226104736,9.41054609999992
"[23, 8, 23, 23, 8, 23, 8, 9, 8, 22]","['tanh', 'tanh', 'tanh', 'elu', 'tanh', 'tanh', 'sigmoid', 'sigmoid', 'tanh', 'swish']",f909f9f009f9061609e8,700,Adam,MaxAbsoluteDeviation,0.5923673510551453,0.3191286325454712,9.425218800082803
"[23, 8, 23, 23, 8, 8, 8, 9, 8, 22]","['tanh', 'tanh', 'tanh', 'elu', 'tanh', 'tanh', 'sigmoid', 'sigmoid', 'tanh', 'swish']",f909f9f00909061609e8,700,Adam,MaxAbsoluteDeviation,0.6847023367881775,0.5258064866065979,9.44516260002274
"[23, 8, 23, 23, 8, 8, 8, 9, 8, 22]","['tanh', 'tanh', 'tanh', 'elu', 'tanh', 'tanh', 'sigmoid', 'sigmoid', 'tanh', 'swish']",f909f9f00909061609e8,552,Adam,MaxAbsoluteDeviation,0.8502220511436462,0.48416945338249207,7.56807200005278
"[23, 23, 23, 23, 8, 8, 8, 9, 8, 22]","['tanh', 'tanh', 'tanh', 'elu', 'tanh', 'tanh', 'sigmoid', 'sigmoid', 'tanh', 'swish']",f9f9f9f00909061609e8,552,Adam,MaxAbsoluteDeviation,0.8502220511436462,4.139118671417236,7.574266699957661
"[23, 8, 23, 23, 8, 8, 8, 9, 8]","['tanh', 'tanh', 'tanh', 'elu', 'tanh', 'tanh', 'sigmoid', 'sigmoid', 'tanh']",f909f9f00909061609,552,Adam,MaxAbsoluteDeviation,0.8502220511436462,4.836734771728516,6.939440799993463
"[23, 8, 23, 23, 8, 8, 8, 9, 8, 12]","['tanh', 'tanh', 'tanh', 'elu', 'tanh', 'tanh', 'sigmoid', 'sigmoid', 'tanh', 'sigmoid']",f909f9f0090906160946,552,Adam,MaxAbsoluteDeviation,0.8502220511436462,1.2464110851287842,7.625985900056548
"[23, 8, 23, 23, 8, 8, 8, 9, 8]","['tanh', 'tanh', 'tanh', 'elu', 'tanh', 'tanh', 'sigmoid', 'sigmoid', 'tanh']",f909f9f00909061609,552,Adam,MaxAbsoluteDeviation,0.8502220511436462,7.662571430206299,7.016205699997954
"[23, 8, 23, 23, 8, 8, 8, 9, 8, 22]","['tanh', 'elu', 'tanh', 'elu', 'tanh', 'tanh', 'sigmoid', 'tanh', 'tanh', 'swish']",f900f9f00909061909e8,552,Adam,MaxAbsoluteDeviation,0.8502220511436462,7.555781841278076,7.674220999935642
"[23, 8, 23, 23, 8, 8, 8, 9, 8, 22]","['tanh', 'tanh', 'tanh', 'elu', 'tanh', 'tanh', 'sigmoid', 'sigmoid', 'tanh', 'swish']",f909f9f00909061609e8,552,Adam,MaxAbsoluteDeviation,0.8455229997634888,0.5880048871040344,7.653908699983731
"[23, 8, 23, 23, 8, 8, 8, 9, 23, 22]","['tanh', 'tanh', 'tanh', 'elu', 'tanh', 'tanh', 'sigmoid', 'sigmoid', 'tanh', 'swish']",f909f9f009090616f9e8,552,Adam,MaxAbsoluteDeviation,0.8455229997634888,7.423923969268799,7.683025700040162
"[23, 8, 23, 23, 8, 8, 8, 9, 8]","['tanh', 'tanh', 'tanh', 'elu', 'tanh', 'tanh', 'sigmoid', 'sigmoid', 'tanh']",f909f9f00909061609,552,Adam,MaxAbsoluteDeviation,3.9226973056793213,2.7257299423217773,7.073565599974245
"[23, 8, 23, 23, 8, 8, 8, 9, 8, 9]","['tanh', 'tanh', 'tanh', 'elu', 'tanh', 'tanh', 'sigmoid', 'sigmoid', 'tanh', 'sigmoid']",f909f9f0090906160916,700,Adam,MaxAbsoluteDeviation,3.9226973056793213,7.427347183227539,9.52634759992361
"[23, 8, 23, 8, 8, 8, 8, 9, 8]","['tanh', 'tanh', 'tanh', 'elu', 'tanh', 'tanh', 'sigmoid', 'sigmoid', 'tanh']",f909f9000909061609,552,Adam,MaxAbsoluteDeviation,1.0039589405059814,0.47642984986305237,7.0984170999145135
"[23, 8, 23, 8, 8, 8, 8, 9, 8, 18]","['tanh', 'tanh', 'tanh', 'elu', 'tanh', 'tanh', 'sigmoid', 'sigmoid', 'tanh', 'elu']",f909f9000909061609a0,700,Adam,MaxAbsoluteDeviation,0.42207327485084534,0.24677284061908722,9.398681199993007
"[23, 8, 23, 8, 8, 23, 8, 9, 8, 18]","['tanh', 'tanh', 'tanh', 'elu', 'tanh', 'tanh', 'sigmoid', 'sigmoid', 'tanh', 'elu']",f909f90009f9061609a0,700,Adam,MaxAbsoluteDeviation,0.42207327485084534,0.9557492136955261,9.336785499937832
"[23, 8, 23, 8, 8, 8, 8, 9, 8, 18, 18]","['tanh', 'tanh', 'tanh', 'elu', 'tanh', 'tanh', 'sigmoid', 'sigmoid', 'tanh', 'elu', 'sigmoid']",f909f9000909061609a0a6,700,Adam,MaxAbsoluteDeviation,0.7301600575447083,0.4457639157772064,10.059027399984188
"[23, 8, 23, 8, 8, 8, 8, 9, 8, 18]","['tanh', 'tanh', 'tanh', 'elu', 'tanh', 'tanh', 'sigmoid', 'sigmoid', 'tanh', 'elu']",f909f9000909061609a0,700,Adam,MaxAbsoluteDeviation,0.5107471346855164,0.34834498167037964,9.454980900045484
"[23, 8, 23, 8, 8, 8, 8, 9, 8]","['tanh', 'tanh', 'tanh', 'elu', 'tanh', 'tanh', 'sigmoid', 'sigmoid', 'tanh']",f909f9000909061609,700,Adam,MaxAbsoluteDeviation,0.5728951692581177,0.6656017303466797,8.71928379999008
"[23, 8, 23, 8, 8, 8, 8, 9, 8, 11]","['tanh', 'tanh', 'tanh', 'elu', 'tanh', 'tanh', 'sigmoid', 'sigmoid', 'tanh', 'tanh']",f909f900090906160939,700,Adam,MaxAbsoluteDeviation,0.5728951692581177,7.295945644378662,9.285679299966432
"[23, 8, 23, 8, 8, 8, 8, 9, 8, 22]","['tanh', 'tanh', 'tanh', 'elu', 'tanh', 'tanh', 'sigmoid', 'sigmoid', 'tanh', 'sigmoid']",f909f9000909061609e6,700,Adam,MaxAbsoluteDeviation,0.5728951692581177,7.330929279327393,9.440863299998455
"[23, 8, 23, 8, 8, 8, 8, 9, 8]","['tanh', 'tanh', 'tanh', 'elu', 'tanh', 'tanh', 'sigmoid', 'sigmoid', 'tanh']",f909f9000909061609,130,Adam,MaxAbsoluteDeviation,2.5909626483917236,1.1241536140441895,2.255572900059633
"[23, 8, 23, 8, 8, 8, 8, 9]","['tanh', 'tanh', 'tanh', 'elu', 'tanh', 'swish', 'sigmoid', 'sigmoid']",f909f90009080616,700,Adam,MaxAbsoluteDeviation,2.5909626483917236,7.474655628204346,8.133920200052671
"[23, 8, 23, 8, 8, 8, 8, 9]","['tanh', 'tanh', 'tanh', 'elu', 'tanh', 'tanh', 'sigmoid', 'sigmoid']",f909f90009090616,130,Adam,MaxAbsoluteDeviation,1.0330251455307007,1.1154011487960815,2.034121199976653
"[23, 8, 23, 8, 8, 8, 8, 9, 23]","['tanh', 'tanh', 'tanh', 'elu', 'tanh', 'tanh', 'sigmoid', 'sigmoid', 'swish']",f909f90009090616f8,100,Adam,MaxAbsoluteDeviation,1.283231258392334,0.5859915018081665,1.9132860000245273
"[23, 8, 23, 8, 8, 8, 8, 9, 23]","['tanh', 'tanh', 'tanh', 'elu', 'tanh', 'tanh', 'sigmoid', 'sigmoid', 'swish']",f909f90009090616f8,100,Adam,MaxAbsoluteDeviation,0.9634647369384766,0.7510945200920105,1.8983830000506714
"[23, 8, 23, 8, 8, 8, 8, 9, 23]","['tanh', 'tanh', 'tanh', 'elu', 'tanh', 'tanh', 'sigmoid', 'sigmoid', 'swish']",f909f90009090616f8,100,Adam,MaxAbsoluteDeviation,0.9634647369384766,0.8826449513435364,1.9399159000022337
"[23, 8, 23, 8, 8, 8, 8, 9, 23, 18]","['tanh', 'tanh', 'tanh', 'elu', 'tanh', 'tanh', 'sigmoid', 'sigmoid', 'swish', 'swish']",f909f90009090616f8a8,100,Adam,MaxAbsoluteDeviation,0.927416980266571,0.7395787835121155,8.033671399927698
"[23, 8, 23, 8, 8, 8, 8, 9, 23, 18]","['tanh', 'tanh', 'tanh', 'elu', 'tanh', 'tanh', 'sigmoid', 'sigmoid', 'swish', 'swish']",f909f90009090616f8a8,700,Adam,MaxAbsoluteDeviation,0.6937888860702515,0.3159182667732239,10.367061499971896
"[23, 8, 23, 8, 8, 8, 8, 9, 23, 18]","['tanh', 'tanh', 'tanh', 'elu', 'tanh', 'tanh', 'sigmoid', 'sigmoid', 'swish', 'swish']",f909f90009090616f8a8,110,Adam,MaxAbsoluteDeviation,0.5874660611152649,0.38215458393096924,2.343417099909857
"[23, 8, 23, 8, 8, 8, 8, 9, 23, 18]","['tanh', 'tanh', 'tanh', 'elu', 'tanh', 'tanh', 'sigmoid', 'sigmoid', 'swish', 'swish']",f909f90009090616f8a8,700,Adam,MaxAbsoluteDeviation,0.693764328956604,0.6576484441757202,10.328142800019123
"[23, 8, 23, 8, 8, 8, 8, 9]","['tanh', 'tanh', 'tanh', 'elu', 'tanh', 'tanh', 'sigmoid', 'sigmoid']",f909f90009090616,472,Adam,MaxAbsoluteDeviation,0.693764328956604,1.5125303268432617,6.0585330000612885
"[23, 8, 23, 8, 8, 8, 8, 9, 23, 18]","['tanh', 'tanh', 'tanh', 'elu', 'tanh', 'tanh', 'sigmoid', 'sigmoid', 'swish', 'swish']",f909f90009090616f8a8,700,Adam,MaxAbsoluteDeviation,0.7984551787376404,0.7218515872955322,10.31065470003523
"[23, 8, 23, 8, 8, 8, 8, 9, 23, 18]","['tanh', 'tanh', 'tanh', 'elu', 'tanh', 'tanh', 'sigmoid', 'sigmoid', 'swish', 'swish']",f909f90009090616f8a8,700,Adam,MaxAbsoluteDeviation,0.7984551787376404,7.527277946472168,10.245834800065495
"[23, 8, 23, 8, 8, 23, 8, 9, 23, 18]","['tanh', 'tanh', 'tanh', 'elu', 'tanh', 'tanh', 'sigmoid', 'sigmoid', 'swish', 'swish']",f909f90009f90616f8a8,700,Adam,MaxAbsoluteDeviation,0.9088039994239807,0.6529566645622253,10.222451000008732
"[23, 8, 23, 23, 8, 23, 8, 9, 23, 18]","['tanh', 'tanh', 'tanh', 'elu', 'tanh', 'tanh', 'sigmoid', 'sigmoid', 'swish', 'swish']",f909f9f009f90616f8a8,700,Adam,MaxAbsoluteDeviation,0.9088039994239807,7.642123222351074,10.274080700008199
"[23, 8, 23, 8, 8, 23, 8, 9, 23, 18]","['tanh', 'tanh', 'tanh', 'elu', 'tanh', 'tanh', 'sigmoid', 'sigmoid', 'swish', 'swish']",f909f90009f90616f8a8,440,Adam,MaxAbsoluteDeviation,0.8052647113800049,0.523260235786438,6.66282670001965
"[23, 8, 23, 8, 8, 23, 8, 9, 23]","['tanh', 'tanh', 'tanh', 'elu', 'tanh', 'tanh', 'sigmoid', 'sigmoid', 'swish']",f909f90009f90616f8,440,Adam,MaxAbsoluteDeviation,0.6819775104522705,0.38215377926826477,6.1786601999774575
"[23, 8, 23, 8, 8, 23, 8, 9]","['tanh', 'tanh', 'tanh', 'elu', 'tanh', 'tanh', 'sigmoid', 'sigmoid']",f909f90009f90616,440,Adam,MaxAbsoluteDeviation,0.5687921047210693,0.45513662695884705,5.529249900020659
"[23, 8, 23, 8, 8, 23, 8, 9]","['tanh', 'tanh', 'tanh', 'elu', 'tanh', 'tanh', 'sigmoid', 'sigmoid']",f909f90009f90616,100,Adam,MaxAbsoluteDeviation,0.5687921047210693,3.7833096981048584,1.8133286000229418
"[23, 8, 23, 8, 8, 23, 8, 9]","['tanh', 'tanh', 'tanh', 'elu', 'tanh', 'tanh', 'sigmoid', 'sigmoid']",f909f90009f90616,700,Adam,MaxAbsoluteDeviation,0.8118858933448792,0.49936696887016296,8.389776300056837
"[23, 8, 23, 8, 8, 23, 8]","['tanh', 'tanh', 'tanh', 'elu', 'tanh', 'tanh', 'sigmoid']",f909f90009f906,211,Adam,MaxAbsoluteDeviation,1.3512107133865356,0.8814380168914795,2.667321900022216
"[23, 8, 23, 8, 8, 23, 8]","['tanh', 'tanh', 'tanh', 'elu', 'tanh', 'tanh', 'sigmoid']",f909f90009f906,211,Adam,MaxAbsoluteDeviation,1.3512107133865356,1.5510197877883911,2.721382200019434
"[23, 8, 23, 8, 8, 23, 8, 17]","['tanh', 'tanh', 'tanh', 'elu', 'tanh', 'tanh', 'sigmoid', 'elu']",f909f90009f90690,700,Adam,MaxAbsoluteDeviation,1.1687359809875488,0.5889176726341248,8.363634500070475
"[23, 8, 23, 8, 8, 23, 8, 11]","['tanh', 'tanh', 'tanh', 'elu', 'tanh', 'tanh', 'sigmoid', 'swish']",f909f90009f90638,700,Adam,MaxAbsoluteDeviation,0.4365139901638031,0.2573483884334564,8.375355300027877
"[23, 8, 23, 8, 8, 23, 8, 11, 22]","['tanh', 'tanh', 'tanh', 'elu', 'tanh', 'tanh', 'sigmoid', 'swish', 'elu']",f909f90009f90638e0,700,Adam,MaxAbsoluteDeviation,0.4365139901638031,0.6401902437210083,9.112612099968828
"[23, 8, 23, 8, 8, 23, 8, 11]","['tanh', 'tanh', 'tanh', 'elu', 'tanh', 'tanh', 'sigmoid', 'swish']",f909f90009f90638,671,Adam,MaxAbsoluteDeviation,0.4467453062534332,0.34337931871414185,8.058658599969931
"[23, 8, 23, 8, 8, 23, 8, 11]","['tanh', 'tanh', 'tanh', 'elu', 'sigmoid', 'tanh', 'sigmoid', 'swish']",f909f90006f90638,671,Adam,MaxAbsoluteDeviation,0.6573312282562256,0.31296634674072266,8.104674500063993
"[23, 8, 23, 8, 8, 23, 8, 11]","['tanh', 'tanh', 'tanh', 'elu', 'sigmoid', 'tanh', 'sigmoid', 'swish']",f909f90006f90638,671,Adam,MaxAbsoluteDeviation,0.7315994501113892,0.4789535403251648,8.145307899918407
"[23, 8, 23, 8, 8, 23, 8, 11]","['tanh', 'tanh', 'tanh', 'elu', 'sigmoid', 'tanh', 'sigmoid', 'swish']",f909f90006f90638,671,Adam,MaxAbsoluteDeviation,0.3662155568599701,0.2950015366077423,8.076166900107637
"[23, 8, 23, 8, 8, 23, 8, 11]","['tanh', 'tanh', 'tanh', 'elu', 'sigmoid', 'tanh', 'sigmoid', 'swish']",f909f90006f90638,700,Adam,MaxAbsoluteDeviation,0.5055747628211975,0.6757497191429138,8.256003500078805
"[23, 8, 23, 8, 8, 23, 8, 11]","['tanh', 'tanh', 'tanh', 'elu', 'sigmoid', 'elu', 'sigmoid', 'swish']",f909f90006f00638,700,Adam,MaxAbsoluteDeviation,0.5055747628211975,4.961781978607178,8.275348900002427
"[23, 8, 23, 8, 8, 23, 8, 11]","['tanh', 'tanh', 'tanh', 'elu', 'sigmoid', 'tanh', 'sigmoid', 'swish']",f909f90006f90638,700,Adam,MaxAbsoluteDeviation,0.4302609860897064,0.4070870876312256,8.340201999992132
"[23, 8, 23, 8, 8, 23, 8, 11]","['tanh', 'tanh', 'tanh', 'elu', 'sigmoid', 'tanh', 'sigmoid', 'swish']",f909f90006f90638,700,Adam,MaxAbsoluteDeviation,0.4441905617713928,0.3134354054927826,8.296575700049289
"[23, 8, 23, 8, 8, 23, 8, 11]","['tanh', 'tanh', 'tanh', 'elu', 'sigmoid', 'tanh', 'sigmoid', 'swish']",f909f90006f90638,700,Adam,MaxAbsoluteDeviation,0.608522355556488,0.6206880211830139,8.325090300058946
"[23, 8, 23, 8, 8, 23, 8, 11]","['tanh', 'tanh', 'tanh', 'elu', 'sigmoid', 'tanh', 'sigmoid', 'swish']",f909f90006f90638,243,Adam,MaxAbsoluteDeviation,0.38049906492233276,0.26383212208747864,3.3087175999535248
"[23, 8, 23, 8, 8, 23, 8, 11, 22]","['tanh', 'tanh', 'tanh', 'elu', 'sigmoid', 'tanh', 'sigmoid', 'swish', 'sigmoid']",f909f90006f90638e6,243,Adam,MaxAbsoluteDeviation,0.8149164319038391,0.4443526268005371,3.5817614999832585
"[23, 8, 23, 8, 8, 23, 8, 11, 22, 12]","['tanh', 'tanh', 'tanh', 'elu', 'sigmoid', 'tanh', 'sigmoid', 'swish', 'sigmoid', 'sigmoid']",f909f90006f90638e646,243,Adam,MaxAbsoluteDeviation,0.5416250824928284,0.44199228286743164,3.842070100014098
"[23, 8, 23, 8, 8, 23, 8, 11, 22, 12]","['tanh', 'tanh', 'tanh', 'elu', 'sigmoid', 'tanh', 'sigmoid', 'swish', 'sigmoid', 'sigmoid']",f909f90006f90638e646,100,Adam,MaxAbsoluteDeviation,0.5416250824928284,7.388206958770752,2.120558000053279
"[23, 8, 23, 8, 8, 23, 8, 11, 22, 12, 22]","['tanh', 'tanh', 'tanh', 'elu', 'sigmoid', 'tanh', 'sigmoid', 'swish', 'sigmoid', 'sigmoid', 'tanh']",f909f90006f90638e646e9,700,Adam,MaxAbsoluteDeviation,0.5826788544654846,0.38500019907951355,10.27878359996248
"[23, 8, 23, 8, 8, 23, 8, 11, 22, 12, 22]","['tanh', 'tanh', 'tanh', 'elu', 'sigmoid', 'tanh', 'sigmoid', 'swish', 'tanh', 'sigmoid', 'tanh']",f909f90006f90638e946e9,700,Adam,MaxAbsoluteDeviation,0.9760726094245911,0.7136379480361938,10.263712599989958
"[23, 8, 23, 8, 8, 23, 8, 8, 22, 12, 22, 19]","['tanh', 'tanh', 'tanh', 'elu', 'sigmoid', 'tanh', 'sigmoid', 'swish', 'tanh', 'sigmoid', 'tanh', 'elu']",f909f90006f90608e946e9b0,700,Adam,MaxAbsoluteDeviation,0.9760726094245911,2.2039453983306885,11.197509500081651
"[23, 8, 23, 8, 8, 23, 8, 11, 22, 12, 22, 15]","['tanh', 'tanh', 'tanh', 'elu', 'sigmoid', 'tanh', 'sigmoid', 'swish', 'tanh', 'sigmoid', 'tanh', 'sigmoid']",f909f90006f90638e946e976,288,Adam,MaxAbsoluteDeviation,0.9760726094245911,7.41819429397583,5.013438800000586
"[23, 8, 23, 8, 8, 23, 8, 11, 22, 12, 22]","['tanh', 'tanh', 'tanh', 'elu', 'sigmoid', 'tanh', 'sigmoid', 'swish', 'tanh', 'sigmoid', 'swish']",f909f90006f90638e946e8,700,Adam,MaxAbsoluteDeviation,0.9760726094245911,7.424340724945068,10.168888799962588
"[23, 8, 23, 8, 8, 23, 8, 11, 22, 12, 22, 13]","['tanh', 'tanh', 'tanh', 'elu', 'sigmoid', 'tanh', 'sigmoid', 'swish', 'tanh', 'sigmoid', 'tanh', 'swish']",f909f90006f90638e946e958,700,Adam,MaxAbsoluteDeviation,0.5790941119194031,0.6543164849281311,11.042228300007991
"[23, 8, 23, 8, 8, 23, 8, 11, 22, 12, 22, 13]","['tanh', 'tanh', 'tanh', 'elu', 'sigmoid', 'tanh', 'sigmoid', 'swish', 'tanh', 'sigmoid', 'tanh', 'swish']",f909f90006f90638e946e958,700,Adam,MaxAbsoluteDeviation,0.5330014228820801,0.5063291788101196,10.989167500054464
"[23, 8, 23, 8, 8, 23, 8, 11, 22, 12, 22, 13]","['tanh', 'tanh', 'tanh', 'elu', 'sigmoid', 'tanh', 'sigmoid', 'swish', 'tanh', 'sigmoid', 'tanh', 'swish']",f909f90006f90638e946e958,700,Adam,MaxAbsoluteDeviation,0.5330014228820801,7.278141975402832,11.048062600078993
"[23, 8, 23, 8, 8, 23, 8, 11, 22, 12, 22, 13]","['tanh', 'tanh', 'tanh', 'elu', 'sigmoid', 'tanh', 'sigmoid', 'swish', 'tanh', 'sigmoid', 'tanh', 'swish']",f909f90006f90638e946e958,313,Adam,MaxAbsoluteDeviation,1.6411617994308472,0.6880808472633362,5.420459300046787
"[23, 8, 23, 8, 8, 23, 8, 11, 22, 12, 22, 8]","['tanh', 'tanh', 'tanh', 'elu', 'sigmoid', 'tanh', 'sigmoid', 'swish', 'tanh', 'sigmoid', 'tanh', 'swish']",f909f90006f90638e946e908,313,Adam,MaxAbsoluteDeviation,1.6411617994308472,7.151636600494385,5.33827469998505
"[23, 8, 23, 8, 8, 23, 8, 11, 22, 12, 22, 13, 23]","['tanh', 'tanh', 'tanh', 'elu', 'sigmoid', 'tanh', 'sigmoid', 'swish', 'tanh', 'sigmoid', 'tanh', 'swish', 'tanh']",f909f90006f90638e946e958f9,313,Adam,MaxAbsoluteDeviation,1.6411617994308472,4.794379234313965,5.724241000018083
"[23, 8, 23, 8, 8, 23, 8, 11, 22, 12, 22, 13, 16]","['tanh', 'tanh', 'tanh', 'elu', 'sigmoid', 'tanh', 'sigmoid', 'swish', 'tanh', 'sigmoid', 'tanh', 'swish', 'swish']",f909f90006f90638e946e95888,313,Adam,MaxAbsoluteDeviation,1.0679458379745483,0.7706835865974426,5.656414600089192
"[23, 8, 23, 8, 8, 23, 8, 11, 22, 12, 23, 13, 16]","['tanh', 'tanh', 'tanh', 'elu', 'sigmoid', 'tanh', 'sigmoid', 'swish', 'tanh', 'sigmoid', 'tanh', 'swish', 'swish']",f909f90006f90638e946f95888,313,Adam,MaxAbsoluteDeviation,0.933490514755249,0.7240705490112305,5.747100699925795
"[23, 8, 23, 8, 8, 23, 8, 11, 22, 12, 23, 13, 16, 14]","['tanh', 'tanh', 'tanh', 'elu', 'sigmoid', 'tanh', 'sigmoid', 'swish', 'tanh', 'sigmoid', 'tanh', 'swish', 'swish', 'swish']",f909f90006f90638e946f9588868,313,Adam,MaxAbsoluteDeviation,1.2012813091278076,0.9218243360519409,5.996906200074591
"[23, 8, 23, 8, 8, 23, 8, 11, 22, 12, 23, 13, 16]","['tanh', 'tanh', 'tanh', 'elu', 'sigmoid', 'tanh', 'sigmoid', 'swish', 'tanh', 'sigmoid', 'tanh', 'swish', 'swish']",f909f90006f90638e946f95888,313,Adam,MaxAbsoluteDeviation,1.2012813091278076,7.039645195007324,5.758336600032635
"[23, 8, 23, 8, 8, 23, 8, 11, 22, 12, 23, 13, 16, 14]","['tanh', 'tanh', 'tanh', 'elu', 'sigmoid', 'tanh', 'sigmoid', 'swish', 'tanh', 'sigmoid', 'tanh', 'swish', 'swish', 'swish']",f909f90006f90638e946f9588868,313,Adam,MaxAbsoluteDeviation,0.9762980341911316,0.8789499998092651,6.021431899978779
"[23, 8, 23, 8, 8, 23, 8, 11, 22, 12, 23, 13, 16, 14]","['tanh', 'tanh', 'tanh', 'elu', 'sigmoid', 'tanh', 'sigmoid', 'swish', 'tanh', 'sigmoid', 'tanh', 'swish', 'swish', 'swish']",f909f90006f90638e946f9588868,700,Adam,MaxAbsoluteDeviation,0.7524234652519226,0.44145700335502625,12.130313699948601
"[23, 8, 23, 8, 8, 23, 8, 11, 22, 12, 23, 13, 16, 14]","['tanh', 'tanh', 'tanh', 'elu', 'sigmoid', 'tanh', 'sigmoid', 'swish', 'tanh', 'sigmoid', 'tanh', 'swish', 'sigmoid', 'swish']",f909f90006f90638e946f9588668,700,Adam,MaxAbsoluteDeviation,0.7524234652519226,7.445012092590332,12.137912799953483
"[23, 8, 23, 8, 8, 23, 8, 11, 22, 12, 23, 13, 16, 14]","['tanh', 'tanh', 'tanh', 'elu', 'sigmoid', 'tanh', 'sigmoid', 'tanh', 'tanh', 'sigmoid', 'tanh', 'swish', 'swish', 'swish']",f909f90006f90639e946f9588868,700,Adam,MaxAbsoluteDeviation,0.6312687993049622,0.8159068822860718,12.01758730004076
"[23, 8, 23, 8, 8, 23, 8, 11, 22, 12, 23, 13, 16]","['tanh', 'tanh', 'tanh', 'elu', 'sigmoid', 'tanh', 'sigmoid', 'tanh', 'tanh', 'sigmoid', 'tanh', 'swish', 'swish']",f909f90006f90639e946f95888,700,Adam,MaxAbsoluteDeviation,0.563217282295227,0.3214760720729828,11.495086299953982
"[23, 8, 23, 8, 8, 23, 8, 11, 22, 12, 23, 13, 16]","['tanh', 'tanh', 'tanh', 'elu', 'sigmoid', 'tanh', 'sigmoid', 'tanh', 'tanh', 'sigmoid', 'tanh', 'swish', 'swish']",f909f90006f90639e946f95888,700,Adam,MaxAbsoluteDeviation,0.563217282295227,0.8196956515312195,11.557282200083137
"[23, 8, 23, 8, 8, 23, 8, 11, 22, 12, 23, 13, 16]","['tanh', 'tanh', 'tanh', 'elu', 'sigmoid', 'tanh', 'sigmoid', 'tanh', 'tanh', 'sigmoid', 'tanh', 'swish', 'swish']",f909f90006f90639e946f95888,700,Adam,MaxAbsoluteDeviation,0.563217282295227,0.42793792486190796,11.413782899966463
"[23, 8, 23, 8, 8, 23, 8, 11, 22, 12, 23, 8, 16, 16]","['tanh', 'tanh', 'tanh', 'elu', 'sigmoid', 'tanh', 'sigmoid', 'tanh', 'tanh', 'sigmoid', 'tanh', 'swish', 'swish', 'sigmoid']",f909f90006f90639e946f9088886,700,Adam,MaxAbsoluteDeviation,0.563217282295227,7.39219331741333,12.118591199978255
"[23, 8, 23, 8, 8, 23, 8, 11, 22, 12, 23, 13]","['tanh', 'tanh', 'tanh', 'elu', 'sigmoid', 'tanh', 'sigmoid', 'tanh', 'tanh', 'sigmoid', 'tanh', 'swish']",f909f90006f90639e946f958,700,Adam,MaxAbsoluteDeviation,0.563217282295227,7.190741539001465,11.188061600085348
"[23, 8, 23, 8, 8, 23, 8, 11, 22, 12, 23, 13, 16]","['tanh', 'tanh', 'tanh', 'elu', 'sigmoid', 'tanh', 'sigmoid', 'tanh', 'tanh', 'sigmoid', 'tanh', 'swish', 'swish']",f909f90006f90639e946f95888,700,Adam,MaxAbsoluteDeviation,0.5971658229827881,0.8279015421867371,11.450613199966028
"[23, 8, 23, 8, 8, 23, 8, 11, 22, 12, 23, 13, 16, 11]","['tanh', 'tanh', 'tanh', 'elu', 'sigmoid', 'tanh', 'sigmoid', 'tanh', 'tanh', 'sigmoid', 'tanh', 'swish', 'swish', 'elu']",f909f90006f90639e946f9588830,700,Adam,MaxAbsoluteDeviation,0.9734861254692078,1.0070836544036865,11.876702100038528
"[23, 8, 23, 8, 8, 23, 8, 11, 22, 23, 23, 13, 16, 11]","['tanh', 'tanh', 'tanh', 'elu', 'sigmoid', 'tanh', 'sigmoid', 'tanh', 'tanh', 'sigmoid', 'tanh', 'swish', 'swish', 'elu']",f909f90006f90639e9f6f9588830,700,Adam,MaxAbsoluteDeviation,0.9316157102584839,1.1641592979431152,12.032774100080132
"[23, 8, 23, 8, 8, 23, 8, 23, 22, 23, 23, 13, 16, 11]","['tanh', 'tanh', 'tanh', 'elu', 'sigmoid', 'tanh', 'sigmoid', 'tanh', 'tanh', 'sigmoid', 'tanh', 'swish', 'swish', 'elu']",f909f90006f906f9e9f6f9588830,700,Adam,MaxAbsoluteDeviation,0.7106583714485168,0.34228038787841797,12.015380900003947
"[23, 8, 23, 8, 8, 23, 8, 23, 22, 23, 23, 13, 16, 11]","['tanh', 'tanh', 'tanh', 'elu', 'sigmoid', 'tanh', 'sigmoid', 'tanh', 'tanh', 'sigmoid', 'tanh', 'swish', 'swish', 'elu']",f909f90006f906f9e9f6f9588830,700,Adam,MaxAbsoluteDeviation,0.7106583714485168,0.8634433746337891,12.077857599942945
"[23, 8, 23, 8, 8, 23, 8, 23, 22, 23, 23, 13, 16]","['tanh', 'tanh', 'tanh', 'elu', 'sigmoid', 'tanh', 'sigmoid', 'tanh', 'tanh', 'sigmoid', 'tanh', 'swish', 'swish']",f909f90006f906f9e9f6f95888,700,Adam,MaxAbsoluteDeviation,0.7157504558563232,0.631170392036438,11.369255600031465
"[23, 8, 23, 8, 8, 23, 8, 23, 8, 23, 23, 13, 16]","['tanh', 'tanh', 'tanh', 'elu', 'sigmoid', 'tanh', 'sigmoid', 'tanh', 'tanh', 'sigmoid', 'tanh', 'swish', 'swish']",f909f90006f906f909f6f95888,700,Adam,MaxAbsoluteDeviation,0.7157504558563232,0.9469215869903564,11.461644700029865
"[23, 8, 23, 8, 8, 23, 8, 23, 22, 23, 23, 13, 16]","['tanh', 'tanh', 'tanh', 'elu', 'sigmoid', 'tanh', 'sigmoid', 'tanh', 'tanh', 'sigmoid', 'tanh', 'swish', 'swish']",f909f90006f906f9e9f6f95888,700,Adam,MaxAbsoluteDeviation,0.6520578861236572,0.6937406659126282,11.191851099953055
"[23, 8, 23, 23, 8, 23, 8, 23, 22, 23, 23, 13, 16]","['tanh', 'tanh', 'tanh', 'elu', 'sigmoid', 'tanh', 'sigmoid', 'tanh', 'tanh', 'sigmoid', 'tanh', 'swish', 'swish']",f909f9f006f906f9e9f6f95888,199,Adam,MaxAbsoluteDeviation,0.6520578861236572,2.4840893745422363,3.9479130000108853
"[23, 8, 23, 8, 8, 23, 8, 23, 22, 23, 23, 13, 16]","['tanh', 'tanh', 'tanh', 'elu', 'sigmoid', 'tanh', 'sigmoid', 'tanh', 'tanh', 'sigmoid', 'tanh', 'swish', 'swish']",f909f90006f906f9e9f6f95888,700,Adam,MaxAbsoluteDeviation,0.8522091507911682,0.3640354573726654,11.434084400068969
"[23, 8, 23, 8, 8, 23, 8, 23, 23, 23, 23, 13, 16]","['tanh', 'tanh', 'tanh', 'elu', 'sigmoid', 'tanh', 'sigmoid', 'tanh', 'tanh', 'sigmoid', 'tanh', 'swish', 'swish']",f909f90006f906f9f9f6f95888,700,Adam,MaxAbsoluteDeviation,0.9480299949645996,0.7499969601631165,11.407016999903135
"[23, 8, 23, 8, 8, 23, 8, 23, 23, 23, 23, 13]","['tanh', 'tanh', 'tanh', 'elu', 'sigmoid', 'tanh', 'sigmoid', 'tanh', 'tanh', 'sigmoid', 'tanh', 'swish']",f909f90006f906f9f9f6f958,333,Adam,MaxAbsoluteDeviation,1.1864869594573975,1.6078789234161377,5.512510799919255
"[23, 8, 23, 8, 8, 23, 8, 23, 23, 23, 23, 13, 16]","['tanh', 'tanh', 'tanh', 'elu', 'sigmoid', 'tanh', 'sigmoid', 'tanh', 'tanh', 'sigmoid', 'tanh', 'swish', 'sigmoid']",f909f90006f906f9f9f6f95886,333,Adam,MaxAbsoluteDeviation,1.1864869594573975,7.375536918640137,5.703562700073235
"[23, 8, 23, 8, 8, 23, 8, 23, 23, 23, 23, 13]","['tanh', 'tanh', 'tanh', 'elu', 'sigmoid', 'tanh', 'sigmoid', 'tanh', 'tanh', 'sigmoid', 'tanh', 'swish']",f909f90006f906f9f9f6f958,254,Adam,MaxAbsoluteDeviation,1.2764716148376465,0.9247203469276428,4.4173141999635845
"[23, 8, 23, 8, 8, 23, 8, 23, 23, 23, 23, 13]","['tanh', 'tanh', 'swish', 'elu', 'sigmoid', 'tanh', 'sigmoid', 'tanh', 'tanh', 'sigmoid', 'tanh', 'swish']",f909f80006f906f9f9f6f958,254,Adam,MaxAbsoluteDeviation,1.2764716148376465,1.3844022750854492,4.501165699912235
"[23, 8, 23, 8, 8, 23, 8, 23, 23, 23, 23]","['tanh', 'tanh', 'tanh', 'elu', 'sigmoid', 'tanh', 'sigmoid', 'tanh', 'tanh', 'sigmoid', 'tanh']",f909f90006f906f9f9f6f9,254,Adam,MaxAbsoluteDeviation,1.7473195791244507,1.762263536453247,4.045204299967736
"[23, 8, 23, 8, 8, 23, 8, 23, 23, 23, 23]","['tanh', 'tanh', 'tanh', 'elu', 'sigmoid', 'tanh', 'sigmoid', 'tanh', 'tanh', 'sigmoid', 'tanh']",f909f90006f906f9f9f6f9,211,Adam,MaxAbsoluteDeviation,1.7473195791244507,7.482707500457764,3.5637719000224024
"[23, 8, 23, 8, 8, 23, 8, 23, 23, 23, 23]","['tanh', 'tanh', 'tanh', 'elu', 'sigmoid', 'tanh', 'sigmoid', 'tanh', 'tanh', 'sigmoid', 'tanh']",f909f90006f906f9f9f6f9,700,Adam,MaxAbsoluteDeviation,1.1613433361053467,1.469476580619812,9.81049930001609
"[23, 8, 23, 8, 8, 23, 8, 23, 23, 23, 23]","['tanh', 'tanh', 'tanh', 'elu', 'sigmoid', 'tanh', 'sigmoid', 'tanh', 'tanh', 'sigmoid', 'tanh']",f909f90006f906f9f9f6f9,301,Adam,MaxAbsoluteDeviation,1.2900824546813965,0.623765766620636,4.642492400016636
"[23, 8, 23, 8, 8, 23, 8, 23, 23, 23, 23]","['tanh', 'tanh', 'tanh', 'elu', 'sigmoid', 'tanh', 'swish', 'tanh', 'tanh', 'sigmoid', 'tanh']",f909f90006f908f9f9f6f9,301,Adam,MaxAbsoluteDeviation,0.8592309355735779,0.6489620208740234,4.669356400030665
"[23, 8, 23, 8, 8, 23, 8, 23, 23, 23, 23, 18]","['tanh', 'tanh', 'tanh', 'elu', 'sigmoid', 'tanh', 'swish', 'tanh', 'tanh', 'sigmoid', 'tanh', 'elu']",f909f90006f908f9f9f6f9a0,301,Adam,MaxAbsoluteDeviation,0.7560029029846191,0.518790066242218,5.030074600013904
"[23, 8, 23, 8, 8, 23, 8, 23, 23, 23, 23, 18, 18]","['tanh', 'tanh', 'tanh', 'elu', 'sigmoid', 'tanh', 'swish', 'tanh', 'tanh', 'sigmoid', 'tanh', 'elu', 'elu']",f909f90006f908f9f9f6f9a0a0,301,Adam,MaxAbsoluteDeviation,0.7560029029846191,1.542880654335022,5.230394200072624
"[23, 8, 23, 8, 8, 23, 8, 23, 23, 23, 23]","['tanh', 'tanh', 'tanh', 'elu', 'sigmoid', 'tanh', 'swish', 'tanh', 'tanh', 'sigmoid', 'tanh']",f909f90006f908f9f9f6f9,301,Adam,MaxAbsoluteDeviation,0.8042937517166138,1.53339421749115,4.678595100063831
"[23, 8, 23, 8, 8, 23, 8, 23, 23, 23, 23]","['tanh', 'tanh', 'tanh', 'elu', 'sigmoid', 'tanh', 'swish', 'tanh', 'tanh', 'sigmoid', 'tanh']",f909f90006f908f9f9f6f9,700,Adam,MaxAbsoluteDeviation,0.8042937517166138,7.363317012786865,9.683419300010428
"[23, 8, 23, 8, 8, 23, 8, 23, 23, 23, 23]","['tanh', 'tanh', 'tanh', 'elu', 'sigmoid', 'tanh', 'swish', 'tanh', 'tanh', 'sigmoid', 'elu']",f909f90006f908f9f9f6f0,301,Adam,MaxAbsoluteDeviation,0.8042937517166138,1.0133370161056519,10.97068709996529
"[23, 8, 23, 8, 8, 23, 8, 23, 23, 23]","['tanh', 'tanh', 'tanh', 'elu', 'sigmoid', 'tanh', 'swish', 'tanh', 'tanh', 'sigmoid']",f909f90006f908f9f9f6,301,Adam,MaxAbsoluteDeviation,0.8042937517166138,7.320899486541748,4.879810099955648
"[23, 8, 23, 8, 8, 23, 8, 23, 23, 23, 23]","['tanh', 'tanh', 'tanh', 'elu', 'sigmoid', 'tanh', 'swish', 'tanh', 'tanh', 'sigmoid', 'tanh']",f909f90006f908f9f9f6f9,301,Adam,MaxAbsoluteDeviation,0.8042937517166138,1.6325815916061401,5.175205300096422
"[23, 8, 23, 8, 8, 8, 8, 23, 23, 23, 23]","['tanh', 'tanh', 'tanh', 'elu', 'sigmoid', 'tanh', 'swish', 'tanh', 'tanh', 'sigmoid', 'tanh']",f909f900060908f9f9f6f9,301,Adam,MaxAbsoluteDeviation,0.8042937517166138,7.258849143981934,5.248323200037703
"[23, 8, 23, 8, 8, 23, 8, 23, 23, 23, 23]","['tanh', 'tanh', 'tanh', 'elu', 'sigmoid', 'tanh', 'swish', 'tanh', 'tanh', 'sigmoid', 'tanh']",f909f90006f908f9f9f6f9,301,Adam,MaxAbsoluteDeviation,0.9462569952011108,0.6219176054000854,5.190707899979316
"[23, 8, 23, 8, 8, 23, 8, 23, 23, 23, 23, 17]","['tanh', 'tanh', 'tanh', 'elu', 'sigmoid', 'tanh', 'swish', 'tanh', 'tanh', 'sigmoid', 'tanh', 'sigmoid']",f909f90006f908f9f9f6f996,301,Adam,MaxAbsoluteDeviation,0.9462569952011108,7.455860137939453,5.504628099966794
"[8, 8, 23, 8, 8, 23, 8, 23, 23, 23, 23]","['tanh', 'tanh', 'tanh', 'elu', 'sigmoid', 'tanh', 'swish', 'tanh', 'tanh', 'sigmoid', 'tanh']",0909f90006f908f9f9f6f9,301,Adam,MaxAbsoluteDeviation,1.2591201066970825,1.106264591217041,5.154438000055961
"[8, 8, 23, 8, 8, 23, 8, 23, 23, 23]","['tanh', 'tanh', 'tanh', 'elu', 'sigmoid', 'tanh', 'swish', 'tanh', 'tanh', 'sigmoid']",0909f90006f908f9f9f6,281,Adam,MaxAbsoluteDeviation,1.2591201066970825,7.3777546882629395,4.601044699898921
"[8, 8, 23, 8, 8, 23, 8, 23, 23, 23, 23]","['tanh', 'tanh', 'tanh', 'elu', 'sigmoid', 'tanh', 'swish', 'tanh', 'tanh', 'sigmoid', 'tanh']",0909f90006f908f9f9f6f9,301,Adam,MaxAbsoluteDeviation,1.6624168157577515,1.1016051769256592,5.107722300104797
"[8, 8, 23, 8, 8, 23, 8, 23, 23, 23, 23]","['tanh', 'tanh', 'tanh', 'elu', 'sigmoid', 'tanh', 'swish', 'tanh', 'tanh', 'sigmoid', 'tanh']",0909f90006f908f9f9f6f9,100,Adam,MaxAbsoluteDeviation,1.6624168157577515,2.062011241912842,2.352775700041093
"[8, 8, 23, 8, 8, 23, 8, 23, 23, 23, 23]","['tanh', 'tanh', 'tanh', 'elu', 'sigmoid', 'tanh', 'swish', 'tanh', 'tanh', 'sigmoid', 'tanh']",0909f90006f908f9f9f6f9,700,Adam,MaxAbsoluteDeviation,0.9330740571022034,0.5557327270507812,10.806081599905156
"[8, 8, 23, 8, 8, 23, 8, 23, 23, 23, 23]","['tanh', 'tanh', 'tanh', 'elu', 'sigmoid', 'tanh', 'swish', 'tanh', 'tanh', 'sigmoid', 'tanh']",0909f90006f908f9f9f6f9,266,Adam,MaxAbsoluteDeviation,0.6831883788108826,0.5926997661590576,4.616068199975416
"[8, 8, 23, 8, 8, 23, 23, 23, 23, 23, 23]","['tanh', 'tanh', 'tanh', 'elu', 'sigmoid', 'tanh', 'swish', 'tanh', 'tanh', 'sigmoid', 'tanh']",0909f90006f9f8f9f9f6f9,266,Adam,MaxAbsoluteDeviation,0.6831883788108826,7.329189300537109,4.674424899974838
"[8, 8, 23, 8, 23, 23, 8, 23, 23, 23, 23]","['tanh', 'tanh', 'tanh', 'elu', 'sigmoid', 'tanh', 'swish', 'tanh', 'tanh', 'sigmoid', 'tanh']",0909f900f6f908f9f9f6f9,266,Adam,MaxAbsoluteDeviation,0.6831883788108826,1.1290358304977417,4.645417200052179
"[23, 8, 23, 8, 8, 23, 8, 23, 23, 23, 23, 12]","['tanh', 'tanh', 'tanh', 'elu', 'sigmoid', 'tanh', 'swish', 'tanh', 'tanh', 'sigmoid', 'tanh', 'sigmoid']",f909f90006f908f9f9f6f946,266,Adam,MaxAbsoluteDeviation,0.6831883788108826,7.428504943847656,4.894973499933258
"[8, 8, 23, 8, 8, 23, 8, 23, 23, 23]","['tanh', 'tanh', 'tanh', 'elu', 'sigmoid', 'tanh', 'swish', 'tanh', 'tanh', 'sigmoid']",0909f90006f908f9f9f6,266,Adam,MaxAbsoluteDeviation,0.6831883788108826,2.0138919353485107,4.293267900007777
"[8, 8, 23, 8, 8, 23, 8, 23, 23, 23, 23]","['tanh', 'tanh', 'tanh', 'elu', 'sigmoid', 'tanh', 'swish', 'tanh', 'tanh', 'sigmoid', 'tanh']",0909f90006f908f9f9f6f9,700,Adam,MaxAbsoluteDeviation,1.0883159637451172,1.0476702451705933,10.662879999959841
"[8, 8, 23, 8, 8, 23, 8, 23, 23, 23, 23, 17, 9]","['tanh', 'tanh', 'tanh', 'elu', 'sigmoid', 'tanh', 'swish', 'tanh', 'tanh', 'sigmoid', 'sigmoid', 'swish', 'swish']",0909f90006f908f9f9f6f69818,700,Adam,MaxAbsoluteDeviation,0.8926015496253967,0.5885118842124939,12.569755299948156
"[8, 8, 23, 8, 8, 23, 8, 23, 23, 23, 23, 17, 9]","['tanh', 'tanh', 'tanh', 'elu', 'sigmoid', 'tanh', 'elu', 'tanh', 'tanh', 'sigmoid', 'sigmoid', 'swish', 'swish']",0909f90006f900f9f9f6f69818,700,Adam,MaxAbsoluteDeviation,1.1600557565689087,1.1941310167312622,12.202780400053598
"[8, 8, 23, 8, 8, 23, 8, 23, 23, 23, 23, 17, 9, 19]","['tanh', 'tanh', 'tanh', 'elu', 'sigmoid', 'tanh', 'elu', 'tanh', 'tanh', 'sigmoid', 'sigmoid', 'swish', 'swish', 'tanh']",0909f90006f900f9f9f6f69818b9,700,Adam,MaxAbsoluteDeviation,1.1600557565689087,7.384831428527832,13.101328799966723
"[8, 8, 23, 8, 8, 23, 8, 23, 23, 23, 23, 17]","['tanh', 'tanh', 'tanh', 'elu', 'sigmoid', 'tanh', 'elu', 'tanh', 'tanh', 'sigmoid', 'sigmoid', 'swish']",0909f90006f900f9f9f6f698,700,Adam,MaxAbsoluteDeviation,1.1571592092514038,0.6989899277687073,11.549475600011647
"[8, 8, 23, 8, 23, 23, 8, 23, 23, 23, 23, 17]","['tanh', 'tanh', 'tanh', 'elu', 'sigmoid', 'tanh', 'elu', 'tanh', 'tanh', 'sigmoid', 'sigmoid', 'swish']",0909f900f6f900f9f9f6f698,700,Adam,MaxAbsoluteDeviation,0.901560366153717,0.8516911864280701,11.721050100051798
"[8, 8, 23, 8, 23, 23, 8, 23, 23, 23, 23, 17]","['tanh', 'tanh', 'tanh', 'elu', 'sigmoid', 'tanh', 'elu', 'tanh', 'tanh', 'sigmoid', 'sigmoid', 'swish']",0909f900f6f900f9f9f6f698,700,Adam,MaxAbsoluteDeviation,0.901560366153717,0.9846793413162231,11.782641099998727
"[8, 8, 23, 8, 23, 23, 8, 23, 23, 23, 23, 17]","['tanh', 'tanh', 'tanh', 'elu', 'sigmoid', 'tanh', 'elu', 'tanh', 'tanh', 'sigmoid', 'sigmoid', 'swish']",0909f900f6f900f9f9f6f698,322,Adam,MaxAbsoluteDeviation,1.3905161619186401,1.1298893690109253,5.857226000051014
"[8, 8, 23, 8, 23, 23, 8, 23, 23, 23, 23, 8, 14]","['tanh', 'tanh', 'tanh', 'elu', 'sigmoid', 'tanh', 'elu', 'tanh', 'tanh', 'sigmoid', 'sigmoid', 'swish', 'swish']",0909f900f6f900f9f9f6f60868,322,Adam,MaxAbsoluteDeviation,0.8076106905937195,0.5507752299308777,6.221787799964659
"[8, 8, 23, 8, 23, 23, 8, 23, 23, 23, 23, 8, 14]","['tanh', 'tanh', 'tanh', 'elu', 'sigmoid', 'tanh', 'elu', 'tanh', 'tanh', 'sigmoid', 'sigmoid', 'swish', 'swish']",0909f900f6f900f9f9f6f60868,100,Adam,MaxAbsoluteDeviation,1.204830288887024,1.162308931350708,2.6334846999961883
"[8, 8, 23, 8, 23, 23, 8, 23, 23, 23, 23, 8, 14]","['tanh', 'tanh', 'tanh', 'elu', 'sigmoid', 'tanh', 'elu', 'tanh', 'tanh', 'sigmoid', 'sigmoid', 'swish', 'swish']",0909f900f6f900f9f9f6f60868,100,Adam,MaxAbsoluteDeviation,1.341068983078003,1.1014500856399536,2.665838500019163
"[8, 8, 23, 8, 23, 23, 8, 23, 8, 23, 23, 8, 14]","['tanh', 'tanh', 'tanh', 'elu', 'sigmoid', 'tanh', 'elu', 'tanh', 'tanh', 'sigmoid', 'sigmoid', 'swish', 'swish']",0909f900f6f900f909f6f60868,100,Adam,MaxAbsoluteDeviation,1.341068983078003,7.404720783233643,2.6869539000326768
"[8, 8, 23, 8, 23, 23, 8, 23, 23, 23, 23, 8]","['tanh', 'tanh', 'tanh', 'elu', 'sigmoid', 'tanh', 'elu', 'tanh', 'tanh', 'sigmoid', 'sigmoid', 'swish']",0909f900f6f900f9f9f6f608,100,Adam,MaxAbsoluteDeviation,1.341068983078003,7.136815547943115,2.4910649999510497
"[8, 8, 23, 8, 23, 23, 8, 23, 23, 23, 23, 8, 14, 18]","['tanh', 'tanh', 'tanh', 'elu', 'sigmoid', 'tanh', 'elu', 'tanh', 'tanh', 'sigmoid', 'sigmoid', 'swish', 'swish', 'tanh']",0909f900f6f900f9f9f6f60868a9,700,Adam,MaxAbsoluteDeviation,1.341068983078003,7.3687424659729,12.972190100001171
"[8, 8, 23, 23, 23, 23, 8, 23, 23, 23, 23, 8, 14]","['tanh', 'tanh', 'tanh', 'elu', 'sigmoid', 'tanh', 'elu', 'tanh', 'tanh', 'sigmoid', 'sigmoid', 'swish', 'swish']",0909f9f0f6f900f9f9f6f60868,100,Adam,MaxAbsoluteDeviation,1.341068983078003,1.942668080329895,2.6762093999423087
"[8, 8, 23, 8, 23, 23, 8, 23, 23, 23, 23, 8, 14, 18]","['tanh', 'tanh', 'tanh', 'elu', 'sigmoid', 'tanh', 'elu', 'tanh', 'tanh', 'sigmoid', 'sigmoid', 'swish', 'swish', 'sigmoid']",0909f900f6f900f9f9f6f60868a6,100,Adam,MaxAbsoluteDeviation,1.341068983078003,7.430514335632324,2.84730230004061
"[8, 8, 23, 8, 23, 23, 8, 23, 23, 23, 23, 8, 14]","['tanh', 'tanh', 'tanh', 'elu', 'sigmoid', 'tanh', 'elu', 'tanh', 'tanh', 'sigmoid', 'sigmoid', 'swish', 'swish']",0909f900f6f900f9f9f6f60868,100,Adam,MaxAbsoluteDeviation,1.341068983078003,1.5845693349838257,2.661362300044857
"[8, 8, 23, 8, 23, 23, 8, 23, 23, 23, 23, 8, 14, 8]","['tanh', 'tanh', 'tanh', 'elu', 'sigmoid', 'tanh', 'elu', 'tanh', 'tanh', 'sigmoid', 'sigmoid', 'swish', 'swish', 'sigmoid']",0909f900f6f900f9f9f6f6086806,100,Adam,MaxAbsoluteDeviation,1.341068983078003,7.408958435058594,2.8250278000487015
"[8, 8, 23, 8, 23, 23, 8, 23, 23, 23, 23, 8, 14]","['tanh', 'tanh', 'tanh', 'elu', 'sigmoid', 'tanh', 'elu', 'tanh', 'tanh', 'sigmoid', 'sigmoid', 'swish', 'swish']",0909f900f6f900f9f9f6f60868,100,Adam,MaxAbsoluteDeviation,2.2263450622558594,1.141995906829834,2.660606599994935
"[8, 8, 23, 8, 23, 23, 8, 23, 23, 23, 23, 8]","['tanh', 'tanh', 'tanh', 'elu', 'sigmoid', 'tanh', 'elu', 'tanh', 'tanh', 'sigmoid', 'sigmoid', 'swish']",0909f900f6f900f9f9f6f608,100,Adam,MaxAbsoluteDeviation,1.286331295967102,0.8449049592018127,2.4983436999609694
"[8, 8, 23, 8, 23, 23, 8, 23, 23, 23, 23]","['tanh', 'tanh', 'tanh', 'elu', 'sigmoid', 'tanh', 'elu', 'tanh', 'tanh', 'sigmoid', 'sigmoid']",0909f900f6f900f9f9f6f6,100,Adam,MaxAbsoluteDeviation,2.7511937618255615,2.325282335281372,2.2549440000439063
"[8, 8, 23, 8, 23, 23, 8, 23, 23, 23, 23]","['tanh', 'tanh', 'tanh', 'elu', 'sigmoid', 'tanh', 'elu', 'tanh', 'sigmoid', 'sigmoid', 'sigmoid']",0909f900f6f900f9f6f6f6,100,Adam,MaxAbsoluteDeviation,2.7511937618255615,7.472259998321533,2.2758695000084117
"[8, 8, 23, 8, 23, 23, 8, 23, 23, 23, 23]","['tanh', 'tanh', 'tanh', 'elu', 'sigmoid', 'tanh', 'elu', 'tanh', 'tanh', 'sigmoid', 'sigmoid']",0909f900f6f900f9f9f6f6,700,Adam,MaxAbsoluteDeviation,0.8883892893791199,0.9413738250732422,10.370109500014223
"[8, 8, 23, 8, 23, 23, 8, 23, 23, 23, 23]","['tanh', 'tanh', 'tanh', 'elu', 'sigmoid', 'tanh', 'elu', 'tanh', 'tanh', 'sigmoid', 'sigmoid']",0909f900f6f900f9f9f6f6,700,Adam,MaxAbsoluteDeviation,0.8883892893791199,7.525888442993164,10.227576099918224
"[8, 8, 23, 8, 23, 23, 8, 23, 23, 23, 23, 20]","['tanh', 'tanh', 'tanh', 'elu', 'sigmoid', 'tanh', 'elu', 'tanh', 'tanh', 'sigmoid', 'sigmoid', 'elu']",0909f900f6f900f9f9f6f6c0,700,Adam,MaxAbsoluteDeviation,0.8883892893791199,7.5781402587890625,11.15495540003758
"[8, 8, 23, 8, 23, 23, 8, 23, 23, 23, 23]","['tanh', 'tanh', 'tanh', 'elu', 'sigmoid', 'tanh', 'elu', 'tanh', 'swish', 'sigmoid', 'sigmoid']",0909f900f6f900f9f8f6f6,700,Adam,MaxAbsoluteDeviation,1.0944831371307373,0.8257623314857483,10.368157500051893
"[8, 8, 23, 8, 23, 23, 23, 23, 23, 23, 23]","['tanh', 'tanh', 'tanh', 'elu', 'sigmoid', 'tanh', 'elu', 'tanh', 'swish', 'sigmoid', 'sigmoid']",0909f900f6f9f0f9f8f6f6,700,Adam,MaxAbsoluteDeviation,1.0944831371307373,7.305429458618164,10.331494799931534
"[8, 8, 23, 8, 23, 23, 8, 23, 23, 23, 23]","['tanh', 'tanh', 'sigmoid', 'elu', 'sigmoid', 'tanh', 'elu', 'tanh', 'swish', 'sigmoid', 'sigmoid']",0909f600f6f900f9f8f6f6,700,Adam,MaxAbsoluteDeviation,1.0944831371307373,7.381385803222656,10.208821899956092
"[8, 8, 23, 8, 23, 23, 8, 23, 23, 23, 23]","['tanh', 'tanh', 'tanh', 'elu', 'sigmoid', 'tanh', 'elu', 'tanh', 'swish', 'sigmoid', 'sigmoid']",0909f900f6f900f9f8f6f6,689,Adam,MaxAbsoluteDeviation,1.0944831371307373,3.344074010848999,10.212195699918084
"[8, 8, 23, 8, 23, 23, 8, 23, 23, 23, 23]","['tanh', 'tanh', 'tanh', 'elu', 'sigmoid', 'tanh', 'elu', 'tanh', 'swish', 'sigmoid', 'sigmoid']",0909f900f6f900f9f8f6f6,700,Adam,MaxAbsoluteDeviation,1.0944831371307373,7.433114528656006,10.198454900062643
"[8, 8, 23, 23, 23, 23, 8, 23, 23, 23, 23, 16]","['tanh', 'tanh', 'tanh', 'elu', 'sigmoid', 'tanh', 'elu', 'tanh', 'swish', 'sigmoid', 'sigmoid', 'elu']",0909f9f0f6f900f9f8f6f680,700,Adam,MaxAbsoluteDeviation,0.866597592830658,0.7002919912338257,11.469255000003614
"[8, 8, 23, 23, 23, 23, 8, 23, 23, 23, 23]","['tanh', 'tanh', 'tanh', 'elu', 'sigmoid', 'tanh', 'elu', 'tanh', 'swish', 'sigmoid', 'sigmoid']",0909f9f0f6f900f9f8f6f6,700,Adam,MaxAbsoluteDeviation,0.866597592830658,3.059539318084717,10.17478060000576
"[8, 8, 23, 23, 8, 23, 8, 23, 23, 23, 23, 16]","['tanh', 'tanh', 'tanh', 'elu', 'sigmoid', 'tanh', 'elu', 'tanh', 'swish', 'sigmoid', 'sigmoid', 'elu']",0909f9f006f900f9f8f6f680,700,Adam,MaxAbsoluteDeviation,1.5149379968643188,1.1626743078231812,11.166950899991207
"[8, 8, 23, 23, 8, 23, 8, 23, 23, 23, 23, 16]","['tanh', 'tanh', 'tanh', 'elu', 'sigmoid', 'tanh', 'elu', 'tanh', 'swish', 'sigmoid', 'sigmoid', 'tanh']",0909f9f006f900f9f8f6f689,700,Adam,MaxAbsoluteDeviation,1.5149379968643188,7.358872890472412,11.0579564999789
"[8, 8, 23, 8, 8, 23, 8, 23, 23, 23, 23, 16]","['tanh', 'tanh', 'tanh', 'elu', 'sigmoid', 'tanh', 'elu', 'tanh', 'swish', 'sigmoid', 'sigmoid', 'elu']",0909f90006f900f9f8f6f680,700,Adam,MaxAbsoluteDeviation,1.0327893495559692,1.0714412927627563,11.257199299987406
"[8, 23, 23, 8, 8, 23, 8, 23, 23, 23, 23, 16]","['tanh', 'tanh', 'tanh', 'elu', 'sigmoid', 'tanh', 'elu', 'tanh', 'swish', 'sigmoid', 'sigmoid', 'elu']",09f9f90006f900f9f8f6f680,700,Adam,MaxAbsoluteDeviation,1.0327893495559692,7.271087169647217,11.204641600023024
"[8, 8, 23, 8, 8, 23, 8, 23, 23, 23, 23, 16]","['tanh', 'tanh', 'tanh', 'elu', 'sigmoid', 'tanh', 'elu', 'tanh', 'swish', 'sigmoid', 'sigmoid', 'elu']",0909f90006f900f9f8f6f680,700,Adam,MaxAbsoluteDeviation,1.0327893495559692,7.295497894287109,10.997732399962842
"[8, 8, 23, 8, 8, 23, 8, 23, 23, 23, 23, 16]","['tanh', 'tanh', 'tanh', 'elu', 'sigmoid', 'tanh', 'elu', 'tanh', 'swish', 'sigmoid', 'sigmoid', 'elu']",0909f90006f900f9f8f6f680,700,Adam,MaxAbsoluteDeviation,1.0327893495559692,7.371100425720215,11.152682499960065
"[8, 8, 23, 8, 8, 23, 8, 23, 23, 23, 23, 16]","['tanh', 'tanh', 'tanh', 'elu', 'sigmoid', 'tanh', 'elu', 'tanh', 'swish', 'sigmoid', 'sigmoid', 'elu']",0909f90006f900f9f8f6f680,700,Adam,MaxAbsoluteDeviation,1.2295113801956177,1.2051939964294434,11.428121899953112
"[8, 8, 23, 8, 8, 23, 8, 23, 23, 23, 23]","['tanh', 'tanh', 'tanh', 'elu', 'sigmoid', 'tanh', 'elu', 'tanh', 'swish', 'sigmoid', 'tanh']",0909f90006f900f9f8f6f9,100,Adam,MaxAbsoluteDeviation,2.2060346603393555,1.9251676797866821,2.229150400031358
"[8, 8, 23, 8, 8, 23, 8, 23, 23, 23, 23]","['tanh', 'tanh', 'tanh', 'elu', 'sigmoid', 'tanh', 'elu', 'tanh', 'swish', 'sigmoid', 'tanh']",0909f90006f900f9f8f6f9,100,Adam,MaxAbsoluteDeviation,1.0372836589813232,0.7963940501213074,2.213812300004065
"[8, 8, 23, 8, 8, 23, 8, 23, 23, 23, 23, 18]","['tanh', 'tanh', 'tanh', 'tanh', 'sigmoid', 'tanh', 'elu', 'tanh', 'swish', 'sigmoid', 'tanh', 'sigmoid']",0909f90906f900f9f8f6f9a6,700,Adam,MaxAbsoluteDeviation,1.0372836589813232,2.578842878341675,11.373206399963237
"[8, 8, 23, 8, 8, 23, 8, 23, 23, 23, 23]","['tanh', 'tanh', 'tanh', 'elu', 'sigmoid', 'tanh', 'elu', 'tanh', 'swish', 'sigmoid', 'tanh']",0909f90006f900f9f8f6f9,100,Adam,MaxAbsoluteDeviation,1.0372836589813232,2.6287336349487305,2.1929683999624103
"[8, 8, 23, 8, 8, 23, 8, 23, 23, 23, 23]","['tanh', 'tanh', 'tanh', 'elu', 'sigmoid', 'tanh', 'elu', 'tanh', 'swish', 'sigmoid', 'tanh']",0909f90006f900f9f8f6f9,100,Adam,MaxAbsoluteDeviation,1.368019700050354,0.8739712238311768,2.2072973999893293
"[8, 8, 23, 23, 8, 23, 8, 23, 23, 23, 23]","['tanh', 'tanh', 'tanh', 'elu', 'sigmoid', 'tanh', 'elu', 'tanh', 'swish', 'sigmoid', 'tanh']",0909f9f006f900f9f8f6f9,100,Adam,MaxAbsoluteDeviation,1.368019700050354,7.517232894897461,2.2189989999169484
"[8, 8, 23, 8, 8, 23, 8, 23, 23, 23, 23]","['tanh', 'tanh', 'tanh', 'elu', 'sigmoid', 'tanh', 'elu', 'tanh', 'swish', 'sigmoid', 'tanh']",0909f90006f900f9f8f6f9,100,Adam,MaxAbsoluteDeviation,1.702195405960083,1.399087905883789,2.197948799934238
"[8, 8, 23, 8, 8, 23, 8, 23, 23, 23]","['tanh', 'tanh', 'tanh', 'elu', 'sigmoid', 'tanh', 'elu', 'tanh', 'swish', 'sigmoid']",0909f90006f900f9f8f6,100,Adam,MaxAbsoluteDeviation,1.2551954984664917,2.3556783199310303,2.085346300038509
"[8, 8, 23, 8, 8, 23, 8, 23, 23, 23, 20]","['tanh', 'tanh', 'tanh', 'elu', 'sigmoid', 'tanh', 'elu', 'tanh', 'swish', 'sigmoid', 'swish']",0909f90006f900f9f8f6c8,100,Adam,MaxAbsoluteDeviation,1.223954439163208,0.7458192110061646,2.2378137999912724
"[8, 8, 23, 8, 8, 23, 8, 23, 23, 23, 20]","['tanh', 'tanh', 'tanh', 'elu', 'sigmoid', 'tanh', 'elu', 'tanh', 'swish', 'sigmoid', 'swish']",0909f90006f900f9f8f6c8,100,Adam,MaxAbsoluteDeviation,1.223954439163208,7.419794082641602,2.2169325000140816
"[8, 8, 23, 8, 8, 23, 8, 23, 8, 23, 20]","['tanh', 'tanh', 'tanh', 'elu', 'sigmoid', 'tanh', 'elu', 'tanh', 'swish', 'sigmoid', 'swish']",0909f90006f900f908f6c8,100,Adam,MaxAbsoluteDeviation,1.370944857597351,1.0271906852722168,2.2231568000279367
"[8, 8, 23, 8, 8, 23, 8, 23, 8, 23, 20]","['tanh', 'tanh', 'tanh', 'elu', 'sigmoid', 'tanh', 'elu', 'tanh', 'swish', 'sigmoid', 'swish']",0909f90006f900f908f6c8,100,Adam,MaxAbsoluteDeviation,1.370944857597351,7.299315452575684,2.2301792999496683
"[8, 8, 23, 8, 8, 23, 8, 23, 8, 23, 20]","['elu', 'tanh', 'tanh', 'elu', 'sigmoid', 'tanh', 'elu', 'tanh', 'swish', 'sigmoid', 'swish']",0009f90006f900f908f6c8,700,Adam,MaxAbsoluteDeviation,1.0964796543121338,0.4887303113937378,10.167612300021574
"[8, 8, 23, 8, 8, 23, 8, 23, 8, 23, 20]","['elu', 'tanh', 'tanh', 'elu', 'sigmoid', 'tanh', 'elu', 'tanh', 'swish', 'sigmoid', 'swish']",0009f90006f900f908f6c8,166,Adam,MaxAbsoluteDeviation,1.0783694982528687,0.3868843615055084,3.0642343000508845
"[8, 8, 23, 8, 8, 23, 8, 23, 8, 23]","['swish', 'tanh', 'tanh', 'elu', 'sigmoid', 'tanh', 'elu', 'tanh', 'swish', 'sigmoid']",0809f90006f900f908f6,166,Adam,MaxAbsoluteDeviation,1.0783694982528687,6.753233909606934,2.8838888000464067
"[8, 8, 23, 8, 8, 23, 8, 23, 8, 23, 20, 14]","['elu', 'tanh', 'tanh', 'elu', 'sigmoid', 'tanh', 'elu', 'tanh', 'swish', 'sigmoid', 'swish', 'tanh']",0009f90006f900f908f6c869,166,Adam,MaxAbsoluteDeviation,1.0783694982528687,7.350606918334961,3.282912899972871
"[8, 8, 23, 8, 8, 23, 8, 23, 8, 23, 20]","['elu', 'tanh', 'tanh', 'elu', 'sigmoid', 'tanh', 'elu', 'tanh', 'swish', 'sigmoid', 'swish']",0009f90006f900f908f6c8,166,Adam,MaxAbsoluteDeviation,0.6914486289024353,0.5254931449890137,3.0521453000837937
"[8, 8, 23, 8, 8, 23, 8, 23, 8, 23, 20]","['elu', 'tanh', 'tanh', 'elu', 'sigmoid', 'tanh', 'elu', 'tanh', 'swish', 'sigmoid', 'swish']",0009f90006f900f908f6c8,100,Adam,MaxAbsoluteDeviation,0.6914486289024353,0.5932267308235168,2.2771027999697253
"[23, 8, 23, 8, 8, 23, 8, 23, 8, 23, 20]","['elu', 'tanh', 'tanh', 'elu', 'sigmoid', 'tanh', 'elu', 'tanh', 'swish', 'sigmoid', 'swish']",f009f90006f900f908f6c8,166,Adam,MaxAbsoluteDeviation,1.2881230115890503,0.8017566204071045,3.0443674999987707
"[23, 8, 23, 8, 8, 23, 8, 23, 8, 23, 20]","['elu', 'tanh', 'tanh', 'elu', 'sigmoid', 'tanh', 'elu', 'tanh', 'swish', 'sigmoid', 'swish']",f009f90006f900f908f6c8,146,Adam,MaxAbsoluteDeviation,1.0361469984054565,0.4081839919090271,2.7984617999754846
"[23, 8, 23, 8, 8, 23, 8, 23, 8, 23]","['elu', 'tanh', 'tanh', 'elu', 'sigmoid', 'tanh', 'elu', 'tanh', 'swish', 'sigmoid']",f009f90006f900f908f6,146,Adam,MaxAbsoluteDeviation,1.0361469984054565,1.1853946447372437,2.5857488999608904
"[23, 8, 23, 8, 8, 23, 8, 23, 8, 23, 20]","['elu', 'tanh', 'tanh', 'elu', 'sigmoid', 'tanh', 'elu', 'tanh', 'swish', 'sigmoid', 'swish']",f009f90006f900f908f6c8,146,Adam,MaxAbsoluteDeviation,1.6963125467300415,1.4451980590820312,2.8319044000236318
"[23, 8, 23, 8, 8, 23, 8, 23, 8, 23, 20]","['elu', 'tanh', 'tanh', 'elu', 'sigmoid', 'tanh', 'elu', 'tanh', 'swish', 'sigmoid', 'swish']",f009f90006f900f908f6c8,128,Adam,MaxAbsoluteDeviation,0.7067601680755615,0.4226929843425751,2.594631399959326
"[23, 8, 23, 8, 8, 23, 8, 23, 8, 23, 20]","['elu', 'tanh', 'tanh', 'elu', 'sigmoid', 'tanh', 'elu', 'tanh', 'swish', 'sigmoid', 'swish']",f009f90006f900f908f6c8,100,Adam,MaxAbsoluteDeviation,0.7067601680755615,0.5955396294593811,8.267382699996233
"[23, 8, 23, 8, 8, 23, 8, 23, 8, 23]","['elu', 'tanh', 'tanh', 'elu', 'sigmoid', 'tanh', 'elu', 'tanh', 'swish', 'sigmoid']",f009f90006f900f908f6,128,Adam,MaxAbsoluteDeviation,0.7067601680755615,7.543522357940674,2.5897666999371722
"[23, 8, 23, 8, 8, 23, 8, 23, 8, 23, 20, 19]","['elu', 'tanh', 'tanh', 'elu', 'sigmoid', 'tanh', 'elu', 'tanh', 'swish', 'sigmoid', 'swish', 'swish']",f009f90006f900f908f6c8b8,128,Adam,MaxAbsoluteDeviation,0.7067601680755615,1.4753165245056152,2.9961095999460667
"[23, 8, 23, 8, 8, 23, 8, 23, 8, 23, 20]","['elu', 'tanh', 'tanh', 'elu', 'sigmoid', 'tanh', 'elu', 'tanh', 'swish', 'sigmoid', 'swish']",f009f90006f900f908f6c8,700,Adam,MaxAbsoluteDeviation,0.9709698557853699,0.5429153442382812,11.038153299945407
"[23, 8, 23, 8, 8, 23, 8, 23, 8, 23]","['elu', 'tanh', 'tanh', 'elu', 'sigmoid', 'tanh', 'elu', 'tanh', 'swish', 'sigmoid']",f009f90006f900f908f6,700,Adam,MaxAbsoluteDeviation,0.9709698557853699,7.440600395202637,10.340609600069001
"[23, 8, 23, 8, 8, 23, 8, 23, 8, 23]","['elu', 'tanh', 'tanh', 'elu', 'sigmoid', 'tanh', 'elu', 'tanh', 'swish', 'sigmoid']",f009f90006f900f908f6,700,Adam,MaxAbsoluteDeviation,1.2046799659729004,0.6701955199241638,10.419919400010258
"[23, 8, 23, 8, 8, 23, 23, 23, 8, 23]","['elu', 'tanh', 'tanh', 'elu', 'sigmoid', 'tanh', 'elu', 'tanh', 'swish', 'sigmoid']",f009f90006f9f0f908f6,700,Adam,MaxAbsoluteDeviation,1.2046799659729004,7.34619140625,10.26290810003411
"[23, 8, 23, 8, 8, 23, 8, 23, 8, 23]","['elu', 'tanh', 'tanh', 'elu', 'sigmoid', 'tanh', 'elu', 'swish', 'swish', 'sigmoid']",f009f90006f900f808f6,700,Adam,MaxAbsoluteDeviation,0.620371401309967,0.1768658459186554,10.321601000032388
"[23, 8, 23, 8, 8, 23, 8, 23, 8, 23]","['elu', 'tanh', 'tanh', 'elu', 'sigmoid', 'tanh', 'elu', 'swish', 'swish', 'sigmoid']",f009f90006f900f808f6,112,Adam,MaxAbsoluteDeviation,0.620371401309967,7.4563140869140625,2.3894616999896243
"[23, 8, 23, 8, 8, 23, 8, 23, 8]","['elu', 'tanh', 'tanh', 'elu', 'sigmoid', 'tanh', 'elu', 'swish', 'swish']",f009f90006f900f808,700,Adam,MaxAbsoluteDeviation,0.620371401309967,0.717704176902771,9.524410799960606
"[23, 8, 23, 8, 8, 23, 8, 8, 8, 23]","['elu', 'tanh', 'tanh', 'elu', 'sigmoid', 'tanh', 'elu', 'swish', 'swish', 'sigmoid']",f009f90006f9000808f6,700,Adam,MaxAbsoluteDeviation,0.5275034308433533,0.21002669632434845,10.219197200029157
"[23, 8, 23, 8, 8, 23, 8, 8, 8, 23, 8]","['elu', 'tanh', 'tanh', 'elu', 'sigmoid', 'tanh', 'elu', 'swish', 'swish', 'sigmoid', 'sigmoid']",f009f90006f9000808f606,700,Adam,MaxAbsoluteDeviation,0.5275034308433533,7.4384074211120605,10.887590900063515
"[23, 8, 23, 8, 8, 23, 8, 8, 8, 23, 20]","['elu', 'tanh', 'tanh', 'elu', 'sigmoid', 'tanh', 'elu', 'swish', 'swish', 'sigmoid', 'swish']",f009f90006f9000808f6c8,700,Adam,MaxAbsoluteDeviation,0.4697563648223877,0.40002647042274475,10.919325199909508
"[23, 23, 23, 8, 8, 23, 8, 8, 8, 23, 20]","['elu', 'tanh', 'tanh', 'elu', 'sigmoid', 'tanh', 'elu', 'swish', 'swish', 'sigmoid', 'swish']",f0f9f90006f9000808f6c8,700,Adam,MaxAbsoluteDeviation,0.4697563648223877,0.6603255271911621,10.832896100007929
"[23, 8, 23, 8, 8, 23, 8, 8, 8, 23]","['elu', 'tanh', 'tanh', 'elu', 'sigmoid', 'tanh', 'elu', 'swish', 'swish', 'sigmoid']",f009f90006f9000808f6,700,Adam,MaxAbsoluteDeviation,0.3318747580051422,0.4319164454936981,10.042982399929315
"[23, 8, 23, 8, 8, 23, 8, 8, 8, 23]","['elu', 'tanh', 'tanh', 'elu', 'sigmoid', 'tanh', 'elu', 'swish', 'swish', 'sigmoid']",f009f90006f9000808f6,700,Adam,MaxAbsoluteDeviation,0.3318747580051422,7.293983459472656,9.999959400040098
"[23, 8, 23, 8, 8, 23, 8, 8, 8, 23]","['elu', 'tanh', 'tanh', 'elu', 'sigmoid', 'tanh', 'elu', 'swish', 'swish', 'sigmoid']",f009f90006f9000808f6,700,Adam,MaxAbsoluteDeviation,0.3318747580051422,7.40419340133667,10.201589899952523
"[8, 8, 23, 8, 8, 23, 8, 8, 8, 23]","['elu', 'tanh', 'tanh', 'elu', 'sigmoid', 'tanh', 'elu', 'swish', 'swish', 'sigmoid']",0009f90006f9000808f6,700,Adam,MaxAbsoluteDeviation,0.983379602432251,0.4097152054309845,10.015483499970287
"[8, 8, 23, 8, 8, 23, 8, 8, 8, 23]","['elu', 'tanh', 'tanh', 'elu', 'sigmoid', 'tanh', 'elu', 'swish', 'swish', 'sigmoid']",0009f90006f9000808f6,700,Adam,MaxAbsoluteDeviation,0.606634795665741,0.5251665115356445,9.9786529999692
"[8, 8, 23, 8, 8, 23, 8, 8, 8]","['elu', 'tanh', 'tanh', 'elu', 'sigmoid', 'tanh', 'elu', 'swish', 'swish']",0009f90006f9000808,700,Adam,MaxAbsoluteDeviation,0.5100435614585876,0.4864928722381592,9.275657099904492
"[8, 8, 23, 8, 8, 23, 8, 8, 8]","['elu', 'tanh', 'tanh', 'elu', 'sigmoid', 'tanh', 'elu', 'swish', 'swish']",0009f90006f9000808,700,Adam,MaxAbsoluteDeviation,0.4210371673107147,0.363292396068573,9.339008199982345
"[8, 8, 23, 8, 8, 23, 8, 8, 8]","['elu', 'tanh', 'tanh', 'elu', 'sigmoid', 'tanh', 'elu', 'swish', 'swish']",0009f90006f9000808,583,Adam,MaxAbsoluteDeviation,0.6352952122688293,0.7514805793762207,7.7934343999950215
"[23, 8, 23, 8, 8, 23, 8, 8, 8]","['elu', 'tanh', 'tanh', 'elu', 'sigmoid', 'tanh', 'elu', 'swish', 'swish']",f009f90006f9000808,583,Adam,MaxAbsoluteDeviation,0.8927109837532043,0.21855922043323517,7.848594899987802
"[23, 8, 23, 8, 8, 23, 8, 8, 8]","['elu', 'tanh', 'tanh', 'elu', 'sigmoid', 'tanh', 'elu', 'swish', 'swish']",f009f90006f9000808,700,Adam,MaxAbsoluteDeviation,0.8717222213745117,1.0134539604187012,9.215290500083938
"[23, 8, 23, 8, 8, 23, 8, 8, 8]","['elu', 'tanh', 'tanh', 'elu', 'sigmoid', 'tanh', 'elu', 'swish', 'swish']",f009f90006f9000808,700,Adam,MaxAbsoluteDeviation,0.6346876621246338,0.7138422727584839,9.24146229994949
"[23, 8, 23, 8, 8, 23, 8, 8, 8]","['elu', 'tanh', 'tanh', 'elu', 'sigmoid', 'tanh', 'elu', 'swish', 'swish']",f009f90006f9000808,700,Adam,MaxAbsoluteDeviation,0.6326798796653748,0.42174193263053894,9.120234700036235
"[23, 8, 23, 8, 8, 23, 8, 8, 8]","['elu', 'tanh', 'tanh', 'swish', 'sigmoid', 'tanh', 'elu', 'swish', 'swish']",f009f90806f9000808,700,Adam,MaxAbsoluteDeviation,0.36518850922584534,0.2840472161769867,9.288130200002342
"[23, 23, 23, 8, 8, 23, 8, 8, 8]","['elu', 'tanh', 'tanh', 'swish', 'sigmoid', 'tanh', 'elu', 'swish', 'swish']",f0f9f90806f9000808,700,Adam,MaxAbsoluteDeviation,0.6532391309738159,0.5255590081214905,9.160979799926281
"[23, 23, 23, 8, 8, 23, 8, 23]","['elu', 'tanh', 'tanh', 'swish', 'sigmoid', 'tanh', 'elu', 'swish']",f0f9f90806f900f8,700,Adam,MaxAbsoluteDeviation,0.37904417514801025,0.3042198121547699,8.381986399996094
"[23, 23, 23, 8, 8, 23, 8, 23, 16]","['elu', 'tanh', 'tanh', 'swish', 'sigmoid', 'tanh', 'elu', 'sigmoid', 'sigmoid']",f0f9f90806f900f686,700,Adam,MaxAbsoluteDeviation,0.37904417514801025,7.377009868621826,9.005477800033987
"[23, 23, 23, 8, 8, 23, 8, 23]","['elu', 'tanh', 'tanh', 'swish', 'sigmoid', 'tanh', 'elu', 'swish']",f0f9f90806f900f8,700,Adam,MaxAbsoluteDeviation,0.37904417514801025,0.37471967935562134,8.444047199911438
"[23, 23, 23, 8, 8, 23, 8, 23]","['elu', 'tanh', 'tanh', 'swish', 'sigmoid', 'tanh', 'elu', 'swish']",f0f9f90806f900f8,700,Adam,MaxAbsoluteDeviation,0.41488373279571533,0.7067797780036926,8.488927399972454
"[23, 23, 23, 8, 8, 23, 8]","['elu', 'tanh', 'tanh', 'swish', 'sigmoid', 'tanh', 'elu']",f0f9f90806f900,700,Adam,MaxAbsoluteDeviation,0.46600234508514404,0.2495684027671814,7.680957999895327
"[23, 23, 23, 23, 8, 23, 8]","['elu', 'tanh', 'tanh', 'swish', 'sigmoid', 'tanh', 'elu']",f0f9f9f806f900,700,Adam,MaxAbsoluteDeviation,0.42246586084365845,0.4293210804462433,7.655091000022367
"[23, 23, 23, 23, 8, 23, 8]","['elu', 'tanh', 'tanh', 'swish', 'sigmoid', 'tanh', 'elu']",f0f9f9f806f900,469,Adam,MaxAbsoluteDeviation,0.9466156959533691,0.7870455980300903,5.233661199919879
"[23, 23, 23, 23, 8, 23, 8]","['elu', 'tanh', 'tanh', 'swish', 'sigmoid', 'tanh', 'elu']",f0f9f9f806f900,700,Adam,MaxAbsoluteDeviation,0.8842966556549072,0.8216597437858582,7.57711549999658
"[23, 23, 23, 8, 8, 23, 8]","['elu', 'tanh', 'tanh', 'swish', 'sigmoid', 'tanh', 'elu']",f0f9f90806f900,700,Adam,MaxAbsoluteDeviation,0.42646804451942444,0.3255382180213928,7.516831499990076
"[23, 23, 23, 8, 8, 23, 8, 11]","['elu', 'tanh', 'tanh', 'swish', 'sigmoid', 'tanh', 'elu', 'swish']",f0f9f90806f90038,215,Adam,MaxAbsoluteDeviation,1.1577821969985962,0.8195883631706238,2.9933019999880344
"[23, 23, 23, 8, 8, 23, 8, 11]","['elu', 'tanh', 'tanh', 'swish', 'sigmoid', 'tanh', 'elu', 'swish']",f0f9f90806f90038,100,Adam,MaxAbsoluteDeviation,0.6619466543197632,0.845931351184845,1.8076156999450177
"[23, 23, 23, 8, 8, 23, 8]","['elu', 'tanh', 'tanh', 'swish', 'sigmoid', 'tanh', 'elu']",f0f9f90806f900,100,Adam,MaxAbsoluteDeviation,0.4517359435558319,0.47060853242874146,1.6241764000151306
"[23, 23, 23, 8, 8, 23]","['elu', 'tanh', 'tanh', 'elu', 'sigmoid', 'tanh']",f0f9f90006f9,100,Adam,MaxAbsoluteDeviation,0.9268489480018616,0.7309511303901672,1.4288193999091163
"[23, 23, 23, 8, 8, 23]","['elu', 'tanh', 'tanh', 'elu', 'sigmoid', 'tanh']",f0f9f90006f9,100,Adam,MaxAbsoluteDeviation,0.9219964742660522,0.635143518447876,1.4516384999733418
"[23, 23, 23, 23, 8, 23]","['elu', 'tanh', 'swish', 'elu', 'sigmoid', 'tanh']",f0f9f8f006f9,100,Adam,MaxAbsoluteDeviation,0.9219964742660522,1.1794166564941406,1.4510830000508577
"[23, 23, 23, 8, 8, 23]","['tanh', 'tanh', 'tanh', 'elu', 'sigmoid', 'tanh']",f9f9f90006f9,100,Adam,MaxAbsoluteDeviation,0.8966991305351257,1.0654354095458984,1.438130799913779
"[8, 23, 23, 8, 8, 23]","['tanh', 'tanh', 'tanh', 'elu', 'sigmoid', 'tanh']",09f9f90006f9,100,Adam,MaxAbsoluteDeviation,0.49457138776779175,0.348398357629776,1.4111639000475407
"[8, 8, 23, 8, 8, 23]","['tanh', 'tanh', 'tanh', 'elu', 'sigmoid', 'tanh']",0909f90006f9,100,Adam,MaxAbsoluteDeviation,0.4497656226158142,0.3695899248123169,1.4054515999741852
"[8, 8, 23, 23, 8, 23]","['tanh', 'tanh', 'tanh', 'elu', 'sigmoid', 'tanh']",0909f9f006f9,100,Adam,MaxAbsoluteDeviation,0.5674318671226501,0.5475472807884216,1.4063394999830052
"[8, 8, 23, 23, 8, 23]","['tanh', 'tanh', 'tanh', 'elu', 'sigmoid', 'tanh']",0909f9f006f9,100,Adam,MaxAbsoluteDeviation,0.5674318671226501,0.9476053714752197,1.4159213000675663
"[8, 8, 23, 23, 8]","['tanh', 'tanh', 'tanh', 'elu', 'sigmoid']",0909f9f006,100,Adam,MaxAbsoluteDeviation,0.5674318671226501,7.366067886352539,1.2763633000431582
"[8, 8, 23, 23, 8, 23]","['tanh', 'tanh', 'tanh', 'elu', 'sigmoid', 'tanh']",0909f9f006f9,100,Adam,MaxAbsoluteDeviation,0.48306214809417725,0.3392810523509979,1.3954877000069246
"[8, 8, 23, 23, 8]","['tanh', 'tanh', 'tanh', 'elu', 'sigmoid']",0909f9f006,100,Adam,MaxAbsoluteDeviation,0.48306214809417725,6.649003505706787,1.268648299970664
"[8, 8, 23, 23, 8, 23]","['tanh', 'tanh', 'tanh', 'elu', 'sigmoid', 'tanh']",0909f9f006f9,100,Adam,MaxAbsoluteDeviation,0.8995624780654907,0.754486620426178,1.4008367999922484
"[8, 8, 23, 23, 8, 23]","['tanh', 'tanh', 'tanh', 'elu', 'sigmoid', 'tanh']",0909f9f006f9,100,Adam,MaxAbsoluteDeviation,1.1274510622024536,0.9301186203956604,1.4043924999423325
"[23, 8, 23, 23, 8]","['tanh', 'tanh', 'tanh', 'elu', 'sigmoid']",f909f9f006,100,Adam,MaxAbsoluteDeviation,1.1274510622024536,1.9489513635635376,1.2525279000401497
"[8, 8, 23, 23, 8, 23]","['tanh', 'tanh', 'tanh', 'elu', 'sigmoid', 'tanh']",0909f9f006f9,700,Adam,MaxAbsoluteDeviation,0.4862814247608185,0.3722487986087799,6.340321999974549
"[8, 8, 23, 23, 8, 23, 15]","['tanh', 'tanh', 'tanh', 'elu', 'sigmoid', 'tanh', 'tanh']",0909f9f006f979,700,Adam,MaxAbsoluteDeviation,0.5293552279472351,0.34825557470321655,6.997921000001952
"[8, 8, 23, 23, 8, 23, 15]","['tanh', 'tanh', 'tanh', 'elu', 'sigmoid', 'tanh', 'tanh']",0909f9f006f979,700,Adam,MaxAbsoluteDeviation,0.45316213369369507,0.4181390106678009,7.040010900003836
"[8, 8, 23, 23, 8, 23, 15]","['tanh', 'tanh', 'tanh', 'elu', 'sigmoid', 'tanh', 'swish']",0909f9f006f978,700,Adam,MaxAbsoluteDeviation,0.45316213369369507,0.2819828987121582,7.108568699914031
"[8, 8, 23, 23, 8, 23, 8]","['tanh', 'tanh', 'tanh', 'elu', 'sigmoid', 'tanh', 'tanh']",0909f9f006f909,700,Adam,MaxAbsoluteDeviation,0.3496532738208771,0.35504207015037537,6.8861762000015005
"[8, 8, 23, 23, 8, 23]","['tanh', 'tanh', 'tanh', 'elu', 'sigmoid', 'tanh']",0909f9f006f9,700,Adam,MaxAbsoluteDeviation,0.4561206102371216,0.5382609367370605,6.2538069000002
"[8, 8, 23, 23, 8, 23]","['tanh', 'tanh', 'swish', 'elu', 'sigmoid', 'tanh']",0909f8f006f9,700,Adam,MaxAbsoluteDeviation,0.4561206102371216,0.361039400100708,6.322238399996422
"[8, 8, 23, 23, 8, 23]","['tanh', 'tanh', 'tanh', 'elu', 'sigmoid', 'tanh']",0909f9f006f9,700,Adam,MaxAbsoluteDeviation,0.2993432581424713,0.16261205077171326,6.202721200068481
"[8, 8, 23, 23, 8, 23]","['tanh', 'tanh', 'tanh', 'elu', 'sigmoid', 'tanh']",0909f9f006f9,700,Adam,MaxAbsoluteDeviation,0.5353561639785767,0.5180838704109192,6.20657330006361
"[8, 8, 23, 23, 8]","['tanh', 'tanh', 'tanh', 'elu', 'sigmoid']",0909f9f006,700,Adam,MaxAbsoluteDeviation,0.5854247212409973,0.26807308197021484,5.613354800036177
"[8, 8, 23, 23, 8]","['tanh', 'sigmoid', 'tanh', 'elu', 'sigmoid']",0906f9f006,700,Adam,MaxAbsoluteDeviation,0.3260743319988251,0.2381071001291275,5.628856899915263
"[8, 8, 23, 23, 8]","['swish', 'sigmoid', 'tanh', 'elu', 'sigmoid']",0806f9f006,700,Adam,MaxAbsoluteDeviation,0.37215304374694824,0.3275861144065857,5.743799100047909
"[8, 8, 8, 23]","['swish', 'sigmoid', 'tanh', 'elu']",080609f0,583,Adam,MaxAbsoluteDeviation,0.40271231532096863,0.23989082872867584,4.220817600027658
"[8, 23, 8, 23]","['swish', 'sigmoid', 'tanh', 'elu']",08f609f0,583,Adam,MaxAbsoluteDeviation,0.40271231532096863,0.09883105009794235,4.383874099934474
"[8, 8, 8, 23, 23]","['swish', 'sigmoid', 'tanh', 'elu', 'sigmoid']",080609f0f6,583,Adam,MaxAbsoluteDeviation,0.36733877658843994,0.1867828220129013,4.699713099980727
"[8, 8, 8, 23]","['swish', 'sigmoid', 'tanh', 'elu']",080609f0,583,Adam,MaxAbsoluteDeviation,0.3365786671638489,0.11337847262620926,4.2445734000066295
"[8, 8, 8]","['swish', 'sigmoid', 'tanh']",080609,583,Adam,MaxAbsoluteDeviation,0.1283591389656067,0.10522651672363281,3.6461446000030264
"[8, 8, 8]","['swish', 'sigmoid', 'tanh']",080609,700,Adam,MaxAbsoluteDeviation,0.17168278992176056,0.25261765718460083,4.373545499984175
"[8, 8]","['swish', 'sigmoid']",0806,700,Adam,MaxAbsoluteDeviation,0.11858286708593369,0.07704808562994003,3.708314699935727
"[8, 8]","['swish', 'sigmoid']",0806,100,Adam,MaxAbsoluteDeviation,0.11858286708593369,0.7671664357185364,0.7927103999536484
[8],['swish'],08,115,Adam,MaxAbsoluteDeviation,0.11858286708593369,2.8252346515655518,0.7153397999936715
[8],['swish'],08,700,Adam,MaxAbsoluteDeviation,0.11858286708593369,1.2158088684082031,3.1399578999262303
"[8, 8]","['swish', 'sigmoid']",0806,700,Adam,MaxAbsoluteDeviation,0.0707344338297844,0.03376630321145058,3.6603879000758752
