"[10, 13]","['sigmoid', 'sigmoid']",2656,417,Adam,MaxAbsoluteDeviation,0.9705170392990112,1.017637014389038,1.6349549000151455
"[10, 13, 16]","['sigmoid', 'sigmoid', 'elu']",265680,417,Adam,MaxAbsoluteDeviation,0.998307466506958,1.0181435346603394,1.8983541000052355
"[10, 8, 16]","['sigmoid', 'sigmoid', 'elu']",260680,417,Adam,MaxAbsoluteDeviation,0.947719395160675,1.1444159746170044,1.9489101000363007
"[10, 8, 16, 23]","['sigmoid', 'sigmoid', 'elu', 'elu']",260680f0,700,Adam,MaxAbsoluteDeviation,0.9825083017349243,1.0847060680389404,3.480634600040503
"[10, 8, 23, 23]","['sigmoid', 'sigmoid', 'elu', 'elu']",2606f0f0,700,Adam,MaxAbsoluteDeviation,0.9923121929168701,1.1252858638763428,3.508193499990739
"[10, 8, 23, 23, 13]","['sigmoid', 'sigmoid', 'elu', 'elu', 'elu']",2606f0f050,700,Adam,MaxAbsoluteDeviation,0.9873350262641907,1.0105335712432861,3.695960500044748
"[10, 8, 23, 23, 13]","['sigmoid', 'sigmoid', 'elu', 'swish', 'elu']",2606f0f850,590,Adam,MaxAbsoluteDeviation,0.9651198387145996,1.104858160018921,3.292178000032436
"[10, 8, 10, 23, 13]","['sigmoid', 'sigmoid', 'elu', 'swish', 'elu']",260620f850,590,Adam,MaxAbsoluteDeviation,1.0369467735290527,1.0943899154663086,3.184612200013362
"[10, 8, 10, 23, 13]","['sigmoid', 'sigmoid', 'elu', 'swish', 'elu']",260620f850,700,Adam,MaxAbsoluteDeviation,0.7535256743431091,0.6886144280433655,3.771450600004755
"[10, 8, 10, 23, 13]","['sigmoid', 'sigmoid', 'elu', 'swish', 'sigmoid']",260620f850,700,Adam,MaxAbsoluteDeviation,0.7535256743431091,1.066737413406372,3.7541052000015043
"[10, 8, 10, 23]","['sigmoid', 'sigmoid', 'elu', 'swish']",260620f8,700,Adam,MaxAbsoluteDeviation,0.8011210560798645,0.8004273772239685,3.4474832999985665
"[10, 8, 10, 23, 21]","['sigmoid', 'sigmoid', 'elu', 'swish', 'elu']",260620f8d0,700,Adam,MaxAbsoluteDeviation,0.9743908047676086,1.0630087852478027,3.740485600021202
"[10, 8, 10, 23, 21]","['sigmoid', 'sigmoid', 'elu', 'swish', 'elu']",260620f8d0,700,Adam,MaxAbsoluteDeviation,0.9891940355300903,1.0242373943328857,3.6975161000154912
"[10, 8, 10, 8, 21]","['sigmoid', 'sigmoid', 'elu', 'swish', 'elu']",26062008d0,700,Adam,MaxAbsoluteDeviation,0.9886316061019897,1.0950595140457153,3.673095000034664
"[10, 8, 10, 8, 21]","['sigmoid', 'sigmoid', 'elu', 'swish', 'elu']",26062008d0,661,Adam,MaxAbsoluteDeviation,0.9545685052871704,1.11466646194458,3.530074800015427
"[10, 8, 10, 8, 23]","['sigmoid', 'sigmoid', 'elu', 'swish', 'elu']",26062008d0,661,Adam,MaxAbsoluteDeviation,0.9545685052871704,1.1396188735961914,3.486414599989075
"[10, 8, 10, 23, 21]","['sigmoid', 'sigmoid', 'elu', 'swish', 'elu']",260620f8d0,661,Adam,MaxAbsoluteDeviation,1.0229766368865967,1.1272999048233032,3.524758500047028
"[10, 8, 10, 23, 21, 17]","['sigmoid', 'sigmoid', 'elu', 'swish', 'elu', 'swish']",260620f8d098,661,Adam,MaxAbsoluteDeviation,0.6532542705535889,0.6812258958816528,3.7551200999878347
"[10, 8, 10, 23, 21, 17]","['sigmoid', 'sigmoid', 'elu', 'swish', 'elu', 'swish']",260620f8d098,661,Adam,MaxAbsoluteDeviation,0.6532542705535889,1.0092980861663818,4.028203200025018
"[10, 8, 10, 23, 21, 17]","['sigmoid', 'sigmoid', 'elu', 'swish', 'elu', 'swish']",260620f8d098,700,Adam,MaxAbsoluteDeviation,0.6944729685783386,0.76348477602005,4.012493900023401
"[10, 8, 10, 23, 21, 17, 16]","['sigmoid', 'sigmoid', 'elu', 'swish', 'elu', 'swish', 'sigmoid']",260620f8d09886,194,Adam,MaxAbsoluteDeviation,0.9933120608329773,1.0826103687286377,1.612782399985008
"[10, 8, 8, 23, 21, 17]","['sigmoid', 'sigmoid', 'elu', 'swish', 'elu', 'swish']",260600f8d098,194,Adam,MaxAbsoluteDeviation,1.199845314025879,1.128188133239746,17.59436220000498
"[10, 8, 8, 23, 21, 23]","['sigmoid', 'sigmoid', 'elu', 'swish', 'elu', 'swish']",260600f8d0f8,194,Adam,MaxAbsoluteDeviation,0.9856600761413574,0.9993258714675903,2.802518800017424
"[8, 8, 8, 23, 21, 23]","['sigmoid', 'sigmoid', 'elu', 'swish', 'elu', 'swish']",060600f8d0f8,194,Adam,MaxAbsoluteDeviation,1.0057766437530518,1.1249375343322754,2.794114999996964
"[8, 23, 8, 23, 21, 23]","['sigmoid', 'sigmoid', 'elu', 'swish', 'elu', 'swish']",06f600f8d0f8,194,Adam,MaxAbsoluteDeviation,1.0223668813705444,1.0664291381835938,2.8017474999651313
"[8, 23, 8, 23, 21, 23]","['sigmoid', 'sigmoid', 'elu', 'swish', 'elu', 'swish']",06f600f8d0f8,150,Adam,MaxAbsoluteDeviation,1.0945305824279785,1.0167274475097656,2.32237469998654
"[8, 23, 8, 23, 21, 23, 20]","['sigmoid', 'sigmoid', 'elu', 'swish', 'elu', 'swish', 'sigmoid']",06f600f8d0f8c6,150,Adam,MaxAbsoluteDeviation,0.9627439975738525,1.0727636814117432,2.5881269999663346
"[8, 23, 8, 23, 21, 23, 20, 18]","['sigmoid', 'sigmoid', 'elu', 'swish', 'elu', 'swish', 'sigmoid', 'swish']",06f600f8d0f8c6a8,150,Adam,MaxAbsoluteDeviation,1.1130659580230713,1.24404776096344,2.901221300009638
"[8, 23, 8, 23, 21, 23, 20, 18, 21]","['sigmoid', 'sigmoid', 'elu', 'swish', 'elu', 'swish', 'sigmoid', 'swish', 'elu']",06f600f8d0f8c6a8d0,150,Adam,MaxAbsoluteDeviation,1.059320092201233,1.053840160369873,3.1747105000540614
"[8, 23, 8, 23, 21, 23, 20, 18, 21]","['sigmoid', 'sigmoid', 'elu', 'swish', 'elu', 'swish', 'sigmoid', 'swish', 'elu']",06f600f8d0f8c6a8d0,700,Adam,MaxAbsoluteDeviation,1.139569878578186,1.0548878908157349,11.72780639998382
"[8, 23, 8, 23, 21, 23, 20, 18, 21, 9, 23]","['sigmoid', 'sigmoid', 'elu', 'swish', 'elu', 'swish', 'sigmoid', 'swish', 'elu', 'elu', 'sigmoid']",06f600f8d0f8c6a8d010f6,700,Adam,MaxAbsoluteDeviation,0.9579737782478333,1.0790073871612549,13.584530899999663
"[8, 23, 8, 23, 21, 23, 20, 18, 21, 9, 23]","['sigmoid', 'sigmoid', 'elu', 'swish', 'elu', 'swish', 'sigmoid', 'swish', 'elu', 'elu', 'sigmoid']",06f600f8d0f8c6a8d010f6,100,Adam,MaxAbsoluteDeviation,0.9968348741531372,1.127769947052002,2.9065217000315897
"[8, 23, 8, 23, 21, 23, 20, 18, 21, 9, 23, 16]","['sigmoid', 'sigmoid', 'elu', 'swish', 'elu', 'swish', 'sigmoid', 'swish', 'elu', 'elu', 'sigmoid', 'sigmoid']",06f600f8d0f8c6a8d010f686,100,Adam,MaxAbsoluteDeviation,0.994244396686554,1.0284485816955566,3.1677379999891855
"[8, 8, 8, 23, 21, 23, 20, 18, 21, 9, 23, 16]","['sigmoid', 'sigmoid', 'elu', 'swish', 'elu', 'swish', 'sigmoid', 'swish', 'elu', 'elu', 'sigmoid', 'sigmoid']",060600f8d0f8c6a8d010f686,100,Adam,MaxAbsoluteDeviation,0.9683346748352051,1.0274956226348877,3.187230199982878
"[8, 8, 8, 23, 21, 23, 20, 18, 21, 9, 23, 16]","['sigmoid', 'sigmoid', 'elu', 'swish', 'elu', 'swish', 'sigmoid', 'swish', 'elu', 'elu', 'sigmoid', 'sigmoid']",060600f8d0f8c6a8d010f686,100,Adam,MaxAbsoluteDeviation,0.972871720790863,1.0524879693984985,3.1994749999721535
"[8, 8, 8, 23, 21, 23, 20, 18, 21, 9, 23, 16]","['sigmoid', 'sigmoid', 'elu', 'swish', 'elu', 'swish', 'sigmoid', 'swish', 'elu', 'elu', 'sigmoid', 'sigmoid']",060600f8d0f8c6a8d010f686,700,Adam,MaxAbsoluteDeviation,0.9603075981140137,1.0755882263183594,15.163581600005273
"[8, 8, 8, 23, 21, 23, 20, 18, 21, 9, 23, 16, 18]","['sigmoid', 'sigmoid', 'elu', 'swish', 'elu', 'swish', 'sigmoid', 'swish', 'elu', 'elu', 'sigmoid', 'sigmoid', 'sigmoid']",060600f8d0f8c6a8d010f686a6,700,Adam,MaxAbsoluteDeviation,0.9806370735168457,1.0535194873809814,15.971446499985177
"[8, 8, 8, 23, 21, 23, 20, 18, 21, 9, 23, 16, 18, 21]","['sigmoid', 'sigmoid', 'elu', 'swish', 'elu', 'swish', 'sigmoid', 'swish', 'elu', 'elu', 'sigmoid', 'sigmoid', 'sigmoid', 'swish']",060600f8d0f8c6a8d010f686a6d8,700,Adam,MaxAbsoluteDeviation,0.9734164476394653,1.0379676818847656,16.814768800046295
"[8, 8, 8, 23, 21, 23, 20, 18, 21, 9, 23, 16, 18, 21]","['sigmoid', 'sigmoid', 'elu', 'swish', 'elu', 'swish', 'sigmoid', 'swish', 'elu', 'elu', 'sigmoid', 'sigmoid', 'sigmoid', 'swish']",060600f8d0f8c6a8d010f686a6d8,700,Adam,MaxAbsoluteDeviation,0.9966872930526733,1.0078861713409424,16.84483369998634
"[8, 8, 8, 23, 21, 23, 20, 18, 21, 9, 23, 16, 18, 21, 21]","['sigmoid', 'sigmoid', 'elu', 'swish', 'elu', 'swish', 'sigmoid', 'swish', 'elu', 'elu', 'sigmoid', 'sigmoid', 'sigmoid', 'swish', 'tanh']",060600f8d0f8c6a8d010f686a6d8d9,700,Adam,MaxAbsoluteDeviation,0.9766131639480591,1.0346479415893555,17.7135896999971
"[8, 8, 8, 23, 21, 23, 20, 18, 21, 9, 23, 16, 18, 21, 21]","['sigmoid', 'sigmoid', 'elu', 'swish', 'tanh', 'swish', 'sigmoid', 'swish', 'elu', 'elu', 'sigmoid', 'sigmoid', 'sigmoid', 'swish', 'tanh']",060600f8d9f8c6a8d010f686a6d8d9,700,Adam,MaxAbsoluteDeviation,1.030960202217102,1.0635734796524048,17.967529200017452
"[8, 8, 8, 23, 21, 23, 20, 18, 21, 9, 23, 16, 18, 21, 21]","['sigmoid', 'sigmoid', 'elu', 'swish', 'tanh', 'swish', 'sigmoid', 'swish', 'elu', 'elu', 'sigmoid', 'sigmoid', 'sigmoid', 'swish', 'tanh']",060600f8d9f8c6a8d010f686a6d8d9,700,Adam,MaxAbsoluteDeviation,1.0006709098815918,1.03929603099823,17.56983760005096
"[8, 8, 8, 23, 21, 23, 20, 18, 21, 9, 23, 16, 23, 21, 21]","['sigmoid', 'sigmoid', 'elu', 'swish', 'tanh', 'swish', 'sigmoid', 'swish', 'elu', 'elu', 'sigmoid', 'sigmoid', 'sigmoid', 'swish', 'tanh']",060600f8d9f8c6a8d010f686f6d8d9,510,Adam,MaxAbsoluteDeviation,0.9903344511985779,1.0880687236785889,13.26963330002036
"[8, 8, 8, 23, 21, 23, 20, 18, 21, 9, 23, 16, 23, 21, 21]","['sigmoid', 'sigmoid', 'elu', 'swish', 'tanh', 'swish', 'sigmoid', 'swish', 'elu', 'swish', 'sigmoid', 'sigmoid', 'sigmoid', 'swish', 'tanh']",060600f8d9f8c6a8d018f686f6d8d9,510,Adam,MaxAbsoluteDeviation,0.9933760166168213,1.137573480606079,13.159901999984868
"[8, 8, 8, 23, 21, 23, 20, 18, 21, 9, 23, 16, 23, 21, 21, 10]","['sigmoid', 'sigmoid', 'elu', 'swish', 'tanh', 'swish', 'sigmoid', 'swish', 'elu', 'swish', 'sigmoid', 'sigmoid', 'sigmoid', 'swish', 'sigmoid', 'sigmoid']",060600f8d9f8c6a8d018f686f6d8d626,510,Adam,MaxAbsoluteDeviation,0.975128173828125,1.051422119140625,13.872163799998816
"[8, 8, 8, 23, 21, 23, 8, 18, 21, 9, 23, 16, 23, 21, 21]","['sigmoid', 'sigmoid', 'elu', 'swish', 'tanh', 'swish', 'sigmoid', 'swish', 'elu', 'swish', 'sigmoid', 'sigmoid', 'sigmoid', 'swish', 'sigmoid']",060600f8d9f806a8d018f686f6d8d6,100,Adam,MaxAbsoluteDeviation,0.9939394593238831,1.0050235986709595,3.7622969999792986
"[8, 8, 8, 23, 21, 23, 8, 18, 21, 9, 23, 16, 8, 21, 21]","['sigmoid', 'sigmoid', 'elu', 'swish', 'tanh', 'swish', 'sigmoid', 'swish', 'elu', 'swish', 'sigmoid', 'sigmoid', 'sigmoid', 'swish', 'sigmoid']",060600f8d9f806a8d018f68606d8d6,100,Adam,MaxAbsoluteDeviation,1.0089361667633057,1.0515320301055908,3.75393389997771
"[8, 8, 8, 23, 21, 23, 8, 18, 21, 9, 23, 16, 8, 21]","['sigmoid', 'sigmoid', 'elu', 'swish', 'tanh', 'swish', 'sigmoid', 'swish', 'elu', 'swish', 'sigmoid', 'sigmoid', 'sigmoid', 'swish']",060600f8d9f806a8d018f68606d8,100,Adam,MaxAbsoluteDeviation,0.9893307685852051,1.0769672393798828,3.546655199956149
"[8, 8, 8, 23, 21, 23, 8, 23, 21, 9, 23, 16, 8, 21]","['sigmoid', 'sigmoid', 'elu', 'swish', 'tanh', 'swish', 'sigmoid', 'swish', 'elu', 'swish', 'sigmoid', 'sigmoid', 'sigmoid', 'swish']",060600f8d9f806f8d018f68606d8,100,Adam,MaxAbsoluteDeviation,0.9664390683174133,1.0931546688079834,3.5419556999695487
"[8, 8, 8, 23, 21, 23, 8, 23, 8, 9, 23, 16, 8, 21]","['sigmoid', 'sigmoid', 'elu', 'swish', 'tanh', 'swish', 'sigmoid', 'swish', 'elu', 'swish', 'sigmoid', 'sigmoid', 'sigmoid', 'swish']",060600f8d9f806f80018f68606d8,100,Adam,MaxAbsoluteDeviation,0.9800272583961487,1.060883641242981,3.5724750999943353
"[8, 8, 8, 23, 21, 23, 8, 23, 8, 9, 23, 16, 8, 21]","['sigmoid', 'sigmoid', 'elu', 'swish', 'tanh', 'swish', 'sigmoid', 'swish', 'elu', 'swish', 'sigmoid', 'sigmoid', 'sigmoid', 'swish']",060600f8d9f806f80018f68606d8,100,Adam,MaxAbsoluteDeviation,1.0075161457061768,1.0961204767227173,3.5598759000422433
"[8, 8, 8, 23, 8, 23, 8, 23, 8, 9, 23, 16, 8, 21]","['sigmoid', 'sigmoid', 'elu', 'swish', 'tanh', 'swish', 'sigmoid', 'swish', 'elu', 'swish', 'sigmoid', 'sigmoid', 'sigmoid', 'swish']",060600f809f806f80018f68606d8,700,Adam,MaxAbsoluteDeviation,0.9686657786369324,1.0321149826049805,16.582312699989416
"[8, 8, 8, 23, 8, 23, 8, 23, 8, 9, 23, 16, 8, 21]","['sigmoid', 'sigmoid', 'elu', 'swish', 'tanh', 'swish', 'sigmoid', 'swish', 'elu', 'swish', 'sigmoid', 'sigmoid', 'sigmoid', 'swish']",060600f809f806f80018f68606d8,700,Adam,MaxAbsoluteDeviation,0.967215895652771,1.0783225297927856,16.799055800016504
"[8, 8, 8, 23, 8, 8, 8, 23, 8, 9, 23, 16, 8, 21]","['sigmoid', 'sigmoid', 'elu', 'swish', 'tanh', 'swish', 'sigmoid', 'swish', 'elu', 'swish', 'sigmoid', 'sigmoid', 'sigmoid', 'swish']",060600f8090806f80018f68606d8,700,Adam,MaxAbsoluteDeviation,0.9713879227638245,1.0342791080474854,16.630103399977088
"[8, 8, 8, 23, 8, 8, 8, 23, 8, 9, 23, 16, 8, 21, 8, 10]","['sigmoid', 'sigmoid', 'elu', 'swish', 'tanh', 'swish', 'sigmoid', 'swish', 'elu', 'swish', 'sigmoid', 'sigmoid', 'sigmoid', 'swish', 'tanh', 'sigmoid']",060600f8090806f80018f68606d80926,430,Adam,MaxAbsoluteDeviation,0.9573367238044739,1.0519585609436035,11.837619199999608
"[8, 8, 8, 23, 8, 8, 8, 23, 8, 9, 23, 16, 8, 21, 8, 10]","['sigmoid', 'sigmoid', 'elu', 'swish', 'tanh', 'swish', 'sigmoid', 'swish', 'elu', 'swish', 'sigmoid', 'sigmoid', 'sigmoid', 'swish', 'tanh', 'sigmoid']",060600f8090806f80018f68606d80926,700,Adam,MaxAbsoluteDeviation,0.9588955044746399,1.059626817703247,18.545944200013764
"[8, 8, 8, 23, 8, 8, 8, 23, 23, 9, 23, 16, 8, 21, 8, 10]","['sigmoid', 'sigmoid', 'elu', 'swish', 'tanh', 'swish', 'sigmoid', 'swish', 'elu', 'swish', 'sigmoid', 'sigmoid', 'sigmoid', 'swish', 'tanh', 'sigmoid']",060600f8090806f8f018f68606d80926,700,Adam,MaxAbsoluteDeviation,0.9930825233459473,1.016046166419983,18.434257799992338
"[8, 8, 8, 23, 8, 8, 8, 23, 23, 9, 23, 16, 8, 21, 8, 10]","['sigmoid', 'sigmoid', 'elu', 'swish', 'tanh', 'swish', 'sigmoid', 'swish', 'elu', 'swish', 'sigmoid', 'sigmoid', 'sigmoid', 'swish', 'tanh', 'sigmoid']",060600f8090806f8f018f68606d80926,700,Adam,MaxAbsoluteDeviation,0.9549158215522766,1.0876529216766357,18.858798799978103
"[8, 8, 8, 23, 8, 8, 8, 23, 23, 9, 23, 16, 8, 21, 8, 10]","['tanh', 'sigmoid', 'elu', 'swish', 'tanh', 'swish', 'sigmoid', 'swish', 'elu', 'swish', 'sigmoid', 'sigmoid', 'sigmoid', 'swish', 'tanh', 'sigmoid']",090600f8090806f8f018f68606d80926,700,Adam,MaxAbsoluteDeviation,0.9720157384872437,1.0614256858825684,19.029505599988624
"[8, 8, 8, 23, 23, 8, 8, 23, 8, 9, 23, 16, 8, 21, 8]","['tanh', 'sigmoid', 'elu', 'swish', 'tanh', 'swish', 'sigmoid', 'swish', 'elu', 'swish', 'sigmoid', 'sigmoid', 'sigmoid', 'swish', 'tanh']",090600f8f90806f80018f68606d809,700,Adam,MaxAbsoluteDeviation,0.974287211894989,1.0297415256500244,17.49096909997752
"[8, 8, 8, 23, 23, 8, 8, 23, 8, 9, 23, 16, 8, 23, 8]","['tanh', 'sigmoid', 'elu', 'swish', 'tanh', 'swish', 'sigmoid', 'swish', 'elu', 'swish', 'sigmoid', 'sigmoid', 'sigmoid', 'swish', 'tanh']",090600f8f90806f80018f68606f809,700,Adam,MaxAbsoluteDeviation,0.9627799391746521,1.0615384578704834,17.467510899994522
"[8, 8, 8, 23, 23, 8, 8, 23, 8, 9, 23, 16, 8, 8, 8]","['tanh', 'sigmoid', 'elu', 'swish', 'tanh', 'swish', 'sigmoid', 'swish', 'elu', 'swish', 'sigmoid', 'sigmoid', 'sigmoid', 'swish', 'tanh']",090600f8f90806f80018f686060809,700,Adam,MaxAbsoluteDeviation,0.9704357981681824,1.0352213382720947,17.455182800011244
"[8, 8, 8, 23, 23, 8, 8, 23, 8, 9, 23, 16, 8, 8]","['tanh', 'sigmoid', 'elu', 'swish', 'tanh', 'swish', 'sigmoid', 'swish', 'elu', 'swish', 'sigmoid', 'sigmoid', 'sigmoid', 'swish']",090600f8f90806f80018f6860608,700,Adam,MaxAbsoluteDeviation,0.962080180644989,1.043845534324646,16.489089200040326
"[8, 8, 8, 23, 23, 8, 8, 23, 8, 9, 23, 16, 8]","['tanh', 'sigmoid', 'elu', 'swish', 'tanh', 'swish', 'sigmoid', 'swish', 'elu', 'swish', 'sigmoid', 'sigmoid', 'sigmoid']",090600f8f90806f80018f68606,700,Adam,MaxAbsoluteDeviation,0.958815336227417,1.0857099294662476,15.631576400017366
"[8, 8, 8, 23, 23, 8, 8, 23, 8, 9, 23, 16, 8]","['tanh', 'sigmoid', 'elu', 'swish', 'elu', 'swish', 'sigmoid', 'swish', 'elu', 'swish', 'sigmoid', 'sigmoid', 'sigmoid']",090600f8f00806f80018f68606,700,Adam,MaxAbsoluteDeviation,0.9591166973114014,1.068083643913269,15.365474199992605
"[8, 8, 8, 23, 23, 8, 8, 23, 8, 9, 23, 16, 8]","['tanh', 'sigmoid', 'elu', 'swish', 'elu', 'swish', 'sigmoid', 'swish', 'elu', 'swish', 'sigmoid', 'sigmoid', 'sigmoid']",090600f8f00806f80018f68606,222,Adam,MaxAbsoluteDeviation,0.9780303835868835,0.9999613761901855,5.698828599997796
"[8, 8, 8, 23, 23, 8, 8, 23, 8, 9, 23, 16, 8]","['tanh', 'sigmoid', 'elu', 'swish', 'elu', 'swish', 'sigmoid', 'swish', 'elu', 'swish', 'sigmoid', 'sigmoid', 'sigmoid']",090600f8f00806f80018f68606,700,Adam,MaxAbsoluteDeviation,0.9676814079284668,1.0288383960723877,15.489039900014177
"[8, 8, 8, 23, 23, 8, 8, 23, 8, 9, 23, 16, 8, 8]","['tanh', 'sigmoid', 'elu', 'swish', 'elu', 'swish', 'sigmoid', 'swish', 'elu', 'swish', 'sigmoid', 'sigmoid', 'sigmoid', 'swish']",090600f8f00806f80018f6860608,700,Adam,MaxAbsoluteDeviation,0.9364542365074158,1.046665906906128,16.4750469000428
"[8, 8, 8, 23, 23, 8, 8, 23, 8, 9, 23, 16, 8, 8]","['tanh', 'sigmoid', 'elu', 'swish', 'elu', 'swish', 'sigmoid', 'swish', 'elu', 'swish', 'sigmoid', 'sigmoid', 'sigmoid', 'swish']",090600f8f00806f80018f6860608,700,Adam,MaxAbsoluteDeviation,0.9675025939941406,1.040420651435852,16.044129799993243
"[8, 8, 8, 23, 23, 8, 8, 23, 8, 9, 23, 16, 8, 8]","['tanh', 'sigmoid', 'elu', 'swish', 'elu', 'swish', 'sigmoid', 'swish', 'elu', 'swish', 'sigmoid', 'sigmoid', 'sigmoid', 'swish']",090600f8f00806f80018f6860608,700,Adam,MaxAbsoluteDeviation,0.9536793231964111,1.0778167247772217,16.954554299998563
"[8, 8, 8, 23, 23, 8, 8, 23, 8, 9, 23, 16, 8]","['tanh', 'sigmoid', 'elu', 'swish', 'elu', 'swish', 'sigmoid', 'swish', 'elu', 'swish', 'sigmoid', 'sigmoid', 'sigmoid']",090600f8f00806f80018f6860608,700,Adam,MaxAbsoluteDeviation,0.9536793231964111,1.066383719444275,15.441484500013757
"[8, 8, 8, 23, 23, 8, 8, 23, 8, 9, 23, 16, 8, 8]","['tanh', 'sigmoid', 'elu', 'swish', 'elu', 'swish', 'sigmoid', 'swish', 'elu', 'swish', 'sigmoid', 'sigmoid', 'sigmoid', 'swish']",090600f8f00806f80018f6860608,700,Adam,MaxAbsoluteDeviation,0.9753575921058655,1.0623681545257568,16.405194999999367
"[8, 8, 8, 23, 23, 8, 8, 23, 8, 9, 23, 16, 8, 8]","['tanh', 'sigmoid', 'elu', 'swish', 'elu', 'swish', 'sigmoid', 'swish', 'elu', 'swish', 'sigmoid', 'sigmoid', 'sigmoid', 'swish']",090600f8f00806f80018f6860608,700,Adam,MaxAbsoluteDeviation,0.9813400506973267,1.0978312492370605,16.304769200040027
"[8, 8, 8, 23, 23, 8, 8, 23, 8, 9, 23, 16, 8]","['tanh', 'sigmoid', 'elu', 'swish', 'elu', 'swish', 'sigmoid', 'swish', 'elu', 'swish', 'sigmoid', 'sigmoid', 'sigmoid']",090600f8f00806f80018f68606,700,Adam,MaxAbsoluteDeviation,0.9778319597244263,1.0886585712432861,15.646347100031562
"[8, 8, 8, 23, 23, 8, 8, 23, 8, 9, 23, 16, 8]","['tanh', 'sigmoid', 'elu', 'swish', 'elu', 'swish', 'sigmoid', 'swish', 'elu', 'swish', 'sigmoid', 'sigmoid', 'sigmoid']",090600f8f00806f80018f68606,700,Adam,MaxAbsoluteDeviation,0.969104528427124,1.0246437788009644,15.650729399989359
"[8, 8, 8, 23, 23, 8, 8, 23, 8, 9, 23, 16, 8]","['tanh', 'sigmoid', 'elu', 'elu', 'elu', 'swish', 'sigmoid', 'swish', 'elu', 'swish', 'sigmoid', 'sigmoid', 'sigmoid']",090600f0f00806f80018f68606,700,Adam,MaxAbsoluteDeviation,0.9655142426490784,1.0404975414276123,15.284169399994425
"[8, 8, 8, 23, 23, 8, 8, 23, 8, 9, 23, 16, 8]","['tanh', 'sigmoid', 'elu', 'elu', 'elu', 'swish', 'sigmoid', 'swish', 'elu', 'swish', 'sigmoid', 'sigmoid', 'sigmoid']",090600f0f00806f80018f68606,700,Adam,MaxAbsoluteDeviation,0.9633143544197083,1.0464050769805908,15.549055700015742
"[8, 8, 8, 23, 23, 8, 8, 23, 8, 9, 23, 16]","['tanh', 'sigmoid', 'elu', 'elu', 'elu', 'swish', 'sigmoid', 'swish', 'elu', 'swish', 'sigmoid', 'sigmoid']",090600f0f00806f80018f68606,700,Adam,MaxAbsoluteDeviation,0.9633143544197083,1.0034945011138916,14.58762679999927
"[8, 8, 8, 23, 23, 8, 8, 23, 8, 9, 23, 16, 8]","['tanh', 'tanh', 'elu', 'elu', 'elu', 'swish', 'sigmoid', 'elu', 'elu', 'swish', 'sigmoid', 'sigmoid', 'sigmoid']",090900f0f00806f00018f68606,700,Adam,MaxAbsoluteDeviation,0.9629492163658142,1.0492265224456787,15.494731899991166
"[23, 8, 8, 23, 23, 8, 8, 23, 8, 9, 23, 16, 8]","['tanh', 'tanh', 'elu', 'elu', 'elu', 'swish', 'sigmoid', 'elu', 'elu', 'swish', 'sigmoid', 'sigmoid', 'sigmoid']",f90900f0f00806f00018f68606,700,Adam,MaxAbsoluteDeviation,0.9695404171943665,1.0837182998657227,15.191852000018116
"[23, 8, 8, 23, 23, 8, 8, 23, 8, 9, 23, 16, 8]","['tanh', 'tanh', 'elu', 'elu', 'elu', 'tanh', 'sigmoid', 'elu', 'elu', 'swish', 'sigmoid', 'sigmoid', 'sigmoid']",f90900f0f00906f00018f68606,700,Adam,MaxAbsoluteDeviation,0.9745168089866638,1.0647870302200317,15.511917299998458
"[23, 8, 8, 23, 23, 8, 8, 23, 8, 9, 23, 16, 8]","['tanh', 'tanh', 'elu', 'elu', 'elu', 'sigmoid', 'sigmoid', 'elu', 'elu', 'swish', 'sigmoid', 'sigmoid', 'sigmoid']",f90900f0f00606f00018f68606,100,Adam,MaxAbsoluteDeviation,0.978740394115448,1.0139551162719727,3.246067799977027
"[23, 8, 8, 23, 23, 8, 8, 23, 8, 9, 23, 16]","['tanh', 'tanh', 'elu', 'elu', 'elu', 'sigmoid', 'sigmoid', 'elu', 'elu', 'swish', 'sigmoid', 'sigmoid']",f90900f0f00606f00018f686,100,Adam,MaxAbsoluteDeviation,0.9934370517730713,1.0282280445098877,3.0988246999913827
"[23, 8, 8, 23, 23, 8, 8, 23, 8, 9, 23, 16]","['tanh', 'tanh', 'elu', 'elu', 'elu', 'sigmoid', 'sigmoid', 'elu', 'elu', 'swish', 'elu', 'sigmoid']",f90900f0f00606f00018f086,100,Adam,MaxAbsoluteDeviation,0.9406344890594482,1.1164954900741577,3.0677109999815
"[23, 23, 8, 23, 23, 8, 8, 23, 8, 9, 23, 16]","['tanh', 'tanh', 'elu', 'elu', 'elu', 'sigmoid', 'tanh', 'elu', 'elu', 'swish', 'elu', 'sigmoid']",f9f900f0f00609f00018f086,100,Adam,MaxAbsoluteDeviation,0.9737575054168701,1.0361442565917969,2.966227800003253
"[23, 23, 8, 23, 23, 8, 8, 23, 8, 9, 23, 16, 10]","['tanh', 'tanh', 'elu', 'elu', 'elu', 'sigmoid', 'tanh', 'elu', 'elu', 'swish', 'elu', 'sigmoid', 'tanh']",f9f900f0f00609f00018f08629,100,Adam,MaxAbsoluteDeviation,1.0721968412399292,1.2246453762054443,3.2553978000069037
"[23, 23, 8, 23, 23, 8, 8, 23, 23, 8, 23, 16, 10]","['tanh', 'tanh', 'elu', 'elu', 'elu', 'sigmoid', 'tanh', 'elu', 'elu', 'swish', 'elu', 'sigmoid', 'tanh']",f9f900f0f00609f0f008f08629,100,Adam,MaxAbsoluteDeviation,1.04401433467865,1.0381731986999512,3.273472099972423
"[23, 23, 8, 23, 23, 8, 8, 23, 23, 8, 23, 8, 10]","['tanh', 'tanh', 'elu', 'elu', 'elu', 'sigmoid', 'tanh', 'elu', 'elu', 'swish', 'elu', 'sigmoid', 'tanh']",f9f900f0f00609f0f008f00629,100,Adam,MaxAbsoluteDeviation,0.9939621686935425,1.0230698585510254,3.2118780000018887
"[23, 23, 8, 23, 23, 8, 8, 23, 23, 8, 23, 8, 10]","['tanh', 'tanh', 'elu', 'elu', 'swish', 'sigmoid', 'tanh', 'elu', 'elu', 'swish', 'elu', 'sigmoid', 'tanh']",f9f900f0f80609f0f008f00629,700,Adam,MaxAbsoluteDeviation,0.9648710489273071,1.059096336364746,15.53914830001304
"[23, 23, 8, 23, 23, 8, 8, 23, 23, 8, 23, 8]","['tanh', 'tanh', 'elu', 'elu', 'swish', 'sigmoid', 'tanh', 'elu', 'elu', 'swish', 'elu', 'sigmoid']",f9f900f0f80609f0f008f006,700,Adam,MaxAbsoluteDeviation,0.9666202068328857,1.036698341369629,14.538847999996506
"[23, 23, 8, 23, 23, 8, 8, 23, 23, 8, 23, 8]","['tanh', 'tanh', 'elu', 'elu', 'swish', 'sigmoid', 'tanh', 'elu', 'elu', 'swish', 'elu', 'sigmoid']",f9f900f0f80609f0f008f006,700,Adam,MaxAbsoluteDeviation,0.9591726660728455,1.0301923751831055,14.610492400010116
"[23, 23, 8, 23, 23, 8, 8, 23, 23, 8, 23, 8]","['tanh', 'tanh', 'elu', 'elu', 'swish', 'sigmoid', 'tanh', 'elu', 'elu', 'swish', 'elu', 'sigmoid']",f9f900f0f80609f0f008f006,391,Adam,MaxAbsoluteDeviation,0.9859651327133179,1.0158251523971558,8.4904014999629
"[23, 23, 8, 23, 23, 8, 8, 23, 23, 8, 23]","['tanh', 'tanh', 'elu', 'elu', 'swish', 'sigmoid', 'tanh', 'elu', 'elu', 'swish', 'elu']",f9f900f0f80609f0f008f0,391,Adam,MaxAbsoluteDeviation,0.9440610408782959,1.109887719154358,7.676629299996421
"[23, 23, 8, 23, 23, 8, 8, 23, 23, 8]","['tanh', 'tanh', 'elu', 'elu', 'swish', 'sigmoid', 'tanh', 'elu', 'elu', 'swish']",f9f900f0f80609f0f008,391,Adam,MaxAbsoluteDeviation,0.9682806134223938,1.0460129976272583,7.08544759999495
"[23, 23, 8, 23, 23, 8, 8, 23, 23]","['tanh', 'tanh', 'elu', 'elu', 'swish', 'sigmoid', 'tanh', 'elu', 'elu']",f9f900f0f80609f0f0,391,Adam,MaxAbsoluteDeviation,0.9763052463531494,1.1845033168792725,6.530007800029125
"[23, 23, 8, 23, 23, 8, 8, 23, 23, 19]","['tanh', 'tanh', 'elu', 'elu', 'swish', 'sigmoid', 'tanh', 'elu', 'elu', 'elu']",f9f900f0f80609f0f0b0,700,Adam,MaxAbsoluteDeviation,0.9825819134712219,1.0804646015167236,12.11437450000085
"[23, 23, 8, 23, 23, 8, 8, 23, 23]","['tanh', 'tanh', 'elu', 'elu', 'swish', 'sigmoid', 'tanh', 'elu', 'elu']",f9f900f0f80609f0f0,700,Adam,MaxAbsoluteDeviation,0.9922899603843689,1.0033882856369019,11.16791810002178
"[23, 23, 8, 23, 23, 8, 8, 23, 23]","['sigmoid', 'tanh', 'elu', 'elu', 'swish', 'sigmoid', 'tanh', 'elu', 'elu']",f6f900f0f80609f0f0,700,Adam,MaxAbsoluteDeviation,1.068541407585144,1.1375654935836792,11.111401100002695
"[23, 23, 8, 23, 23, 8, 8, 23, 23, 15]","['sigmoid', 'tanh', 'elu', 'elu', 'swish', 'sigmoid', 'tanh', 'elu', 'elu', 'sigmoid']",f6f900f0f80609f0f076,272,Adam,MaxAbsoluteDeviation,0.9648007750511169,1.0410850048065186,5.110519399982877
"[23, 23, 8, 23, 23, 8, 8, 23, 23, 15]","['sigmoid', 'tanh', 'elu', 'elu', 'swish', 'sigmoid', 'tanh', 'elu', 'elu', 'sigmoid']",f6f900f0f80609f0f076,700,Adam,MaxAbsoluteDeviation,0.9549801349639893,1.0183978080749512,11.96978450001916
"[23, 23, 8, 23, 23, 8, 8, 23, 23, 15]","['sigmoid', 'tanh', 'elu', 'elu', 'swish', 'sigmoid', 'tanh', 'elu', 'elu', 'sigmoid']",f6f900f0f80609f0f076,493,Adam,MaxAbsoluteDeviation,0.945484459400177,1.0496699810028076,8.808476199978031
"[23, 23, 8, 23, 23, 8, 8, 23, 23]","['sigmoid', 'tanh', 'elu', 'elu', 'swish', 'sigmoid', 'tanh', 'elu', 'elu']",f6f900f0f80609f0f0,493,Adam,MaxAbsoluteDeviation,1.0626927614212036,1.144195795059204,7.954213000019081
"[8, 23, 8, 23, 23, 8, 8, 23, 23, 20]","['sigmoid', 'tanh', 'elu', 'elu', 'swish', 'sigmoid', 'swish', 'elu', 'tanh', 'sigmoid']",06f900f0f80608f0f9c6,411,Adam,MaxAbsoluteDeviation,1.0320749282836914,1.1117568016052246,7.430849800002761
"[8, 23, 8, 23, 23, 8, 8, 23, 23, 20]","['sigmoid', 'tanh', 'elu', 'tanh', 'swish', 'sigmoid', 'swish', 'elu', 'tanh', 'sigmoid']",06f900f9f80608f0f9c6,411,Adam,MaxAbsoluteDeviation,0.9806175231933594,1.00970458984375,7.3796563000069
"[8, 23, 8, 23, 23, 8, 8, 23, 23, 20]","['sigmoid', 'tanh', 'elu', 'tanh', 'swish', 'sigmoid', 'swish', 'elu', 'tanh', 'sigmoid']",06f900f9f80608f0f9c6,700,Adam,MaxAbsoluteDeviation,0.9621129631996155,1.0713934898376465,12.15057739999611
"[8, 8, 8, 23, 23, 8, 8, 23, 23, 20]","['sigmoid', 'tanh', 'elu', 'tanh', 'swish', 'sigmoid', 'swish', 'elu', 'tanh', 'sigmoid']",060900f9f80608f0f9c6,700,Adam,MaxAbsoluteDeviation,0.9750845432281494,1.0770275592803955,12.026354100031313
"[8, 8, 8, 23, 23, 8, 8, 23, 23, 20, 10]","['sigmoid', 'tanh', 'elu', 'tanh', 'swish', 'sigmoid', 'swish', 'elu', 'tanh', 'sigmoid', 'tanh']",060900f9f80608f0f9c629,700,Adam,MaxAbsoluteDeviation,0.9684028625488281,1.0205600261688232,12.82747640000889
"[8, 8, 8, 23, 23, 8, 8, 23, 23, 20]","['sigmoid', 'tanh', 'elu', 'tanh', 'swish', 'sigmoid', 'swish', 'elu', 'tanh', 'sigmoid']",060900f9f80608f0f9c6,700,Adam,MaxAbsoluteDeviation,0.9632991552352905,1.0532472133636475,12.187535400036722
"[8, 8, 8, 23, 23, 8, 8, 23, 23, 20]","['sigmoid', 'tanh', 'elu', 'tanh', 'swish', 'sigmoid', 'swish', 'elu', 'tanh', 'sigmoid']",060900f9f80608f0f9c6,700,Adam,MaxAbsoluteDeviation,0.9652634263038635,1.017106056213379,12.054831699992064
"[8, 8, 8, 23, 23, 8, 8, 23, 23]","['sigmoid', 'tanh', 'elu', 'tanh', 'swish', 'sigmoid', 'swish', 'elu', 'tanh']",060900f9f80608f0f9,700,Adam,MaxAbsoluteDeviation,0.9439413547515869,1.025423288345337,11.105790200002957
"[8, 8, 8, 23, 23, 8, 8, 23, 23]","['sigmoid', 'tanh', 'elu', 'tanh', 'swish', 'sigmoid', 'swish', 'elu', 'tanh']",060900f9f80608f0f9,700,Adam,MaxAbsoluteDeviation,0.9550462365150452,1.1085442304611206,11.197112899972126
"[8, 8, 8, 23, 23, 8, 8, 23, 23, 12]","['sigmoid', 'tanh', 'elu', 'tanh', 'swish', 'sigmoid', 'swish', 'elu', 'tanh', 'swish']",060900f9f80608f0f948,700,Adam,MaxAbsoluteDeviation,1.1833860874176025,1.0323073863983154,12.05470440001227
"[8, 8, 8, 23, 23, 8, 8, 23, 23, 12]","['sigmoid', 'tanh', 'elu', 'tanh', 'swish', 'sigmoid', 'swish', 'elu', 'tanh', 'elu']",060900f9f80608f0f940,700,Adam,MaxAbsoluteDeviation,0.9668492078781128,1.0883630514144897,12.09678730001906
"[8, 8, 8, 23, 23, 8, 8, 23, 23, 12]","['sigmoid', 'tanh', 'elu', 'tanh', 'swish', 'sigmoid', 'swish', 'elu', 'tanh', 'elu']",060900f9f80608f0f940,700,Adam,MaxAbsoluteDeviation,0.969890296459198,1.057002067565918,11.996277900005225
"[8, 8, 8, 23, 23, 8, 8, 23, 23, 12, 12]","['sigmoid', 'tanh', 'elu', 'tanh', 'swish', 'sigmoid', 'swish', 'elu', 'tanh', 'elu', 'tanh']",060900f9f80608f0f94049,455,Adam,MaxAbsoluteDeviation,1.118632435798645,1.175245761871338,8.613728800031822
"[8, 8, 8, 23, 23, 8, 8, 23, 23, 12, 12, 16]","['sigmoid', 'tanh', 'elu', 'tanh', 'swish', 'sigmoid', 'swish', 'elu', 'tanh', 'elu', 'tanh', 'swish']",060900f9f80608f0f9404988,232,Adam,MaxAbsoluteDeviation,0.9810322523117065,1.395958423614502,5.390666100021917
"[8, 8, 8, 23, 23, 8, 8, 23, 23, 12, 12, 16]","['sigmoid', 'tanh', 'elu', 'tanh', 'swish', 'sigmoid', 'swish', 'elu', 'tanh', 'elu', 'tanh', 'swish']",060900f9f80608f0f9404988,232,Adam,MaxAbsoluteDeviation,0.9952120780944824,1.1787371635437012,5.477829900046345
"[8, 8, 8, 23, 23, 8, 8, 23, 8, 12, 12, 16]","['sigmoid', 'tanh', 'tanh', 'tanh', 'swish', 'sigmoid', 'swish', 'elu', 'tanh', 'elu', 'tanh', 'swish']",060909f9f80608f009404988,232,Adam,MaxAbsoluteDeviation,0.9695950150489807,1.0343351364135742,5.415045700035989
"[8, 8, 8, 23, 23, 8, 8, 23, 8, 12, 12, 16]","['sigmoid', 'tanh', 'tanh', 'tanh', 'swish', 'sigmoid', 'swish', 'elu', 'swish', 'elu', 'tanh', 'swish']",060909f9f80608f008404988,232,Adam,MaxAbsoluteDeviation,1.0769389867782593,1.017298698425293,5.390648200002033
"[8, 8, 8, 23, 23, 8, 8, 23, 8, 12, 12, 16]","['sigmoid', 'tanh', 'tanh', 'tanh', 'tanh', 'sigmoid', 'swish', 'elu', 'swish', 'elu', 'tanh', 'swish']",060909f9f90608f008404988,700,Adam,MaxAbsoluteDeviation,0.9713390469551086,1.0302331447601318,14.270602800010238
"[8, 8, 8, 23, 23, 8, 8, 23, 8, 23]","['sigmoid', 'tanh', 'tanh', 'tanh', 'tanh', 'sigmoid', 'swish', 'elu', 'swish', 'elu']",060909f9f90608f008f0,700,Adam,MaxAbsoluteDeviation,0.9792068004608154,1.2130966186523438,12.103432399977464
"[8, 8, 8, 23, 23, 8, 8, 23, 8, 23]","['sigmoid', 'tanh', 'tanh', 'tanh', 'tanh', 'sigmoid', 'swish', 'elu', 'swish', 'elu']",060909f9f90608f008f0,700,Adam,MaxAbsoluteDeviation,0.9774372577667236,1.0458067655563354,11.920756799983792
"[8, 8, 8, 23, 23, 8, 8, 23, 8, 23]","['sigmoid', 'tanh', 'tanh', 'tanh', 'tanh', 'sigmoid', 'swish', 'elu', 'swish', 'elu']",060909f9f90608f008f0,700,Adam,MaxAbsoluteDeviation,0.969533383846283,1.0829622745513916,12.013147399993613
"[8, 8, 8, 23, 23, 23, 8, 23, 8]","['sigmoid', 'tanh', 'tanh', 'tanh', 'tanh', 'sigmoid', 'swish', 'elu', 'swish']",060909f9f9f608f008,700,Adam,MaxAbsoluteDeviation,0.965668797492981,1.0413715839385986,10.875970399996731
"[8, 8, 8, 23, 23, 23, 8, 23, 8]","['sigmoid', 'tanh', 'tanh', 'tanh', 'tanh', 'sigmoid', 'swish', 'elu', 'swish']",060909f9f9f608f008,100,Adam,MaxAbsoluteDeviation,1.0177077054977417,1.3424838781356812,2.299738999980036
"[8, 8, 8, 23, 23, 23, 8, 23, 8]","['sigmoid', 'tanh', 'tanh', 'tanh', 'tanh', 'sigmoid', 'swish', 'elu', 'tanh']",060909f9f9f608f009,100,Adam,MaxAbsoluteDeviation,0.9635859727859497,1.091760277748108,2.2899609000305645
"[8, 8, 8, 23, 23, 23, 8, 23]","['sigmoid', 'tanh', 'tanh', 'tanh', 'tanh', 'sigmoid', 'swish', 'elu']",060909f9f9f608f0,100,Adam,MaxAbsoluteDeviation,0.981487512588501,1.0791239738464355,2.0855152999865822
"[8, 8, 8, 23, 23, 23, 8, 23]","['sigmoid', 'tanh', 'tanh', 'tanh', 'tanh', 'sigmoid', 'swish', 'elu']",060909f9f9f608f0,700,Adam,MaxAbsoluteDeviation,1.1216298341751099,1.2463130950927734,9.949461100040935
"[8, 8, 8, 23, 23, 23, 8, 23, 12]","['sigmoid', 'tanh', 'tanh', 'tanh', 'tanh', 'sigmoid', 'swish', 'elu', 'sigmoid']",060909f9f9f608f046,700,Adam,MaxAbsoluteDeviation,0.9632465839385986,1.0750172138214111,10.870247900020331
"[8, 23, 8, 23, 23, 23, 8, 23]","['sigmoid', 'tanh', 'tanh', 'tanh', 'tanh', 'sigmoid', 'swish', 'elu']",06f909f9f9f608f0,700,Adam,MaxAbsoluteDeviation,0.9829104542732239,1.1507978439331055,9.87642029998824
"[8, 23, 8, 23, 23, 23, 8, 23, 17]","['sigmoid', 'tanh', 'tanh', 'tanh', 'tanh', 'sigmoid', 'swish', 'elu', 'elu']",06f909f9f9f608f090,700,Adam,MaxAbsoluteDeviation,0.9908381700515747,1.0394320487976074,10.90844129998004
"[23, 23, 8, 23, 23, 23, 8, 23, 17]","['sigmoid', 'tanh', 'tanh', 'tanh', 'tanh', 'sigmoid', 'swish', 'elu', 'elu']",f6f909f9f9f608f090,700,Adam,MaxAbsoluteDeviation,0.9927475452423096,1.1195108890533447,10.978156500030309
"[23, 23, 8, 23, 23, 23, 8, 23, 17]","['sigmoid', 'tanh', 'tanh', 'tanh', 'tanh', 'sigmoid', 'swish', 'elu', 'elu']",f6f909f9f9f608f090,700,Adam,MaxAbsoluteDeviation,0.962550938129425,1.0710246562957764,10.956743200018536
"[8, 23, 8, 23, 23, 23, 8, 23]","['sigmoid', 'tanh', 'tanh', 'tanh', 'tanh', 'sigmoid', 'swish', 'elu']",06f909f9f9f608f0,700,Adam,MaxAbsoluteDeviation,1.0189265012741089,1.0775713920593262,10.046258000016678
"[8, 23, 8, 23, 23, 23, 8, 23]","['sigmoid', 'tanh', 'tanh', 'tanh', 'tanh', 'sigmoid', 'swish', 'elu']",06f909f9f9f608f0,690,Adam,MaxAbsoluteDeviation,0.9661435484886169,1.1089026927947998,9.94825790001778
"[8, 23, 8, 23, 23, 23, 8]","['sigmoid', 'tanh', 'tanh', 'tanh', 'tanh', 'sigmoid', 'swish']",06f909f9f9f608,690,Adam,MaxAbsoluteDeviation,0.9614932537078857,1.0423709154129028,8.947983100020792
"[8, 23, 8, 23, 23, 23, 8]","['sigmoid', 'tanh', 'tanh', 'tanh', 'tanh', 'sigmoid', 'swish']",06f909f9f9f608,700,Adam,MaxAbsoluteDeviation,0.9393903613090515,1.1151032447814941,8.951408700027969
"[8, 23, 8, 23, 23, 23, 8, 22]","['sigmoid', 'tanh', 'tanh', 'tanh', 'tanh', 'sigmoid', 'sigmoid', 'tanh']",06f909f9f9f606e9,700,Adam,MaxAbsoluteDeviation,0.9755346775054932,1.174306869506836,9.980907099961769
"[8, 23, 8, 23, 23, 23, 8, 22, 9]","['sigmoid', 'tanh', 'tanh', 'tanh', 'tanh', 'sigmoid', 'sigmoid', 'tanh', 'swish']",06f909f9f9f606e918,700,Adam,MaxAbsoluteDeviation,0.9773685336112976,1.0487884283065796,11.08572329999879
"[8, 23, 8, 23, 23, 23, 8, 22, 9, 12]","['sigmoid', 'tanh', 'tanh', 'tanh', 'tanh', 'sigmoid', 'sigmoid', 'tanh', 'swish', 'tanh']",06f909f9f9f606e91849,700,Adam,MaxAbsoluteDeviation,1.0035325288772583,1.1351406574249268,12.051946199964732
"[8, 23, 8, 23, 23, 23, 8, 22, 9, 12]","['sigmoid', 'tanh', 'tanh', 'tanh', 'tanh', 'sigmoid', 'sigmoid', 'tanh', 'swish', 'tanh']",06f909f9f9f606e91849,700,Adam,MaxAbsoluteDeviation,1.0338037014007568,1.1137796640396118,11.920320999983232
"[8, 23, 8, 23, 23, 23, 8, 22, 9, 12]","['sigmoid', 'tanh', 'tanh', 'tanh', 'tanh', 'sigmoid', 'sigmoid', 'tanh', 'swish', 'tanh']",06f909f9f9f606e91849,700,Adam,MaxAbsoluteDeviation,1.0155785083770752,1.0098950862884521,11.872765699983574
"[8, 23, 8, 23, 23, 23, 8, 22, 9, 12, 22]","['sigmoid', 'tanh', 'tanh', 'tanh', 'tanh', 'sigmoid', 'sigmoid', 'tanh', 'swish', 'tanh', 'swish']",06f909f9f9f606e91849e8,700,Adam,MaxAbsoluteDeviation,0.9831791520118713,1.0332506895065308,13.215408699994441
"[8, 23, 8, 23, 23, 23, 8, 22, 9, 12, 22]","['sigmoid', 'tanh', 'tanh', 'tanh', 'tanh', 'sigmoid', 'sigmoid', 'tanh', 'swish', 'tanh', 'swish']",06f909f9f9f606e91849e8,700,Adam,MaxAbsoluteDeviation,0.9814088344573975,1.0990653038024902,13.318354499991983
"[8, 23, 8, 23, 23, 23, 8, 22, 9, 12, 22, 14]","['sigmoid', 'tanh', 'tanh', 'tanh', 'tanh', 'sigmoid', 'sigmoid', 'tanh', 'swish', 'tanh', 'swish', 'elu']",06f909f9f9f606e91849e860,700,Adam,MaxAbsoluteDeviation,1.0042054653167725,1.0474853515625,14.196120200038422
"[8, 23, 8, 23, 23, 23, 8, 22, 9, 12, 22, 14]","['sigmoid', 'tanh', 'tanh', 'tanh', 'tanh', 'sigmoid', 'sigmoid', 'tanh', 'swish', 'tanh', 'swish', 'elu']",06f909f9f9f606e91849e860,700,Adam,MaxAbsoluteDeviation,1.0105278491973877,1.1386401653289795,14.21697510004742
"[8, 23, 8, 23, 23, 23, 8, 22, 9, 12, 22, 14, 13]","['sigmoid', 'tanh', 'tanh', 'tanh', 'tanh', 'sigmoid', 'sigmoid', 'tanh', 'swish', 'tanh', 'swish', 'elu', 'sigmoid']",06f909f9f9f606e91849e86056,700,Adam,MaxAbsoluteDeviation,0.9650015830993652,1.0458623170852661,14.806453900004271
"[8, 23, 8, 23, 23, 23, 8, 22, 9, 12, 22, 14, 13]","['sigmoid', 'tanh', 'tanh', 'tanh', 'tanh', 'sigmoid', 'sigmoid', 'tanh', 'swish', 'tanh', 'swish', 'elu', 'sigmoid']",06f909f9f9f606e91849e86056,287,Adam,MaxAbsoluteDeviation,0.961958646774292,1.0814448595046997,6.691291099996306
"[8, 23, 8, 23, 23, 23, 8, 23, 9, 12, 22, 14, 13]","['sigmoid', 'tanh', 'tanh', 'tanh', 'tanh', 'sigmoid', 'sigmoid', 'tanh', 'swish', 'tanh', 'swish', 'elu', 'sigmoid']",06f909f9f9f606f91849e86056,287,Adam,MaxAbsoluteDeviation,0.9557377696037292,1.073403000831604,6.748160400020424
"[8, 23, 8, 23, 23, 23, 8, 23, 9, 12, 8, 14]","['sigmoid', 'tanh', 'tanh', 'tanh', 'tanh', 'sigmoid', 'sigmoid', 'tanh', 'swish', 'tanh', 'swish', 'elu']",06f909f9f9f606f918490860,100,Adam,MaxAbsoluteDeviation,0.9984414577484131,1.1250393390655518,2.9741713000112213
"[8, 23, 8, 23, 23, 23, 8, 23, 9, 12, 8, 14]","['sigmoid', 'tanh', 'tanh', 'tanh', 'tanh', 'sigmoid', 'sigmoid', 'tanh', 'swish', 'tanh', 'swish', 'elu']",06f909f9f9f606f918490860,100,Adam,MaxAbsoluteDeviation,0.9739549160003662,1.0997679233551025,2.9715853999950923
"[8, 23, 8, 23, 23, 23, 8, 23, 9, 12, 8, 14]","['sigmoid', 'tanh', 'tanh', 'tanh', 'tanh', 'sigmoid', 'sigmoid', 'tanh', 'swish', 'tanh', 'swish', 'elu']",06f909f9f9f606f918490860,100,Adam,MaxAbsoluteDeviation,0.9637377858161926,1.0335825681686401,2.956127999990713
"[8, 23, 8, 23, 23, 23, 8, 23, 9, 12, 8, 14]","['sigmoid', 'tanh', 'tanh', 'tanh', 'tanh', 'sigmoid', 'sigmoid', 'tanh', 'swish', 'tanh', 'swish', 'elu']",06f909f9f9f606f918490860,100,Adam,MaxAbsoluteDeviation,1.1252903938293457,1.1862595081329346,2.9905454000108875
"[8, 23, 8, 23, 23, 23, 8, 23, 9, 12, 8, 14, 20]","['sigmoid', 'tanh', 'tanh', 'tanh', 'tanh', 'sigmoid', 'sigmoid', 'tanh', 'swish', 'tanh', 'swish', 'elu', 'swish']",06f909f9f9f606f918490860c8,700,Adam,MaxAbsoluteDeviation,0.9574769735336304,1.0887501239776611,15.066136600042228
"[8, 23, 8, 23, 23, 23, 8, 23, 9, 12, 8, 14, 20]","['sigmoid', 'tanh', 'tanh', 'tanh', 'tanh', 'sigmoid', 'sigmoid', 'tanh', 'swish', 'tanh', 'swish', 'elu', 'swish']",06f909f9f9f606f918490860c8,700,Adam,MaxAbsoluteDeviation,0.9890844821929932,1.0229527950286865,15.003189500013832
"[8, 23, 8, 23, 23, 23, 8, 23, 9, 12, 8, 14, 20, 11]","['sigmoid', 'tanh', 'tanh', 'tanh', 'tanh', 'sigmoid', 'sigmoid', 'tanh', 'swish', 'tanh', 'swish', 'elu', 'swish', 'sigmoid']",06f909f9f9f606f918490860c836,700,Adam,MaxAbsoluteDeviation,0.9705079793930054,1.0799702405929565,15.922666200029198
"[8, 23, 8, 23, 23, 23, 8, 23, 9, 12, 8, 14, 20, 11]","['sigmoid', 'tanh', 'tanh', 'tanh', 'tanh', 'sigmoid', 'sigmoid', 'swish', 'swish', 'tanh', 'swish', 'elu', 'swish', 'sigmoid']",06f909f9f9f606f818490860c836,700,Adam,MaxAbsoluteDeviation,0.9328362345695496,1.0373181104660034,15.870411699987017
"[8, 23, 8, 23, 23, 23, 8, 23, 9, 12, 8, 14, 20, 11]","['sigmoid', 'swish', 'tanh', 'tanh', 'tanh', 'sigmoid', 'elu', 'swish', 'swish', 'tanh', 'swish', 'elu', 'swish', 'sigmoid']",06f809f9f9f600f818490860c836,700,Adam,MaxAbsoluteDeviation,0.9684665203094482,1.061240792274475,16.024531100003514
"[8, 23, 8, 23, 23, 23, 8, 23, 9, 12, 8, 14, 20, 11]","['sigmoid', 'swish', 'tanh', 'tanh', 'tanh', 'sigmoid', 'elu', 'swish', 'swish', 'tanh', 'swish', 'elu', 'swish', 'sigmoid']",06f809f9f9f600f818490860c836,373,Adam,MaxAbsoluteDeviation,0.9758461117744446,1.0514891147613525,8.901862400001846
"[8, 23, 8, 23, 23, 23, 8, 23, 9, 12, 8, 14, 20, 11, 11]","['sigmoid', 'swish', 'tanh', 'tanh', 'tanh', 'sigmoid', 'elu', 'swish', 'swish', 'tanh', 'swish', 'elu', 'swish', 'sigmoid', 'sigmoid']",06f809f9f9f600f818490860c83636,700,Adam,MaxAbsoluteDeviation,0.9465383887290955,1.0470632314682007,16.812604399980046
"[8, 23, 8, 23, 23, 23, 8, 23, 9, 12, 8, 14, 20, 11]","['sigmoid', 'swish', 'tanh', 'tanh', 'tanh', 'sigmoid', 'elu', 'swish', 'swish', 'tanh', 'swish', 'elu', 'swish', 'sigmoid']",06f809f9f9f600f818490860c836,700,Adam,MaxAbsoluteDeviation,0.9716163873672485,1.029073715209961,16.009976400004234
"[8, 23, 8, 23, 23, 23, 8, 23, 9, 8, 8, 14, 20, 11]","['sigmoid', 'swish', 'tanh', 'tanh', 'tanh', 'sigmoid', 'elu', 'swish', 'swish', 'tanh', 'swish', 'elu', 'swish', 'sigmoid']",06f809f9f9f600f818090860c836,700,Adam,MaxAbsoluteDeviation,0.9640279412269592,1.0576980113983154,15.903421700000763
"[8, 23, 8, 23, 23, 23, 8, 23, 9, 8, 8, 14, 20, 11]","['sigmoid', 'swish', 'tanh', 'tanh', 'tanh', 'sigmoid', 'elu', 'swish', 'swish', 'tanh', 'swish', 'elu', 'swish', 'sigmoid']",06f809f9f9f600f818090860c836,586,Adam,MaxAbsoluteDeviation,1.0243220329284668,1.0922658443450928,13.482093000027817
"[8, 23, 8, 23, 23, 23, 8, 23, 9, 8, 8, 14, 20, 11]","['sigmoid', 'swish', 'tanh', 'tanh', 'tanh', 'sigmoid', 'elu', 'swish', 'swish', 'tanh', 'swish', 'elu', 'swish', 'sigmoid']",06f809f9f9f600f818090860c836,700,Adam,MaxAbsoluteDeviation,0.953839898109436,1.094438076019287,15.95076010003686
"[8, 23, 8, 23, 23, 23, 8, 23, 9, 8, 8, 14, 20, 11]","['sigmoid', 'swish', 'tanh', 'tanh', 'tanh', 'sigmoid', 'elu', 'swish', 'swish', 'tanh', 'swish', 'elu', 'swish', 'sigmoid']",06f809f9f9f600f818090860c836,700,Adam,MaxAbsoluteDeviation,0.9805861115455627,1.0923316478729248,15.932122500031255
"[8, 23, 8, 23, 23, 23, 8, 23, 9, 8, 8, 8, 20, 11]","['sigmoid', 'swish', 'tanh', 'tanh', 'tanh', 'sigmoid', 'elu', 'swish', 'swish', 'tanh', 'swish', 'elu', 'swish', 'sigmoid']",06f809f9f9f600f818090800c836,700,Adam,MaxAbsoluteDeviation,0.9440675377845764,1.078970193862915,16.062369299994316
"[8, 23, 8, 8, 23, 23, 8, 23, 9, 8, 8, 8, 20, 11, 9]","['sigmoid', 'swish', 'tanh', 'tanh', 'tanh', 'sigmoid', 'elu', 'swish', 'swish', 'tanh', 'swish', 'elu', 'swish', 'sigmoid', 'elu']",06f80909f9f600f818090800c83610,700,Adam,MaxAbsoluteDeviation,0.9872705340385437,1.0965828895568848,16.705616099992767
"[8, 23, 8, 8, 23, 23, 8, 23, 9, 8, 8, 8, 20, 11, 9]","['sigmoid', 'swish', 'tanh', 'tanh', 'tanh', 'sigmoid', 'elu', 'swish', 'swish', 'tanh', 'swish', 'elu', 'swish', 'sigmoid', 'elu']",06f80909f9f600f818090800c83610,275,Adam,MaxAbsoluteDeviation,0.9742459058761597,1.0499327182769775,7.194837799994275
"[8, 23, 8, 8, 23, 23, 8, 23, 9, 8, 8, 8, 20, 11, 9]","['sigmoid', 'swish', 'tanh', 'tanh', 'tanh', 'sigmoid', 'elu', 'swish', 'swish', 'tanh', 'swish', 'elu', 'swish', 'sigmoid', 'elu']",06f80909f9f600f818090800c83610,100,Adam,MaxAbsoluteDeviation,0.9547523260116577,1.125720500946045,3.602994300017599
"[8, 23, 8, 8, 23, 23, 8, 23, 9, 8, 8, 8, 20, 11, 9]","['sigmoid', 'swish', 'tanh', 'tanh', 'tanh', 'sigmoid', 'sigmoid', 'swish', 'swish', 'tanh', 'swish', 'elu', 'swish', 'sigmoid', 'elu']",06f80909f9f606f818090800c83610,100,Adam,MaxAbsoluteDeviation,1.0072230100631714,1.1149773597717285,3.6283160999882966
"[8, 23, 8, 8, 23, 23, 8, 23, 9, 8, 8, 8, 20, 11, 9]","['sigmoid', 'swish', 'tanh', 'tanh', 'tanh', 'sigmoid', 'sigmoid', 'swish', 'swish', 'tanh', 'swish', 'elu', 'swish', 'sigmoid', 'elu']",06f80909f9f606f818090800c83610,100,Adam,MaxAbsoluteDeviation,1.0067079067230225,1.0306726694107056,3.5467371999984607
"[8, 23, 8, 8, 23, 23, 8, 23, 9, 8, 8, 8, 20, 11]","['sigmoid', 'swish', 'tanh', 'tanh', 'tanh', 'sigmoid', 'sigmoid', 'swish', 'swish', 'tanh', 'swish', 'elu', 'swish', 'sigmoid']",06f80909f9f606f818090800c836,100,Adam,MaxAbsoluteDeviation,0.9813794493675232,1.0878922939300537,3.3536699000396766
"[8, 23, 8, 8, 23, 23, 8, 23, 9, 8, 8, 8, 20, 11]","['sigmoid', 'sigmoid', 'tanh', 'tanh', 'tanh', 'sigmoid', 'sigmoid', 'swish', 'swish', 'tanh', 'swish', 'elu', 'swish', 'sigmoid']",06f60909f9f606f818090800c836,100,Adam,MaxAbsoluteDeviation,0.9551147222518921,1.0545533895492554,3.374476200027857
"[8, 23, 8, 8, 23, 23, 8, 23, 9, 8, 8, 8, 20, 11]","['sigmoid', 'sigmoid', 'tanh', 'tanh', 'tanh', 'sigmoid', 'sigmoid', 'swish', 'swish', 'tanh', 'swish', 'elu', 'swish', 'sigmoid']",06f60909f9f606f818090800c836,700,Adam,MaxAbsoluteDeviation,0.9874070882797241,1.1264348030090332,15.893937299959362
"[8, 23, 8, 8, 23, 23, 8, 23, 9, 8, 8, 8, 20, 11]","['sigmoid', 'sigmoid', 'tanh', 'tanh', 'tanh', 'sigmoid', 'sigmoid', 'swish', 'swish', 'tanh', 'swish', 'elu', 'swish', 'sigmoid']",06f60909f9f606f818090800c836,700,Adam,MaxAbsoluteDeviation,0.9700965285301208,1.0630569458007812,16.005425399984233
"[8, 23, 8, 8, 23, 23, 8, 23, 9, 8, 8, 8, 20, 11, 9]","['sigmoid', 'sigmoid', 'tanh', 'tanh', 'tanh', 'sigmoid', 'sigmoid', 'swish', 'swish', 'tanh', 'swish', 'elu', 'swish', 'sigmoid', 'sigmoid']",06f60909f9f606f818090800c836,700,Adam,MaxAbsoluteDeviation,0.9700965285301208,1.0952324867248535,16.642711799999233
"[8, 23, 8, 8, 23, 23, 8, 23, 9, 8, 8, 8, 20, 11]","['sigmoid', 'sigmoid', 'tanh', 'tanh', 'tanh', 'sigmoid', 'sigmoid', 'swish', 'swish', 'tanh', 'swish', 'elu', 'swish', 'sigmoid']",06f60909f9f606f818090800c836,700,Adam,MaxAbsoluteDeviation,0.9579954743385315,1.0700953006744385,15.699701700010337
"[8, 23, 8, 8, 23, 23, 8, 23, 9, 8, 8, 8, 20, 23, 13, 10]","['sigmoid', 'sigmoid', 'tanh', 'tanh', 'tanh', 'sigmoid', 'sigmoid', 'swish', 'swish', 'tanh', 'swish', 'elu', 'swish', 'sigmoid', 'sigmoid', 'swish']",06f60909f9f606f818090800c8f65628,122,Adam,MaxAbsoluteDeviation,0.9671748280525208,1.0212273597717285,4.241568400000688
"[8, 23, 8, 8, 23, 23, 8, 23, 9, 8, 8, 8, 20, 23, 13, 10, 14]","['sigmoid', 'sigmoid', 'tanh', 'tanh', 'tanh', 'sigmoid', 'sigmoid', 'swish', 'swish', 'tanh', 'swish', 'elu', 'swish', 'sigmoid', 'sigmoid', 'swish', 'elu']",06f60909f9f606f818090800c8f6562860,122,Adam,MaxAbsoluteDeviation,1.0061672925949097,1.0025076866149902,4.400261500035413
"[8, 23, 8, 8, 23, 23, 8, 23, 9, 23, 8, 8, 20, 23, 13, 10]","['sigmoid', 'sigmoid', 'tanh', 'tanh', 'tanh', 'sigmoid', 'sigmoid', 'swish', 'swish', 'tanh', 'swish', 'elu', 'swish', 'sigmoid', 'sigmoid', 'swish']",06f60909f9f606f818f90800c8f65628,100,Adam,MaxAbsoluteDeviation,0.9611971974372864,1.0476570129394531,3.840363299997989
"[8, 23, 8, 8, 23, 23, 8, 23, 9, 23, 8, 8, 20, 23, 13, 10]","['sigmoid', 'sigmoid', 'tanh', 'tanh', 'tanh', 'sigmoid', 'sigmoid', 'swish', 'sigmoid', 'tanh', 'swish', 'elu', 'swish', 'sigmoid', 'sigmoid', 'swish']",06f60909f9f606f816f90800c8f65628,100,Adam,MaxAbsoluteDeviation,1.0115448236465454,1.1199644804000854,3.7598884999752045
"[8, 23, 8, 8, 23, 23, 8, 23, 9, 23, 8, 8, 20, 23, 13, 10]","['sigmoid', 'sigmoid', 'tanh', 'tanh', 'tanh', 'sigmoid', 'sigmoid', 'swish', 'sigmoid', 'tanh', 'swish', 'elu', 'swish', 'sigmoid', 'sigmoid', 'swish']",06f60909f9f606f816f90800c8f65628,700,Adam,MaxAbsoluteDeviation,0.9594123959541321,1.085695743560791,16.95326630002819
"[8, 23, 8, 8, 23, 23, 8, 23, 9, 23, 8, 8, 20, 23, 13, 8]","['sigmoid', 'sigmoid', 'tanh', 'tanh', 'tanh', 'sigmoid', 'sigmoid', 'swish', 'sigmoid', 'tanh', 'swish', 'elu', 'swish', 'sigmoid', 'sigmoid', 'swish']",06f60909f9f606f816f90800c8f65608,700,Adam,MaxAbsoluteDeviation,0.9711914658546448,1.0432138442993164,17.019498399982695
"[8, 23, 8, 8, 23, 23, 8, 23, 9, 23, 8, 8, 20, 23, 13, 8, 13, 17]","['sigmoid', 'sigmoid', 'tanh', 'tanh', 'tanh', 'sigmoid', 'sigmoid', 'swish', 'sigmoid', 'tanh', 'swish', 'elu', 'swish', 'sigmoid', 'sigmoid', 'swish', 'sigmoid', 'tanh']",06f60909f9f606f816f90800c8f656085699,700,Adam,MaxAbsoluteDeviation,0.944744348526001,1.0870002508163452,19.34186149999732
"[8, 23, 8, 8, 23, 23, 8, 23, 9, 23, 8, 23, 20, 23, 13, 8, 13, 17]","['sigmoid', 'sigmoid', 'tanh', 'tanh', 'tanh', 'sigmoid', 'sigmoid', 'swish', 'sigmoid', 'tanh', 'swish', 'elu', 'swish', 'sigmoid', 'sigmoid', 'swish', 'sigmoid', 'tanh']",06f60909f9f606f816f90800c8f656085699,700,Adam,MaxAbsoluteDeviation,0.944744348526001,1.023026704788208,7.849734799994621
"[8, 23, 8, 8, 23, 23, 8, 8, 9, 23, 8, 8, 20, 23, 13, 8]","['sigmoid', 'sigmoid', 'tanh', 'tanh', 'tanh', 'sigmoid', 'sigmoid', 'swish', 'sigmoid', 'tanh', 'sigmoid', 'elu', 'swish', 'sigmoid', 'sigmoid', 'swish']",06f60909f9f6060816f90600c8f65608,700,Adam,MaxAbsoluteDeviation,0.9701797366142273,1.0798699855804443,16.95002970000496
"[8, 23, 8, 8, 23, 23, 8, 8, 9, 23, 8, 8, 20, 23, 13, 8]","['sigmoid', 'sigmoid', 'tanh', 'tanh', 'tanh', 'sigmoid', 'sigmoid', 'swish', 'sigmoid', 'tanh', 'sigmoid', 'elu', 'swish', 'sigmoid', 'sigmoid', 'swish']",06f60909f9f6060816f90600c8f65608,700,Adam,MaxAbsoluteDeviation,0.9682708978652954,1.037723422050476,17.124451499956194
"[23, 23, 8, 8, 23, 23, 8, 8, 9, 23, 8, 8, 20, 23, 13, 8]","['sigmoid', 'sigmoid', 'tanh', 'tanh', 'tanh', 'sigmoid', 'sigmoid', 'swish', 'sigmoid', 'tanh', 'sigmoid', 'elu', 'swish', 'sigmoid', 'sigmoid', 'swish']",f6f60909f9f6060816f90600c8f65608,700,Adam,MaxAbsoluteDeviation,0.9712141156196594,1.0496188402175903,34.18295780004701
"[8, 23, 8, 8, 23, 23, 8, 8, 9, 23, 8, 8, 20, 23, 13, 8]","['sigmoid', 'sigmoid', 'tanh', 'tanh', 'tanh', 'sigmoid', 'sigmoid', 'swish', 'sigmoid', 'tanh', 'sigmoid', 'elu', 'swish', 'sigmoid', 'sigmoid', 'swish']",06f60909f9f6060816f90600c8f65608,700,Adam,MaxAbsoluteDeviation,0.9659161567687988,1.0459808111190796,18.54314919997705
"[8, 23, 8, 8, 23, 23, 8, 8, 9, 23, 8, 8, 20, 23, 13]","['sigmoid', 'sigmoid', 'tanh', 'tanh', 'tanh', 'sigmoid', 'sigmoid', 'swish', 'sigmoid', 'tanh', 'sigmoid', 'elu', 'swish', 'sigmoid', 'sigmoid']",06f60909f9f6060816f90600c8f656,700,Adam,MaxAbsoluteDeviation,0.9659600257873535,1.117303490638733,17.706216499966104
"[8, 23, 8, 8, 23, 23, 8, 8, 9, 23, 8, 8, 20, 23, 13]","['sigmoid', 'sigmoid', 'tanh', 'tanh', 'tanh', 'sigmoid', 'sigmoid', 'swish', 'sigmoid', 'tanh', 'sigmoid', 'elu', 'swish', 'sigmoid', 'sigmoid']",06f60909f9f6060816f90600c8f656,700,Adam,MaxAbsoluteDeviation,0.9774938225746155,1.0577547550201416,17.741881599999033
"[8, 23, 8, 8, 23, 23, 8, 8, 23, 23, 8, 8, 20, 23, 13]","['sigmoid', 'sigmoid', 'tanh', 'tanh', 'tanh', 'sigmoid', 'sigmoid', 'swish', 'sigmoid', 'tanh', 'sigmoid', 'elu', 'swish', 'sigmoid', 'sigmoid']",06f60909f9f60608f6f90600c8f656,188,Adam,MaxAbsoluteDeviation,0.9566967487335205,1.0679945945739746,5.680288499977905
"[8, 23, 8, 8, 23, 23, 8, 8, 23, 23, 8, 8, 20, 23, 13]","['sigmoid', 'sigmoid', 'tanh', 'swish', 'tanh', 'sigmoid', 'sigmoid', 'swish', 'sigmoid', 'tanh', 'sigmoid', 'elu', 'swish', 'sigmoid', 'sigmoid']",06f60908f9f60608f6f90600c8f656,100,Adam,MaxAbsoluteDeviation,0.9823329448699951,1.0662426948547363,3.7497637999476865
"[8, 23, 8, 8, 23, 23, 8, 8, 23, 23, 8, 8, 20, 23, 13]","['sigmoid', 'sigmoid', 'tanh', 'swish', 'tanh', 'sigmoid', 'sigmoid', 'swish', 'sigmoid', 'tanh', 'sigmoid', 'elu', 'swish', 'sigmoid', 'sigmoid']",06f60908f9f60608f6f90600c8f656,100,Adam,MaxAbsoluteDeviation,0.9823434948921204,1.0731751918792725,3.7792130999732763
"[8, 23, 8, 8, 23, 23, 8, 8, 23, 23, 8, 8, 20, 23]","['sigmoid', 'sigmoid', 'tanh', 'swish', 'tanh', 'sigmoid', 'sigmoid', 'swish', 'sigmoid', 'tanh', 'sigmoid', 'elu', 'swish', 'sigmoid']",06f60908f9f60608f6f90600c8f6,100,Adam,MaxAbsoluteDeviation,1.0092169046401978,1.1270086765289307,3.6410497999750078
"[8, 23, 8, 8, 23, 23, 8, 8, 23, 23, 8, 8, 20, 23]","['sigmoid', 'sigmoid', 'tanh', 'swish', 'tanh', 'sigmoid', 'sigmoid', 'swish', 'sigmoid', 'tanh', 'sigmoid', 'elu', 'swish', 'sigmoid']",06f60908f9f60608f6f90600c8f6,100,Adam,MaxAbsoluteDeviation,0.9802981615066528,1.0730940103530884,3.6153779000160284
"[8, 23, 8, 8, 23, 23, 8, 8, 23, 23, 8, 8, 20]","['sigmoid', 'sigmoid', 'tanh', 'swish', 'tanh', 'sigmoid', 'sigmoid', 'swish', 'sigmoid', 'tanh', 'sigmoid', 'elu', 'swish']",06f60908f9f60608f6f90600c8,100,Adam,MaxAbsoluteDeviation,0.9878997206687927,1.0014564990997314,3.4417041999986395
"[8, 23, 8, 8, 23, 23, 8, 8, 23, 23, 8, 8, 20, 9]","['sigmoid', 'sigmoid', 'tanh', 'swish', 'tanh', 'sigmoid', 'sigmoid', 'swish', 'sigmoid', 'tanh', 'sigmoid', 'elu', 'swish', 'tanh']",06f60908f9f60608f6f90600c819,700,Adam,MaxAbsoluteDeviation,0.955018937587738,1.054248332977295,17.411455299996305
"[8, 23, 8, 8, 23, 23, 8, 8, 23, 23, 8, 8, 20, 9]","['sigmoid', 'sigmoid', 'tanh', 'swish', 'tanh', 'sigmoid', 'sigmoid', 'swish', 'sigmoid', 'tanh', 'sigmoid', 'elu', 'swish', 'tanh']",06f60908f9f60608f6f90600c819,700,Adam,MaxAbsoluteDeviation,0.9698207974433899,1.0649782419204712,17.3151812000433
"[8, 23, 8, 8, 23, 23, 8, 8, 23, 23, 8, 8, 20, 9]","['sigmoid', 'sigmoid', 'tanh', 'swish', 'tanh', 'swish', 'sigmoid', 'swish', 'sigmoid', 'tanh', 'sigmoid', 'elu', 'swish', 'tanh']",06f60908f9f80608f6f90600c819,593,Adam,MaxAbsoluteDeviation,0.968350350856781,1.0351845026016235,14.677499899989925
"[8, 23, 8, 8, 23, 23, 8, 8, 23, 23, 8, 8, 20, 9]","['sigmoid', 'tanh', 'tanh', 'swish', 'tanh', 'swish', 'sigmoid', 'swish', 'sigmoid', 'tanh', 'sigmoid', 'elu', 'swish', 'tanh']",06f90908f9f80608f6f90600c819,593,Adam,MaxAbsoluteDeviation,0.9792640805244446,1.0545291900634766,14.941897100012284
"[8, 23, 8, 8, 23, 23, 8, 8, 23, 23, 8, 8, 20, 9]","['sigmoid', 'tanh', 'tanh', 'swish', 'tanh', 'swish', 'sigmoid', 'swish', 'sigmoid', 'tanh', 'sigmoid', 'swish', 'swish', 'tanh']",06f90908f9f80608f6f90608c819,593,Adam,MaxAbsoluteDeviation,0.9723408222198486,1.0524837970733643,14.896519800007809
"[8, 23, 8, 8, 23, 23, 8, 8, 23, 23, 8, 8, 8, 9]","['sigmoid', 'tanh', 'tanh', 'swish', 'tanh', 'swish', 'sigmoid', 'swish', 'sigmoid', 'tanh', 'sigmoid', 'swish', 'swish', 'tanh']",06f90908f9f80608f6f906080819,593,Adam,MaxAbsoluteDeviation,0.9835962057113647,1.033028483390808,14.860840100038331
"[8, 23, 8, 8, 23, 23, 8, 8, 23, 23, 8, 8, 8]","['sigmoid', 'tanh', 'tanh', 'swish', 'tanh', 'swish', 'sigmoid', 'swish', 'sigmoid', 'tanh', 'sigmoid', 'swish', 'swish']",06f90908f9f80608f6f9060808,593,Adam,MaxAbsoluteDeviation,0.9892697334289551,1.045379400253296,14.626833599992096
"[8, 23, 8, 8, 23, 23, 8, 8, 23, 8, 8, 8, 8]","['sigmoid', 'tanh', 'tanh', 'swish', 'tanh', 'swish', 'sigmoid', 'swish', 'sigmoid', 'tanh', 'sigmoid', 'swish', 'swish']",06f90908f9f80608f609060808,593,Adam,MaxAbsoluteDeviation,0.9798953533172607,1.0612807273864746,13.900795900030062
"[8, 23, 8, 8, 23, 23, 8, 8, 23, 8, 8, 8, 8]","['sigmoid', 'tanh', 'tanh', 'sigmoid', 'tanh', 'swish', 'sigmoid', 'swish', 'sigmoid', 'tanh', 'sigmoid', 'swish', 'swish']",06f90906f9f80608f609060808,593,Adam,MaxAbsoluteDeviation,0.9724361300468445,1.037701964378357,13.984564599988516
"[8, 23, 8, 8, 23, 23, 8, 8, 23, 8, 8, 8, 8]","['sigmoid', 'tanh', 'tanh', 'sigmoid', 'tanh', 'swish', 'sigmoid', 'swish', 'sigmoid', 'tanh', 'sigmoid', 'swish', 'swish']",06f90906f9f80608f609060808,700,Adam,MaxAbsoluteDeviation,0.9664403796195984,1.0330926179885864,16.41392540000379
"[8, 23, 8, 8, 23, 23, 8, 8, 23, 8, 8, 8, 8]","['sigmoid', 'tanh', 'tanh', 'sigmoid', 'tanh', 'swish', 'sigmoid', 'swish', 'sigmoid', 'tanh', 'sigmoid', 'swish', 'swish']",06f90906f9f80608f609060808,700,Adam,MaxAbsoluteDeviation,0.9664403796195984,1.0661256313323975,16.323592200002167
"[8, 23, 8, 8, 23, 23, 23, 8, 23, 8, 8, 8, 8]","['sigmoid', 'sigmoid', 'tanh', 'sigmoid', 'tanh', 'swish', 'sigmoid', 'swish', 'sigmoid', 'tanh', 'sigmoid', 'swish', 'swish']",06f60906f9f8f608f609060808,700,Adam,MaxAbsoluteDeviation,0.9627731442451477,1.020283818244934,16.92348709999351
"[8, 23, 8, 8, 23, 23, 23, 8, 23, 8, 8, 8, 8]","['sigmoid', 'sigmoid', 'tanh', 'sigmoid', 'tanh', 'swish', 'sigmoid', 'swish', 'sigmoid', 'tanh', 'sigmoid', 'swish', 'swish']",06f60906f9f8f608f609060808,694,Adam,MaxAbsoluteDeviation,0.9666428565979004,1.02853524684906,15.86543679999886
"[8, 23, 8, 8, 23, 23, 23, 8, 23, 8, 8, 8, 8]","['sigmoid', 'sigmoid', 'tanh', 'sigmoid', 'tanh', 'swish', 'sigmoid', 'swish', 'sigmoid', 'tanh', 'tanh', 'swish', 'swish']",06f60906f9f8f608f609090808,694,Adam,MaxAbsoluteDeviation,0.964048445224762,1.0394399166107178,16.127466699981596
"[8, 23, 8, 8, 23, 23, 23, 8, 23, 8, 8, 8, 8]","['sigmoid', 'sigmoid', 'tanh', 'sigmoid', 'tanh', 'swish', 'sigmoid', 'swish', 'sigmoid', 'tanh', 'tanh', 'swish', 'swish']",06f60906f9f8f608f609090808,694,Adam,MaxAbsoluteDeviation,0.9701029062271118,1.0609383583068848,16.063546999997925
"[8, 23, 8, 8, 23, 23, 23, 8, 23, 8, 8, 8, 8]","['sigmoid', 'sigmoid', 'tanh', 'sigmoid', 'tanh', 'swish', 'sigmoid', 'swish', 'sigmoid', 'tanh', 'tanh', 'swish', 'swish']",06f60906f9f8f608f609090808,700,Adam,MaxAbsoluteDeviation,0.9504850506782532,1.0278265476226807,16.26482699997723
"[8, 23, 8, 8, 23, 23, 23, 8, 23, 8, 8, 8]","['sigmoid', 'sigmoid', 'tanh', 'sigmoid', 'tanh', 'swish', 'sigmoid', 'swish', 'sigmoid', 'tanh', 'tanh', 'swish']",06f60906f9f8f608f6090908,700,Adam,MaxAbsoluteDeviation,0.9583840370178223,1.0674045085906982,15.95576559996698
"[8, 23, 8, 8, 8, 23, 23, 8, 23, 8, 8, 8]","['sigmoid', 'sigmoid', 'tanh', 'sigmoid', 'tanh', 'swish', 'sigmoid', 'swish', 'sigmoid', 'tanh', 'tanh', 'swish']",06f6090609f8f608f6090908,700,Adam,MaxAbsoluteDeviation,0.9563896059989929,1.0837699174880981,15.145298399962485
"[8, 23, 8, 8, 8, 23, 23, 8, 23, 8, 8]","['sigmoid', 'sigmoid', 'tanh', 'sigmoid', 'tanh', 'swish', 'sigmoid', 'swish', 'sigmoid', 'tanh', 'tanh']",06f6090609f8f608f60909,700,Adam,MaxAbsoluteDeviation,0.9687034487724304,1.0475373268127441,13.747898400004487
"[8, 23, 8, 8, 8, 23, 23, 8, 23, 8, 8]","['sigmoid', 'sigmoid', 'tanh', 'sigmoid', 'tanh', 'swish', 'sigmoid', 'swish', 'sigmoid', 'tanh', 'tanh']",06f6090609f8f608f60909,373,Adam,MaxAbsoluteDeviation,0.9662356376647949,1.0451637506484985,7.555222599999979
"[8, 23, 8, 8, 8, 23, 23, 8, 23, 8, 8]","['sigmoid', 'sigmoid', 'tanh', 'sigmoid', 'tanh', 'swish', 'sigmoid', 'swish', 'sigmoid', 'tanh', 'tanh']",06f6090609f8f608f60909,700,Adam,MaxAbsoluteDeviation,0.9788310527801514,1.0611121654510498,13.722679600003175
"[8, 23, 8, 8, 8, 23, 23, 8, 23, 8, 8]","['sigmoid', 'sigmoid', 'tanh', 'sigmoid', 'tanh', 'swish', 'sigmoid', 'swish', 'sigmoid', 'tanh', 'tanh']",06f6090609f8f608f60909,700,Adam,MaxAbsoluteDeviation,0.9821150302886963,1.0616388320922852,13.668050699983723
"[8, 23, 8, 8, 8, 23, 23, 8, 23, 8, 8]","['sigmoid', 'sigmoid', 'tanh', 'sigmoid', 'tanh', 'swish', 'sigmoid', 'swish', 'sigmoid', 'tanh', 'tanh']",06f6090609f8f608f60909,700,Adam,MaxAbsoluteDeviation,0.9666966795921326,1.0304112434387207,13.583610799978487
"[8, 23, 8, 8, 8, 23, 23, 23, 23, 8]","['sigmoid', 'sigmoid', 'tanh', 'sigmoid', 'tanh', 'swish', 'sigmoid', 'swish', 'sigmoid', 'tanh']",06f6090609f8f6f8f609,700,Adam,MaxAbsoluteDeviation,1.0009965896606445,1.0143928527832031,13.666364899952896
"[8, 23, 8, 8, 8, 23, 23, 23, 23, 8]","['sigmoid', 'sigmoid', 'tanh', 'sigmoid', 'tanh', 'swish', 'sigmoid', 'swish', 'sigmoid', 'tanh']",06f6090609f8f6f8f609,589,Adam,MaxAbsoluteDeviation,0.9728661179542542,1.0513304471969604,10.73775069997646
"[8, 23, 8, 8, 8, 23, 23, 23, 23, 8]","['sigmoid', 'swish', 'tanh', 'sigmoid', 'tanh', 'swish', 'sigmoid', 'swish', 'sigmoid', 'tanh']",06f8090609f8f6f8f609,589,Adam,MaxAbsoluteDeviation,0.9721391201019287,1.033117413520813,10.813676099991426
"[8, 23, 8, 8, 8, 23, 23, 23, 23, 8]","['sigmoid', 'swish', 'tanh', 'sigmoid', 'tanh', 'swish', 'swish', 'swish', 'sigmoid', 'tanh']",06f8090609f8f8f8f609,589,Adam,MaxAbsoluteDeviation,0.9664106965065002,1.0429773330688477,10.867483999987599
"[8, 23, 8, 8, 8, 23, 23, 23, 23, 8]","['sigmoid', 'swish', 'elu', 'sigmoid', 'tanh', 'swish', 'swish', 'swish', 'sigmoid', 'tanh']",06f8000609f8f8f8f609,589,Adam,MaxAbsoluteDeviation,0.9732946753501892,1.022650957107544,10.818299299979117
"[8, 23, 8, 8, 8, 23, 23, 23, 23, 8]","['sigmoid', 'swish', 'elu', 'sigmoid', 'tanh', 'swish', 'swish', 'swish', 'sigmoid', 'tanh']",06f8000609f8f8f8f609,283,Adam,MaxAbsoluteDeviation,0.9778886437416077,1.0425472259521484,5.605045600037556
"[8, 23, 8, 8, 8, 23, 23, 23, 23, 8, 11]","['sigmoid', 'swish', 'elu', 'sigmoid', 'tanh', 'swish', 'swish', 'swish', 'sigmoid', 'tanh', 'sigmoid']",06f8000609f8f8f8f60936,283,Adam,MaxAbsoluteDeviation,0.9954816699028015,1.0599533319473267,5.983688700012863
"[8, 23, 8, 8, 8, 23, 23, 23, 23, 8, 11, 17]","['sigmoid', 'swish', 'elu', 'sigmoid', 'tanh', 'swish', 'swish', 'swish', 'sigmoid', 'tanh', 'sigmoid', 'tanh']",06f8000609f8f8f8f6093699,283,Adam,MaxAbsoluteDeviation,0.9859388470649719,1.1099660396575928,6.70330929994816
"[8, 23, 8, 8, 8, 23, 23, 23, 23, 8, 11, 17]","['sigmoid', 'swish', 'elu', 'sigmoid', 'tanh', 'swish', 'swish', 'swish', 'elu', 'tanh', 'sigmoid', 'tanh']",06f8000609f8f8f8f0093699,283,Adam,MaxAbsoluteDeviation,1.0033661127090454,1.0838779211044312,6.588026300014462
"[8, 23, 8, 8, 8, 23, 23, 23, 23, 8, 11, 17, 23]","['sigmoid', 'swish', 'elu', 'sigmoid', 'tanh', 'swish', 'swish', 'swish', 'elu', 'tanh', 'sigmoid', 'tanh', 'elu']",06f8000609f8f8f8f0093699f0,283,Adam,MaxAbsoluteDeviation,1.092030644416809,1.1914923191070557,7.070791900041513
"[8, 23, 8, 8, 8, 23, 23, 23, 23, 8, 11, 17]","['sigmoid', 'swish', 'elu', 'sigmoid', 'tanh', 'swish', 'swish', 'swish', 'elu', 'tanh', 'sigmoid', 'tanh']",06f8000609f8f8f8f0093699,283,Adam,MaxAbsoluteDeviation,0.9835081696510315,1.0164778232574463,6.702874300011899
"[8, 23, 8, 8, 8, 23, 23, 23, 23, 8, 11, 23]","['sigmoid', 'swish', 'elu', 'sigmoid', 'tanh', 'swish', 'swish', 'swish', 'elu', 'tanh', 'sigmoid', 'tanh']",06f8000609f8f8f8f00936f9,283,Adam,MaxAbsoluteDeviation,0.9593324065208435,1.059667944908142,6.669624699978158
"[8, 23, 8, 8, 8, 23, 23, 23, 23, 8, 11, 23, 20]","['sigmoid', 'swish', 'elu', 'sigmoid', 'tanh', 'swish', 'swish', 'swish', 'elu', 'tanh', 'sigmoid', 'tanh', 'sigmoid']",06f8000609f8f8f8f00936f9c6,283,Adam,MaxAbsoluteDeviation,0.9565273523330688,1.038047432899475,6.850725200027227
"[8, 23, 8, 8, 8, 23, 23, 23, 23, 8, 11, 23, 20]","['sigmoid', 'swish', 'elu', 'sigmoid', 'tanh', 'swish', 'swish', 'swish', 'elu', 'tanh', 'sigmoid', 'tanh', 'sigmoid']",06f8000609f8f8f8f00936f9c6,100,Adam,MaxAbsoluteDeviation,0.9613508582115173,1.078122854232788,3.4064602999715135
"[8, 23, 8, 8, 8, 23, 23, 23, 8, 8, 11, 23, 20]","['sigmoid', 'swish', 'elu', 'sigmoid', 'tanh', 'swish', 'swish', 'swish', 'elu', 'tanh', 'sigmoid', 'tanh', 'sigmoid']",06f8000609f8f8f8000936f9c6,700,Adam,MaxAbsoluteDeviation,0.9492310285568237,1.0769814252853394,16.652817800000776
"[8, 23, 8, 8, 8, 23, 23, 23, 8, 8, 11, 23]","['sigmoid', 'swish', 'elu', 'sigmoid', 'tanh', 'swish', 'swish', 'swish', 'elu', 'tanh', 'sigmoid', 'tanh']",06f8000609f8f8f8000936f9,700,Adam,MaxAbsoluteDeviation,0.9791737198829651,1.0460103750228882,15.167971899965778
"[8, 23, 8, 8, 8, 23, 23, 23, 8, 8, 11, 23, 12]","['sigmoid', 'swish', 'elu', 'sigmoid', 'tanh', 'swish', 'swish', 'swish', 'elu', 'tanh', 'sigmoid', 'tanh', 'elu']",06f8000609f8f8f8000936f940,700,Adam,MaxAbsoluteDeviation,0.9611063599586487,1.0339716672897339,16.027064300025813
"[8, 23, 8, 8, 8, 23, 23, 23, 8, 8]","['sigmoid', 'swish', 'elu', 'sigmoid', 'tanh', 'swish', 'swish', 'swish', 'elu', 'tanh']",06f8000609f8f8f80009,700,Adam,MaxAbsoluteDeviation,0.9999291896820068,1.016527533531189,12.741492999950424
"[8, 23, 8, 8, 8, 23, 23, 23, 8]","['sigmoid', 'swish', 'elu', 'sigmoid', 'tanh', 'swish', 'swish', 'swish', 'elu']",06f8000609f8f8f800,700,Adam,MaxAbsoluteDeviation,1.0320484638214111,1.1164299249649048,11.747496400028467
"[8, 23, 8, 8, 8, 23, 23]","['sigmoid', 'swish', 'elu', 'sigmoid', 'tanh', 'swish', 'swish']",06f8000609f8f8,494,Adam,MaxAbsoluteDeviation,1.0278321504592896,1.0298058986663818,6.905690400046296
"[8, 23, 8, 8, 8, 23, 23]","['sigmoid', 'swish', 'elu', 'sigmoid', 'tanh', 'swish', 'swish']",06f8000609f8f8,494,Adam,MaxAbsoluteDeviation,1.0759563446044922,1.0323634147644043,6.948008799983654
"[8, 23, 8, 8, 8, 23, 23]","['sigmoid', 'swish', 'elu', 'sigmoid', 'tanh', 'swish', 'swish']",06f8000609f8f8,700,Adam,MaxAbsoluteDeviation,0.9649572968482971,1.050631046295166,9.64566169999307
"[8, 23, 8, 8, 8, 23, 8, 9]","['sigmoid', 'swish', 'elu', 'sigmoid', 'tanh', 'swish', 'swish', 'tanh']",06f8000609f80819,700,Adam,MaxAbsoluteDeviation,0.9795864820480347,1.0181852579116821,10.639928499993403
"[8, 23, 8, 8, 8, 23, 8]","['sigmoid', 'swish', 'elu', 'sigmoid', 'tanh', 'swish', 'swish']",06f8000609f808,305,Adam,MaxAbsoluteDeviation,0.9545479416847229,1.0765000581741333,4.427744899992831
"[8, 23, 8, 8, 8, 23, 8]","['sigmoid', 'swish', 'elu', 'sigmoid', 'tanh', 'swish', 'swish']",06f8000609f808,100,Adam,MaxAbsoluteDeviation,0.9424645900726318,1.1106693744659424,2.005007600004319
"[8, 23, 8, 8, 8, 23, 8]","['sigmoid', 'tanh', 'elu', 'sigmoid', 'tanh', 'swish', 'swish']",06f9000609f808,100,Adam,MaxAbsoluteDeviation,1.0351934432983398,1.104949712753296,1.9825945000047795
"[8, 23, 8, 8, 8, 23, 8]","['sigmoid', 'tanh', 'elu', 'sigmoid', 'tanh', 'swish', 'swish']",06f9000609f808,100,Adam,MaxAbsoluteDeviation,0.9683825969696045,1.039423942565918,1.9771068000118248
"[8, 23, 19, 8, 8, 23, 8]","['sigmoid', 'tanh', 'elu', 'sigmoid', 'tanh', 'swish', 'swish']",06f9b00609f808,100,Adam,MaxAbsoluteDeviation,0.970334529876709,1.0557948350906372,1.9626703999820165
"[8, 23, 19, 8, 8, 23, 8]","['sigmoid', 'tanh', 'elu', 'sigmoid', 'tanh', 'swish', 'swish']",06f9b00609f808,100,Adam,MaxAbsoluteDeviation,0.9719406366348267,1.020748496055603,1.9829238000093028
"[8, 23, 8, 8, 8, 23, 8]","['sigmoid', 'tanh', 'elu', 'sigmoid', 'tanh', 'swish', 'swish']",06f9000609f808,100,Adam,MaxAbsoluteDeviation,0.9606328010559082,1.057690143585205,1.9700561999925412
"[8, 23, 8, 8, 8, 23, 8]","['sigmoid', 'tanh', 'tanh', 'sigmoid', 'tanh', 'swish', 'swish']",06f9090609f808,100,Adam,MaxAbsoluteDeviation,1.0356074571609497,1.119559645652771,1.96819859999232
"[8, 23, 8, 8, 8, 23, 8, 20]","['sigmoid', 'tanh', 'tanh', 'sigmoid', 'tanh', 'swish', 'swish', 'tanh']",06f9090609f808c9,100,Adam,MaxAbsoluteDeviation,0.9828535318374634,1.0922590494155884,2.184035899990704
"[8, 23, 8, 8, 8, 23, 8, 20, 8]","['sigmoid', 'tanh', 'tanh', 'sigmoid', 'tanh', 'swish', 'swish', 'tanh', 'tanh']",06f9090609f808c909,100,Adam,MaxAbsoluteDeviation,0.9699475169181824,1.0652422904968262,2.366248599952087
"[8, 23, 8, 8, 23, 23, 8, 20, 8]","['sigmoid', 'tanh', 'tanh', 'sigmoid', 'tanh', 'swish', 'swish', 'tanh', 'tanh']",06f90906f9f808c909,100,Adam,MaxAbsoluteDeviation,0.9870452284812927,1.1510870456695557,2.381993599992711
"[8, 23, 8, 8, 23, 23, 8, 20, 8]","['sigmoid', 'tanh', 'tanh', 'sigmoid', 'tanh', 'swish', 'swish', 'tanh', 'tanh']",06f90906f9f808c909,700,Adam,MaxAbsoluteDeviation,0.9755006432533264,1.089734435081482,11.31789549998939
"[8, 23, 8, 8, 23, 23, 8, 20, 8, 11]","['sigmoid', 'tanh', 'tanh', 'sigmoid', 'tanh', 'swish', 'swish', 'tanh', 'tanh', 'swish']",06f90906f9f808c90938,700,Adam,MaxAbsoluteDeviation,0.9508262872695923,1.0494868755340576,12.267322800005786
"[8, 23, 8, 8, 23, 23, 8, 20, 8, 11, 14]","['sigmoid', 'tanh', 'tanh', 'sigmoid', 'tanh', 'swish', 'swish', 'tanh', 'tanh', 'swish', 'sigmoid']",06f90906f9f808c9093866,700,Adam,MaxAbsoluteDeviation,0.9706226587295532,1.0472586154937744,13.871289499977138
"[8, 23, 8, 8, 23, 23, 8, 20, 8, 11, 14]","['sigmoid', 'tanh', 'tanh', 'sigmoid', 'tanh', 'swish', 'swish', 'tanh', 'tanh', 'swish', 'sigmoid']",06f90906f9f808c9093866,642,Adam,MaxAbsoluteDeviation,0.9702750444412231,1.0291978120803833,12.723265300039202
"[8, 23, 8, 8, 23, 23, 8, 20, 8, 11, 14]","['sigmoid', 'tanh', 'tanh', 'sigmoid', 'tanh', 'swish', 'swish', 'tanh', 'tanh', 'swish', 'sigmoid']",06f90906f9f808c9093866,515,Adam,MaxAbsoluteDeviation,0.9655426740646362,1.0418827533721924,10.403622599958908
"[8, 23, 8, 8, 23, 23, 8, 20, 8, 11, 14]","['sigmoid', 'tanh', 'tanh', 'sigmoid', 'tanh', 'swish', 'swish', 'tanh', 'tanh', 'swish', 'sigmoid']",06f90906f9f808c9093866,515,Adam,MaxAbsoluteDeviation,1.0186904668807983,1.127228856086731,10.295746599964332
"[8, 23, 8, 8, 23, 23, 8, 23, 8, 11, 14]","['sigmoid', 'tanh', 'tanh', 'sigmoid', 'tanh', 'swish', 'swish', 'tanh', 'tanh', 'swish', 'sigmoid']",06f90906f9f808f9093866,515,Adam,MaxAbsoluteDeviation,0.9763298630714417,1.0631685256958008,10.612032800039742
"[8, 23, 8, 8, 23, 23, 8, 23, 8, 11, 14]","['sigmoid', 'tanh', 'tanh', 'sigmoid', 'tanh', 'swish', 'swish', 'tanh', 'sigmoid', 'swish', 'sigmoid']",06f90906f9f808f9063866,515,Adam,MaxAbsoluteDeviation,0.9666917324066162,1.0411194562911987,10.394799400004558
"[8, 23, 8, 8, 23, 23, 8, 23, 8, 11]","['sigmoid', 'tanh', 'tanh', 'sigmoid', 'tanh', 'swish', 'swish', 'tanh', 'sigmoid', 'swish']",06f90906f9f808f90638,515,Adam,MaxAbsoluteDeviation,0.9558629393577576,1.0601673126220703,9.357360600028187
"[8, 23, 8, 8, 8, 8, 8, 23, 8, 11]","['sigmoid', 'tanh', 'tanh', 'sigmoid', 'tanh', 'swish', 'swish', 'tanh', 'sigmoid', 'swish']",06f90906090808f90638,515,Adam,MaxAbsoluteDeviation,0.970995306968689,1.0644959211349487,9.267108199943323
"[8, 23, 8, 8, 8, 8, 8, 23, 8, 11]","['sigmoid', 'tanh', 'tanh', 'sigmoid', 'tanh', 'swish', 'swish', 'tanh', 'sigmoid', 'swish']",06f90906090808f90638,515,Adam,MaxAbsoluteDeviation,0.9691137671470642,1.0454946756362915,9.134803400025703
"[8, 23, 8, 8, 8, 8, 8, 23, 8, 11]","['sigmoid', 'tanh', 'tanh', 'sigmoid', 'tanh', 'swish', 'swish', 'tanh', 'sigmoid', 'sigmoid']",06f90906090808f90636,515,Adam,MaxAbsoluteDeviation,0.9639707803726196,1.0298691987991333,9.234420699998736
"[8, 23, 8, 8, 8, 8, 8, 23, 8, 11]","['sigmoid', 'tanh', 'tanh', 'sigmoid', 'tanh', 'swish', 'swish', 'tanh', 'sigmoid', 'sigmoid']",06f90906090808f90636,455,Adam,MaxAbsoluteDeviation,0.972678542137146,1.0625348091125488,8.194633600011002
"[8, 23, 8, 8, 8, 8, 8, 23, 8, 11]","['sigmoid', 'tanh', 'tanh', 'sigmoid', 'tanh', 'swish', 'swish', 'tanh', 'sigmoid', 'sigmoid']",06f90906090808f90636,700,Adam,MaxAbsoluteDeviation,0.9757695198059082,1.0666511058807373,12.330739099998027
"[8, 23, 8, 8, 8, 8, 8, 23, 8, 11, 12]","['sigmoid', 'tanh', 'tanh', 'sigmoid', 'tanh', 'swish', 'swish', 'tanh', 'sigmoid', 'sigmoid', 'sigmoid']",06f90906090808f9063646,700,Adam,MaxAbsoluteDeviation,0.9689196944236755,1.1002519130706787,14.00321910000639
"[8, 23, 8, 8, 8, 8, 8, 23, 8, 11, 12, 18]","['sigmoid', 'tanh', 'tanh', 'sigmoid', 'tanh', 'swish', 'swish', 'tanh', 'sigmoid', 'sigmoid', 'sigmoid', 'swish']",06f90906090808f9063646a8,700,Adam,MaxAbsoluteDeviation,0.9762023687362671,1.064842939376831,14.627392900001723
"[8, 23, 8, 8, 8, 8, 8, 23, 8, 11, 12, 18, 10]","['sigmoid', 'tanh', 'tanh', 'sigmoid', 'tanh', 'swish', 'swish', 'tanh', 'sigmoid', 'sigmoid', 'sigmoid', 'swish', 'tanh']",06f90906090808f9063646a829,700,Adam,MaxAbsoluteDeviation,0.9881673455238342,1.066588044166565,15.53599339997163
"[8, 23, 8, 8, 8, 8, 8, 23, 8, 11, 12, 18, 10]","['sigmoid', 'tanh', 'tanh', 'sigmoid', 'tanh', 'swish', 'swish', 'tanh', 'sigmoid', 'sigmoid', 'swish', 'swish', 'tanh']",06f90906090808f9063648a829,700,Adam,MaxAbsoluteDeviation,0.9593611359596252,1.0962488651275635,15.465433400007896
"[8, 23, 8, 8, 8, 8, 8, 23, 8, 11, 12, 18, 10]","['sigmoid', 'tanh', 'tanh', 'sigmoid', 'tanh', 'swish', 'swish', 'tanh', 'sigmoid', 'sigmoid', 'swish', 'swish', 'tanh']",06f90906090808f9063648a829,643,Adam,MaxAbsoluteDeviation,0.9518042206764221,1.031782865524292,14.316812900011428
"[8, 23, 8, 8, 8, 8, 8, 23, 8, 11, 12, 18, 23]","['sigmoid', 'tanh', 'tanh', 'sigmoid', 'tanh', 'swish', 'swish', 'tanh', 'sigmoid', 'sigmoid', 'swish', 'swish', 'tanh']",06f90906090808f9063648a8f9,643,Adam,MaxAbsoluteDeviation,0.9549944400787354,1.1034891605377197,14.205187799991108
"[8, 23, 23, 8, 8, 8, 8, 23, 8, 11, 12, 18, 23]","['sigmoid', 'tanh', 'tanh', 'sigmoid', 'tanh', 'swish', 'swish', 'tanh', 'sigmoid', 'sigmoid', 'swish', 'swish', 'tanh']",06f9f906090808f9063648a8f9,100,Adam,MaxAbsoluteDeviation,0.9505053758621216,1.0382863283157349,3.3259158000000753
"[8, 23, 23, 8, 8, 8, 8, 23, 8, 11, 12, 18, 23]","['sigmoid', 'tanh', 'tanh', 'sigmoid', 'tanh', 'swish', 'swish', 'tanh', 'elu', 'sigmoid', 'swish', 'swish', 'tanh']",06f9f906090808f9003648a8f9,100,Adam,MaxAbsoluteDeviation,1.0014164447784424,1.017884612083435,3.3216700999764726
"[8, 23, 23, 8, 8, 8, 8, 23, 8, 11, 12, 18]","['sigmoid', 'tanh', 'tanh', 'sigmoid', 'tanh', 'swish', 'swish', 'tanh', 'elu', 'sigmoid', 'swish', 'swish']",06f9f906090808f9003648a8,700,Adam,MaxAbsoluteDeviation,0.9537824988365173,1.0616297721862793,14.549281999992672
"[8, 23, 23, 8, 8, 8, 8, 23, 8, 11, 12, 18]","['sigmoid', 'tanh', 'tanh', 'sigmoid', 'tanh', 'swish', 'swish', 'tanh', 'elu', 'sigmoid', 'swish', 'swish']",06f9f906090808f9003648a8,300,Adam,MaxAbsoluteDeviation,0.9671207666397095,1.0553137063980103,6.7775327999843284
"[8, 23, 23, 8, 8, 8, 8, 23, 8, 11, 12]","['sigmoid', 'tanh', 'tanh', 'sigmoid', 'tanh', 'swish', 'swish', 'tanh', 'elu', 'sigmoid', 'swish']",06f9f906090808f9003648,300,Adam,MaxAbsoluteDeviation,0.9623094201087952,1.0521035194396973,6.31660090002697
"[8, 23, 23, 8, 8, 8, 8, 23, 8, 11, 12, 20]","['sigmoid', 'tanh', 'tanh', 'sigmoid', 'tanh', 'swish', 'swish', 'tanh', 'elu', 'sigmoid', 'swish', 'elu']",06f9f906090808f9003648c0,300,Adam,MaxAbsoluteDeviation,0.9429482817649841,1.1723692417144775,6.702137299987953
"[8, 23, 23, 8, 8, 8, 8, 8, 8, 11, 12]","['sigmoid', 'tanh', 'tanh', 'sigmoid', 'tanh', 'swish', 'swish', 'tanh', 'elu', 'sigmoid', 'swish']",06f9f90609080809003648,300,Adam,MaxAbsoluteDeviation,0.8187760710716248,1.1428978443145752,6.3334252999629825
"[8, 23, 23, 8, 8, 8, 8, 8, 8, 11, 12]","['sigmoid', 'tanh', 'tanh', 'sigmoid', 'tanh', 'swish', 'swish', 'tanh', 'elu', 'sigmoid', 'swish']",06f9f90609080809003648,300,Adam,MaxAbsoluteDeviation,0.9586108326911926,1.080108880996704,6.328806900011841
"[8, 23, 23, 8, 8, 8, 8, 8, 8, 11, 12]","['sigmoid', 'tanh', 'tanh', 'sigmoid', 'tanh', 'swish', 'swish', 'tanh', 'elu', 'sigmoid', 'swish']",06f9f90609080809003648,300,Adam,MaxAbsoluteDeviation,0.9627055525779724,1.0533463954925537,6.281702700012829
"[8, 23, 23, 8, 8, 8, 8, 8, 8, 11, 12]","['sigmoid', 'tanh', 'tanh', 'sigmoid', 'tanh', 'swish', 'swish', 'tanh', 'elu', 'sigmoid', 'swish']",06f9f90609080809003648,700,Adam,MaxAbsoluteDeviation,0.9812071323394775,1.0486384630203247,13.564777699997649
"[8, 23, 23, 8, 8, 8, 8, 8, 8, 11, 12]","['sigmoid', 'tanh', 'elu', 'sigmoid', 'tanh', 'swish', 'swish', 'tanh', 'elu', 'sigmoid', 'swish']",06f9f00609080809003648,700,Adam,MaxAbsoluteDeviation,0.9526031017303467,1.0645873546600342,13.539461300009862
"[8, 23, 23, 8, 8, 8, 8, 8, 8, 11, 12]","['sigmoid', 'tanh', 'elu', 'sigmoid', 'tanh', 'swish', 'swish', 'tanh', 'elu', 'sigmoid', 'swish']",06f9f00609080809003648,315,Adam,MaxAbsoluteDeviation,0.9416000247001648,1.1006108522415161,6.743211099994369
"[8, 23, 23, 8, 8, 8, 8, 8, 8, 11, 12]","['sigmoid', 'tanh', 'elu', 'sigmoid', 'tanh', 'swish', 'swish', 'tanh', 'elu', 'sigmoid', 'swish']",06f9f00609080809003648,175,Adam,MaxAbsoluteDeviation,0.9813941717147827,1.0205845832824707,4.138993300031871
"[8, 23, 23, 8, 8, 8, 8, 8, 8, 11, 12, 15]","['sigmoid', 'tanh', 'elu', 'sigmoid', 'tanh', 'swish', 'swish', 'tanh', 'elu', 'sigmoid', 'swish', 'elu']",06f9f0060908080900364870,175,Adam,MaxAbsoluteDeviation,1.0680636167526245,1.0087436437606812,4.396443100005854
"[8, 23, 23, 8, 8, 8, 8, 8, 8, 11, 12, 15]","['sigmoid', 'tanh', 'elu', 'sigmoid', 'tanh', 'swish', 'swish', 'tanh', 'elu', 'sigmoid', 'swish', 'elu']",06f9f0060908080900364870,175,Adam,MaxAbsoluteDeviation,0.9551941156387329,1.0433306694030762,4.483824199996889
"[8, 23, 23, 8, 8, 8, 8, 8, 8, 11, 12, 15]","['sigmoid', 'tanh', 'elu', 'sigmoid', 'tanh', 'swish', 'swish', 'tanh', 'tanh', 'sigmoid', 'swish', 'elu']",06f9f0060908080909364870,175,Adam,MaxAbsoluteDeviation,0.9724036455154419,1.005685806274414,4.397889300016686
"[8, 8, 23, 8, 23, 8, 23, 8, 8, 11, 12, 15]","['sigmoid', 'tanh', 'elu', 'sigmoid', 'tanh', 'swish', 'swish', 'tanh', 'tanh', 'sigmoid', 'swish', 'elu']",0609f006f908f80909364870,700,Adam,MaxAbsoluteDeviation,0.9910101294517517,1.1673247814178467,14.338676799961831
"[8, 8, 23, 8, 23, 8, 23, 8, 8, 11, 12, 15]","['sigmoid', 'tanh', 'elu', 'sigmoid', 'tanh', 'swish', 'swish', 'tanh', 'tanh', 'swish', 'swish', 'elu']",0609f006f908f80909384870,700,Adam,MaxAbsoluteDeviation,0.9598198533058167,1.0571342706680298,13.899428700038698
"[8, 8, 23, 8, 23, 8, 23, 8, 8, 11, 12]","['sigmoid', 'tanh', 'elu', 'sigmoid', 'tanh', 'swish', 'swish', 'tanh', 'tanh', 'swish', 'swish']",0609f006f908f809093848,700,Adam,MaxAbsoluteDeviation,0.97469162940979,1.066497802734375,13.534281100030057
"[8, 8, 23, 8, 23, 8, 23, 8, 8, 11, 12]","['sigmoid', 'tanh', 'elu', 'sigmoid', 'tanh', 'swish', 'swish', 'tanh', 'tanh', 'swish', 'swish']",0609f006f908f809093848,700,Adam,MaxAbsoluteDeviation,0.9640914797782898,1.0451217889785767,13.54543709999416
"[8, 8, 23, 8, 23, 8, 23, 8, 8, 11, 12]","['sigmoid', 'tanh', 'elu', 'sigmoid', 'tanh', 'swish', 'swish', 'tanh', 'tanh', 'swish', 'swish']",0609f006f908f809093848,700,Adam,MaxAbsoluteDeviation,0.9959656596183777,1.0160435438156128,13.528286599961575
"[8, 8, 23, 8, 23, 8, 23, 8, 8, 11]","['sigmoid', 'tanh', 'elu', 'sigmoid', 'tanh', 'swish', 'swish', 'tanh', 'tanh', 'swish']",0609f006f908f8090938,700,Adam,MaxAbsoluteDeviation,0.9590258598327637,1.0617101192474365,12.27171719999751
"[8, 8, 23, 8, 23, 8, 23, 8, 8, 11]","['sigmoid', 'tanh', 'elu', 'sigmoid', 'tanh', 'swish', 'swish', 'tanh', 'tanh', 'swish']",0609f006f908f8090938,584,Adam,MaxAbsoluteDeviation,0.9705703854560852,1.0197092294692993,10.269486500008497
"[23, 8, 23, 8, 23, 8, 23, 8, 8, 11]","['sigmoid', 'tanh', 'elu', 'sigmoid', 'tanh', 'swish', 'swish', 'tanh', 'tanh', 'swish']",f609f006f908f8090938,584,Adam,MaxAbsoluteDeviation,0.974062442779541,1.0487838983535767,10.205548900004942
"[23, 8, 23, 8, 23, 8, 23, 8, 8, 11, 14]","['sigmoid', 'tanh', 'elu', 'sigmoid', 'tanh', 'swish', 'swish', 'tanh', 'tanh', 'swish', 'tanh']",f609f006f908f809093869,584,Adam,MaxAbsoluteDeviation,0.9676538109779358,1.034306287765503,11.362895899976138
"[23, 8, 23, 8, 23, 8, 23, 8, 8, 11, 14]","['swish', 'tanh', 'elu', 'sigmoid', 'tanh', 'swish', 'swish', 'tanh', 'tanh', 'swish', 'tanh']",f809f006f908f809093869,584,Adam,MaxAbsoluteDeviation,0.956316351890564,1.0743639469146729,11.409670499968342
"[23, 8, 23, 8, 23, 8, 23, 8, 8, 8, 14]","['swish', 'tanh', 'elu', 'sigmoid', 'tanh', 'swish', 'swish', 'tanh', 'tanh', 'swish', 'tanh']",f809f006f908f809090869,153,Adam,MaxAbsoluteDeviation,0.9673649668693542,1.0672166347503662,3.739862799993716
"[23, 8, 23, 8, 23, 8, 23, 8, 8, 23, 14, 13]","['swish', 'tanh', 'elu', 'sigmoid', 'tanh', 'swish', 'swish', 'tanh', 'tanh', 'swish', 'tanh', 'sigmoid']",f809f006f908f80909f86956,119,Adam,MaxAbsoluteDeviation,0.9735584855079651,1.0251339673995972,3.404041200003121
"[23, 8, 23, 8, 23, 8, 23, 8, 8, 23, 14, 13]","['swish', 'tanh', 'elu', 'sigmoid', 'tanh', 'swish', 'swish', 'tanh', 'tanh', 'swish', 'tanh', 'sigmoid']",f809f006f908f80909f86956,700,Adam,MaxAbsoluteDeviation,0.9839895367622375,1.1122685670852661,14.425357400032226
"[23, 8, 23, 8, 23, 8, 23, 8, 8, 23, 14, 13]","['swish', 'tanh', 'elu', 'sigmoid', 'tanh', 'swish', 'swish', 'tanh', 'tanh', 'swish', 'tanh', 'sigmoid']",f809f006f908f80909f86956,700,Adam,MaxAbsoluteDeviation,0.980943500995636,1.1084444522857666,14.579481899971142
"[23, 8, 23, 8, 23, 8, 23, 8, 11, 23, 14, 13]","['swish', 'tanh', 'elu', 'sigmoid', 'tanh', 'swish', 'swish', 'tanh', 'tanh', 'swish', 'tanh', 'sigmoid']",f809f006f908f80939f86956,700,Adam,MaxAbsoluteDeviation,0.9659910798072815,1.0927170515060425,14.701392499962822
"[23, 8, 23, 8, 23, 8, 23, 23, 11, 23, 14]","['swish', 'tanh', 'elu', 'sigmoid', 'tanh', 'swish', 'swish', 'tanh', 'tanh', 'swish', 'tanh']",f809f006f908f8f939f869,700,Adam,MaxAbsoluteDeviation,0.9919984936714172,1.0894224643707275,13.385354599973653
"[23, 8, 8, 8, 23, 8, 23, 23, 11, 23, 14]","['swish', 'tanh', 'elu', 'sigmoid', 'tanh', 'swish', 'swish', 'tanh', 'tanh', 'swish', 'tanh']",f8090006f908f8f939f869,700,Adam,MaxAbsoluteDeviation,0.9442138671875,1.0881140232086182,13.612361699983012
"[23, 8, 8, 8, 23, 8, 23, 23, 11, 23, 14]","['swish', 'tanh', 'elu', 'sigmoid', 'tanh', 'swish', 'swish', 'tanh', 'tanh', 'swish', 'tanh']",f8090006f908f8f939f869,700,Adam,MaxAbsoluteDeviation,0.9552852511405945,1.1383798122406006,13.880570899986196
"[23, 8, 8, 8, 23, 8, 23, 23, 8, 23, 14]","['swish', 'tanh', 'elu', 'sigmoid', 'tanh', 'swish', 'swish', 'tanh', 'tanh', 'swish', 'tanh']",f8090006f908f8f909f869,700,Adam,MaxAbsoluteDeviation,0.984276294708252,1.029253363609314,13.626551299996208
"[23, 8, 8, 8, 23, 8, 23, 23, 8, 23, 14, 23]","['swish', 'tanh', 'elu', 'sigmoid', 'tanh', 'swish', 'swish', 'tanh', 'tanh', 'swish', 'tanh', 'tanh']",f8090006f908f8f909f869f9,700,Adam,MaxAbsoluteDeviation,0.9580976963043213,1.056368350982666,14.458190399978776
"[23, 8, 8, 8, 23, 8, 23, 23, 8, 23, 14, 23]","['swish', 'tanh', 'elu', 'sigmoid', 'tanh', 'swish', 'swish', 'tanh', 'tanh', 'swish', 'tanh', 'tanh']",f8090006f908f8f909f869f9,155,Adam,MaxAbsoluteDeviation,1.00323486328125,1.0366895198822021,4.041076299967244
"[23, 8, 8, 8, 23, 8, 23, 23, 8, 23, 14, 15]","['swish', 'tanh', 'elu', 'sigmoid', 'tanh', 'swish', 'swish', 'tanh', 'tanh', 'swish', 'tanh', 'tanh']",f8090006f908f8f909f86979,155,Adam,MaxAbsoluteDeviation,1.0236461162567139,1.1553773880004883,4.0779553999891505
"[23, 8, 8, 8, 23, 8, 8, 23, 8, 23, 14, 15]","['swish', 'tanh', 'elu', 'sigmoid', 'tanh', 'swish', 'swish', 'tanh', 'tanh', 'swish', 'tanh', 'tanh']",f8090006f90808f909f86979,148,Adam,MaxAbsoluteDeviation,0.9812901020050049,1.1262341737747192,3.9018619999988005
"[23, 8, 8, 8, 23, 8, 8, 23, 8, 23, 14, 15, 8, 8]","['swish', 'tanh', 'elu', 'sigmoid', 'tanh', 'swish', 'swish', 'tanh', 'tanh', 'swish', 'tanh', 'tanh', 'tanh', 'tanh']",f8090006f90808f909f869790909,100,Adam,MaxAbsoluteDeviation,0.9746139049530029,1.0292856693267822,3.4704957000212744
"[23, 8, 8, 8, 23, 8, 8, 23, 8, 23, 14, 23, 8, 8]","['swish', 'tanh', 'elu', 'sigmoid', 'tanh', 'swish', 'swish', 'tanh', 'tanh', 'swish', 'tanh', 'tanh', 'tanh', 'tanh']",f8090006f90808f909f869f90909,700,Adam,MaxAbsoluteDeviation,0.9693728685379028,1.0767971277236938,16.307596900034696
"[23, 8, 8, 8, 23, 8, 8, 23, 8, 23, 14, 23, 8, 8]","['swish', 'tanh', 'elu', 'sigmoid', 'tanh', 'swish', 'swish', 'tanh', 'tanh', 'swish', 'tanh', 'tanh', 'tanh', 'tanh']",f8090006f90808f909f869f90909,200,Adam,MaxAbsoluteDeviation,0.9771251082420349,1.0964860916137695,5.386521399952471
"[23, 8, 8, 8, 23, 8, 8, 23, 8, 23, 14, 23, 8, 8]","['swish', 'tanh', 'elu', 'sigmoid', 'tanh', 'swish', 'swish', 'tanh', 'tanh', 'swish', 'tanh', 'tanh', 'tanh', 'tanh']",f8090006f90808f909f869f90909,159,Adam,MaxAbsoluteDeviation,0.9703837633132935,1.121741771697998,4.738960099988617
"[23, 8, 8, 8, 23, 8, 8, 23, 8, 23, 14, 23, 8, 8, 8]","['swish', 'tanh', 'elu', 'sigmoid', 'tanh', 'swish', 'swish', 'tanh', 'tanh', 'swish', 'tanh', 'tanh', 'tanh', 'tanh', 'swish']",f8090006f90808f909f869f9090908,159,Adam,MaxAbsoluteDeviation,0.9728670716285706,1.0638035535812378,4.92849419999402
"[23, 8, 8, 8, 23, 8, 8, 23, 8, 23, 23, 23, 8, 8, 8]","['swish', 'tanh', 'elu', 'sigmoid', 'tanh', 'swish', 'swish', 'tanh', 'tanh', 'swish', 'tanh', 'tanh', 'tanh', 'tanh', 'swish']",f8090006f90808f909f8f9f9090908,159,Adam,MaxAbsoluteDeviation,0.9622688293457031,1.0418055057525635,4.933530600043014
"[23, 8, 8, 8, 23, 8, 8, 23, 8, 23, 23, 23, 8, 8]","['swish', 'tanh', 'elu', 'sigmoid', 'tanh', 'swish', 'swish', 'tanh', 'tanh', 'swish', 'tanh', 'tanh', 'tanh', 'tanh']",f8090006f90808f909f8f9f90909,159,Adam,MaxAbsoluteDeviation,1.0103867053985596,1.126253366470337,4.6285790000110865
"[23, 8, 8, 8, 23, 8, 8, 23, 8, 23, 23, 23, 8]","['swish', 'tanh', 'elu', 'sigmoid', 'tanh', 'swish', 'swish', 'tanh', 'tanh', 'swish', 'tanh', 'tanh', 'tanh']",f8090006f90808f909f8f9f909,159,Adam,MaxAbsoluteDeviation,0.9744344353675842,1.0531293153762817,4.3413650000002235
"[23, 8, 8, 8, 23, 8, 8, 23, 8, 23, 23, 23, 8]","['swish', 'tanh', 'elu', 'sigmoid', 'tanh', 'swish', 'swish', 'tanh', 'tanh', 'swish', 'tanh', 'tanh', 'tanh']",f8090006f90808f909f8f9f909,100,Adam,MaxAbsoluteDeviation,0.9867207407951355,1.0230356454849243,3.2572225999902003
"[23, 8, 8, 8, 23, 8, 8, 23, 8, 23, 23, 23, 8]","['swish', 'tanh', 'elu', 'sigmoid', 'tanh', 'swish', 'swish', 'tanh', 'tanh', 'swish', 'tanh', 'tanh', 'tanh']",f8090006f90808f909f8f9f909,100,Adam,MaxAbsoluteDeviation,0.9519437551498413,1.1634860038757324,3.231291299976874
"[23, 8, 8, 8, 23, 8, 8, 23, 8, 23, 23, 23, 8]","['swish', 'tanh', 'elu', 'sigmoid', 'tanh', 'swish', 'swish', 'tanh', 'tanh', 'swish', 'tanh', 'tanh', 'tanh']",f8090006f90808f909f8f9f909,100,Adam,MaxAbsoluteDeviation,0.9721396565437317,1.0809656381607056,3.241040399996564
"[23, 8, 8, 8, 23, 8, 8, 23, 8, 23, 23, 23, 8]","['swish', 'tanh', 'elu', 'sigmoid', 'tanh', 'swish', 'swish', 'tanh', 'tanh', 'swish', 'tanh', 'tanh', 'tanh']",f8090006f90808f909f8f9f909,100,Adam,MaxAbsoluteDeviation,0.9702285528182983,1.0957434177398682,3.25584009999875
"[23, 8, 8, 8, 23, 8, 8, 23, 8, 23, 23, 23]","['swish', 'tanh', 'elu', 'sigmoid', 'tanh', 'swish', 'swish', 'tanh', 'tanh', 'swish', 'tanh', 'tanh']",f8090006f90808f909f8f9f9,100,Adam,MaxAbsoluteDeviation,0.952046811580658,1.0876712799072266,2.9781939999666065
"[23, 8, 8, 8, 23, 8, 8, 23, 8, 23, 23, 23]","['swish', 'tanh', 'elu', 'sigmoid', 'tanh', 'swish', 'swish', 'tanh', 'tanh', 'swish', 'tanh', 'tanh']",f8090006f90808f909f8f9f9,700,Adam,MaxAbsoluteDeviation,1.0748581886291504,1.0722248554229736,14.478207100008149
"[23, 8, 8, 8, 23, 8, 8, 23, 8, 23, 23]","['swish', 'tanh', 'elu', 'sigmoid', 'tanh', 'swish', 'swish', 'tanh', 'tanh', 'swish', 'tanh']",f8090006f90808f909f8f9,700,Adam,MaxAbsoluteDeviation,1.0280697345733643,1.0275933742523193,13.469043399963994
"[23, 8, 8, 8, 23, 8, 8, 23, 8, 23]","['swish', 'tanh', 'elu', 'sigmoid', 'tanh', 'swish', 'swish', 'tanh', 'tanh', 'swish']",f8090006f90808f909f8,700,Adam,MaxAbsoluteDeviation,0.969013512134552,1.0633198022842407,12.242447900003754
"[23, 8, 8, 8, 23, 8, 8, 23, 8, 23]","['swish', 'tanh', 'elu', 'sigmoid', 'tanh', 'swish', 'swish', 'tanh', 'tanh', 'swish']",f8090006f90808f909f8,700,Adam,MaxAbsoluteDeviation,0.9986363053321838,1.114067554473877,12.207657699997071
"[23, 8, 8, 8, 23, 8, 8, 23, 8, 23, 9]","['swish', 'tanh', 'elu', 'sigmoid', 'tanh', 'swish', 'swish', 'tanh', 'tanh', 'swish', 'elu']",f8090006f90808f909f810,700,Adam,MaxAbsoluteDeviation,0.9879847764968872,1.001420259475708,13.649652100051753
"[23, 8, 8, 8, 23, 8, 8, 23, 8, 23]","['swish', 'tanh', 'elu', 'sigmoid', 'tanh', 'swish', 'swish', 'tanh', 'tanh', 'swish']",f8090006f90808f909f8,700,Adam,MaxAbsoluteDeviation,0.9820496439933777,1.0238035917282104,12.11412859999109
"[23, 8, 8, 8, 23, 8, 8, 23, 8, 23]","['swish', 'tanh', 'elu', 'sigmoid', 'tanh', 'swish', 'swish', 'tanh', 'tanh', 'swish']",f8090006f90808f909f8,700,Adam,MaxAbsoluteDeviation,0.9632278680801392,1.0763537883758545,12.32218830002239
"[23, 8, 8, 8, 23, 8, 8, 23, 8]","['swish', 'tanh', 'elu', 'sigmoid', 'tanh', 'swish', 'swish', 'tanh', 'tanh']",f8090006f90808f909,700,Adam,MaxAbsoluteDeviation,0.9656351208686829,1.0625230073928833,11.240328400046565
"[23, 8, 8, 8, 23, 8, 8, 23, 8, 9]","['swish', 'tanh', 'elu', 'sigmoid', 'tanh', 'swish', 'swish', 'tanh', 'tanh', 'sigmoid']",f8090006f90808f90916,700,Adam,MaxAbsoluteDeviation,0.9754930734634399,1.1081953048706055,12.299029199988581
"[23, 8, 8, 8, 23, 8, 8, 23, 8, 9]","['swish', 'tanh', 'elu', 'sigmoid', 'tanh', 'swish', 'swish', 'tanh', 'tanh', 'sigmoid']",f8090006f90808f90916,700,Adam,MaxAbsoluteDeviation,0.9597023129463196,1.0320584774017334,12.21554509998532
"[23, 8, 8, 8, 23, 8, 8, 23, 8, 9]","['swish', 'tanh', 'elu', 'sigmoid', 'tanh', 'swish', 'swish', 'tanh', 'tanh', 'sigmoid']",f8090006f90808f90916,682,Adam,MaxAbsoluteDeviation,0.9544489979743958,1.0578962564468384,11.875892099982593
"[23, 8, 8, 8, 23, 8, 8, 23, 8, 9]","['swish', 'tanh', 'tanh', 'sigmoid', 'tanh', 'swish', 'swish', 'tanh', 'tanh', 'sigmoid']",f8090906f90808f90916,682,Adam,MaxAbsoluteDeviation,0.967303454875946,1.0384235382080078,12.031651200028136
"[23, 8, 8, 8, 23, 8, 8, 23, 8, 9]","['swish', 'tanh', 'tanh', 'sigmoid', 'tanh', 'swish', 'swish', 'tanh', 'tanh', 'sigmoid']",f8090906f90808f90916,622,Adam,MaxAbsoluteDeviation,0.9506332874298096,1.0303305387496948,10.894518900022376
"[23, 8, 8, 8, 23, 8, 8, 23, 23, 9]","['swish', 'tanh', 'tanh', 'sigmoid', 'tanh', 'swish', 'swish', 'tanh', 'tanh', 'sigmoid']",f8090906f90808f9f916,700,Adam,MaxAbsoluteDeviation,0.963878333568573,1.060556411743164,12.280506999988575
"[23, 8, 8, 8, 23, 8, 8, 23, 23, 9]","['swish', 'tanh', 'tanh', 'sigmoid', 'tanh', 'swish', 'swish', 'tanh', 'tanh', 'sigmoid']",f8090906f90808f9f916,700,Adam,MaxAbsoluteDeviation,0.9645054340362549,1.0467183589935303,12.252233300008811
"[23, 8, 8, 8, 23, 8, 8, 23, 23, 9]","['swish', 'tanh', 'tanh', 'sigmoid', 'tanh', 'swish', 'swish', 'tanh', 'elu', 'sigmoid']",f8090906f90808f9f016,700,Adam,MaxAbsoluteDeviation,0.9732170104980469,1.0582836866378784,12.16355699999258
"[23, 8, 8, 8, 23, 8, 8, 23, 23]","['swish', 'tanh', 'tanh', 'sigmoid', 'tanh', 'swish', 'swish', 'tanh', 'elu']",f8090906f90808f9f0,700,Adam,MaxAbsoluteDeviation,0.37490832805633545,0.3516117036342621,11.233594699995592
"[23, 8, 8, 8, 23, 8, 8, 23, 23]","['swish', 'tanh', 'tanh', 'sigmoid', 'tanh', 'swish', 'swish', 'tanh', 'elu']",f8090906f90808f9f0,700,Adam,MaxAbsoluteDeviation,0.37490832805633545,1.1341756582260132,11.289053799991962
"[23, 8, 8, 8, 23, 8, 8, 23, 23, 12]","['swish', 'tanh', 'tanh', 'sigmoid', 'tanh', 'swish', 'swish', 'tanh', 'elu', 'swish']",f8090906f90808f9f048,700,Adam,MaxAbsoluteDeviation,0.9713233709335327,1.0570112466812134,12.165279800014105
"[23, 8, 8, 8, 23, 8, 8, 23, 23, 12, 15]","['swish', 'elu', 'tanh', 'sigmoid', 'tanh', 'swish', 'swish', 'tanh', 'elu', 'swish', 'elu']",f8000906f90808f9f04870,700,Adam,MaxAbsoluteDeviation,0.9418699741363525,1.0856213569641113,13.359091700054705
"[23, 8, 8, 8, 23, 8, 8, 23, 23, 12, 15]","['swish', 'elu', 'tanh', 'sigmoid', 'tanh', 'swish', 'swish', 'tanh', 'elu', 'swish', 'elu']",f8000906f90808f9f04870,700,Adam,MaxAbsoluteDeviation,0.9707117676734924,1.039642333984375,13.607866600039415
"[23, 8, 8, 8, 23, 8, 8, 23, 23, 12, 15]","['swish', 'elu', 'tanh', 'sigmoid', 'tanh', 'swish', 'swish', 'tanh', 'elu', 'swish', 'elu']",f8000906f90808f9f04870,487,Adam,MaxAbsoluteDeviation,0.9785448312759399,1.0735819339752197,9.866583600000013
"[23, 8, 8, 8, 23, 8, 8, 23, 23, 12, 15]","['swish', 'elu', 'tanh', 'sigmoid', 'tanh', 'swish', 'swish', 'tanh', 'elu', 'swish', 'elu']",f8000906f90808f9f04870,305,Adam,MaxAbsoluteDeviation,0.9973204135894775,1.0932190418243408,6.188005700008944
"[23, 8, 8, 8, 23, 8, 8, 23, 23, 12]","['swish', 'elu', 'tanh', 'sigmoid', 'tanh', 'swish', 'swish', 'tanh', 'elu', 'swish']",f8000906f90808f9f048,135,Adam,MaxAbsoluteDeviation,0.914625883102417,0.8811401128768921,3.2083254999597557
"[23, 8, 8, 8, 23, 8, 8, 23, 23]","['swish', 'elu', 'tanh', 'sigmoid', 'tanh', 'swish', 'swish', 'tanh', 'elu']",f8000906f90808f9f0,135,Adam,MaxAbsoluteDeviation,0.9896284341812134,1.0325406789779663,2.893308099999558
"[23, 8, 8, 8, 23, 8, 8, 23, 23]","['swish', 'elu', 'tanh', 'sigmoid', 'sigmoid', 'swish', 'swish', 'tanh', 'elu']",f8000906f60808f9f0,135,Adam,MaxAbsoluteDeviation,1.0011423826217651,1.0354702472686768,2.9050973000121303
"[23, 8, 8, 8, 23, 8, 8, 23, 23]","['swish', 'elu', 'tanh', 'sigmoid', 'sigmoid', 'swish', 'swish', 'tanh', 'elu']",f8000906f60808f9f0,135,Adam,MaxAbsoluteDeviation,0.922819197177887,0.9934836030006409,2.8949338999809697
"[23, 8, 8, 8, 23, 8, 8, 23, 23, 19]","['swish', 'elu', 'tanh', 'sigmoid', 'sigmoid', 'swish', 'swish', 'tanh', 'elu', 'elu']",f8000906f60808f9f0b0,135,Adam,MaxAbsoluteDeviation,0.9289541840553284,0.9358830451965332,3.208046599989757
"[23, 8, 8, 8, 23, 8, 8, 23, 23]","['swish', 'elu', 'tanh', 'sigmoid', 'sigmoid', 'swish', 'swish', 'tanh', 'elu']",f8000906f60808f9f0,700,Adam,MaxAbsoluteDeviation,0.3595459759235382,0.36564749479293823,11.63275910000084
"[23, 8, 8, 23, 23, 8, 8, 23, 23]","['swish', 'elu', 'tanh', 'sigmoid', 'sigmoid', 'swish', 'swish', 'tanh', 'elu']",f80009f6f60808f9f0,700,Adam,MaxAbsoluteDeviation,0.4195796251296997,0.38090279698371887,11.628473899967503
"[23, 8, 8, 23, 23, 8, 8, 23, 23, 9]","['swish', 'elu', 'tanh', 'sigmoid', 'sigmoid', 'swish', 'swish', 'tanh', 'elu', 'swish']",f80009f6f60808f9f018,700,Adam,MaxAbsoluteDeviation,0.46985283493995667,0.45249706506729126,12.646290400007274
"[23, 8, 8, 23, 23, 8, 8, 23, 23, 9, 12]","['swish', 'elu', 'tanh', 'sigmoid', 'sigmoid', 'swish', 'swish', 'tanh', 'elu', 'swish', 'tanh']",f80009f6f60808f9f018,700,Adam,MaxAbsoluteDeviation,0.46985283493995667,1.0734500885009766,13.370362399960868
"[23, 8, 8, 23, 23, 8, 8, 23, 23, 9, 19, 19]","['swish', 'elu', 'tanh', 'sigmoid', 'sigmoid', 'swish', 'swish', 'swish', 'elu', 'swish', 'sigmoid', 'sigmoid']",f80009f6f60808f8f018b6b6,700,Adam,MaxAbsoluteDeviation,0.9655824303627014,1.1127681732177734,13.935680399998091
"[23, 8, 8, 23, 23, 8, 8, 23, 23, 9, 19, 19]","['swish', 'elu', 'tanh', 'sigmoid', 'sigmoid', 'swish', 'swish', 'swish', 'elu', 'swish', 'sigmoid', 'sigmoid']",f80009f6f60808f8f018b6b6,423,Adam,MaxAbsoluteDeviation,0.9574189782142639,1.0795297622680664,8.642724000033922
"[23, 8, 8, 23, 23, 8, 8, 23, 23, 9, 19, 19]","['swish', 'elu', 'tanh', 'sigmoid', 'sigmoid', 'elu', 'swish', 'swish', 'elu', 'swish', 'sigmoid', 'sigmoid']",f80009f6f60008f8f018b6b6,423,Adam,MaxAbsoluteDeviation,0.9878784418106079,1.0312613248825073,8.708252699987497
"[23, 8, 8, 23, 23, 8, 8, 23, 23, 9, 19, 19]","['swish', 'elu', 'tanh', 'sigmoid', 'sigmoid', 'elu', 'swish', 'swish', 'elu', 'swish', 'sigmoid', 'sigmoid']",f80009f6f60008f8f018b6b6,700,Adam,MaxAbsoluteDeviation,0.9862115979194641,1.088071584701538,14.02417999994941
"[23, 8, 8, 23, 23, 8, 8, 23, 23, 9, 19, 23]","['swish', 'elu', 'tanh', 'sigmoid', 'sigmoid', 'elu', 'swish', 'swish', 'elu', 'swish', 'sigmoid', 'sigmoid']",f80009f6f60008f8f018b6f6,700,Adam,MaxAbsoluteDeviation,0.9698298573493958,1.0270626544952393,13.933467799972277
"[23, 8, 8, 23, 23, 8, 8, 23, 23, 9, 19]","['swish', 'elu', 'tanh', 'sigmoid', 'sigmoid', 'elu', 'swish', 'swish', 'elu', 'swish', 'sigmoid']",f80009f6f60008f8f018b6,700,Adam,MaxAbsoluteDeviation,0.9662970900535583,1.0432121753692627,12.976824200013652
"[23, 8, 8, 23, 23, 8, 8, 23, 23, 8, 19, 17]","['swish', 'elu', 'tanh', 'sigmoid', 'sigmoid', 'elu', 'swish', 'swish', 'elu', 'swish', 'sigmoid', 'sigmoid']",f80009f6f60008f8f008b696,700,Adam,MaxAbsoluteDeviation,0.9937084913253784,1.1611809730529785,14.46023949998198
"[23, 8, 8, 23, 23, 8, 8, 23, 23, 8, 19, 17]","['swish', 'elu', 'tanh', 'sigmoid', 'sigmoid', 'elu', 'swish', 'sigmoid', 'elu', 'swish', 'sigmoid', 'sigmoid']",f80009f6f60008f6f008b696,700,Adam,MaxAbsoluteDeviation,0.9726648926734924,1.0329129695892334,14.184395299991593
"[23, 8, 8, 23, 23, 8, 8, 8, 23, 8, 19, 17]","['swish', 'elu', 'tanh', 'sigmoid', 'sigmoid', 'elu', 'swish', 'sigmoid', 'elu', 'swish', 'sigmoid', 'sigmoid']",f80009f6f6000806f008b696,605,Adam,MaxAbsoluteDeviation,0.957427978515625,1.0897223949432373,12.241967400012072
"[23, 8, 8, 23, 23, 8, 8, 8, 23, 8, 19]","['elu', 'elu', 'tanh', 'sigmoid', 'sigmoid', 'elu', 'swish', 'sigmoid', 'elu', 'swish', 'sigmoid']",f00009f6f6000806f008b6,605,Adam,MaxAbsoluteDeviation,0.37048396468162537,0.5894966125488281,28.27704850002192
"[23, 8, 8, 23, 23, 8, 8, 8, 23, 8, 19, 18]","['elu', 'elu', 'tanh', 'sigmoid', 'sigmoid', 'elu', 'swish', 'sigmoid', 'elu', 'swish', 'sigmoid', 'sigmoid']",f00009f6f6000806f008b6,605,Adam,MaxAbsoluteDeviation,0.37048396468162537,1.0444833040237427,13.408336099993903
"[23, 8, 8, 8, 23, 8, 8, 8, 23, 8, 19]","['elu', 'elu', 'tanh', 'sigmoid', 'sigmoid', 'elu', 'swish', 'sigmoid', 'elu', 'swish', 'sigmoid']",f00009f6f6000806f008b6,605,Adam,MaxAbsoluteDeviation,0.37048396468162537,1.15825617313385,6.763977100024931
"[23, 8, 8, 23, 23, 8, 8, 8, 23, 8, 19]","['elu', 'elu', 'tanh', 'sigmoid', 'sigmoid', 'elu', 'swish', 'sigmoid', 'elu', 'swish', 'sigmoid']",f00009f6f6000806f008b6,700,Adam,MaxAbsoluteDeviation,0.983635425567627,1.050323247909546,14.12393180001527
"[23, 8, 8, 23, 23, 8, 23, 8, 23, 20]","['elu', 'elu', 'tanh', 'sigmoid', 'sigmoid', 'elu', 'swish', 'sigmoid', 'elu', 'swish']",f00009f6f600f806f0c8,141,Adam,MaxAbsoluteDeviation,0.9785425066947937,1.111502766609192,3.400578400003724
"[23, 8, 8, 23, 23, 8, 23, 8, 23, 20]","['elu', 'elu', 'tanh', 'sigmoid', 'sigmoid', 'elu', 'swish', 'sigmoid', 'elu', 'swish']",f00009f6f600f806f0c8,141,Adam,MaxAbsoluteDeviation,0.9785425066947937,1.6853655576705933,2.731645899999421
"[23, 8, 8, 23, 23, 8, 23, 8, 23, 20]","['elu', 'elu', 'tanh', 'sigmoid', 'sigmoid', 'elu', 'swish', 'sigmoid', 'elu', 'swish']",f00009f6f600f806f0c8,103,Adam,MaxAbsoluteDeviation,1.0141934156417847,1.3994088172912598,2.7751111999969
"[8, 8, 8, 23, 23, 8, 23, 8, 23, 20]","['elu', 'elu', 'tanh', 'sigmoid', 'sigmoid', 'elu', 'swish', 'sigmoid', 'elu', 'swish']",000009f6f600f806f0c8,103,Adam,MaxAbsoluteDeviation,0.6920475959777832,0.6543192863464355,2.8100707000121474
"[8, 8, 8, 23, 23, 8, 23, 8, 23]","['elu', 'elu', 'tanh', 'sigmoid', 'sigmoid', 'elu', 'swish', 'sigmoid', 'elu']",000009f6f600f806f0c8,103,Adam,MaxAbsoluteDeviation,0.6920475959777832,1.0828049182891846,2.490500499960035
"[8, 8, 8, 23, 23, 8, 23, 8, 23, 20, 21]","['elu', 'elu', 'tanh', 'sigmoid', 'sigmoid', 'elu', 'swish', 'sigmoid', 'elu', 'swish', 'elu']",000009f6f600f806f0c8,103,Adam,MaxAbsoluteDeviation,0.6920475959777832,1.232456922531128,2.989760699972976
"[8, 8, 8, 23, 23, 8, 23, 8, 23]","['elu', 'elu', 'tanh', 'sigmoid', 'sigmoid', 'elu', 'swish', 'sigmoid', 'elu']",000009f6f600f806f0,103,Adam,MaxAbsoluteDeviation,1.2079776525497437,1.3494408130645752,2.488164099981077
"[8, 8, 8, 23, 23, 8, 23, 8, 23]","['elu', 'elu', 'tanh', 'sigmoid', 'sigmoid', 'elu', 'swish', 'sigmoid', 'elu']",000009f6f600f806f0,100,Adam,MaxAbsoluteDeviation,1.2436754703521729,1.2346203327178955,2.438441700011026
"[8, 8, 8, 23, 23, 8, 23, 8, 23]","['elu', 'elu', 'swish', 'sigmoid', 'sigmoid', 'elu', 'swish', 'sigmoid', 'elu']",000008f6f600f806f0,100,Adam,MaxAbsoluteDeviation,1.0251221656799316,1.3227415084838867,2.4424069999950007
"[8, 8, 8, 23, 23, 8, 23, 8, 23]","['elu', 'elu', 'swish', 'sigmoid', 'sigmoid', 'elu', 'swish', 'sigmoid', 'elu']",000008f6f600f806f0,100,Adam,MaxAbsoluteDeviation,1.0661641359329224,1.1388814449310303,2.450295200047549
"[8, 8, 8, 23, 23, 8, 23, 8, 23]","['elu', 'elu', 'swish', 'sigmoid', 'sigmoid', 'elu', 'swish', 'sigmoid', 'elu']",000008f6f600f806f0,700,Adam,MaxAbsoluteDeviation,0.998128354549408,1.0275993347167969,11.978623699978925
"[8, 8, 8, 23, 23, 8, 23, 8]","['elu', 'elu', 'swish', 'sigmoid', 'sigmoid', 'elu', 'swish', 'sigmoid']",000008f6f600f806,700,Adam,MaxAbsoluteDeviation,0.9674548506736755,1.0353425741195679,10.925058400025591
"[8, 8, 8, 23, 23, 8, 23, 8]","['elu', 'elu', 'swish', 'sigmoid', 'sigmoid', 'elu', 'swish', 'sigmoid']",000008f6f600f806,700,Adam,MaxAbsoluteDeviation,0.2051217406988144,0.1887562870979309,10.978419799997937
"[8, 8, 8, 8, 23, 8, 23, 8]","['elu', 'elu', 'swish', 'sigmoid', 'sigmoid', 'elu', 'swish', 'sigmoid']",00000806f600f806,700,Adam,MaxAbsoluteDeviation,0.1424097865819931,0.1593916118144989,10.978075100050773
"[8, 8, 8, 8, 23, 8, 23, 8]","['elu', 'elu', 'swish', 'sigmoid', 'sigmoid', 'elu', 'swish', 'sigmoid']",00000806f600f806,700,Adam,MaxAbsoluteDeviation,0.1424097865819931,1.0537045001983643,9.714288299961481
"[8, 8, 8, 8, 23, 23, 23, 8]","['elu', 'elu', 'swish', 'sigmoid', 'sigmoid', 'elu', 'swish', 'sigmoid']",00000806f600f806,700,Adam,MaxAbsoluteDeviation,0.1424097865819931,0.5715521574020386,10.943343400023878
"[8, 8, 8, 8, 23, 8, 23, 8, 9, 14]","['elu', 'elu', 'swish', 'sigmoid', 'sigmoid', 'elu', 'swish', 'sigmoid', 'tanh', 'tanh']",00000806f600f806,700,Adam,MaxAbsoluteDeviation,0.1424097865819931,1.0630536079406738,12.969698100001551
"[8, 8, 8, 8, 23, 8, 23, 8, 17]","['elu', 'elu', 'swish', 'sigmoid', 'sigmoid', 'elu', 'swish', 'sigmoid', 'tanh']",00000806f600f806,700,Adam,MaxAbsoluteDeviation,0.1424097865819931,0.7189919948577881,11.914908599981572
"[8, 8, 8, 8, 23, 8, 23, 8]","['elu', 'elu', 'swish', 'sigmoid', 'sigmoid', 'elu', 'swish', 'sigmoid']",00000806f600f806,700,Adam,MaxAbsoluteDeviation,0.1424097865819931,1.0391051769256592,3.7397651999490336
"[8, 8, 8, 8, 23, 8, 23, 8, 19]","['elu', 'elu', 'swish', 'sigmoid', 'sigmoid', 'elu', 'swish', 'sigmoid', 'tanh']",00000806f600f806,700,Adam,MaxAbsoluteDeviation,0.1424097865819931,1.023031234741211,11.773145199986175
"[8, 8, 8, 8, 23, 8, 23, 8, 8]","['elu', 'elu', 'swish', 'sigmoid', 'sigmoid', 'elu', 'swish', 'sigmoid', 'elu']",00000806f600f80600,700,Adam,MaxAbsoluteDeviation,0.9606816172599792,1.0513801574707031,11.852717600006144
"[8, 8, 8, 8, 23, 8, 23, 8, 8, 19]","['elu', 'elu', 'swish', 'sigmoid', 'sigmoid', 'elu', 'swish', 'sigmoid', 'elu', 'tanh']",00000806f600f80600b9,700,Adam,MaxAbsoluteDeviation,0.5398269891738892,0.3914690911769867,12.883448600012343
"[8, 8, 8, 8, 23, 14, 23, 8, 8, 19]","['elu', 'elu', 'swish', 'sigmoid', 'sigmoid', 'elu', 'swish', 'sigmoid', 'elu', 'tanh']",00000806f660f80600b9,700,Adam,MaxAbsoluteDeviation,1.0324232578277588,1.1505708694458008,12.831263200030662
"[8, 8, 8, 8, 23, 14, 23, 8, 8]","['elu', 'elu', 'swish', 'sigmoid', 'tanh', 'elu', 'swish', 'sigmoid', 'elu']",00000806f960f80600,700,Adam,MaxAbsoluteDeviation,0.9892590045928955,1.0468425750732422,11.779173000017181
"[8, 8, 8, 8, 23, 14, 23, 8, 23]","['elu', 'elu', 'swish', 'sigmoid', 'tanh', 'elu', 'swish', 'sigmoid', 'elu']",00000806f960f806f0,700,Adam,MaxAbsoluteDeviation,0.9976605176925659,1.1066261529922485,11.770954700012226
"[8, 8, 8, 8, 23, 14, 23, 8, 23, 13]","['elu', 'elu', 'swish', 'sigmoid', 'tanh', 'elu', 'swish', 'sigmoid', 'elu', 'tanh']",00000806f960f806f059,700,Adam,MaxAbsoluteDeviation,0.9483897686004639,1.0181548595428467,12.749133999983314
"[8, 8, 8, 8, 23, 14, 23, 8, 23, 13, 13]","['elu', 'elu', 'swish', 'sigmoid', 'tanh', 'sigmoid', 'swish', 'sigmoid', 'elu', 'tanh', 'tanh']",00000806f960f806f059,700,Adam,MaxAbsoluteDeviation,0.9483897686004639,1.0481079816818237,13.571833199996036
"[8, 8, 8, 8, 23, 14, 23, 8, 23]","['elu', 'elu', 'swish', 'sigmoid', 'tanh', 'elu', 'swish', 'sigmoid', 'elu']",00000806f960f806f0,700,Adam,MaxAbsoluteDeviation,0.993662416934967,1.035056471824646,11.734434799989685
"[8, 8, 8, 8, 23, 14, 23, 8, 23]","['elu', 'elu', 'swish', 'sigmoid', 'swish', 'elu', 'swish', 'sigmoid', 'elu']",00000806f860f806f0,700,Adam,MaxAbsoluteDeviation,0.945061206817627,1.0986011028289795,11.829534100019373
"[8, 8, 8, 8, 23, 14, 23, 8, 23, 10]","['elu', 'elu', 'swish', 'sigmoid', 'swish', 'elu', 'swish', 'sigmoid', 'elu', 'elu']",00000806f860f806f020,700,Adam,MaxAbsoluteDeviation,0.986998438835144,1.0174522399902344,12.865601699973922
"[8, 8, 8, 8, 23, 14, 23, 8, 23, 10, 8]","['elu', 'elu', 'swish', 'sigmoid', 'swish', 'elu', 'swish', 'sigmoid', 'elu', 'elu', 'swish']",00000806f860f806f02008,700,Adam,MaxAbsoluteDeviation,0.6744812726974487,0.6683443188667297,13.70106679998571
"[8, 8, 8, 8, 23, 14, 23, 8, 23, 10, 8]","['elu', 'elu', 'swish', 'sigmoid', 'swish', 'elu', 'swish', 'sigmoid', 'elu', 'elu', 'swish']",00000806f860f806f02008,342,Adam,MaxAbsoluteDeviation,0.9622272253036499,1.0968899726867676,7.126560800010338
"[8, 8, 23, 8, 23, 14, 23, 8, 23, 10, 8]","['elu', 'elu', 'swish', 'sigmoid', 'swish', 'elu', 'swish', 'sigmoid', 'elu', 'elu', 'swish']",0000f806f860f806f02008,342,Adam,MaxAbsoluteDeviation,0.9569185376167297,1.0617926120758057,7.135073300043587
"[8, 8, 23, 8, 23, 14, 23, 8, 23, 10, 8]","['elu', 'elu', 'swish', 'sigmoid', 'swish', 'elu', 'swish', 'sigmoid', 'elu', 'elu', 'swish']",0000f806f860f806f02008,342,Adam,MaxAbsoluteDeviation,0.9844987392425537,1.0813276767730713,7.160361799993552
"[8, 8, 23, 8, 23, 14, 23, 8, 23, 10, 8, 8]","['elu', 'elu', 'swish', 'sigmoid', 'swish', 'elu', 'swish', 'sigmoid', 'elu', 'elu', 'swish', 'elu']",0000f806f860f806f0200800,342,Adam,MaxAbsoluteDeviation,1.064123511314392,1.0437027215957642,7.85805470001651
"[8, 8, 23, 8, 23, 14, 23, 8, 23, 10, 8, 8]","['elu', 'elu', 'swish', 'sigmoid', 'swish', 'elu', 'swish', 'sigmoid', 'elu', 'elu', 'swish', 'swish']",0000f806f860f806f0200808,342,Adam,MaxAbsoluteDeviation,0.9812670350074768,1.0061144828796387,7.896511900005862
"[8, 8, 23, 8, 23, 14, 23, 8, 23, 10, 8, 8]","['elu', 'elu', 'swish', 'sigmoid', 'swish', 'elu', 'swish', 'sigmoid', 'elu', 'elu', 'swish', 'swish']",0000f806f860f806f0200808,342,Adam,MaxAbsoluteDeviation,0.9671534895896912,1.0499298572540283,7.948075200023595
"[8, 8, 23, 8, 23, 14, 23, 8, 23, 10, 8, 8]","['elu', 'elu', 'swish', 'sigmoid', 'swish', 'elu', 'swish', 'sigmoid', 'elu', 'elu', 'swish', 'swish']",0000f806f860f806f0200808,700,Adam,MaxAbsoluteDeviation,0.9742985367774963,1.0671523809432983,15.096235500008333
"[8, 8, 23, 8, 8, 14, 23, 8, 23, 10, 8, 8]","['elu', 'elu', 'swish', 'sigmoid', 'swish', 'elu', 'swish', 'elu', 'elu', 'elu', 'swish', 'swish']",0000f8060860f800f0200808,700,Adam,MaxAbsoluteDeviation,0.9789524078369141,1.0271732807159424,15.204667300044093
"[8, 8, 23, 8, 8, 14, 23, 8, 8, 10, 8, 8, 17]","['elu', 'elu', 'swish', 'sigmoid', 'swish', 'elu', 'swish', 'elu', 'elu', 'elu', 'swish', 'swish', 'sigmoid']",0000f8060860f8000020080896,700,Adam,MaxAbsoluteDeviation,0.9593536257743835,1.0806794166564941,15.765386000042781
"[8, 8, 23, 23, 8, 14, 23, 8, 8, 10, 8, 8, 17]","['elu', 'elu', 'swish', 'sigmoid', 'swish', 'elu', 'swish', 'elu', 'elu', 'elu', 'swish', 'swish', 'sigmoid']",0000f8f60860f8000020080896,700,Adam,MaxAbsoluteDeviation,0.9545730352401733,1.0523308515548706,15.729027099965606
"[8, 8, 23, 23, 8, 14, 8, 8, 8, 10, 8, 8]","['elu', 'elu', 'swish', 'sigmoid', 'swish', 'elu', 'swish', 'elu', 'elu', 'elu', 'swish', 'swish']",0000f8f60860080000200808,700,Adam,MaxAbsoluteDeviation,0.6850501894950867,0.6509014368057251,15.390115200018045
"[8, 8, 23, 23, 8, 8, 8, 8, 8, 10, 8, 8]","['elu', 'elu', 'swish', 'sigmoid', 'swish', 'elu', 'swish', 'elu', 'elu', 'elu', 'swish', 'swish']",0000f8f60800080000200808,700,Adam,MaxAbsoluteDeviation,0.22784343361854553,0.23842929303646088,15.311103000014555
"[8, 8, 23, 23, 8, 8, 8, 8, 8, 10, 8]","['elu', 'elu', 'swish', 'sigmoid', 'swish', 'elu', 'swish', 'elu', 'elu', 'elu', 'swish']",0000f8f60800080000200808,700,Adam,MaxAbsoluteDeviation,0.22784343361854553,0.9142745733261108,13.599591799953487
"[8, 8, 23, 23, 8, 8, 8, 8, 8, 10]","['elu', 'elu', 'swish', 'sigmoid', 'swish', 'elu', 'swish', 'elu', 'elu', 'elu']",0000f8f6080008000020,700,Adam,MaxAbsoluteDeviation,0.31661948561668396,0.1967548131942749,12.78650430002017
"[8, 8, 8, 23, 8, 8, 8, 8, 8, 10]","['elu', 'elu', 'swish', 'sigmoid', 'swish', 'elu', 'swish', 'elu', 'elu', 'elu']",000008f6080008000020,700,Adam,MaxAbsoluteDeviation,0.1455245465040207,0.17255496978759766,12.70992130000377
"[8, 8, 8, 23, 8, 8, 8, 8, 8, 10]","['elu', 'elu', 'swish', 'sigmoid', 'swish', 'elu', 'swish', 'elu', 'elu', 'elu']",000008f6080008000020,700,Adam,MaxAbsoluteDeviation,0.1455245465040207,1.1309071779251099,11.694216400035657
"[8, 8, 8, 23, 8, 8, 8, 8, 8, 10, 8]","['elu', 'elu', 'swish', 'sigmoid', 'swish', 'elu', 'swish', 'elu', 'elu', 'elu', 'tanh']",000008f608000800002009,100,Adam,MaxAbsoluteDeviation,0.9736780524253845,1.03779935836792,2.899571099958848
"[8, 8, 8, 23, 8, 8, 8, 8, 8, 10, 8, 8]","['elu', 'elu', 'swish', 'sigmoid', 'swish', 'elu', 'swish', 'elu', 'elu', 'elu', 'tanh', 'swish']",000008f60800080000200908,100,Adam,MaxAbsoluteDeviation,0.9894953966140747,1.127929925918579,3.2135038999840617
"[8, 8, 8, 8, 8, 8, 8, 8, 8, 10, 8, 8]","['elu', 'elu', 'swish', 'sigmoid', 'swish', 'elu', 'swish', 'elu', 'elu', 'elu', 'tanh', 'swish']",000008060800080000200908,100,Adam,MaxAbsoluteDeviation,0.9667853713035583,1.0582646131515503,3.2051310000242665
"[8, 8, 8, 8, 8, 8, 8, 8, 8, 10, 8, 8]","['elu', 'elu', 'swish', 'sigmoid', 'swish', 'elu', 'swish', 'elu', 'elu', 'elu', 'tanh', 'swish']",000008060800080000200908,100,Adam,MaxAbsoluteDeviation,0.9725512862205505,1.0864874124526978,3.121481800044421
"[8, 8, 8, 8, 8, 8, 8, 8, 8, 10, 8, 8]","['elu', 'elu', 'swish', 'sigmoid', 'swish', 'elu', 'swish', 'elu', 'elu', 'swish', 'tanh', 'swish']",000008060800080000280908,100,Adam,MaxAbsoluteDeviation,0.9959179759025574,1.1198536157608032,3.2884907000116073
"[8, 8, 8, 8, 8, 8, 8, 8, 8, 10, 8, 8, 9]","['elu', 'elu', 'swish', 'sigmoid', 'swish', 'elu', 'swish', 'elu', 'elu', 'swish', 'tanh', 'swish', 'swish']",00000806080008000028090818,100,Adam,MaxAbsoluteDeviation,0.9620816111564636,1.0883185863494873,3.440462500031572
"[8, 8, 8, 8, 8, 8, 8, 8, 8, 10, 8, 8, 9]","['elu', 'elu', 'swish', 'sigmoid', 'swish', 'elu', 'swish', 'elu', 'elu', 'swish', 'tanh', 'swish', 'swish']",00000806080008000028090818,100,Adam,MaxAbsoluteDeviation,0.963452160358429,1.0621334314346313,3.4257176999817602
"[8, 8, 8, 8, 8, 8, 8, 8, 8, 10, 8, 8, 9]","['elu', 'elu', 'swish', 'sigmoid', 'swish', 'elu', 'swish', 'elu', 'elu', 'swish', 'tanh', 'swish', 'swish']",00000806080008000028090818,700,Adam,MaxAbsoluteDeviation,0.9815466403961182,1.074556827545166,16.193478400004096
"[8, 8, 8, 8, 23, 8, 8, 8, 8, 10, 8, 8, 9]","['elu', 'elu', 'swish', 'sigmoid', 'swish', 'elu', 'swish', 'elu', 'elu', 'swish', 'tanh', 'swish', 'swish']",00000806f80008000028090818,700,Adam,MaxAbsoluteDeviation,0.9678715467453003,1.0423002243041992,16.231322500039823
"[8, 8, 8, 8, 23, 8, 8, 8, 8, 10, 8, 8]","['elu', 'elu', 'swish', 'sigmoid', 'swish', 'elu', 'swish', 'elu', 'elu', 'swish', 'tanh', 'swish']",00000806f800080000280908,700,Adam,MaxAbsoluteDeviation,0.17816400527954102,0.14423692226409912,15.223752399964724
"[8, 8, 8, 8, 23, 8, 8, 8, 8, 10, 8, 8]","['elu', 'elu', 'swish', 'sigmoid', 'swish', 'elu', 'swish', 'elu', 'elu', 'swish', 'tanh', 'swish']",00000806f800080000280908,700,Adam,MaxAbsoluteDeviation,0.17816400527954102,1.0595675706863403,15.025063999986742
"[8, 8, 8, 8, 8, 8, 8, 8, 8, 10, 8, 8]","['elu', 'elu', 'swish', 'sigmoid', 'swish', 'elu', 'swish', 'elu', 'elu', 'tanh', 'tanh', 'swish']",00000806f800080000280908,700,Adam,MaxAbsoluteDeviation,0.17816400527954102,1.0481970310211182,6.504729100037366
"[8, 8, 8, 8, 23, 8, 8, 8, 8, 10, 8]","['elu', 'elu', 'swish', 'sigmoid', 'swish', 'elu', 'swish', 'elu', 'elu', 'swish', 'tanh']",00000806f8000800002809,700,Adam,MaxAbsoluteDeviation,0.15414626896381378,0.24715657532215118,13.682255699997768
"[8, 8, 8, 8, 23, 8, 8, 8, 8, 10, 8]","['elu', 'elu', 'swish', 'sigmoid', 'swish', 'elu', 'swish', 'elu', 'elu', 'swish', 'tanh']",00000806f8000800002809,700,Adam,MaxAbsoluteDeviation,0.9621816873550415,1.053877592086792,13.593610499985516
"[8, 23, 8, 8, 23, 8, 8, 8, 8, 10, 19]","['elu', 'elu', 'swish', 'sigmoid', 'swish', 'elu', 'swish', 'elu', 'elu', 'swish', 'tanh']",00f00806f80008000028b9,700,Adam,MaxAbsoluteDeviation,0.9962437152862549,1.0402199029922485,13.657398300012574
"[23, 23, 8, 8, 23, 8, 8, 8, 8, 10, 19]","['elu', 'elu', 'swish', 'sigmoid', 'swish', 'elu', 'swish', 'elu', 'elu', 'swish', 'tanh']",f0f00806f80008000028b9,700,Adam,MaxAbsoluteDeviation,1.0098514556884766,1.003528118133545,13.505166699993424
"[23, 23, 8, 8, 23, 8, 8, 8, 8, 10]","['elu', 'elu', 'swish', 'sigmoid', 'swish', 'elu', 'swish', 'elu', 'elu', 'swish']",f0f00806f80008000028,700,Adam,MaxAbsoluteDeviation,0.9689083695411682,1.04486882686615,12.689261300023645
"[23, 23, 8, 8, 23, 8, 8, 8, 8, 10]","['elu', 'elu', 'swish', 'sigmoid', 'swish', 'elu', 'swish', 'elu', 'elu', 'swish']",f0f00806f80008000028,700,Adam,MaxAbsoluteDeviation,0.6108376979827881,0.28607261180877686,12.731189600017387
"[23, 23, 8, 8, 23, 8, 8, 8, 8, 10]","['elu', 'elu', 'swish', 'sigmoid', 'swish', 'elu', 'swish', 'elu', 'elu', 'swish']",f0f00806f80008000028,700,Adam,MaxAbsoluteDeviation,0.49708664417266846,0.5310127139091492,12.640453199972399
"[23, 23, 8, 8, 23, 8, 8, 8, 8, 10]","['elu', 'elu', 'swish', 'sigmoid', 'swish', 'elu', 'swish', 'elu', 'elu', 'swish']",f0f00806f80008000028,700,Adam,MaxAbsoluteDeviation,0.9646064639091492,1.0472936630249023,12.688683599990327
"[23, 23, 8, 8, 23, 8, 8, 8, 8, 10]","['elu', 'elu', 'swish', 'sigmoid', 'swish', 'elu', 'swish', 'elu', 'tanh', 'swish']",f0f00806f80008000928,700,Adam,MaxAbsoluteDeviation,0.994365394115448,1.0362727642059326,12.721583499980625
"[23, 23, 8, 8, 23, 8, 8, 8, 8, 10]","['elu', 'elu', 'swish', 'sigmoid', 'swish', 'elu', 'swish', 'elu', 'elu', 'swish']",f0f00806f80008000028,284,Adam,MaxAbsoluteDeviation,0.6135938167572021,0.47848182916641235,5.557949199981522
"[23, 23, 8, 8, 23, 8, 8, 8, 23, 10]","['elu', 'elu', 'swish', 'sigmoid', 'swish', 'elu', 'swish', 'elu', 'elu', 'swish']",f0f00806f8000800f028,284,Adam,MaxAbsoluteDeviation,0.669026792049408,0.8234506845474243,5.7320945000392385
"[23, 23, 8, 8, 23, 8, 8, 8, 23]","['elu', 'elu', 'swish', 'sigmoid', 'swish', 'elu', 'swish', 'elu', 'elu']",f0f00806f8000800f0,284,Adam,MaxAbsoluteDeviation,0.9451673626899719,1.0428260564804077,5.02746210002806
"[23, 23, 8, 8, 23, 8, 8, 8, 23]","['elu', 'elu', 'swish', 'sigmoid', 'swish', 'elu', 'swish', 'elu', 'tanh']",f0f00806f8000800f9,700,Adam,MaxAbsoluteDeviation,0.49683424830436707,0.5384618043899536,11.717008999956306
"[23, 23, 8, 8, 8, 8, 8, 8, 23]","['elu', 'elu', 'swish', 'sigmoid', 'swish', 'elu', 'swish', 'elu', 'tanh']",f0f00806f8000800f9,700,Adam,MaxAbsoluteDeviation,0.49683424830436707,1.0665438175201416,11.555856999999378
"[23, 23, 8, 8, 23, 8, 8, 8, 23, 14]","['elu', 'elu', 'swish', 'sigmoid', 'swish', 'elu', 'swish', 'elu', 'tanh', 'sigmoid']",f0f00806f8000800f9,700,Adam,MaxAbsoluteDeviation,0.49683424830436707,1.069518804550171,12.655882799997926
"[23, 23, 8, 8, 23, 8, 8, 8, 23]","['elu', 'elu', 'swish', 'sigmoid', 'swish', 'elu', 'swish', 'elu', 'tanh']",f0f00806f8000800f9,700,Adam,MaxAbsoluteDeviation,1.1128313541412354,1.2239937782287598,11.530343700025696
"[23, 23, 8, 8, 23, 8, 8, 8]","['elu', 'elu', 'swish', 'sigmoid', 'swish', 'elu', 'swish', 'elu']",f0f00806f8000800,186,Adam,MaxAbsoluteDeviation,0.6885398626327515,0.6825530529022217,3.33119950001128
"[23, 23, 8, 8, 23, 8, 23, 8]","['elu', 'elu', 'swish', 'sigmoid', 'swish', 'elu', 'swish', 'elu']",f0f00806f8000800,186,Adam,MaxAbsoluteDeviation,0.6885398626327515,1.0345311164855957,3.3195127999642864
"[23, 23, 8, 8, 23, 8, 8, 8]","['elu', 'elu', 'swish', 'sigmoid', 'swish', 'sigmoid', 'swish', 'elu']",f0f00806f8060800,186,Adam,MaxAbsoluteDeviation,0.42826756834983826,0.36030814051628113,3.3137324000126682
"[23, 23, 8, 8, 23, 8, 8, 8]","['elu', 'elu', 'swish', 'sigmoid', 'swish', 'sigmoid', 'swish', 'elu']",f0f00806f8060800,186,Adam,MaxAbsoluteDeviation,0.42826756834983826,1.046298623085022,2.389556900016032
"[23, 23, 8, 8, 23, 8, 8, 8]","['elu', 'elu', 'swish', 'sigmoid', 'swish', 'sigmoid', 'swish', 'elu']",f0f00806f8060800,700,Adam,MaxAbsoluteDeviation,0.18879686295986176,0.267761766910553,10.618488800013438
"[23, 23, 8, 8, 8, 8, 8, 8]","['elu', 'elu', 'swish', 'sigmoid', 'swish', 'sigmoid', 'swish', 'elu']",f0f0080608060800,700,Adam,MaxAbsoluteDeviation,0.6818220615386963,0.6457333564758301,10.455966799985617
"[23, 23, 8, 8, 8, 8, 8, 8]","['elu', 'elu', 'swish', 'sigmoid', 'swish', 'sigmoid', 'swish', 'swish']",f0f0080608060808,700,Adam,MaxAbsoluteDeviation,0.6889954209327698,0.6561141014099121,10.581090499996208
"[23, 23, 8, 8, 8, 8, 8]","['elu', 'elu', 'swish', 'sigmoid', 'swish', 'sigmoid', 'swish']",f0f00806080608,700,Adam,MaxAbsoluteDeviation,0.6958595514297485,0.652838945388794,9.493360000022221
"[23, 23, 8, 8, 8, 8, 8]","['elu', 'elu', 'swish', 'sigmoid', 'swish', 'sigmoid', 'swish']",f0f00806080608,700,Adam,MaxAbsoluteDeviation,0.9548473954200745,1.076282262802124,9.406339600041974
"[23, 23, 8, 8, 8, 8, 8]","['elu', 'elu', 'swish', 'sigmoid', 'swish', 'sigmoid', 'swish']",f0f00806080608,700,Adam,MaxAbsoluteDeviation,0.7087023854255676,0.7038084268569946,9.45361160003813
"[23, 23, 8, 8, 8, 8, 8]","['elu', 'elu', 'swish', 'sigmoid', 'swish', 'sigmoid', 'swish']",f0f00806080608,451,Adam,MaxAbsoluteDeviation,0.7497119307518005,0.7486313581466675,6.176189199963119
"[23, 23, 8, 8, 8, 8, 8]","['elu', 'elu', 'swish', 'sigmoid', 'swish', 'sigmoid', 'swish']",f0f00806080608,451,Adam,MaxAbsoluteDeviation,0.685878574848175,0.6565940380096436,6.175499600009061
"[23, 23, 8, 8, 8, 8, 8, 23]","['elu', 'elu', 'swish', 'sigmoid', 'swish', 'sigmoid', 'swish', 'elu']",f0f00806080608f0,451,Adam,MaxAbsoluteDeviation,0.5137351751327515,0.47894442081451416,6.900587200012524
"[23, 23, 8, 8, 8, 23, 8, 23]","['elu', 'elu', 'swish', 'sigmoid', 'swish', 'sigmoid', 'swish', 'elu']",f0f00806080608f0,451,Adam,MaxAbsoluteDeviation,0.5137351751327515,1.0451459884643555,6.886662000033539
"[23, 23, 8, 8, 23, 8, 8, 23]","['elu', 'elu', 'swish', 'sigmoid', 'swish', 'sigmoid', 'swish', 'elu']",f0f00806080608f0,451,Adam,MaxAbsoluteDeviation,0.5137351751327515,1.2324886322021484,6.8733068000292405
"[23, 23, 8, 8, 8, 8, 8, 23]","['elu', 'elu', 'swish', 'sigmoid', 'swish', 'sigmoid', 'swish', 'elu']",f0f00806080608f0,100,Adam,MaxAbsoluteDeviation,0.5995146632194519,0.6868836879730225,2.2046121999737807
"[23, 23, 8, 8, 8, 8, 8]","['elu', 'elu', 'swish', 'sigmoid', 'swish', 'sigmoid', 'swish']",f0f00806080608,100,Adam,MaxAbsoluteDeviation,0.9852174520492554,1.060455560684204,1.9673717999830842
"[23, 23, 8, 8, 8, 8, 8]","['elu', 'elu', 'swish', 'sigmoid', 'swish', 'sigmoid', 'swish']",f0f00806080608,700,Adam,MaxAbsoluteDeviation,0.25998255610466003,0.22114145755767822,9.33127099997364
"[23, 23, 8, 8, 8, 8, 8]","['elu', 'elu', 'swish', 'sigmoid', 'swish', 'sigmoid', 'swish']",f0f00806080608,700,Adam,MaxAbsoluteDeviation,0.25998255610466003,0.7775462865829468,9.385958199971355
"[23, 23, 8, 8, 8, 8]","['elu', 'elu', 'swish', 'sigmoid', 'swish', 'sigmoid']",f0f008060806,700,Adam,MaxAbsoluteDeviation,0.7214007377624512,0.7156991362571716,8.247331700054929
"[23, 23, 8, 8, 8]","['elu', 'elu', 'swish', 'sigmoid', 'swish']",f0f0080608,700,Adam,MaxAbsoluteDeviation,0.24667543172836304,0.25670892000198364,7.389321100024972
"[23, 23, 8, 8, 8, 19]","['elu', 'elu', 'swish', 'sigmoid', 'swish', 'tanh']",f0f0080608b9,700,Adam,MaxAbsoluteDeviation,0.20078334212303162,0.20912694931030273,8.197406599996611
"[23, 23, 8, 8, 8]","['elu', 'elu', 'swish', 'sigmoid', 'swish']",f0f0080608,700,Adam,MaxAbsoluteDeviation,0.14910471439361572,0.1429745852947235,7.319239099975675
"[23, 23, 8, 8, 8]","['elu', 'elu', 'swish', 'sigmoid', 'swish']",f0f0080608,700,Adam,MaxAbsoluteDeviation,0.14910471439361572,0.6720027923583984,7.3644641999853775
"[23, 23, 8, 8, 8, 16]","['elu', 'elu', 'swish', 'sigmoid', 'swish', 'elu']",f0f008060880,700,Adam,MaxAbsoluteDeviation,0.20027555525302887,0.22662021219730377,8.208079400006682
"[23, 23, 8, 8, 8, 16, 23]","['elu', 'elu', 'swish', 'sigmoid', 'swish', 'elu', 'swish']",f0f008060880f8,700,Adam,MaxAbsoluteDeviation,0.18260478973388672,0.22412435710430145,9.110091399983503
"[23, 8, 23, 8, 8, 16, 23]","['elu', 'elu', 'swish', 'sigmoid', 'swish', 'elu', 'swish']",f000f8060880f8,700,Adam,MaxAbsoluteDeviation,0.21639934182167053,0.23891620337963104,9.117980700044427
"[23, 8, 23, 8, 8, 16, 23, 16]","['elu', 'elu', 'swish', 'sigmoid', 'swish', 'elu', 'swish', 'elu']",f000f8060880f880,162,Adam,MaxAbsoluteDeviation,0.299521803855896,0.419089674949646,2.8892264000023715
"[23, 8, 23, 8, 8, 16, 23, 16]","['elu', 'elu', 'swish', 'sigmoid', 'swish', 'elu', 'swish', 'elu']",f000f8060880f880,700,Adam,MaxAbsoluteDeviation,0.2219916135072708,0.24955326318740845,10.062603599973954
"[23, 8, 23, 8, 8, 16, 23, 16]","['elu', 'elu', 'swish', 'sigmoid', 'swish', 'elu', 'swish', 'elu']",f000f8060880f880,700,Adam,MaxAbsoluteDeviation,0.23639118671417236,0.17108899354934692,10.18102610000642
"[23, 8, 23, 8, 8, 16, 23, 16, 8]","['elu', 'elu', 'swish', 'sigmoid', 'swish', 'elu', 'swish', 'elu', 'elu']",f000f8060880f88000,700,Adam,MaxAbsoluteDeviation,0.16259153187274933,0.1297389566898346,11.218926700006705
"[23, 8, 23, 8, 8, 16, 23, 16, 8]","['elu', 'elu', 'swish', 'sigmoid', 'swish', 'elu', 'swish', 'elu', 'elu']",f000f8060880f88000,700,Adam,MaxAbsoluteDeviation,0.3026941418647766,0.283778578042984,11.216007900016848
"[23, 8, 23, 8, 8, 16, 23, 16, 8]","['elu', 'elu', 'swish', 'sigmoid', 'swish', 'elu', 'swish', 'elu', 'sigmoid']",f000f8060880f88000,700,Adam,MaxAbsoluteDeviation,0.3026941418647766,1.0405620336532593,11.081549700000323
"[23, 8, 23, 8, 8, 16, 23, 16, 8]","['elu', 'elu', 'swish', 'sigmoid', 'swish', 'elu', 'swish', 'elu', 'elu']",f000f8060880f88000,700,Adam,MaxAbsoluteDeviation,0.3450543284416199,0.2199404090642929,11.143696399987675
"[23, 8, 23, 8, 8, 16, 23, 16, 8]","['elu', 'elu', 'swish', 'sigmoid', 'swish', 'elu', 'swish', 'elu', 'elu']",f000f8060880f88000,700,Adam,MaxAbsoluteDeviation,0.3847895860671997,0.34464961290359497,11.059233899984974
"[23, 8, 23, 8, 8, 16, 23, 16, 8]","['elu', 'elu', 'swish', 'sigmoid', 'swish', 'elu', 'swish', 'elu', 'elu']",f000f8060880f88000,700,Adam,MaxAbsoluteDeviation,0.32138141989707947,0.3338806629180908,11.116925799986348
"[23, 8, 23, 8, 8, 16, 23, 16, 8]","['elu', 'elu', 'swish', 'sigmoid', 'swish', 'elu', 'swish', 'elu', 'elu']",f000f8060880f88000,700,Adam,MaxAbsoluteDeviation,0.24481746554374695,0.1946702003479004,11.12496539996937
"[23, 8, 23, 8, 8, 16, 23, 16]","['elu', 'elu', 'swish', 'sigmoid', 'swish', 'elu', 'swish', 'elu']",f000f8060880f880,700,Adam,MaxAbsoluteDeviation,0.373160719871521,0.28685420751571655,10.192066899966449
"[23, 8, 23, 8, 8, 16, 23, 16]","['elu', 'elu', 'swish', 'sigmoid', 'sigmoid', 'elu', 'swish', 'elu']",f000f8060680f880,139,Adam,MaxAbsoluteDeviation,0.4134851098060608,0.3541673421859741,2.6318675000220537
"[23, 8, 23, 8, 8, 16, 23, 16]","['elu', 'elu', 'swish', 'sigmoid', 'sigmoid', 'elu', 'swish', 'elu']",f000f8060680f880,139,Adam,MaxAbsoluteDeviation,0.6940605044364929,0.6136270761489868,2.6455931999953464
"[23, 8, 23, 8, 8, 16, 23, 16]","['elu', 'elu', 'swish', 'sigmoid', 'sigmoid', 'elu', 'swish', 'elu']",f000f8060680f880,700,Adam,MaxAbsoluteDeviation,0.2388620376586914,0.32226112484931946,10.12977649999084
"[23, 8, 23, 8, 8, 16, 23, 16]","['elu', 'elu', 'swish', 'sigmoid', 'sigmoid', 'sigmoid', 'swish', 'elu']",f000f8060686f880,700,Adam,MaxAbsoluteDeviation,0.5427475571632385,0.5521085262298584,10.109324600023683
"[23, 8, 23, 8, 23, 16, 23, 16]","['elu', 'elu', 'swish', 'sigmoid', 'sigmoid', 'sigmoid', 'swish', 'elu']",f000f806f686f880,700,Adam,MaxAbsoluteDeviation,0.6539856791496277,0.6921511888504028,10.148784600023646
"[23, 8, 23, 8, 23, 16, 23, 16]","['elu', 'elu', 'swish', 'sigmoid', 'sigmoid', 'swish', 'swish', 'elu']",f000f806f688f880,700,Adam,MaxAbsoluteDeviation,0.4890381097793579,0.45565110445022583,10.24752910004463
"[23, 8, 23, 8, 23, 16, 23, 16]","['elu', 'elu', 'swish', 'sigmoid', 'sigmoid', 'swish', 'elu', 'elu']",f000f806f688f080,700,Adam,MaxAbsoluteDeviation,0.7134506106376648,0.6446228623390198,10.312380900024436
"[23, 8, 23, 23, 23, 16, 23, 16]","['elu', 'elu', 'swish', 'sigmoid', 'sigmoid', 'swish', 'elu', 'elu']",f000f8f6f688f080,700,Adam,MaxAbsoluteDeviation,0.13913632929325104,0.2233067750930786,10.197893999982625
"[23, 8, 23, 23, 23, 16, 23, 16]","['tanh', 'elu', 'swish', 'sigmoid', 'sigmoid', 'swish', 'elu', 'elu']",f000f8f6f688f080,700,Adam,MaxAbsoluteDeviation,0.13913632929325104,0.8137012720108032,5.726860700000543
"[23, 8, 23, 23, 23, 16, 23, 16]","['elu', 'elu', 'swish', 'sigmoid', 'sigmoid', 'swish', 'elu', 'elu']",f000f8f6f688f080,700,Adam,MaxAbsoluteDeviation,0.13913632929325104,0.6912748217582703,10.32898859999841
"[23, 8, 23, 23, 8, 16, 8, 16]","['elu', 'elu', 'swish', 'sigmoid', 'sigmoid', 'swish', 'elu', 'elu']",f000f8f6f688f080,700,Adam,MaxAbsoluteDeviation,0.13913632929325104,0.28600379824638367,10.340764400025364
"[23, 8, 23, 23, 23, 16, 23, 8, 10]","['elu', 'elu', 'swish', 'sigmoid', 'sigmoid', 'swish', 'elu', 'elu', 'sigmoid']",f000f8f6f688f00026,700,Adam,MaxAbsoluteDeviation,0.45094215869903564,0.42975151538848877,11.200228100002278
"[23, 8, 23, 23, 23, 16, 23, 8, 10, 14]","['elu', 'elu', 'swish', 'sigmoid', 'sigmoid', 'swish', 'elu', 'elu', 'sigmoid', 'swish']",f000f8f6f688f0002668,100,Adam,MaxAbsoluteDeviation,0.9718112349510193,1.0932555198669434,2.602240099979099
"[23, 8, 23, 23, 23, 16, 23, 8, 10, 14]","['elu', 'elu', 'swish', 'sigmoid', 'sigmoid', 'swish', 'elu', 'elu', 'sigmoid', 'swish']",f000f8f6f688f0002668,100,Adam,MaxAbsoluteDeviation,0.9870324730873108,1.0742143392562866,2.5766244999831542
"[23, 8, 23, 23, 23, 16, 23, 8, 10, 14]","['elu', 'elu', 'swish', 'sigmoid', 'sigmoid', 'swish', 'elu', 'tanh', 'sigmoid', 'swish']",f000f8f6f688f0092668,100,Adam,MaxAbsoluteDeviation,0.9855297803878784,1.0871471166610718,2.586871000006795
"[23, 8, 23, 23, 23, 16, 23, 8, 10]","['elu', 'elu', 'swish', 'sigmoid', 'sigmoid', 'swish', 'elu', 'tanh', 'sigmoid']",f000f8f6f688f00926,100,Adam,MaxAbsoluteDeviation,0.9861245155334473,1.0080249309539795,2.3374794000410475
"[8, 8, 23, 23, 23, 16, 23, 8, 10]","['elu', 'elu', 'swish', 'sigmoid', 'sigmoid', 'swish', 'elu', 'tanh', 'sigmoid']",0000f8f6f688f00926,100,Adam,MaxAbsoluteDeviation,0.9664803147315979,1.0720362663269043,2.3065798000316136
"[8, 8, 23, 23, 23, 16, 23, 8, 10, 19]","['elu', 'elu', 'swish', 'sigmoid', 'sigmoid', 'swish', 'elu', 'tanh', 'sigmoid', 'tanh']",0000f8f6f688f00926b9,100,Adam,MaxAbsoluteDeviation,1.0596636533737183,1.1182665824890137,2.5521024000481702
"[8, 23, 23, 23, 23, 16, 23, 8, 10, 19]","['elu', 'elu', 'swish', 'sigmoid', 'sigmoid', 'swish', 'elu', 'tanh', 'sigmoid', 'tanh']",00f0f8f6f688f00926b9,100,Adam,MaxAbsoluteDeviation,0.990643322467804,1.1341243982315063,2.552171499992255
"[8, 23, 23, 23, 23, 16, 23, 23, 10, 19, 21]","['elu', 'elu', 'swish', 'sigmoid', 'sigmoid', 'swish', 'elu', 'tanh', 'sigmoid', 'tanh', 'tanh']",00f0f8f6f688f0f926b9d9,100,Adam,MaxAbsoluteDeviation,0.9601263403892517,1.1403460502624512,2.7652298000175506
"[8, 23, 23, 23, 23, 16, 23, 23, 10, 19]","['elu', 'elu', 'swish', 'sigmoid', 'sigmoid', 'swish', 'elu', 'tanh', 'sigmoid', 'tanh']",00f0f8f6f688f0f926b9,100,Adam,MaxAbsoluteDeviation,0.9899203777313232,1.3210861682891846,2.559389000001829
"[8, 23, 23, 23, 23, 16, 23, 23, 10, 19]","['elu', 'elu', 'swish', 'sigmoid', 'sigmoid', 'swish', 'elu', 'tanh', 'sigmoid', 'tanh']",00f0f8f6f688f0f926b9,100,Adam,MaxAbsoluteDeviation,1.0836236476898193,1.0341287851333618,2.5680389999761246
"[8, 23, 23, 23, 23, 16, 23, 23, 10, 19]","['elu', 'elu', 'swish', 'sigmoid', 'sigmoid', 'swish', 'elu', 'tanh', 'sigmoid', 'tanh']",00f0f8f6f688f0f926b9,700,Adam,MaxAbsoluteDeviation,1.053479790687561,1.0268523693084717,12.166933799977414
"[8, 23, 23, 23, 23, 16, 23, 8, 10]","['elu', 'elu', 'swish', 'sigmoid', 'sigmoid', 'swish', 'tanh', 'tanh', 'sigmoid']",00f0f8f6f688f90926,700,Adam,MaxAbsoluteDeviation,0.685163140296936,0.6759010553359985,12.044951900024898
"[8, 23, 23, 23, 23, 16, 23, 8]","['elu', 'elu', 'swish', 'sigmoid', 'sigmoid', 'sigmoid', 'tanh', 'tanh']",00f0f8f6f686f909,100,Adam,MaxAbsoluteDeviation,0.967424750328064,1.063683271408081,2.1847685999819078
"[8, 23, 23, 23, 23, 16, 23, 11]","['elu', 'elu', 'swish', 'sigmoid', 'sigmoid', 'sigmoid', 'tanh', 'elu']",00f0f8f6f686f930,100,Adam,MaxAbsoluteDeviation,0.9818676114082336,1.0507475137710571,2.1766335000284016
"[8, 23, 23, 23, 23, 16, 23, 11]","['elu', 'elu', 'swish', 'sigmoid', 'sigmoid', 'sigmoid', 'tanh', 'elu']",00f0f8f6f686f930,100,Adam,MaxAbsoluteDeviation,0.650522768497467,0.6804001331329346,2.1833153999759816
"[8, 23, 23, 23, 23, 16, 23, 11]","['elu', 'elu', 'swish', 'sigmoid', 'sigmoid', 'sigmoid', 'tanh', 'elu']",00f0f8f6f686f930,100,Adam,MaxAbsoluteDeviation,0.6961802840232849,1.063431739807129,2.1787214999785647
"[8, 23, 23, 23, 23, 16, 23, 11, 23]","['elu', 'elu', 'swish', 'sigmoid', 'sigmoid', 'sigmoid', 'tanh', 'elu', 'tanh']",00f0f8f6f686f930f9,100,Adam,MaxAbsoluteDeviation,0.9616435170173645,1.0279449224472046,2.3783219000324607
"[8, 23, 23, 23, 23, 16, 23, 11, 23]","['elu', 'elu', 'swish', 'sigmoid', 'sigmoid', 'sigmoid', 'tanh', 'elu', 'tanh']",00f0f8f6f686f930f9,100,Adam,MaxAbsoluteDeviation,1.0082600116729736,1.0887367725372314,2.3749215999851003
"[8, 23, 23, 23, 23, 16, 23, 11, 23, 13]","['elu', 'elu', 'swish', 'sigmoid', 'sigmoid', 'sigmoid', 'tanh', 'elu', 'tanh', 'swish']",00f0f8f6f686f930f958,100,Adam,MaxAbsoluteDeviation,0.7362862229347229,0.7724784016609192,2.623688499967102
"[8, 8, 23, 23, 23, 16, 23, 11, 23, 13]","['elu', 'elu', 'swish', 'sigmoid', 'sigmoid', 'sigmoid', 'tanh', 'elu', 'tanh', 'swish']",0000f8f6f686f930f958,100,Adam,MaxAbsoluteDeviation,0.9735687375068665,1.0926859378814697,2.6311220999923535
"[8, 8, 23, 23, 23, 16, 23, 11, 23, 13, 17]","['elu', 'elu', 'swish', 'sigmoid', 'sigmoid', 'sigmoid', 'tanh', 'elu', 'tanh', 'swish', 'tanh']",0000f8f6f686f930f95899,100,Adam,MaxAbsoluteDeviation,0.9532476663589478,1.0351295471191406,2.8449824000126682
"[8, 8, 23, 23, 23, 16, 23, 11, 23, 13, 17]","['elu', 'elu', 'swish', 'sigmoid', 'sigmoid', 'sigmoid', 'tanh', 'elu', 'tanh', 'swish', 'tanh']",0000f8f6f686f930f95899,100,Adam,MaxAbsoluteDeviation,1.0423007011413574,1.0873937606811523,2.8237038999795914
"[8, 8, 23, 23, 23, 16, 23, 11, 23, 13, 17]","['elu', 'elu', 'swish', 'sigmoid', 'sigmoid', 'sigmoid', 'tanh', 'elu', 'tanh', 'swish', 'tanh']",0000f8f6f686f930f95899,100,Adam,MaxAbsoluteDeviation,0.987774670124054,1.091207504272461,2.8230968000134453
"[8, 8, 23, 23, 23, 16, 23, 11, 23, 13, 17]","['elu', 'elu', 'swish', 'sigmoid', 'sigmoid', 'sigmoid', 'tanh', 'elu', 'tanh', 'swish', 'elu']",0000f8f6f686f930f95890,100,Adam,MaxAbsoluteDeviation,0.9467088580131531,1.0625150203704834,2.818732399959117
"[8, 8, 23, 23, 23, 16, 23, 11, 23, 13, 17, 13]","['elu', 'elu', 'swish', 'sigmoid', 'sigmoid', 'sigmoid', 'tanh', 'elu', 'tanh', 'swish', 'elu', 'tanh']",0000f8f6f686f930f9589059,100,Adam,MaxAbsoluteDeviation,0.9516027569770813,1.0416251420974731,3.0297067000065
"[8, 8, 23, 23, 23, 16, 23, 11, 23, 13, 17, 13]","['elu', 'elu', 'swish', 'sigmoid', 'sigmoid', 'sigmoid', 'tanh', 'elu', 'tanh', 'swish', 'elu', 'tanh']",0000f8f6f686f930f9589059,100,Adam,MaxAbsoluteDeviation,0.9954676628112793,1.0383648872375488,3.016914599982556
"[8, 8, 23, 23, 23, 16, 23, 11, 23, 13, 17, 13]","['elu', 'elu', 'swish', 'sigmoid', 'sigmoid', 'sigmoid', 'tanh', 'elu', 'tanh', 'swish', 'elu', 'tanh']",0000f8f6f686f930f9589059,700,Adam,MaxAbsoluteDeviation,0.9433332085609436,1.1525598764419556,14.312070099986158
"[8, 8, 23, 23, 23, 16, 23, 11, 23, 13, 17, 13]","['elu', 'elu', 'swish', 'sigmoid', 'sigmoid', 'sigmoid', 'tanh', 'elu', 'tanh', 'swish', 'elu', 'tanh']",0000f8f6f686f930f9589059,700,Adam,MaxAbsoluteDeviation,0.9700664281845093,1.0911235809326172,14.453504300036002
"[8, 8, 23, 23, 23, 16, 23, 11, 23, 13, 17, 13]","['elu', 'elu', 'swish', 'sigmoid', 'sigmoid', 'sigmoid', 'tanh', 'swish', 'tanh', 'swish', 'elu', 'tanh']",0000f8f6f686f938f9589059,700,Adam,MaxAbsoluteDeviation,0.9641832113265991,1.0039669275283813,14.290384699997958
"[8, 8, 23, 23, 23, 16, 23, 11, 23, 13, 17, 13]","['elu', 'elu', 'swish', 'sigmoid', 'sigmoid', 'sigmoid', 'tanh', 'swish', 'tanh', 'swish', 'elu', 'tanh']",0000f8f6f686f938f9589059,700,Adam,MaxAbsoluteDeviation,0.9671933054924011,1.056703805923462,14.441473000042606
"[8, 8, 23, 23, 23, 16, 23, 11, 8, 13, 17]","['elu', 'elu', 'swish', 'sigmoid', 'sigmoid', 'sigmoid', 'tanh', 'swish', 'tanh', 'swish', 'elu']",0000f8f6f686f938095890,700,Adam,MaxAbsoluteDeviation,1.0137465000152588,1.1131123304367065,13.393413400044665
"[8, 8, 23, 23, 23, 16, 23, 11, 8, 13, 17, 11]","['elu', 'elu', 'swish', 'sigmoid', 'sigmoid', 'sigmoid', 'tanh', 'swish', 'tanh', 'swish', 'elu', 'swish']",0000f8f6f686f93809589038,700,Adam,MaxAbsoluteDeviation,0.7070246934890747,0.6505292654037476,14.496676500013564
"[8, 8, 23, 23, 23, 16, 23, 11, 8, 13, 17, 11]","['elu', 'elu', 'swish', 'sigmoid', 'sigmoid', 'sigmoid', 'tanh', 'swish', 'tanh', 'swish', 'elu', 'swish']",0000f8f6f686f93809589038,700,Adam,MaxAbsoluteDeviation,0.7070246934890747,1.0580750703811646,12.630122300004587
"[8, 8, 23, 23, 23, 16, 23, 11, 8, 13, 17, 11]","['elu', 'elu', 'swish', 'sigmoid', 'sigmoid', 'sigmoid', 'tanh', 'swish', 'tanh', 'swish', 'elu', 'swish']",0000f8f6f686f93809589038,685,Adam,MaxAbsoluteDeviation,0.9735100269317627,1.061808705329895,13.897120299981907
"[8, 8, 23, 23, 23, 16, 23, 11, 8, 13, 17, 11]","['elu', 'elu', 'swish', 'sigmoid', 'sigmoid', 'sigmoid', 'tanh', 'swish', 'tanh', 'swish', 'elu', 'swish']",0000f8f6f686f93809589038,570,Adam,MaxAbsoluteDeviation,0.3359556496143341,0.5218900442123413,11.50821239996003
"[8, 8, 23, 23, 23, 16, 23, 11, 8, 13, 17, 11]","['swish', 'elu', 'swish', 'sigmoid', 'sigmoid', 'sigmoid', 'tanh', 'swish', 'tanh', 'swish', 'elu', 'swish']",0000f8f6f686f93809589038,570,Adam,MaxAbsoluteDeviation,0.3359556496143341,1.015366792678833,8.690220699994825
"[8, 8, 23, 23, 23, 16, 23, 11, 8, 13, 17]","['elu', 'elu', 'swish', 'sigmoid', 'sigmoid', 'sigmoid', 'tanh', 'swish', 'tanh', 'swish', 'elu']",0000f8f6f686f938095890,570,Adam,MaxAbsoluteDeviation,1.0023207664489746,1.0757441520690918,11.057850700046401
"[8, 8, 23, 23, 23, 16, 23, 11, 8, 13, 17]","['elu', 'elu', 'swish', 'sigmoid', 'sigmoid', 'sigmoid', 'tanh', 'swish', 'tanh', 'swish', 'elu']",0000f8f6f686f938095890,516,Adam,MaxAbsoluteDeviation,0.9895776510238647,1.0470876693725586,10.046806199999992
"[8, 8, 23, 23, 23, 16, 23, 11, 8, 13, 17]","['elu', 'elu', 'swish', 'sigmoid', 'sigmoid', 'sigmoid', 'tanh', 'swish', 'tanh', 'swish', 'elu']",0000f8f6f686f938095890,419,Adam,MaxAbsoluteDeviation,0.9634497761726379,1.121901035308838,8.311754399968777
"[8, 8, 23, 23, 23, 16, 23, 11, 8, 13, 17]","['elu', 'elu', 'swish', 'sigmoid', 'sigmoid', 'sigmoid', 'tanh', 'swish', 'tanh', 'swish', 'elu']",0000f8f6f686f938095890,700,Adam,MaxAbsoluteDeviation,0.9755451679229736,1.034512996673584,13.36890110000968
"[8, 8, 23, 23, 23, 16, 23, 11, 8, 13, 17]","['elu', 'elu', 'swish', 'sigmoid', 'sigmoid', 'sigmoid', 'tanh', 'swish', 'tanh', 'swish', 'elu']",0000f8f6f686f938095890,100,Adam,MaxAbsoluteDeviation,0.9903494119644165,1.2984733581542969,2.855689899995923
"[8, 8, 23, 23, 23, 16, 23, 11, 8]","['elu', 'elu', 'swish', 'sigmoid', 'sigmoid', 'sigmoid', 'tanh', 'swish', 'tanh']",0000f8f6f686f93809,100,Adam,MaxAbsoluteDeviation,0.9629590511322021,1.060057520866394,2.3774930000072345
"[8, 8, 23, 23, 23, 8, 23, 11, 8]","['elu', 'elu', 'swish', 'sigmoid', 'sigmoid', 'sigmoid', 'tanh', 'swish', 'tanh']",0000f8f6f606f93809,100,Adam,MaxAbsoluteDeviation,0.9773929119110107,0.978640079498291,2.3798641999601386
"[8, 8, 23, 23, 23, 8, 23, 11]","['elu', 'elu', 'swish', 'sigmoid', 'sigmoid', 'sigmoid', 'tanh', 'swish']",0000f8f6f606f938,100,Adam,MaxAbsoluteDeviation,0.6044532656669617,0.550452709197998,2.1750036000157706
"[8, 8, 23, 23, 23, 8, 23, 11, 12]","['elu', 'elu', 'swish', 'sigmoid', 'sigmoid', 'sigmoid', 'tanh', 'swish', 'sigmoid']",0000f8f6f606f93846,100,Adam,MaxAbsoluteDeviation,1.0110366344451904,1.0974605083465576,2.3702841999474913
"[8, 8, 23, 23, 23, 8, 23, 11, 12, 20]","['elu', 'elu', 'swish', 'sigmoid', 'sigmoid', 'sigmoid', 'tanh', 'swish', 'sigmoid', 'swish']",0000f8f6f606f93846c8,100,Adam,MaxAbsoluteDeviation,1.0011295080184937,1.2508512735366821,2.6111827999702655
"[8, 8, 23, 23, 23, 8, 23, 23, 12, 20]","['elu', 'elu', 'swish', 'sigmoid', 'sigmoid', 'sigmoid', 'tanh', 'swish', 'sigmoid', 'swish']",0000f8f6f606f9f846c8,100,Adam,MaxAbsoluteDeviation,1.2577141523361206,1.290849208831787,2.5723877999698743
"[8, 8, 23, 23, 23, 8, 23, 23, 12, 20]","['elu', 'elu', 'swish', 'sigmoid', 'sigmoid', 'sigmoid', 'tanh', 'swish', 'sigmoid', 'swish']",0000f8f6f606f9f846c8,700,Adam,MaxAbsoluteDeviation,0.9738004803657532,1.0457911491394043,12.468632699979935
"[8, 8, 23, 23, 23, 8, 23, 23, 12, 20]","['elu', 'elu', 'swish', 'sigmoid', 'sigmoid', 'sigmoid', 'tanh', 'swish', 'sigmoid', 'swish']",0000f8f6f606f9f846c8,700,Adam,MaxAbsoluteDeviation,0.9673113822937012,1.048219919204712,12.534080700017512
"[8, 8, 23, 23, 23, 23, 23, 23, 12, 20]","['elu', 'elu', 'swish', 'sigmoid', 'sigmoid', 'sigmoid', 'tanh', 'swish', 'sigmoid', 'swish']",0000f8f6f6f6f9f846c8,131,Adam,MaxAbsoluteDeviation,0.952669084072113,1.0666923522949219,3.097986100008711
"[8, 8, 23, 23, 23, 23, 23, 23, 12, 20]","['elu', 'elu', 'swish', 'sigmoid', 'sigmoid', 'sigmoid', 'tanh', 'swish', 'sigmoid', 'swish']",0000f8f6f6f6f9f846c8,700,Adam,MaxAbsoluteDeviation,0.9705082774162292,1.0281405448913574,12.445478299981914
"[8, 8, 23, 23, 23, 23, 23, 23, 12, 20]","['elu', 'elu', 'swish', 'sigmoid', 'sigmoid', 'sigmoid', 'tanh', 'swish', 'sigmoid', 'swish']",0000f8f6f6f6f9f846c8,700,Adam,MaxAbsoluteDeviation,0.979350745677948,1.143591046333313,12.44291909999447
"[8, 8, 23, 23, 23, 23, 23, 23, 12, 8]","['elu', 'elu', 'swish', 'sigmoid', 'sigmoid', 'sigmoid', 'tanh', 'swish', 'sigmoid', 'swish']",0000f8f6f6f6f9f84608,100,Adam,MaxAbsoluteDeviation,0.9686549305915833,1.0816634893417358,2.6158025999902748
"[8, 8, 23, 23, 23, 23, 23, 23, 12, 8]","['elu', 'elu', 'swish', 'sigmoid', 'sigmoid', 'sigmoid', 'tanh', 'swish', 'sigmoid', 'swish']",0000f8f6f6f6f9f84608,700,Adam,MaxAbsoluteDeviation,0.9661603569984436,1.0279254913330078,12.953473400033545
"[8, 8, 23, 23, 23, 23, 23, 23, 12, 8]","['elu', 'elu', 'swish', 'sigmoid', 'sigmoid', 'sigmoid', 'tanh', 'swish', 'sigmoid', 'swish']",0000f8f6f6f6f9f84608,683,Adam,MaxAbsoluteDeviation,0.6953728199005127,0.6552551984786987,12.162561399978586
"[8, 8, 23, 23, 23, 23, 23, 23, 12]","['elu', 'elu', 'swish', 'sigmoid', 'sigmoid', 'sigmoid', 'tanh', 'swish', 'sigmoid']",0000f8f6f6f6f9f846,683,Adam,MaxAbsoluteDeviation,0.9854013323783875,1.0547208786010742,11.24449499999173
"[8, 8, 23, 23, 23, 23, 23, 23, 12]","['elu', 'elu', 'swish', 'sigmoid', 'sigmoid', 'sigmoid', 'tanh', 'swish', 'sigmoid']",0000f8f6f6f6f9f846,396,Adam,MaxAbsoluteDeviation,0.9663490056991577,1.0410377979278564,6.644028000009712
"[8, 8, 23, 23, 23, 23, 23, 23, 12]","['elu', 'elu', 'swish', 'sigmoid', 'sigmoid', 'sigmoid', 'tanh', 'swish', 'swish']",0000f8f6f6f6f9f848,396,Adam,MaxAbsoluteDeviation,0.28289690613746643,0.33118483424186707,6.751640800037421
"[8, 8, 23, 23, 23, 23, 23, 23, 12]","['elu', 'elu', 'swish', 'sigmoid', 'sigmoid', 'sigmoid', 'tanh', 'tanh', 'swish']",0000f8f6f6f6f9f948,396,Adam,MaxAbsoluteDeviation,0.9566155076026917,1.0419927835464478,6.647702899994329
"[8, 8, 23, 23, 23, 23, 23, 23, 12, 19]","['sigmoid', 'elu', 'swish', 'sigmoid', 'sigmoid', 'sigmoid', 'tanh', 'tanh', 'swish', 'tanh']",0600f8f6f6f6f9f948b9,700,Adam,MaxAbsoluteDeviation,0.9965822100639343,1.058059811592102,12.416189500014298
"[8, 8, 23, 23, 23, 8, 23, 23, 12, 19]","['sigmoid', 'elu', 'swish', 'sigmoid', 'sigmoid', 'sigmoid', 'tanh', 'tanh', 'swish', 'tanh']",0600f8f6f606f9f948b9,700,Adam,MaxAbsoluteDeviation,0.9758464097976685,1.0404143333435059,12.224161899997853
"[8, 8, 23, 23, 23, 8, 23, 23, 12, 19, 21]","['sigmoid', 'elu', 'swish', 'sigmoid', 'sigmoid', 'sigmoid', 'tanh', 'tanh', 'swish', 'tanh', 'swish']",0600f8f6f606f9f948b9d8,700,Adam,MaxAbsoluteDeviation,0.980419933795929,1.0961054563522339,13.313371299998835
"[8, 8, 23, 23, 23, 8, 23, 23, 12, 19, 21]","['sigmoid', 'elu', 'swish', 'sigmoid', 'sigmoid', 'sigmoid', 'tanh', 'tanh', 'swish', 'tanh', 'swish']",0600f8f6f606f9f948b9d8,100,Adam,MaxAbsoluteDeviation,0.9823065400123596,1.1615573167800903,2.821446299960371
"[8, 8, 23, 23, 23, 8, 23, 23, 12, 19]","['sigmoid', 'elu', 'swish', 'sigmoid', 'sigmoid', 'sigmoid', 'tanh', 'tanh', 'swish', 'tanh']",0600f8f6f606f9f948b9,100,Adam,MaxAbsoluteDeviation,1.036149263381958,1.1685035228729248,2.607313400018029
"[8, 8, 23, 23, 23, 8, 8, 23, 12, 19]","['sigmoid', 'elu', 'swish', 'sigmoid', 'sigmoid', 'sigmoid', 'tanh', 'tanh', 'swish', 'sigmoid']",0600f8f6f60609f948b6,100,Adam,MaxAbsoluteDeviation,0.9901493787765503,1.0252894163131714,2.616945100016892
"[8, 8, 23, 23, 23, 8, 8, 23, 12, 19]","['sigmoid', 'elu', 'swish', 'sigmoid', 'sigmoid', 'sigmoid', 'tanh', 'tanh', 'swish', 'sigmoid']",0600f8f6f60609f948b6,100,Adam,MaxAbsoluteDeviation,0.9632059335708618,1.0947736501693726,2.597176800016314
"[8, 8, 23, 23, 23, 8, 8, 23, 12, 19]","['sigmoid', 'elu', 'swish', 'sigmoid', 'sigmoid', 'sigmoid', 'tanh', 'tanh', 'swish', 'sigmoid']",0600f8f6f60609f948b6,700,Adam,MaxAbsoluteDeviation,0.9683035016059875,1.0911054611206055,12.35512760002166
"[8, 8, 23, 23, 23, 8, 8, 23, 12, 19]","['swish', 'elu', 'swish', 'sigmoid', 'sigmoid', 'sigmoid', 'tanh', 'swish', 'swish', 'sigmoid']",0800f8f6f60609f848b6,700,Adam,MaxAbsoluteDeviation,1.0069036483764648,1.0171656608581543,12.523981699952856
"[8, 8, 23, 23, 23, 8, 8, 23, 12]","['swish', 'swish', 'swish', 'sigmoid', 'sigmoid', 'sigmoid', 'tanh', 'swish', 'swish']",0808f8f6f60609f848,700,Adam,MaxAbsoluteDeviation,0.1276623010635376,0.18355685472488403,11.47074540000176
"[8, 8, 23, 23, 23, 8, 8, 23]","['swish', 'swish', 'swish', 'sigmoid', 'sigmoid', 'sigmoid', 'tanh', 'swish']",0808f8f6f60609f848,700,Adam,MaxAbsoluteDeviation,0.1276623010635376,0.22305122017860413,10.211262200027704
"[8, 23, 23, 23, 23, 8, 8, 23, 12]","['swish', 'swish', 'swish', 'sigmoid', 'sigmoid', 'sigmoid', 'tanh', 'swish', 'swish']",08f8f8f6f60609f848,700,Adam,MaxAbsoluteDeviation,0.13592244684696198,0.09243112802505493,11.517502799979411
"[8, 23, 23, 23, 23, 8, 8, 23, 12, 22]","['swish', 'swish', 'swish', 'sigmoid', 'sigmoid', 'sigmoid', 'tanh', 'swish', 'swish', 'elu']",08f8f8f6f60609f848,700,Adam,MaxAbsoluteDeviation,0.13592244684696198,1.1388877630233765,11.935762399982195
"[8, 23, 23, 23, 23, 8, 8, 23, 12]","['swish', 'swish', 'swish', 'sigmoid', 'sigmoid', 'sigmoid', 'tanh', 'swish', 'swish']",08f8f8f6f60609f848,700,Adam,MaxAbsoluteDeviation,0.26420336961746216,0.17658013105392456,10.909691300010309
"[8, 23, 23, 23, 23, 8, 8, 23, 19]","['swish', 'swish', 'swish', 'sigmoid', 'sigmoid', 'sigmoid', 'tanh', 'swish', 'swish']",08f8f8f6f60609f8b8,700,Adam,MaxAbsoluteDeviation,0.1768963634967804,0.1995600461959839,10.98026400001254
"[8, 23, 23, 23, 23, 8, 8, 23]","['swish', 'swish', 'swish', 'sigmoid', 'sigmoid', 'sigmoid', 'tanh', 'swish']",08f8f8f6f60609f8,700,Adam,MaxAbsoluteDeviation,0.09439358115196228,0.16854506731033325,10.038193900021724
